perturbed_gene,is_motif_tf,frac_expressing,self_delta_x,delta_x_norm_others,delta_latent_time,top_down,top_up
LEF1,True,0.9509894782750914,-0.018492997,0.09249346,-0.0027817267,MAML2(-0.015);BACH2(-0.014);FOXP1(-0.013);SERINC5(-0.012);FHIT(-0.011);CAMK4(-0.011);PDE3B(-0.011);PRKCA(-0.011),PLCB1(+0.011);AOAH(+0.010);CCL5(+0.010);MYO1F(+0.009);A2M(+0.008);RAP1GAP2(+0.008);PFN1(+0.008);S100A4(+0.007)
BCL2,False,0.9667993239928041,-0.0077577117,0.08707188,0.0010071023,LEF1(-0.017);MAML2(-0.014);BACH2(-0.013);FOXP1(-0.013);SERINC5(-0.011);CAMK4(-0.010);PDE3B(-0.010);PRKCA(-0.010),PLCB1(+0.009);ACTG1(+0.008);AOAH(+0.008);MYO1F(+0.008);PFN1(+0.008);S100A4(+0.008);ACTB(+0.008);CCL5(+0.008)
CAMK4,False,0.9016518562939543,-0.010394467,0.07738971,-0.00019187198,LEF1(-0.014);MAML2(-0.011);BACH2(-0.010);FOXP1(-0.010);SERINC5(-0.010);PDE3B(-0.009);PRKCA(-0.008);FHIT(-0.008),AOAH(+0.009);CCL5(+0.008);RAP1GAP2(+0.008);MYO1F(+0.007);PLCB1(+0.007);SAMD3(+0.006);SYNE1(+0.006);JAZF1(+0.006)
BACH2,True,0.9032328408657255,-0.011855952,0.076532796,-0.002739917,LEF1(-0.015);MAML2(-0.012);FOXP1(-0.011);SERINC5(-0.010);FHIT(-0.009);PRKCA(-0.009);PDE3B(-0.009);CAMK4(-0.008),PLCB1(+0.009);PFN1(+0.008);CCL5(+0.008);A2M(+0.007);MYO1F(+0.007);AOAH(+0.007);S100A4(+0.007);ACTG1(+0.006)
FHIT,False,0.8486070980755602,-0.0089775715,0.075046636,-0.0012888118,LEF1(-0.015);MAML2(-0.012);BACH2(-0.012);FOXP1(-0.011);SERINC5(-0.010);PRKCA(-0.009);PDE3B(-0.009);CAMK4(-0.008),PLCB1(+0.009);CCL5(+0.007);A2M(+0.007);MYO1F(+0.007);S100A4(+0.007);AOAH(+0.007);PFN1(+0.007);ACTG1(+0.006)
DOCK10,False,0.959548601646405,-0.00397054,0.056383003,0.0002079212,LEF1(-0.011);MAML2(-0.009);BACH2(-0.008);FOXP1(-0.008);SERINC5(-0.007);CAMK4(-0.007);PDE3B(-0.007);FHIT(-0.007),AOAH(+0.007);PLCB1(+0.006);CCL5(+0.006);MYO1F(+0.006);RAP1GAP2(+0.005);A2M(+0.005);SYNE1(+0.004);SAMD3(+0.004)
PRKCA,False,0.9316360464482366,-0.0057988837,0.049454495,-0.00035005488,LEF1(-0.010);MAML2(-0.008);BACH2(-0.008);FOXP1(-0.007);SERINC5(-0.006);FHIT(-0.006);PDE3B(-0.006);CAMK4(-0.005),PLCB1(+0.006);CCL5(+0.005);AOAH(+0.005);A2M(+0.005);MYO1F(+0.005);S100A4(+0.005);PFN1(+0.004);RAP1GAP2(+0.004)
MAML2,False,0.939159352341493,-0.0075530717,0.04666922,-0.00056394824,LEF1(-0.009);BACH2(-0.007);FOXP1(-0.007);SERINC5(-0.006);FHIT(-0.005);PRKCA(-0.005);PDE3B(-0.005);INPP4B(-0.005),PLCB1(+0.005);S100A4(+0.005);PFN1(+0.005);CCL5(+0.005);ACTG1(+0.004);A2M(+0.004);MYO1F(+0.004);ACTB(+0.004)
FOXP1,True,0.9795017172763454,-0.0059795165,0.041674957,-0.0004995295,LEF1(-0.008);MAML2(-0.007);BACH2(-0.007);SERINC5(-0.005);FHIT(-0.005);PRKCA(-0.005);PDE3B(-0.005);INPP4B(-0.004),PLCB1(+0.005);S100A4(+0.005);CCL5(+0.004);A2M(+0.004);PFN1(+0.004);MYO1F(+0.004);ACTG1(+0.004);ACTB(+0.003)
TSHZ2,False,0.7067546202911195,-0.002081511,0.04116444,-0.000534397,LEF1(-0.008);MAML2(-0.006);CAMK4(-0.005);BACH2(-0.005);FOXP1(-0.005);SERINC5(-0.005);PDE3B(-0.005);FHIT(-0.004),AOAH(+0.005);CCL5(+0.004);RAP1GAP2(+0.004);MYO1F(+0.004);PLCB1(+0.004);GNLY(+0.004);SAMD3(+0.003);SYNE1(+0.003)
PDE3B,False,0.7682494684620838,-0.0048097004,0.040773924,0.00012160017,LEF1(-0.008);MAML2(-0.006);BACH2(-0.006);FOXP1(-0.006);SERINC5(-0.005);CAMK4(-0.005);FHIT(-0.005);PRKCA(-0.005),CCL5(+0.005);AOAH(+0.005);PLCB1(+0.005);MYO1F(+0.004);RAP1GAP2(+0.004);A2M(+0.004);CTSW(+0.003);PPP2R2B(+0.003)
INPP4B,False,0.9693616093332609,-0.0039192997,0.0374272,-0.00054791954,LEF1(-0.007);MAML2(-0.006);BACH2(-0.005);FOXP1(-0.005);CAMK4(-0.005);SERINC5(-0.005);PDE3B(-0.004);FHIT(-0.004),AOAH(+0.005);CCL5(+0.004);PLCB1(+0.004);MYO1F(+0.004);RAP1GAP2(+0.004);GNLY(+0.003);SAMD3(+0.003);PPP2R2B(+0.003)
SERINC5,False,0.8537861854658455,-0.0044892523,0.034536958,-0.0006813476,LEF1(-0.007);MAML2(-0.005);BACH2(-0.005);FOXP1(-0.005);CAMK4(-0.004);PDE3B(-0.004);FHIT(-0.004);PRKCA(-0.004),CCL5(+0.004);AOAH(+0.004);PLCB1(+0.004);GNLY(+0.004);MYO1F(+0.003);RAP1GAP2(+0.003);A2M(+0.003);CTSW(+0.003)
ARHGAP15,False,0.9872430900070874,-0.0024710174,0.0335514,-0.0003827488,LEF1(-0.007);MAML2(-0.005);BACH2(-0.005);FOXP1(-0.005);SERINC5(-0.004);CAMK4(-0.004);PDE3B(-0.004);FHIT(-0.004),AOAH(+0.004);PLCB1(+0.004);MYO1F(+0.003);RAP1GAP2(+0.003);A2M(+0.003);PFN1(+0.003);CCL5(+0.003);SAMD3(+0.003)
PLCL1,False,0.6141852477784442,-0.002132599,0.033120397,-0.00022126875,LEF1(-0.007);MAML2(-0.005);BACH2(-0.005);FOXP1(-0.005);SERINC5(-0.004);CAMK4(-0.004);PDE3B(-0.004);FHIT(-0.004),AOAH(+0.004);PLCB1(+0.004);CCL5(+0.004);MYO1F(+0.003);RAP1GAP2(+0.003);A2M(+0.003);PFN1(+0.003);SYNE1(+0.003)
BCL11B,True,0.935833833069836,-0.0032942174,0.031004779,-0.0035405066,LEF1(-0.004);CAMK4(-0.004);IL7R(-0.004);MAML2(-0.004);LTB(-0.004);ARHGAP15(-0.003);SERINC5(-0.003);BCL2(-0.003),AOAH(+0.003);RAP1GAP2(+0.003);JAZF1(+0.002);PFN1(+0.002);SAMD3(+0.002);MYO1F(+0.002);SYNE1(+0.002);MCTP2(+0.002)
RPS2,False,0.9857166221446876,0.00026073935,0.029887797,-0.0005747225,CCL5(-0.003);ACTB(-0.003);ACTG1(-0.003);AOAH(-0.003);MYO1F(-0.003);PFN1(-0.003);PLCB1(-0.003);GNLY(-0.003),LEF1(+0.006);MAML2(+0.005);FOXP1(+0.004);BACH2(+0.004);SERINC5(+0.004);CAMK4(+0.004);PDE3B(+0.003);PRKCA(+0.003)
ZEB1,True,0.5784222864307911,0.0002112662,0.029607413,0.012025369,TRAC(-0.003);TRBC1(-0.003);HCST(-0.003);JUN(-0.002);PFN1(-0.002);TRBC2(-0.002);FOS(-0.002);CD3D(-0.002),B2M(+0.005);HLA-B(+0.003);MBNL1(+0.003);ACTB(+0.003);EEF1A1(+0.003);RPL13(+0.003);RPS2(+0.003);PTPRC(+0.003)
ITGA6,False,0.665921604971924,-0.0016143202,0.029165208,-2.5960284e-05,LEF1(-0.006);MAML2(-0.005);BACH2(-0.004);FOXP1(-0.004);SERINC5(-0.004);FHIT(-0.003);PRKCA(-0.003);PDE3B(-0.003),PLCB1(+0.003);AOAH(+0.003);CCL5(+0.003);MYO1F(+0.003);A2M(+0.003);S100A4(+0.003);PFN1(+0.003);ACTG1(+0.002)
NDFIP1,False,0.7526031728724857,-0.0020263782,0.028822856,-0.000335541,LEF1(-0.005);MAML2(-0.004);BACH2(-0.004);FOXP1(-0.004);CAMK4(-0.004);SERINC5(-0.004);PDE3B(-0.003);FHIT(-0.003),AOAH(+0.004);CCL5(+0.003);PLCB1(+0.003);MYO1F(+0.003);RAP1GAP2(+0.003);A2M(+0.002);SYNE1(+0.002);SAMD3(+0.002)
B2M,False,0.9996183830344004,0.00042707336,0.028335797,0.00016275984,GNLY(-0.004);MCTP2(-0.003);TGFBR3(-0.003);CTSW(-0.003);AOAH(-0.003);CCL5(-0.003);RAP1GAP2(-0.003);JAZF1(-0.002),IL7R(+0.004);CAMK4(+0.004);LTB(+0.004);BCL2(+0.003);LEF1(+0.003);MAML2(+0.003);BCL11B(+0.003);INPP4B(+0.003)
TXK,False,0.7873848334514532,-0.0011594425,0.028333085,0.00022053155,LEF1(-0.005);MAML2(-0.004);BACH2(-0.004);FOXP1(-0.004);CAMK4(-0.004);SERINC5(-0.004);PDE3B(-0.003);FHIT(-0.003),AOAH(+0.003);CCL5(+0.003);RAP1GAP2(+0.003);MYO1F(+0.003);PLCB1(+0.003);GNLY(+0.002);ACTG1(+0.002);SYNE1(+0.002)
FYB1,False,0.9200239873521237,-0.0015808638,0.027474286,-0.00022314083,LEF1(-0.005);MAML2(-0.004);BACH2(-0.004);FOXP1(-0.004);SERINC5(-0.004);FHIT(-0.003);PRKCA(-0.003);PDE3B(-0.003),PLCB1(+0.003);CCL5(+0.003);AOAH(+0.003);A2M(+0.003);MYO1F(+0.003);S100A4(+0.003);PFN1(+0.002);RAP1GAP2(+0.002)
RASA2,False,0.7669410674371697,-0.00086668995,0.02746955,-0.00014897568,LEF1(-0.005);MAML2(-0.004);BACH2(-0.004);FOXP1(-0.004);SERINC5(-0.004);FHIT(-0.003);PRKCA(-0.003);PDE3B(-0.003),PLCB1(+0.003);CCL5(+0.003);AOAH(+0.003);MYO1F(+0.003);A2M(+0.003);S100A4(+0.003);PFN1(+0.003);ACTG1(+0.002)
HLA-C,False,0.890257864035327,-0.0012358718,0.026802458,0.00018421392,AOAH(-0.003);CCL5(-0.003);MYO1F(-0.002);RAP1GAP2(-0.002);PLCB1(-0.002);ACTG1(-0.002);PFN1(-0.002);ACTB(-0.002),LEF1(+0.005);MAML2(+0.004);BACH2(+0.004);FOXP1(+0.004);CAMK4(+0.003);SERINC5(+0.003);PDE3B(+0.003);PRKCA(+0.003)
OXNAD1,False,0.8235294117647061,-0.0020753683,0.026466265,-0.00019316729,LEF1(-0.005);MAML2(-0.004);BACH2(-0.004);FOXP1(-0.004);SERINC5(-0.003);CAMK4(-0.003);PDE3B(-0.003);FHIT(-0.003),AOAH(+0.003);PLCB1(+0.003);CCL5(+0.003);MYO1F(+0.003);RAP1GAP2(+0.002);A2M(+0.002);PFN1(+0.002);S100A4(+0.002)
RPS12,False,0.8350869541514476,-0.0008544664,0.026368095,-0.00018919917,LEF1(-0.005);MAML2(-0.004);BACH2(-0.004);FOXP1(-0.004);SERINC5(-0.003);CAMK4(-0.003);PDE3B(-0.003);FHIT(-0.003),PLCB1(+0.003);AOAH(+0.003);MYO1F(+0.003);CCL5(+0.003);RAP1GAP2(+0.002);PFN1(+0.002);A2M(+0.002);S100A4(+0.002)
MAP4K4,False,0.6921986588889496,-0.0011162914,0.024992477,-0.0004892958,LEF1(-0.005);MAML2(-0.004);BACH2(-0.003);CAMK4(-0.003);FOXP1(-0.003);SERINC5(-0.003);PDE3B(-0.003);FHIT(-0.003),AOAH(+0.003);PLCB1(+0.002);RAP1GAP2(+0.002);MYO1F(+0.002);CCL5(+0.002);GNLY(+0.002);SAMD3(+0.002);SYNE1(+0.002)
RPL41,False,0.9601482854494905,-0.0008074208,0.02493472,0.00034651475,LEF1(-0.005);MAML2(-0.003);BACH2(-0.003);FOXP1(-0.003);SERINC5(-0.003);CAMK4(-0.003);FHIT(-0.003);PDE3B(-0.003),AOAH(+0.004);PLCB1(+0.003);A2M(+0.003);CCL5(+0.003);MYO1F(+0.003);RAP1GAP2(+0.002);SYNE1(+0.002);ARHGAP26(+0.002)
FOS,True,0.46655399880063236,0.0006541838,0.024193171,-0.0075573926,B2M(-0.004);CCL5(-0.004);HLA-B(-0.003);ACTB(-0.003);MBNL1(-0.003);PTPRC(-0.002);HLA-A(-0.002);CELF2(-0.002),TRAC(+0.002);TRBC1(+0.002);LEF1(+0.002);FOXP1(+0.002);TRBC2(+0.002);CAMK4(+0.001);CD3D(+0.001);MAML2(+0.001)
ZBTB20,False,0.9332170310200079,-0.001905025,0.023831638,-5.0182745e-05,LEF1(-0.005);MAML2(-0.004);BACH2(-0.004);FOXP1(-0.003);SERINC5(-0.003);PRKCA(-0.003);FHIT(-0.003);PDE3B(-0.003),PFN1(+0.003);S100A4(+0.002);ACTG1(+0.002);PLCB1(+0.002);ACTB(+0.002);MYO1F(+0.002);CCL5(+0.002);A2M(+0.002)
ITK,False,0.7892384015700815,-0.001678725,0.023579499,-0.00015216856,LEF1(-0.005);MAML2(-0.004);BACH2(-0.004);FOXP1(-0.003);SERINC5(-0.003);FHIT(-0.003);PRKCA(-0.003);PDE3B(-0.003),PLCB1(+0.003);S100A4(+0.003);A2M(+0.002);PFN1(+0.002);CCL5(+0.002);MYO1F(+0.002);ACTG1(+0.002);ACTB(+0.002)
DOCK8,False,0.7738101728179689,-9.741829e-05,0.02323053,-0.00021059035,AOAH(-0.003);RAP1GAP2(-0.002);GNLY(-0.002);CCL5(-0.002);MYO1F(-0.002);JAZF1(-0.002);SAMD3(-0.002);SYNE1(-0.002),LEF1(+0.004);CAMK4(+0.003);MAML2(+0.003);FOXP1(+0.003);SERINC5(+0.003);BACH2(+0.003);PDE3B(+0.003);IL7R(+0.002)
IMMP2L,False,0.6120590961129587,-0.0012505881,0.02295811,-5.867772e-05,LEF1(-0.004);MAML2(-0.004);BACH2(-0.003);FOXP1(-0.003);SERINC5(-0.003);CAMK4(-0.003);PDE3B(-0.003);PRKCA(-0.003),ACTG1(+0.002);PFN1(+0.002);MYO1F(+0.002);S100A4(+0.002);ACTB(+0.002);AOAH(+0.002);PLCB1(+0.002);RAP1GAP2(+0.002)
ANK3,False,0.9454832906285779,-0.0016133875,0.022948442,-0.00085407106,LEF1(-0.004);MAML2(-0.003);BACH2(-0.003);FOXP1(-0.003);SERINC5(-0.003);CAMK4(-0.003);PDE3B(-0.003);FHIT(-0.003),AOAH(+0.003);PLCB1(+0.003);CCL5(+0.003);MYO1F(+0.002);RAP1GAP2(+0.002);A2M(+0.002);GNLY(+0.002);SYNE1(+0.002)
CD69,False,0.6731723273183232,-9.089932e-05,0.02241884,-7.0310314e-05,CCL5(-0.003);PLCB1(-0.003);AOAH(-0.002);MYO1F(-0.002);S100A4(-0.002);A2M(-0.002);PFN1(-0.002);ACTG1(-0.002),LEF1(+0.004);MAML2(+0.004);BACH2(+0.003);FOXP1(+0.003);SERINC5(+0.003);FHIT(+0.003);PRKCA(+0.003);PDE3B(+0.003)
IGF1R,False,0.5694270293845064,-0.0013961851,0.022252914,-8.249857e-05,LEF1(-0.004);MAML2(-0.004);BACH2(-0.003);FOXP1(-0.003);SERINC5(-0.003);CAMK4(-0.003);PDE3B(-0.003);FHIT(-0.003),PLCB1(+0.002);AOAH(+0.002);MYO1F(+0.002);CCL5(+0.002);PFN1(+0.002);RAP1GAP2(+0.002);A2M(+0.002);S100A4(+0.002)
AC139720.1,False,0.6517472605353543,-0.0010292382,0.022105455,-7.967069e-06,LEF1(-0.004);MAML2(-0.003);BACH2(-0.003);FOXP1(-0.003);SERINC5(-0.003);CAMK4(-0.003);FHIT(-0.003);PDE3B(-0.003),CCL5(+0.003);AOAH(+0.003);PLCB1(+0.003);MYO1F(+0.002);GNLY(+0.002);A2M(+0.002);RAP1GAP2(+0.002);SYNE1(+0.002)
ZNF609,False,0.5532900834105654,-0.00070496736,0.022067202,0.00012546967,LEF1(-0.004);MAML2(-0.003);BACH2(-0.003);FOXP1(-0.003);SERINC5(-0.003);CAMK4(-0.003);PDE3B(-0.003);FHIT(-0.003),AOAH(+0.002);CCL5(+0.002);PLCB1(+0.002);MYO1F(+0.002);RAP1GAP2(+0.002);ACTG1(+0.002);PFN1(+0.002);A2M(+0.002)
AAK1,False,0.8858420105762418,-0.0009123404,0.021870509,0.00024448094,LEF1(-0.004);MAML2(-0.003);BACH2(-0.003);FOXP1(-0.003);SERINC5(-0.003);FHIT(-0.003);PDE3B(-0.003);CAMK4(-0.003),PLCB1(+0.002);AOAH(+0.002);CCL5(+0.002);MYO1F(+0.002);A2M(+0.002);S100A4(+0.002);RAP1GAP2(+0.002);ACTG1(+0.002)
ATP10A,False,0.5727525486561632,-0.00094298495,0.021416724,-4.72864e-05,LEF1(-0.004);MAML2(-0.003);BACH2(-0.003);FOXP1(-0.003);SERINC5(-0.003);FHIT(-0.003);PRKCA(-0.002);PDE3B(-0.002),PLCB1(+0.003);S100A4(+0.002);CCL5(+0.002);A2M(+0.002);PFN1(+0.002);MYO1F(+0.002);ACTG1(+0.002);ACTB(+0.002)
IL32,False,0.7569645096221993,-0.0027339018,0.021100739,3.784427e-06,S100A4(-0.003);PHACTR2(-0.003);PLCB1(-0.003);A2M(-0.002);CCL5(-0.002);PFN1(-0.002);ACTB(-0.002);ACTG1(-0.002),LEF1(+0.004);BACH2(+0.003);MAML2(+0.003);FOXP1(+0.003);SERINC5(+0.002);FHIT(+0.002);PRKCA(+0.002);PDE3B(+0.002)
HLA-B,False,0.9830998200948594,-0.0014690472,0.021066656,0.00014928356,IL32(-0.003);PHACTR2(-0.003);S100A4(-0.002);LTB(-0.002);IL7R(-0.002);RPL11(-0.002);RPL28(-0.002);GZMK(-0.002),CD247(+0.002);KCNQ5(+0.002);BACH2(+0.002);TXK(+0.001);JAZF1(+0.001);AOAH(+0.001);SFMBT2(+0.001);TFDP2(+0.001)
EPB41,False,0.7389739955296301,-0.0009570519,0.020427864,-0.00020398405,LEF1(-0.004);BACH2(-0.003);MAML2(-0.003);FOXP1(-0.003);SERINC5(-0.003);FHIT(-0.002);PRKCA(-0.002);PDE3B(-0.002),PLCB1(+0.003);A2M(+0.002);CCL5(+0.002);S100A4(+0.002);MYO1F(+0.002);PFN1(+0.002);PHACTR2(+0.002);AOAH(+0.002)
CCND3,False,0.8575478384124736,-0.00061217905,0.02014135,8.316565e-05,LEF1(-0.003);CAMK4(-0.003);MAML2(-0.003);FOXP1(-0.002);BACH2(-0.002);SERINC5(-0.002);PDE3B(-0.002);IL7R(-0.002),AOAH(+0.002);RAP1GAP2(+0.002);MYO1F(+0.002);JAZF1(+0.002);SAMD3(+0.002);SYNE1(+0.002);ACTG1(+0.001);PLCB1(+0.001)
WWOX,False,0.5549801014010795,-0.0005692204,0.019772938,-0.0003016661,LEF1(-0.004);MAML2(-0.003);BACH2(-0.003);FOXP1(-0.003);SERINC5(-0.002);FHIT(-0.002);PRKCA(-0.002);PDE3B(-0.002),PLCB1(+0.002);S100A4(+0.002);A2M(+0.002);PFN1(+0.002);MYO1F(+0.002);ACTG1(+0.002);PHACTR2(+0.002);IL32(+0.002)
RPL11,False,0.949517527122063,-0.0009111315,0.019751105,-0.0004200072,S100A4(-0.003);CCL5(-0.002);IL32(-0.002);PLCB1(-0.002);ACTB(-0.002);PFN1(-0.002);PHACTR2(-0.002);ACTG1(-0.002),LEF1(+0.003);MAML2(+0.003);BACH2(+0.003);FOXP1(+0.003);SERINC5(+0.002);FHIT(+0.002);PRKCA(+0.002);PDE3B(+0.002)
PDE7A,False,0.7808428283268823,-0.0013108811,0.01911088,-0.0003147476,LEF1(-0.004);BACH2(-0.003);MAML2(-0.003);FOXP1(-0.003);SERINC5(-0.002);FHIT(-0.002);PRKCA(-0.002);PDE3B(-0.002),PLCB1(+0.003);A2M(+0.002);CCL5(+0.002);S100A4(+0.002);MYO1F(+0.002);AOAH(+0.002);PHACTR2(+0.002);PFN1(+0.002)
PIK3IP1,False,0.7241999672899746,-0.0012321463,0.019009301,-0.00032610405,LEF1(-0.004);MAML2(-0.003);BACH2(-0.003);FOXP1(-0.003);SERINC5(-0.002);CAMK4(-0.002);PDE3B(-0.002);FHIT(-0.002),CCL5(+0.002);PLCB1(+0.002);AOAH(+0.002);MYO1F(+0.002);PFN1(+0.002);ACTG1(+0.002);S100A4(+0.002);RAP1GAP2(+0.002)
PTMA,False,0.773046938886769,-0.0005629496,0.01872385,-0.00030493454,AOAH(-0.002);RAP1GAP2(-0.002);GNLY(-0.002);JAZF1(-0.002);CCL5(-0.002);SAMD3(-0.002);SYNE1(-0.001);MCTP2(-0.001),CAMK4(+0.003);LEF1(+0.003);IL7R(+0.002);MAML2(+0.002);BCL2(+0.002);LTB(+0.002);BCL11B(+0.002);SERINC5(+0.002)
TMEM131L,False,0.784004797470425,-0.00071956334,0.018574152,0.00018167801,LEF1(-0.004);MAML2(-0.003);BACH2(-0.003);FOXP1(-0.003);SERINC5(-0.002);FHIT(-0.002);PDE3B(-0.002);PRKCA(-0.002),PLCB1(+0.002);AOAH(+0.002);CCL5(+0.002);A2M(+0.002);MYO1F(+0.002);RAP1GAP2(+0.002);S100A4(+0.001);NCALD(+0.001)
SARAF,False,0.8675243962274439,-0.0013724102,0.018542822,-0.00021046889,LEF1(-0.004);MAML2(-0.003);BACH2(-0.003);FOXP1(-0.003);SERINC5(-0.002);FHIT(-0.002);PRKCA(-0.002);PDE3B(-0.002),S100A4(+0.002);PFN1(+0.002);PLCB1(+0.002);ACTG1(+0.002);ACTB(+0.002);MYO1F(+0.002);A2M(+0.002);CCL5(+0.002)
ARHGEF18,False,0.5949953660797035,-0.0007176931,0.018347023,0.00016439806,LEF1(-0.004);MAML2(-0.003);BACH2(-0.003);FOXP1(-0.003);SERINC5(-0.002);CAMK4(-0.002);FHIT(-0.002);PDE3B(-0.002),AOAH(+0.002);PLCB1(+0.002);CCL5(+0.002);MYO1F(+0.002);A2M(+0.002);RAP1GAP2(+0.002);SYNE1(+0.001);S100A4(+0.001)
KLF12,True,0.8245107125333917,-9.116715e-05,0.018333884,-0.0006628102,CCL5(-0.002);PLCB1(-0.002);A2M(-0.002);S100A4(-0.002);IL32(-0.002);PHACTR2(-0.002);MYO1F(-0.002);ACTB(-0.002),LEF1(+0.003);BACH2(+0.003);MAML2(+0.003);FOXP1(+0.003);SERINC5(+0.002);FHIT(+0.002);PRKCA(+0.002);PDE3B(+0.002)
PFN1,False,0.5516545821294229,-0.0019651125,0.018262662,2.5316067e-05,ACTG1(-0.002);S100A4(-0.002);ACTB(-0.002);PLCB1(-0.002);CCL5(-0.002);MYO1F(-0.002);A2M(-0.001);AOAH(-0.001),LEF1(+0.003);MAML2(+0.003);BACH2(+0.003);FOXP1(+0.003);SERINC5(+0.002);PRKCA(+0.002);PDE3B(+0.002);FHIT(+0.002)
SAMHD1,False,0.6725726435152375,-0.0004836967,0.018088503,-0.0004276175,LEF1(-0.004);MAML2(-0.003);BACH2(-0.003);FOXP1(-0.002);SERINC5(-0.002);CAMK4(-0.002);PDE3B(-0.002);FHIT(-0.002),AOAH(+0.002);PLCB1(+0.002);CCL5(+0.002);MYO1F(+0.002);RAP1GAP2(+0.002);A2M(+0.002);GNLY(+0.001);PFN1(+0.001)
ACTG1,False,0.5830016900179906,-0.0016403148,0.017739372,-0.00011736221,CCL5(-0.002);GNLY(-0.002);AOAH(-0.002);PLCB1(-0.002);MYO1F(-0.002);PFN1(-0.002);RAP1GAP2(-0.002);ACTB(-0.002),LEF1(+0.003);MAML2(+0.003);BACH2(+0.003);FOXP1(+0.002);SERINC5(+0.002);CAMK4(+0.002);PDE3B(+0.002);PRKCA(+0.002)
PCED1B,False,0.8070653655345366,-0.000904819,0.017345013,8.995951e-05,LEF1(-0.003);CAMK4(-0.002);MAML2(-0.002);IL7R(-0.002);SERINC5(-0.002);BCL11B(-0.002);LTB(-0.002);PDE3B(-0.002),AOAH(+0.002);RAP1GAP2(+0.002);JAZF1(+0.002);CCL5(+0.002);SAMD3(+0.002);GNLY(+0.001);SYNE1(+0.001);MYO1F(+0.001)
FKBP5,False,0.5526903996074798,-0.0009933063,0.017196508,-0.00017562252,LEF1(-0.003);MAML2(-0.003);CAMK4(-0.002);BACH2(-0.002);FOXP1(-0.002);SERINC5(-0.002);PDE3B(-0.002);PRKCA(-0.002),AOAH(+0.002);RAP1GAP2(+0.002);CCL5(+0.002);MYO1F(+0.002);PLCB1(+0.002);GNLY(+0.001);SAMD3(+0.001);JAZF1(+0.001)
STK17B,False,0.77806247614894,-0.00053757156,0.017098323,0.00010912767,LEF1(-0.003);MAML2(-0.003);BACH2(-0.002);FOXP1(-0.002);SERINC5(-0.002);CAMK4(-0.002);PDE3B(-0.002);PRKCA(-0.002),AOAH(+0.002);CCL5(+0.002);PLCB1(+0.002);MYO1F(+0.002);RAP1GAP2(+0.002);PFN1(+0.001);GNLY(+0.001);SAMD3(+0.001)
PHACTR2,False,0.39442839230224064,-0.002132908,0.016928887,-0.00029727133,CCL5(-0.003);PLCB1(-0.003);A2M(-0.002);S100A4(-0.002);IL32(-0.002);GZMK(-0.002);KLRG1(-0.002);PARP8(-0.002),LEF1(+0.003);BACH2(+0.003);FOXP1(+0.002);MAML2(+0.002);FHIT(+0.002);SERINC5(+0.002);PRKCA(+0.002);PDE3B(+0.002)
PARP8,False,0.5261407621435972,-0.0013670862,0.016901651,-3.883664e-05,CCL5(-0.002);PLCB1(-0.002);A2M(-0.002);GNLY(-0.002);AOAH(-0.002);MYO1F(-0.002);S100A4(-0.002);PHACTR2(-0.002),LEF1(+0.003);BACH2(+0.003);MAML2(+0.002);FOXP1(+0.002);SERINC5(+0.002);FHIT(+0.002);PRKCA(+0.002);PDE3B(+0.002)
ETS1,True,0.7408275636482584,-0.00091231003,0.016638303,-0.0032705783,LEF1(-0.003);MAML2(-0.002);BACH2(-0.002);ARHGAP15(-0.002);CAMK4(-0.002);SERINC5(-0.002);IL7R(-0.002);FOXP1(-0.002),PFN1(+0.002);AOAH(+0.002);RAP1GAP2(+0.001);MYO1F(+0.001);PLCB1(+0.001);HCST(+0.001);SAMD3(+0.001);JAZF1(+0.001)
UTRN,False,0.6798778825710082,-0.0008290579,0.016576456,-0.00011341385,CCL5(-0.002);PLCB1(-0.002);AOAH(-0.002);MYO1F(-0.002);A2M(-0.002);GNLY(-0.001);RAP1GAP2(-0.001);S100A4(-0.001),LEF1(+0.003);MAML2(+0.003);BACH2(+0.002);FOXP1(+0.002);SERINC5(+0.002);FHIT(+0.002);PDE3B(+0.002);CAMK4(+0.002)
KLF2,True,0.7479692525759147,0.00024580615,0.016569465,0.0049059526,PFN1(-0.002);HLA-C(-0.001);MYL6(-0.001);FLNA(-0.001);JUN(-0.001);TRBC2(-0.001);TMSB10(-0.001);TRAC(-0.001),B2M(+0.003);ARHGAP15(+0.002);MBNL1(+0.002);RPL13(+0.002);RIPOR2(+0.002);CCL5(+0.002);HLA-B(+0.002);RPS2(+0.002)
APBB1IP,False,0.7560377255628852,1.2659974e-05,0.01638604,-5.8125686e-05,PLCB1(-0.002);CCL5(-0.002);A2M(-0.002);MYO1F(-0.002);AOAH(-0.002);S100A4(-0.002);ACTG1(-0.001);PFN1(-0.001),LEF1(+0.003);MAML2(+0.003);BACH2(+0.003);FOXP1(+0.002);SERINC5(+0.002);FHIT(+0.002);PRKCA(+0.002);PDE3B(+0.002)
RIPOR2,False,0.994929946028458,-0.0003952826,0.016299192,3.4046516e-05,CAMK4(-0.002);IL7R(-0.002);LTB(-0.002);IL32(-0.002);LEF1(-0.002);BCL11B(-0.002);RPL11(-0.002);BCL2(-0.001),AOAH(+0.002);JAZF1(+0.002);RAP1GAP2(+0.002);SAMD3(+0.001);CD247(+0.001);SYNE1(+0.001);VAV3(+0.001);FNDC3B(+0.001)
STAT6,True,0.13531047265987026,-0.00027412458,0.016219104,-0.0062611364,B2M(-0.003);MBNL1(-0.002);RPL13(-0.002);IL7R(-0.002);EEF1A1(-0.002);RPS2(-0.002);RIPOR2(-0.002);HLA-B(-0.002),PFN1(+0.002);TRAC(+0.002);HCST(+0.001);JUN(+0.001);TRBC1(+0.001);TRBC2(+0.001);FOS(+0.001);HLA-C(+0.001)
PIP4K2A,False,0.5547620345635939,-0.00092525524,0.016138447,-5.283092e-05,PLCB1(-0.002);CCL5(-0.002);AOAH(-0.002);MYO1F(-0.002);A2M(-0.002);GNLY(-0.002);RAP1GAP2(-0.001);S100A4(-0.001),LEF1(+0.003);MAML2(+0.002);BACH2(+0.002);FOXP1(+0.002);SERINC5(+0.002);FHIT(+0.002);CAMK4(+0.002);PDE3B(+0.002)
TXNIP,False,0.851932617347217,-0.000104075916,0.01612488,0.00051059213,LEF1(-0.003);MAML2(-0.002);BACH2(-0.002);FOXP1(-0.002);SERINC5(-0.002);FHIT(-0.002);PDE3B(-0.002);CAMK4(-0.002),CCL5(+0.002);PLCB1(+0.002);AOAH(+0.002);MYO1F(+0.002);A2M(+0.002);RAP1GAP2(+0.001);NCALD(+0.001);S100A4(+0.001)
TCF7,True,0.6829308182958078,-0.0013883703,0.01597645,0.00058530737,LEF1(-0.003);MAML2(-0.002);CAMK4(-0.002);BACH2(-0.002);FOXP1(-0.002);SERINC5(-0.002);PDE3B(-0.002);INPP4B(-0.002),AOAH(+0.002);RAP1GAP2(+0.002);CCL5(+0.002);MYO1F(+0.001);ACTG1(+0.001);ACTB(+0.001);SAMD3(+0.001);SYNE1(+0.001)
AFF3,False,0.37005942321321483,-0.00037441766,0.015968595,0.0005940323,LEF1(-0.003);MAML2(-0.003);BACH2(-0.002);FOXP1(-0.002);SERINC5(-0.002);PRKCA(-0.002);PDE3B(-0.002);FHIT(-0.002),ACTB(+0.002);ACTG1(+0.002);S100A4(+0.002);PFN1(+0.002);PLCB1(+0.001);MYO1F(+0.001);CCL5(+0.001);A2M(+0.001)
PCED1B-AS1,False,0.5568881862290793,-0.00028320283,0.015951289,-1.2120715e-05,LEF1(-0.003);MAML2(-0.002);CAMK4(-0.002);BACH2(-0.002);FOXP1(-0.002);SERINC5(-0.002);PDE3B(-0.002);FHIT(-0.002),AOAH(+0.002);CCL5(+0.002);PLCB1(+0.002);RAP1GAP2(+0.002);MYO1F(+0.002);SYNE1(+0.001);SAMD3(+0.001);JAZF1(+0.001)
CERS6,False,0.5553072016573081,-0.00083630695,0.01593437,-0.0002781721,LEF1(-0.003);MAML2(-0.002);BACH2(-0.002);FOXP1(-0.002);SERINC5(-0.002);CAMK4(-0.002);PDE3B(-0.002);FHIT(-0.002),CCL5(+0.002);AOAH(+0.002);PLCB1(+0.002);MYO1F(+0.002);RAP1GAP2(+0.001);PFN1(+0.001);A2M(+0.001);GNLY(+0.001)
FOSL2,True,0.01929891511748351,-3.802721e-05,0.015907027,-0.007126743,B2M(-0.003);CCL5(-0.002);HLA-B(-0.002);RPL13(-0.002);MBNL1(-0.002);RPS2(-0.002);ARHGAP15(-0.002);EEF1A1(-0.002),PFN1(+0.002);TRAC(+0.001);TRBC1(+0.001);JUN(+0.001);TRBC2(+0.001);HCST(+0.001);CD3D(+0.001);HLA-C(+0.001)
CCDC18-AS1,False,0.4503080194079485,-0.00039080475,0.015871331,0.00024167851,LEF1(-0.003);MAML2(-0.003);BACH2(-0.002);FOXP1(-0.002);SERINC5(-0.002);PDE3B(-0.002);FHIT(-0.002);PRKCA(-0.002),PLCB1(+0.002);CCL5(+0.002);MYO1F(+0.002);S100A4(+0.002);ACTG1(+0.001);AOAH(+0.001);PFN1(+0.001);ACTB(+0.001)
ITM2B,False,0.6855476203456361,-0.00040943085,0.015731985,-0.0001194419,LEF1(-0.003);MAML2(-0.002);BACH2(-0.002);FOXP1(-0.002);SERINC5(-0.002);FHIT(-0.002);PRKCA(-0.002);PDE3B(-0.002),PLCB1(+0.002);CCL5(+0.002);AOAH(+0.002);MYO1F(+0.002);A2M(+0.002);S100A4(+0.001);GNLY(+0.001);RAP1GAP2(+0.001)
CEMIP2,False,0.5237420269312546,-0.00028243213,0.015646052,-0.00016257282,LEF1(-0.003);MAML2(-0.003);BACH2(-0.002);FOXP1(-0.002);SERINC5(-0.002);FHIT(-0.002);PRKCA(-0.002);PDE3B(-0.002),PLCB1(+0.002);PFN1(+0.002);S100A4(+0.002);MYO1F(+0.001);CCL5(+0.001);A2M(+0.001);AOAH(+0.001);ACTG1(+0.001)
CELF2,False,0.920078504061495,0.00021761173,0.0155755645,0.00010465026,LEF1(-0.003);MAML2(-0.002);CAMK4(-0.002);FOXP1(-0.002);BACH2(-0.002);SERINC5(-0.002);PDE3B(-0.002);BCL11B(-0.002),AOAH(+0.002);RAP1GAP2(+0.001);PFN1(+0.001);MYO1F(+0.001);ACTG1(+0.001);JAZF1(+0.001);ACTB(+0.001);SAMD3(+0.001)
SRGN,False,0.49294008613640095,-0.0008641043,0.015450581,4.3912924e-06,CCL5(-0.002);PLCB1(-0.002);PFN1(-0.001);ACTG1(-0.001);MYO1F(-0.001);S100A4(-0.001);AOAH(-0.001);ACTB(-0.001),LEF1(+0.003);MAML2(+0.002);BACH2(+0.002);FOXP1(+0.002);SERINC5(+0.002);PDE3B(+0.002);CAMK4(+0.002);PRKCA(+0.002)
RPL30,False,0.8772828872049285,-0.001261562,0.015352528,9.653109e-05,CAMK4(-0.002);IL7R(-0.002);LTB(-0.002);IL32(-0.002);LEF1(-0.002);BCL11B(-0.001);RPL11(-0.001);BCL2(-0.001),AOAH(+0.002);JAZF1(+0.002);RAP1GAP2(+0.002);SAMD3(+0.001);CD247(+0.001);SYNE1(+0.001);VAV3(+0.001);MCTP2(+0.001)
DGKA,False,0.43051845390612214,-0.0005477351,0.015340876,0.00014989541,LEF1(-0.003);MAML2(-0.002);BACH2(-0.002);FOXP1(-0.002);SERINC5(-0.002);PRKCA(-0.002);FHIT(-0.002);PDE3B(-0.002),CCL5(+0.002);S100A4(+0.002);PLCB1(+0.002);PFN1(+0.002);ACTG1(+0.002);ACTB(+0.001);MYO1F(+0.001);A2M(+0.001)
ARID4B,False,0.6801504661178651,-0.00020594776,0.015310421,-0.0002251227,LEF1(-0.003);MAML2(-0.002);BACH2(-0.002);FOXP1(-0.002);SERINC5(-0.002);FHIT(-0.002);PRKCA(-0.002);PDE3B(-0.002),PLCB1(+0.002);CCL5(+0.002);S100A4(+0.002);PFN1(+0.001);MYO1F(+0.001);A2M(+0.001);AOAH(+0.001);ACTG1(+0.001)
E2F3,True,0.0890803031129041,0.0,0.015304307,0.0061465097,TRAC(-0.002);TRBC1(-0.001);PFN1(-0.001);JUN(-0.001);TRBC2(-0.001);HCST(-0.001);CD3D(-0.001);FOS(-0.001),B2M(+0.003);CCL5(+0.002);HLA-B(+0.002);MBNL1(+0.002);RPL13(+0.002);PTPRC(+0.002);ACTB(+0.002);RIPOR2(+0.002)
SEMA4D,False,0.6862018208580931,-0.00035221147,0.015177981,0.0001040596,LEF1(-0.003);MAML2(-0.002);BACH2(-0.002);FOXP1(-0.002);SERINC5(-0.002);CAMK4(-0.002);PDE3B(-0.002);FHIT(-0.002),AOAH(+0.002);PLCB1(+0.002);CCL5(+0.002);MYO1F(+0.002);RAP1GAP2(+0.001);GNLY(+0.001);A2M(+0.001);SYNE1(+0.001)
ARPC1B,False,0.4774028239655455,-0.00056919566,0.0151679395,8.257725e-05,PLCB1(-0.002);CCL5(-0.002);MYO1F(-0.001);S100A4(-0.001);PFN1(-0.001);AOAH(-0.001);A2M(-0.001);ACTG1(-0.001),LEF1(+0.003);MAML2(+0.002);BACH2(+0.002);FOXP1(+0.002);SERINC5(+0.002);FHIT(+0.002);PRKCA(+0.002);PDE3B(+0.002)
NKTR,False,0.6482581911355833,-0.00025071666,0.015012588,8.5194704e-05,LEF1(-0.002);CAMK4(-0.002);MAML2(-0.002);SERINC5(-0.002);IL7R(-0.002);FOXP1(-0.002);PDE3B(-0.002);BCL11B(-0.002),AOAH(+0.002);GNLY(+0.002);RAP1GAP2(+0.002);JAZF1(+0.001);CCL5(+0.001);MCTP2(+0.001);SAMD3(+0.001);SYNE1(+0.001)
NR3C2,True,0.6557814970288394,-0.0009197962,0.014969146,-0.0026550863,ARHGAP15(-0.002);LEF1(-0.002);IL7R(-0.002);LTB(-0.002);RPL13(-0.002);CAMK4(-0.002);MAML2(-0.002);B2M(-0.002),AOAH(+0.001);PFN1(+0.001);RAP1GAP2(+0.001);JAZF1(+0.001);SAMD3(+0.001);MYO1F(+0.001);MCTP2(+0.001);VAV3(+0.001)
PSMA1,False,0.5082047647603991,-0.0006740096,0.014773957,-7.6047977e-06,LEF1(-0.003);MAML2(-0.002);BACH2(-0.002);FOXP1(-0.002);SERINC5(-0.002);CAMK4(-0.002);PDE3B(-0.002);FHIT(-0.002),PLCB1(+0.002);CCL5(+0.002);AOAH(+0.002);MYO1F(+0.001);PFN1(+0.001);S100A4(+0.001);RAP1GAP2(+0.001);A2M(+0.001)
WIPF1,False,0.5194352068909122,-1.929377e-05,0.014751778,0.00018147907,PLCB1(-0.002);CCL5(-0.002);AOAH(-0.002);MYO1F(-0.001);A2M(-0.001);S100A4(-0.001);RAP1GAP2(-0.001);PFN1(-0.001),LEF1(+0.003);MAML2(+0.002);BACH2(+0.002);FOXP1(+0.002);SERINC5(+0.002);FHIT(+0.002);PDE3B(+0.002);PRKCA(+0.002)
DENND5A,False,0.38347053371858475,-0.000331791,0.014750531,-9.570501e-05,LEF1(-0.003);MAML2(-0.002);BACH2(-0.002);FOXP1(-0.002);CAMK4(-0.002);SERINC5(-0.002);PDE3B(-0.002);FHIT(-0.002),AOAH(+0.002);CCL5(+0.002);PLCB1(+0.002);MYO1F(+0.001);RAP1GAP2(+0.001);SAMD3(+0.001);SYNE1(+0.001);JAZF1(+0.001)
RPS26,False,0.8871504116011559,-0.00035247268,0.01467918,4.651473e-05,PLCB1(-0.002);CCL5(-0.002);S100A4(-0.002);A2M(-0.002);IL32(-0.001);PHACTR2(-0.001);PFN1(-0.001);MYO1F(-0.001),LEF1(+0.003);BACH2(+0.002);MAML2(+0.002);FOXP1(+0.002);SERINC5(+0.002);FHIT(+0.002);PRKCA(+0.002);PDE3B(+0.002)
SYNE2,False,0.8065201984408223,-0.001002271,0.0146672,-0.00021882335,CCL5(-0.002);AOAH(-0.002);PLCB1(-0.002);GNLY(-0.002);MYO1F(-0.001);A2M(-0.001);RAP1GAP2(-0.001);CTSW(-0.001),LEF1(+0.003);MAML2(+0.002);BACH2(+0.002);FOXP1(+0.002);SERINC5(+0.002);CAMK4(+0.002);FHIT(+0.002);PDE3B(+0.002)
KANSL1,False,0.636482581911356,-0.00026061645,0.014605033,6.7113775e-05,LEF1(-0.003);MAML2(-0.002);BACH2(-0.002);FOXP1(-0.002);SERINC5(-0.002);FHIT(-0.002);PRKCA(-0.002);PDE3B(-0.002),PLCB1(+0.002);CCL5(+0.002);A2M(+0.001);AOAH(+0.001);MYO1F(+0.001);S100A4(+0.001);PFN1(+0.001);PHACTR2(+0.001)
RPS18,False,0.8626724090933873,-0.001013913,0.014470637,0.000113270384,LEF1(-0.002);CAMK4(-0.002);IL7R(-0.002);MAML2(-0.002);LTB(-0.002);BCL2(-0.002);BCL11B(-0.002);SERINC5(-0.001),AOAH(+0.002);RAP1GAP2(+0.002);JAZF1(+0.001);SAMD3(+0.001);SYNE1(+0.001);MYO1F(+0.001);VAV3(+0.001);CD247(+0.001)
ZNF701,True,0.035708444638281635,0.0,0.014386458,0.0053924653,TRAC(-0.001);PFN1(-0.001);TRBC1(-0.001);JUN(-0.001);TRBC2(-0.001);CD3D(-0.001);HCST(-0.001);FOXP1(-0.001),B2M(+0.003);CCL5(+0.002);HLA-B(+0.002);MBNL1(+0.002);RPL13(+0.002);ARHGAP15(+0.002);ACTB(+0.002);RPS2(+0.002)
KLF6,True,0.4793109087935452,-0.0002702707,0.014349363,-0.0009535811,CCL5(-0.002);AOAH(-0.002);MYO1F(-0.002);PLCB1(-0.002);RAP1GAP2(-0.001);GNLY(-0.001);NCALD(-0.001);RABGAP1L(-0.001),LEF1(+0.003);MAML2(+0.002);BACH2(+0.002);FOXP1(+0.002);CAMK4(+0.002);SERINC5(+0.002);PDE3B(+0.002);FHIT(+0.002)
PIBF1,False,0.49544785476748626,-0.0002194471,0.014311509,7.630415e-05,LEF1(-0.003);MAML2(-0.002);BACH2(-0.002);FOXP1(-0.002);SERINC5(-0.002);FHIT(-0.002);PDE3B(-0.002);CAMK4(-0.002),PLCB1(+0.002);AOAH(+0.002);CCL5(+0.002);MYO1F(+0.001);A2M(+0.001);RAP1GAP2(+0.001);S100A4(+0.001);PFN1(+0.001)
TCF12,True,0.607316142397645,-0.00013511519,0.014311289,0.0036379497,LEF1(-0.002);FOXP1(-0.002);BACH2(-0.002);MAML2(-0.002);FHIT(-0.001);PRKCA(-0.001);SERINC5(-0.001);TRBC1(-0.001),B2M(+0.002);CCL5(+0.002);ACTB(+0.002);HLA-B(+0.002);TMSB4X(+0.002);S100A4(+0.002);SYNE2(+0.001);PLCB1(+0.001)
FAU,False,0.8926020825382981,-0.00015274872,0.014237641,-3.7563084e-05,LEF1(-0.003);MAML2(-0.002);BACH2(-0.002);FOXP1(-0.002);SERINC5(-0.002);CAMK4(-0.002);PDE3B(-0.002);FHIT(-0.002),AOAH(+0.002);PLCB1(+0.001);MYO1F(+0.001);RAP1GAP2(+0.001);PFN1(+0.001);CCL5(+0.001);ACTG1(+0.001);A2M(+0.001)
UBA52,False,0.6104235948318161,-0.0007253302,0.014141382,-0.00036405286,S100A4(-0.002);IL32(-0.002);ACTB(-0.002);PHACTR2(-0.002);PFN1(-0.002);ACTG1(-0.001);PLCB1(-0.001);A2M(-0.001),LEF1(+0.002);BACH2(+0.002);MAML2(+0.002);FOXP1(+0.002);SERINC5(+0.001);FHIT(+0.001);PRKCA(+0.001);ZBTB20(+0.001)
IL6ST,False,0.6785149648367225,-0.00087566534,0.014140309,-1.1265848e-05,LEF1(-0.003);MAML2(-0.002);BACH2(-0.002);FOXP1(-0.002);SERINC5(-0.002);CAMK4(-0.002);FHIT(-0.002);PDE3B(-0.002),AOAH(+0.002);PLCB1(+0.002);CCL5(+0.001);MYO1F(+0.001);A2M(+0.001);RAP1GAP2(+0.001);SYNE1(+0.001);SAMD3(+0.001)
RPL37,False,0.6728997437714661,-0.00019869693,0.014015867,-0.000109988214,LEF1(-0.003);MAML2(-0.002);BACH2(-0.002);FOXP1(-0.002);SERINC5(-0.002);FHIT(-0.002);PRKCA(-0.002);PDE3B(-0.002),PLCB1(+0.002);A2M(+0.001);CCL5(+0.001);S100A4(+0.001);MYO1F(+0.001);AOAH(+0.001);PFN1(+0.001);ACTG1(+0.001)
ST3GAL1,False,0.5444038597830235,-0.00026125123,0.013984311,0.00019948371,LEF1(-0.003);MAML2(-0.002);BACH2(-0.002);FOXP1(-0.002);CAMK4(-0.002);SERINC5(-0.002);PDE3B(-0.002);PRKCA(-0.002),AOAH(+0.002);RAP1GAP2(+0.001);CCL5(+0.001);MYO1F(+0.001);PLCB1(+0.001);SAMD3(+0.001);SYNE1(+0.001);JAZF1(+0.001)
ZC3HAV1,False,0.6695197077904379,-0.0003136295,0.01396529,0.00012599105,LEF1(-0.003);MAML2(-0.002);BACH2(-0.002);FOXP1(-0.002);CAMK4(-0.002);SERINC5(-0.002);PDE3B(-0.002);PRKCA(-0.002),ACTG1(+0.001);ACTB(+0.001);PFN1(+0.001);MYO1F(+0.001);RAP1GAP2(+0.001);S100A4(+0.001);AOAH(+0.001);CCL5(+0.001)
SON,False,0.8120809027967074,-4.2454467e-05,0.013907734,-0.00011267294,LEF1(-0.003);MAML2(-0.002);BACH2(-0.002);FOXP1(-0.002);CAMK4(-0.002);SERINC5(-0.002);PDE3B(-0.002);FHIT(-0.002),AOAH(+0.002);PLCB1(+0.001);RAP1GAP2(+0.001);MYO1F(+0.001);SAMD3(+0.001);SYNE1(+0.001);JAZF1(+0.001);PFN1(+0.001)
USF2,True,0.09316905631576078,-3.751702e-05,0.013826431,-0.0051664836,B2M(-0.003);HLA-B(-0.002);RPL13(-0.002);CCL5(-0.002);RPS2(-0.002);EEF1A1(-0.002);MBNL1(-0.002);ARHGAP15(-0.002),PFN1(+0.001);JUN(+0.001);TRAC(+0.001);TRBC1(+0.001);HCST(+0.001);TRBC2(+0.001);FOS(+0.001);CD3D(+0.001)
MYCBP2,False,0.7437169492449438,-0.00021241936,0.013774416,2.561309e-05,LEF1(-0.002);BACH2(-0.002);MAML2(-0.002);FOXP1(-0.002);SERINC5(-0.002);FHIT(-0.002);PRKCA(-0.001);PDE3B(-0.001),S100A4(+0.002);PLCB1(+0.002);IL32(+0.002);PHACTR2(+0.002);A2M(+0.002);PFN1(+0.001);CCL5(+0.001);ACTB(+0.001)
TFDP1,True,0.0729978738483345,0.0,0.013739135,0.0055286516,TRAC(-0.001);TRBC1(-0.001);PFN1(-0.001);JUN(-0.001);HCST(-0.001);TRBC2(-0.001);FOS(-0.001);CD3D(-0.001),B2M(+0.002);CCL5(+0.002);HLA-B(+0.002);RPL13(+0.002);MBNL1(+0.002);RPS2(+0.001);EEF1A1(+0.001);IL7R(+0.001)
ZNF766,True,0.19745952134329173,0.00024840486,0.013704493,0.0051481426,PFN1(-0.001);TRAC(-0.001);TRBC1(-0.001);TRBC2(-0.001);JUN(-0.001);CD3D(-0.001);HCST(-0.001);HLA-C(-0.001),B2M(+0.002);CCL5(+0.002);MBNL1(+0.002);HLA-B(+0.002);ARHGAP15(+0.001);RPL13(+0.001);RIPOR2(+0.001);PTPRC(+0.001)
RPL13,False,0.9816823856512022,-0.0010055591,0.013486663,-0.000233688,LEF1(-0.002);CAMK4(-0.002);IL7R(-0.002);MAML2(-0.002);BCL2(-0.002);BCL11B(-0.002);FOXP1(-0.001);SERINC5(-0.001),AOAH(+0.001);RAP1GAP2(+0.001);JAZF1(+0.001);SAMD3(+0.001);MYO1F(+0.001);ACTG1(+0.001);PFN1(+0.001);SYNE1(+0.001)
ARGLU1,False,0.5339366515837104,-0.00013060444,0.013475848,-0.00016718455,LEF1(-0.003);MAML2(-0.002);BACH2(-0.002);FOXP1(-0.002);SERINC5(-0.002);CAMK4(-0.002);PDE3B(-0.002);FHIT(-0.002),AOAH(+0.001);CCL5(+0.001);PLCB1(+0.001);MYO1F(+0.001);RAP1GAP2(+0.001);PFN1(+0.001);A2M(+0.001);ACTG1(+0.001)
MLLT3,False,0.7519489723600284,-0.0009845579,0.013390147,-3.679417e-05,LEF1(-0.003);BACH2(-0.002);MAML2(-0.002);FOXP1(-0.002);SERINC5(-0.002);FHIT(-0.002);PRKCA(-0.002);PDE3B(-0.001),PLCB1(+0.002);S100A4(+0.002);A2M(+0.002);IL32(+0.001);PHACTR2(+0.001);PFN1(+0.001);CCL5(+0.001);MYO1F(+0.001)
FAM49B,False,0.5347544022242818,-0.00059532624,0.01338049,0.00013567405,PLCB1(-0.002);CCL5(-0.002);MYO1F(-0.001);S100A4(-0.001);A2M(-0.001);AOAH(-0.001);PFN1(-0.001);ACTG1(-0.001),LEF1(+0.003);MAML2(+0.002);BACH2(+0.002);FOXP1(+0.002);SERINC5(+0.002);FHIT(+0.002);PRKCA(+0.002);PDE3B(+0.002)
RPL5,False,0.6601973504879247,-0.00014951042,0.013369544,-0.00029409706,LEF1(-0.003);MAML2(-0.002);BACH2(-0.002);FOXP1(-0.002);SERINC5(-0.002);FHIT(-0.002);PRKCA(-0.002);PDE3B(-0.002),PLCB1(+0.002);A2M(+0.001);MYO1F(+0.001);AOAH(+0.001);S100A4(+0.001);PFN1(+0.001);CCL5(+0.001);ACTG1(+0.001)
KCMF1,False,0.2289156626506024,-5.2615607e-05,0.013292134,8.9631485e-06,AOAH(-0.002);CCL5(-0.002);PLCB1(-0.001);MYO1F(-0.001);RAP1GAP2(-0.001);GNLY(-0.001);A2M(-0.001);SYNE1(-0.001),LEF1(+0.003);MAML2(+0.002);BACH2(+0.002);FOXP1(+0.002);SERINC5(+0.002);CAMK4(+0.002);PDE3B(+0.002);FHIT(+0.002)
RUNX1,True,0.8116447691217359,-0.0008273574,0.013226293,-0.004271423,B2M(-0.002);ARHGAP15(-0.002);MBNL1(-0.002);RIPOR2(-0.001);LEF1(-0.001);RPL13(-0.001);DOCK10(-0.001);PTPRC(-0.001),PFN1(+0.002);HCST(+0.001);TRAC(+0.001);HLA-C(+0.001);TRBC2(+0.001);PLCB1(+0.001);JUN(+0.001);MYL6(+0.001)
S100A4,False,0.5392792891021099,-0.0017752631,0.0131944185,0.00016135567,IL32(-0.002);PHACTR2(-0.002);PFN1(-0.001);A2M(-0.001);PLCB1(-0.001);ACTB(-0.001);ACTG1(-0.001);S100A6(-0.001),LEF1(+0.002);BACH2(+0.002);MAML2(+0.002);FOXP1(+0.002);FHIT(+0.001);SERINC5(+0.001);PRKCA(+0.001);ZBTB20(+0.001)
PRKCQ-AS1,False,0.5378073379490814,-0.00054663804,0.013178889,-8.779071e-05,LEF1(-0.003);MAML2(-0.002);BACH2(-0.002);FOXP1(-0.002);SERINC5(-0.002);CAMK4(-0.002);PDE3B(-0.002);FHIT(-0.002),AOAH(+0.002);PLCB1(+0.001);CCL5(+0.001);MYO1F(+0.001);GNLY(+0.001);RAP1GAP2(+0.001);A2M(+0.001);SYNE1(+0.001)
SSBP2,False,0.4176525104944666,-0.00067586795,0.013168108,-3.5614365e-05,LEF1(-0.003);MAML2(-0.002);BACH2(-0.002);FOXP1(-0.002);SERINC5(-0.002);FHIT(-0.002);PRKCA(-0.002);PDE3B(-0.001),PLCB1(+0.002);CCL5(+0.002);A2M(+0.001);S100A4(+0.001);MYO1F(+0.001);PFN1(+0.001);AOAH(+0.001);PHACTR2(+0.001)
USP15,False,0.6809682167584366,-0.00030626162,0.013129485,9.913124e-05,LEF1(-0.003);MAML2(-0.002);BACH2(-0.002);FOXP1(-0.002);SERINC5(-0.002);CAMK4(-0.002);PDE3B(-0.002);PRKCA(-0.002),AOAH(+0.001);PLCB1(+0.001);MYO1F(+0.001);RAP1GAP2(+0.001);CCL5(+0.001);PFN1(+0.001);ACTG1(+0.001);ACTB(+0.001)
SLC12A6,False,0.32748187319413413,-0.0003814117,0.0130445575,0.00016533195,LEF1(-0.003);MAML2(-0.002);BACH2(-0.002);FOXP1(-0.002);SERINC5(-0.002);FHIT(-0.002);PRKCA(-0.002);PDE3B(-0.002),PLCB1(+0.002);CCL5(+0.001);AOAH(+0.001);MYO1F(+0.001);S100A4(+0.001);A2M(+0.001);PFN1(+0.001);ACTG1(+0.001)
FAM117B,False,0.42070544621926614,-0.00063369994,0.013003065,9.0190806e-05,LEF1(-0.003);MAML2(-0.002);BACH2(-0.002);FOXP1(-0.002);SERINC5(-0.002);FHIT(-0.002);PDE3B(-0.001);PRKCA(-0.001),CCL5(+0.002);PLCB1(+0.001);AOAH(+0.001);MYO1F(+0.001);S100A4(+0.001);A2M(+0.001);ACTG1(+0.001);PFN1(+0.001)
VWA8,False,0.49561140489560057,0.00010521323,0.0129941525,-4.8949838e-05,CCL5(-0.001);PLCB1(-0.001);AOAH(-0.001);MYO1F(-0.001);ACTG1(-0.001);RAP1GAP2(-0.001);PFN1(-0.001);S100A4(-0.001),LEF1(+0.003);MAML2(+0.002);BACH2(+0.002);FOXP1(+0.002);SERINC5(+0.002);CAMK4(+0.002);PDE3B(+0.002);FHIT(+0.001)
LONP2,False,0.4147086081884098,-0.00022279579,0.012977613,-6.716917e-05,LEF1(-0.002);MAML2(-0.002);BACH2(-0.002);FOXP1(-0.002);CAMK4(-0.002);SERINC5(-0.002);PDE3B(-0.002);FHIT(-0.001),AOAH(+0.002);PLCB1(+0.001);CCL5(+0.001);RAP1GAP2(+0.001);MYO1F(+0.001);SAMD3(+0.001);SYNE1(+0.001);JAZF1(+0.001)
PRKCQ,False,0.6787330316742084,-0.0002236277,0.012931274,0.000356457,LEF1(-0.003);MAML2(-0.002);BACH2(-0.002);FOXP1(-0.002);SERINC5(-0.002);FHIT(-0.002);PRKCA(-0.002);PDE3B(-0.002),CCL5(+0.002);PLCB1(+0.002);AOAH(+0.001);A2M(+0.001);MYO1F(+0.001);S100A4(+0.001);RAP1GAP2(+0.001);NCALD(+0.001)
MBP,False,0.6450417052826692,-0.00072696275,0.012897204,-0.00014365053,AOAH(-0.001);CCL5(-0.001);RAP1GAP2(-0.001);MYO1F(-0.001);GNLY(-0.001);ACTG1(-0.001);PLCB1(-0.001);SAMD3(-0.001),LEF1(+0.002);MAML2(+0.002);CAMK4(+0.002);BACH2(+0.002);FOXP1(+0.002);SERINC5(+0.002);PDE3B(+0.001);INPP4B(+0.001)
CAMK1D,False,0.5388431554271385,-8.41031e-06,0.012871829,0.00010164429,LEF1(-0.003);MAML2(-0.002);BACH2(-0.002);FOXP1(-0.002);SERINC5(-0.002);CAMK4(-0.002);PDE3B(-0.002);FHIT(-0.001),AOAH(+0.001);PLCB1(+0.001);MYO1F(+0.001);CCL5(+0.001);ACTG1(+0.001);RAP1GAP2(+0.001);S100A4(+0.001);PFN1(+0.001)
KAT6A,False,0.5436951425611951,-0.00020698561,0.012856488,-1.704242e-05,LEF1(-0.003);BACH2(-0.002);MAML2(-0.002);FOXP1(-0.002);SERINC5(-0.002);FHIT(-0.002);PRKCA(-0.002);PDE3B(-0.001),PLCB1(+0.002);CCL5(+0.002);AOAH(+0.001);A2M(+0.001);MYO1F(+0.001);RAP1GAP2(+0.001);S100A4(+0.001);NCALD(+0.001)
LINC01619,False,0.5633211579349071,-0.0006496756,0.012689115,-6.4361346e-05,LEF1(-0.003);MAML2(-0.002);BACH2(-0.002);FOXP1(-0.002);SERINC5(-0.002);FHIT(-0.002);PDE3B(-0.001);PRKCA(-0.001),PLCB1(+0.001);AOAH(+0.001);CCL5(+0.001);MYO1F(+0.001);A2M(+0.001);S100A4(+0.001);PFN1(+0.001);RAP1GAP2(+0.001)
SMAD3,True,0.33576841301859023,0.00020594761,0.012639017,0.0045005865,PFN1(-0.001);TRAC(-0.001);HCST(-0.001);JUN(-0.001);TRBC1(-0.001);TRBC2(-0.001);HLA-C(-0.001);CD3D(-0.001),B2M(+0.002);MBNL1(+0.002);ARHGAP15(+0.002);RPL13(+0.001);RIPOR2(+0.001);HLA-B(+0.001);RPS2(+0.001);EEF1A1(+0.001)
RBMX,False,0.4922858856239438,-0.00014519405,0.01262281,0.00013330812,AOAH(-0.002);RAP1GAP2(-0.001);GNLY(-0.001);JAZF1(-0.001);SAMD3(-0.001);CCL5(-0.001);SYNE1(-0.001);MYO1F(-0.001),LEF1(+0.002);CAMK4(+0.002);MAML2(+0.001);IL7R(+0.001);SERINC5(+0.001);LTB(+0.001);BCL11B(+0.001);PDE3B(+0.001)
STAT4,True,0.49822820694542874,-0.00036127339,0.012575993,0.0002608482,AOAH(-0.001);PLCB1(-0.001);CCL5(-0.001);MYO1F(-0.001);RAP1GAP2(-0.001);A2M(-0.001);PFN1(-0.001);GNLY(-0.001),LEF1(+0.002);MAML2(+0.002);BACH2(+0.002);FOXP1(+0.002);SERINC5(+0.002);CAMK4(+0.002);PDE3B(+0.001);FHIT(+0.001)
APBA2,False,0.4969198059205147,-0.00068808906,0.012575404,-8.43824e-05,LEF1(-0.003);BACH2(-0.002);MAML2(-0.002);FOXP1(-0.002);SERINC5(-0.002);FHIT(-0.002);PRKCA(-0.001);PDE3B(-0.001),PLCB1(+0.002);A2M(+0.001);S100A4(+0.001);CCL5(+0.001);MYO1F(+0.001);PFN1(+0.001);PHACTR2(+0.001);AOAH(+0.001)
LDLRAD4,False,0.6348470806302133,-0.00062418275,0.012565332,-0.0004734961,LEF1(-0.002);BACH2(-0.002);MAML2(-0.002);FOXP1(-0.002);SERINC5(-0.002);FHIT(-0.001);PRKCA(-0.001);PDE3B(-0.001),PLCB1(+0.002);S100A4(+0.001);PFN1(+0.001);A2M(+0.001);IL32(+0.001);PHACTR2(+0.001);MYO1F(+0.001);CCL5(+0.001)
UBAC2,False,0.6569263479256393,-0.00034507987,0.01254161,-0.00020434424,LEF1(-0.002);MAML2(-0.002);BACH2(-0.002);FOXP1(-0.002);SERINC5(-0.002);FHIT(-0.001);PRKCA(-0.001);PDE3B(-0.001),S100A4(+0.001);PLCB1(+0.001);PFN1(+0.001);A2M(+0.001);IL32(+0.001);ACTG1(+0.001);MYO1F(+0.001);ACTB(+0.001)
FOXO1,True,0.6927983426920352,-0.000654973,0.012518212,-0.0026086844,IL7R(-0.002);RPL13(-0.001);LEF1(-0.001);B2M(-0.001);RPS2(-0.001);EEF1A1(-0.001);CAMK4(-0.001);RPL11(-0.001),AOAH(+0.001);RAP1GAP2(+0.001);JAZF1(+0.001);MCTP2(+0.001);PFN1(+0.001);SAMD3(+0.001);GNLY(+0.001);MYO1F(+0.001)
SP2,True,0.01842664776754075,0.0,0.012501727,-0.004344943,B2M(-0.002);CCL5(-0.002);ARHGAP15(-0.002);HLA-B(-0.002);MBNL1(-0.001);RPL13(-0.001);RPS2(-0.001);RIPOR2(-0.001),PFN1(+0.001);TRAC(+0.001);TRBC1(+0.001);JUN(+0.001);TRBC2(+0.001);CD3D(+0.001);HCST(+0.000);HLA-C(+0.000)
RPS23,False,0.8235294117647061,-0.0004077123,0.012460954,0.00017589702,LEF1(-0.002);MAML2(-0.002);CAMK4(-0.002);BACH2(-0.002);FOXP1(-0.002);SERINC5(-0.002);PDE3B(-0.001);FHIT(-0.001),AOAH(+0.002);RAP1GAP2(+0.001);PLCB1(+0.001);MYO1F(+0.001);SYNE1(+0.001);JAZF1(+0.001);SAMD3(+0.001);CCL5(+0.001)
RCSD1,False,0.5349179523523961,6.5602624e-05,0.012446912,-0.00024144402,CCL5(-0.001);AOAH(-0.001);PLCB1(-0.001);MYO1F(-0.001);RAP1GAP2(-0.001);ACTG1(-0.001);GNLY(-0.001);ACTB(-0.001),LEF1(+0.002);MAML2(+0.002);BACH2(+0.002);FOXP1(+0.002);SERINC5(+0.002);CAMK4(+0.002);PDE3B(+0.001);PRKCA(+0.001)
MAP3K5,False,0.49817369023605734,-0.00028191187,0.012410118,-3.882173e-05,CCL5(-0.002);PLCB1(-0.001);AOAH(-0.001);MYO1F(-0.001);GNLY(-0.001);A2M(-0.001);S100A4(-0.001);RAP1GAP2(-0.001),LEF1(+0.002);MAML2(+0.002);BACH2(+0.002);FOXP1(+0.002);SERINC5(+0.002);FHIT(+0.001);PDE3B(+0.001);PRKCA(+0.001)
KCNQ1,False,0.3320612767813335,-0.00037232428,0.01239193,4.4161756e-05,LEF1(-0.002);MAML2(-0.002);BACH2(-0.002);FOXP1(-0.002);SERINC5(-0.002);FHIT(-0.001);PDE3B(-0.001);PRKCA(-0.001),PLCB1(+0.001);CCL5(+0.001);AOAH(+0.001);MYO1F(+0.001);A2M(+0.001);S100A4(+0.001);RAP1GAP2(+0.001);PFN1(+0.001)
TRPS1,True,0.28386850569699607,5.635056e-05,0.012388823,0.0032309643,PFN1(-0.001);JUN(-0.000);CCR7(-0.000);SELL(-0.000);MCTP2(-0.000);AOAH(-0.000);TRBC1(-0.000);AK5(-0.000),B2M(+0.002);ARHGAP15(+0.002);RPL13(+0.002);HLA-B(+0.001);LTB(+0.001);RPS2(+0.001);MBNL1(+0.001);CCL5(+0.001)
MCUB,False,0.5354086027367387,-0.0005158077,0.012330142,-0.00022645688,LEF1(-0.002);MAML2(-0.002);BACH2(-0.002);FOXP1(-0.002);SERINC5(-0.002);FHIT(-0.001);PDE3B(-0.001);PRKCA(-0.001),CCL5(+0.001);PLCB1(+0.001);AOAH(+0.001);MYO1F(+0.001);A2M(+0.001);PFN1(+0.001);S100A4(+0.001);RAP1GAP2(+0.001)
PELI1,False,0.3770375620127569,-0.00024826376,0.0123093575,-0.00015246631,LEF1(-0.002);MAML2(-0.002);BACH2(-0.002);FOXP1(-0.002);SERINC5(-0.002);CAMK4(-0.002);PDE3B(-0.001);FHIT(-0.001),AOAH(+0.001);CCL5(+0.001);PLCB1(+0.001);MYO1F(+0.001);RAP1GAP2(+0.001);GNLY(+0.001);A2M(+0.001);SYNE1(+0.001)
INTS6,False,0.3966635773864689,-5.9762093e-05,0.012277568,-8.5741834e-05,LEF1(-0.002);MAML2(-0.002);BACH2(-0.002);FOXP1(-0.002);SERINC5(-0.002);FHIT(-0.001);PRKCA(-0.001);PDE3B(-0.001),CCL5(+0.001);PLCB1(+0.001);A2M(+0.001);AOAH(+0.001);MYO1F(+0.001);S100A4(+0.001);PFN1(+0.001);RAP1GAP2(+0.001)
LEPROTL1,False,0.6128223300441588,-0.0005948627,0.012240518,-0.00010277224,LEF1(-0.002);MAML2(-0.002);BACH2(-0.002);FOXP1(-0.002);SERINC5(-0.002);FHIT(-0.001);PRKCA(-0.001);PDE3B(-0.001),CCL5(+0.001);PLCB1(+0.001);S100A4(+0.001);A2M(+0.001);PFN1(+0.001);MYO1F(+0.001);AOAH(+0.001);ACTG1(+0.001)
IFI16,False,0.42833778553126534,-0.0005840511,0.012223531,0.00014105563,AOAH(-0.002);RAP1GAP2(-0.001);JAZF1(-0.001);MYO1F(-0.001);CCL5(-0.001);SAMD3(-0.001);SYNE1(-0.001);PLCB1(-0.001),LEF1(+0.002);CAMK4(+0.002);MAML2(+0.002);SERINC5(+0.001);FOXP1(+0.001);BACH2(+0.001);IL7R(+0.001);PDE3B(+0.001)
ESYT2,False,0.5831107234367335,0.00010483391,0.012156156,-0.00021621698,AOAH(-0.001);RAP1GAP2(-0.001);MYO1F(-0.001);CCL5(-0.001);PLCB1(-0.001);ACTG1(-0.001);SYNE1(-0.001);SAMD3(-0.001),LEF1(+0.002);MAML2(+0.002);BACH2(+0.002);FOXP1(+0.002);CAMK4(+0.002);SERINC5(+0.002);PDE3B(+0.001);FHIT(+0.001)
N4BP2L2,False,0.7461702011666578,0.00015916798,0.012077647,-0.00024215426,CCL5(-0.002);AOAH(-0.001);PLCB1(-0.001);MYO1F(-0.001);GNLY(-0.001);RAP1GAP2(-0.001);A2M(-0.001);NCALD(-0.001),LEF1(+0.002);MAML2(+0.002);BACH2(+0.002);FOXP1(+0.002);SERINC5(+0.002);CAMK4(+0.001);PDE3B(+0.001);FHIT(+0.001)
RPS15A,False,0.6893092732922642,-0.0003569379,0.011970334,0.00012919883,LEF1(-0.002);CAMK4(-0.002);MAML2(-0.002);FOXP1(-0.001);SERINC5(-0.001);BACH2(-0.001);PDE3B(-0.001);FHIT(-0.001),AOAH(+0.002);CCL5(+0.001);RAP1GAP2(+0.001);PLCB1(+0.001);MYO1F(+0.001);JAZF1(+0.001);SAMD3(+0.001);GNLY(+0.001)
RPL37A,False,0.8391757073543042,-0.0005569413,0.011967629,2.9258725e-05,LEF1(-0.002);CAMK4(-0.002);SERINC5(-0.001);MAML2(-0.001);BACH2(-0.001);FOXP1(-0.001);PDE3B(-0.001);FHIT(-0.001),AOAH(+0.002);PLCB1(+0.001);RAP1GAP2(+0.001);CCL5(+0.001);MYO1F(+0.001);SYNE1(+0.001);JAZF1(+0.001);SAMD3(+0.001)
IL7R,False,0.7989423758381947,-0.001168054,0.011936056,-0.00043259494,IL32(-0.002);PHACTR2(-0.002);S100A4(-0.002);PLCB1(-0.002);A2M(-0.001);KLRG1(-0.001);GZMK(-0.001);LTB(-0.001),LEF1(+0.002);BACH2(+0.001);FOXP1(+0.001);MAML2(+0.001);FHIT(+0.001);PRKCA(+0.001);SERINC5(+0.001);KCNQ5(+0.001)
CD47,False,0.5692634792563922,-8.530036e-05,0.011924274,3.0001896e-05,LEF1(-0.002);BACH2(-0.002);MAML2(-0.002);FOXP1(-0.002);SERINC5(-0.001);FHIT(-0.001);PRKCA(-0.001);PDE3B(-0.001),PLCB1(+0.002);A2M(+0.001);CCL5(+0.001);S100A4(+0.001);MYO1F(+0.001);PHACTR2(+0.001);AOAH(+0.001);IL32(+0.001)
IRF3,True,0.2047102436896909,-0.00019720152,0.011818084,-0.0042896825,B2M(-0.002);CCL5(-0.002);HLA-B(-0.002);ACTB(-0.001);RPL13(-0.001);RPS2(-0.001);HLA-A(-0.001);MBNL1(-0.001),TRBC1(+0.001);TRAC(+0.001);FOXP1(+0.001);JUN(+0.001);LEF1(+0.001);PFN1(+0.001);TRBC2(+0.001);BACH2(+0.001)
ZBTB7A,True,0.21910265496374637,0.00017422358,0.011783144,0.003711457,PFN1(-0.001);JUN(-0.001);TRBC1(-0.001);TRAC(-0.000);TRBC2(-0.000);HCST(-0.000);AOAH(-0.000);HLA-C(-0.000),B2M(+0.002);HLA-B(+0.002);RPL13(+0.001);ARHGAP15(+0.001);RPS2(+0.001);CCL5(+0.001);EEF1A1(+0.001);RPL11(+0.001)
RFX7,True,0.20471024368969087,9.071373e-05,0.01177299,0.0049222047,TRAC(-0.001);TRBC1(-0.001);JUN(-0.001);HCST(-0.001);PFN1(-0.001);TRBC2(-0.001);FOS(-0.001);CD3D(-0.001),B2M(+0.002);IL7R(+0.001);HLA-B(+0.001);CCL5(+0.001);RPL13(+0.001);MBNL1(+0.001);ACTB(+0.001);EEF1A1(+0.001)
CEP85L,False,0.6182194842719295,-0.00046355676,0.011763,-0.0002538843,LEF1(-0.002);MAML2(-0.002);BACH2(-0.002);FOXP1(-0.002);SERINC5(-0.002);FHIT(-0.001);PRKCA(-0.001);PDE3B(-0.001),PLCB1(+0.001);PFN1(+0.001);S100A4(+0.001);CCL5(+0.001);MYO1F(+0.001);A2M(+0.001);AOAH(+0.001);ACTG1(+0.001)
MAL,False,0.49762852314234324,-0.00056930335,0.011744754,-0.00015665924,LEF1(-0.002);MAML2(-0.002);BACH2(-0.002);FOXP1(-0.002);SERINC5(-0.002);FHIT(-0.001);PDE3B(-0.001);CAMK4(-0.001),CCL5(+0.002);AOAH(+0.002);PLCB1(+0.002);A2M(+0.001);MYO1F(+0.001);RAP1GAP2(+0.001);PPP2R2B(+0.001);SYNE1(+0.001)
RAP1GAP2,False,0.1952243362590634,-0.0009798913,0.011723024,-3.4440363e-05,CCL5(-0.001);PLCB1(-0.001);AOAH(-0.001);MYO1F(-0.001);A2M(-0.001);S100A4(-0.001);GNLY(-0.001);PFN1(-0.001),LEF1(+0.002);MAML2(+0.002);BACH2(+0.002);FOXP1(+0.002);SERINC5(+0.002);FHIT(+0.001);PDE3B(+0.001);PRKCA(+0.001)
PPP3CC,False,0.5955950498827891,-0.0002583771,0.011704944,-1.4327504e-05,PLCB1(-0.001);CCL5(-0.001);A2M(-0.001);AOAH(-0.001);MYO1F(-0.001);S100A4(-0.001);GNLY(-0.001);PFN1(-0.001),LEF1(+0.002);BACH2(+0.002);MAML2(+0.002);FOXP1(+0.002);SERINC5(+0.002);FHIT(+0.001);PRKCA(+0.001);PDE3B(+0.001)
ANKRD55,False,0.3545766777517309,-0.0001299214,0.011642945,-0.00022469886,IL7R(-0.002);CAMK4(-0.002);LTB(-0.001);LEF1(-0.001);IL32(-0.001);BCL11B(-0.001);BCL2(-0.001);RPL11(-0.001),AOAH(+0.001);GNLY(+0.001);JAZF1(+0.001);RAP1GAP2(+0.001);MCTP2(+0.001);SAMD3(+0.001);CD247(+0.001);SYNE1(+0.001)
SUPT3H,False,0.4109469552417816,-0.0003195692,0.01163677,-7.6228876e-06,LEF1(-0.002);MAML2(-0.002);BACH2(-0.002);FOXP1(-0.002);SERINC5(-0.001);FHIT(-0.001);PRKCA(-0.001);PDE3B(-0.001),PLCB1(+0.001);CCL5(+0.001);S100A4(+0.001);A2M(+0.001);MYO1F(+0.001);PFN1(+0.001);AOAH(+0.001);ACTG1(+0.001)
FLI1,True,0.4624107288884043,-0.0002714164,0.011601385,-0.003915694,B2M(-0.002);MBNL1(-0.001);RIPOR2(-0.001);PTPRC(-0.001);CD247(-0.001);ARHGAP15(-0.001);CCL5(-0.001);HLA-B(-0.001),PFN1(+0.001);TRAC(+0.001);TRBC1(+0.001);TRBC2(+0.001);HCST(+0.001);CD3D(+0.001);JUN(+0.001);TMSB10(+0.001)
H3F3B,False,0.7220192989151177,-0.0003645529,0.011593945,-2.6852267e-05,CCL5(-0.001);PLCB1(-0.001);MYO1F(-0.001);AOAH(-0.001);S100A4(-0.001);ACTG1(-0.001);PFN1(-0.001);RAP1GAP2(-0.001),LEF1(+0.002);MAML2(+0.002);BACH2(+0.002);FOXP1(+0.002);SERINC5(+0.001);PDE3B(+0.001);FHIT(+0.001);CAMK4(+0.001)
ZNF75A,True,0.08471896636319032,0.00013741053,0.01158513,0.0045021274,PFN1(-0.001);TRAC(-0.001);TRBC1(-0.001);JUN(-0.001);HCST(-0.001);TRBC2(-0.001);CD3D(-0.001);FOS(-0.001),B2M(+0.002);HLA-B(+0.001);MBNL1(+0.001);RPL13(+0.001);CCL5(+0.001);RPS2(+0.001);ARHGAP15(+0.001);EEF1A1(+0.001)
TRBC1,False,0.48705228152428726,-0.0004811272,0.011485479,-3.2811757e-05,LEF1(-0.002);BACH2(-0.002);MAML2(-0.002);FOXP1(-0.002);SERINC5(-0.001);FHIT(-0.001);PDE3B(-0.001);CAMK4(-0.001),AOAH(+0.002);PLCB1(+0.002);CCL5(+0.002);A2M(+0.001);MYO1F(+0.001);RAP1GAP2(+0.001);GNLY(+0.001);SYNE1(+0.001)
EXOC4,False,0.6450417052826694,-0.00010028639,0.011477643,-0.00019110244,LEF1(-0.002);MAML2(-0.002);FOXP1(-0.002);BACH2(-0.002);CAMK4(-0.002);SERINC5(-0.001);PDE3B(-0.001);INPP4B(-0.001),AOAH(+0.001);RAP1GAP2(+0.001);PFN1(+0.001);MYO1F(+0.001);PLCB1(+0.001);ACTG1(+0.001);ACTB(+0.001);SAMD3(+0.001)
SPG7,False,0.3013683694052227,4.9987633e-05,0.011463437,-0.00020406627,S100A4(-0.001);PLCB1(-0.001);ACTB(-0.001);PFN1(-0.001);ACTG1(-0.001);A2M(-0.001);IL32(-0.001);CCL5(-0.001),LEF1(+0.002);MAML2(+0.002);BACH2(+0.002);FOXP1(+0.002);SERINC5(+0.001);FHIT(+0.001);PRKCA(+0.001);PDE3B(+0.001)
RNF149,False,0.5427138417925095,7.054278e-06,0.011451811,0.0002153006,LEF1(-0.002);MAML2(-0.002);CAMK4(-0.002);FOXP1(-0.002);BACH2(-0.002);SERINC5(-0.001);PDE3B(-0.001);PRKCA(-0.001),AOAH(+0.001);CCL5(+0.001);RAP1GAP2(+0.001);PLCB1(+0.001);MYO1F(+0.001);SAMD3(+0.001);SYNE1(+0.001);JAZF1(+0.001)
NSMCE2,False,0.4491086518017773,-0.00015956379,0.011380337,-6.959439e-05,LEF1(-0.002);MAML2(-0.002);BACH2(-0.002);FOXP1(-0.002);CAMK4(-0.001);SERINC5(-0.001);PDE3B(-0.001);PRKCA(-0.001),AOAH(+0.001);CCL5(+0.001);PLCB1(+0.001);MYO1F(+0.001);RAP1GAP2(+0.001);GNLY(+0.001);PFN1(+0.001);SAMD3(+0.001)
POGZ,False,0.3529411764705882,-4.8260707e-05,0.011370597,0.00017323403,LEF1(-0.002);MAML2(-0.002);BACH2(-0.002);FOXP1(-0.002);SERINC5(-0.001);CAMK4(-0.001);PDE3B(-0.001);FHIT(-0.001),AOAH(+0.001);PLCB1(+0.001);CCL5(+0.001);MYO1F(+0.001);RAP1GAP2(+0.001);A2M(+0.001);SYNE1(+0.001);SAMD3(+0.001)
SMAP1,False,0.32900834105653387,-0.00010725003,0.011279457,-2.2816284e-05,AOAH(-0.001);GNLY(-0.001);CCL5(-0.001);PLCB1(-0.001);MYO1F(-0.001);RAP1GAP2(-0.001);A2M(-0.001);SYNE1(-0.001),LEF1(+0.002);MAML2(+0.002);BACH2(+0.002);FOXP1(+0.002);SERINC5(+0.001);CAMK4(+0.001);PDE3B(+0.001);FHIT(+0.001)
RASGRF2,False,0.5815297388649622,-0.0006988858,0.011269101,-2.0038446e-05,LEF1(-0.002);MAML2(-0.002);CAMK4(-0.002);BACH2(-0.001);FOXP1(-0.001);SERINC5(-0.001);PDE3B(-0.001);INPP4B(-0.001),AOAH(+0.001);CCL5(+0.001);RAP1GAP2(+0.001);MYO1F(+0.001);PLCB1(+0.001);SAMD3(+0.001);JAZF1(+0.001);SYNE1(+0.001)
RESF1,False,0.5218884588126261,-0.00021830497,0.011263453,4.5852295e-05,LEF1(-0.002);MAML2(-0.002);BACH2(-0.002);FOXP1(-0.002);CAMK4(-0.001);SERINC5(-0.001);PDE3B(-0.001);PRKCA(-0.001),AOAH(+0.001);RAP1GAP2(+0.001);MYO1F(+0.001);PLCB1(+0.001);CCL5(+0.001);ACTG1(+0.001);PFN1(+0.001);SAMD3(+0.001)
SYNE1,False,0.37403914299732866,-0.0008563606,0.011217509,-7.1232666e-06,PLCB1(-0.001);CCL5(-0.001);AOAH(-0.001);A2M(-0.001);MYO1F(-0.001);RAP1GAP2(-0.001);GNLY(-0.001);S100A4(-0.001),LEF1(+0.002);MAML2(+0.002);BACH2(+0.002);FOXP1(+0.002);SERINC5(+0.001);FHIT(+0.001);PDE3B(+0.001);PRKCA(+0.001)
GIMAP7,False,0.6127678133347872,-0.0005227516,0.01113203,-0.00042671853,IL32(-0.002);IL7R(-0.001);LTB(-0.001);RPL11(-0.001);CAMK4(-0.001);RPS18(-0.001);PHACTR2(-0.001);RPL28(-0.001),AOAH(+0.001);JAZF1(+0.001);RAP1GAP2(+0.001);CD247(+0.001);SAMD3(+0.001);VAV3(+0.001);FNDC3B(+0.001);KCNQ5(+0.001)
CASK,False,0.41857929455378073,-0.00030336788,0.011122601,3.947563e-05,LEF1(-0.002);MAML2(-0.002);BACH2(-0.002);FOXP1(-0.002);SERINC5(-0.001);FHIT(-0.001);PDE3B(-0.001);PRKCA(-0.001),CCL5(+0.001);PLCB1(+0.001);AOAH(+0.001);GNLY(+0.001);MYO1F(+0.001);A2M(+0.001);RAP1GAP2(+0.001);S100A4(+0.001)
MYL12A,False,0.6078613094913593,-0.0006273268,0.011092551,-0.00033980655,S100A4(-0.001);IL32(-0.001);ACTB(-0.001);PLCB1(-0.001);PFN1(-0.001);ACTG1(-0.001);PHACTR2(-0.001);A2M(-0.001),LEF1(+0.002);BACH2(+0.002);MAML2(+0.002);FOXP1(+0.002);SERINC5(+0.001);FHIT(+0.001);PRKCA(+0.001);PDE3B(+0.001)
AK5,False,0.3468353050209889,-0.00034154629,0.0110876635,-5.257693e-05,LEF1(-0.002);MAML2(-0.002);BACH2(-0.002);FOXP1(-0.002);SERINC5(-0.001);FHIT(-0.001);PDE3B(-0.001);PRKCA(-0.001),PLCB1(+0.001);AOAH(+0.001);CCL5(+0.001);MYO1F(+0.001);A2M(+0.001);RAP1GAP2(+0.001);S100A4(+0.001);PFN1(+0.001)
CCR7,False,0.611459412309873,-0.0009904145,0.011086065,-0.000489791,LEF1(-0.002);BACH2(-0.002);MAML2(-0.002);FOXP1(-0.002);SERINC5(-0.001);FHIT(-0.001);PRKCA(-0.001);PDE3B(-0.001),CCL5(+0.001);PLCB1(+0.001);A2M(+0.001);AOAH(+0.001);MYO1F(+0.001);S100A4(+0.001);GNLY(+0.001);PFN1(+0.001)
REL,True,0.17374475276672305,-4.3870037e-05,0.011073318,-0.0041232244,B2M(-0.002);MBNL1(-0.001);CCL5(-0.001);ARHGAP15(-0.001);HLA-B(-0.001);RPL13(-0.001);RIPOR2(-0.001);RPS2(-0.001),PFN1(+0.001);TRAC(+0.001);TRBC1(+0.001);JUN(+0.001);TRBC2(+0.001);HCST(+0.001);CD3D(+0.001);HLA-C(+0.001)
TMEM63A,False,0.4285558523687511,-0.00028203987,0.011043157,0.00028431052,LEF1(-0.002);MAML2(-0.002);BACH2(-0.002);FOXP1(-0.002);SERINC5(-0.001);PDE3B(-0.001);FHIT(-0.001);PRKCA(-0.001),CCL5(+0.001);PLCB1(+0.001);ACTG1(+0.001);S100A4(+0.001);MYO1F(+0.001);AOAH(+0.001);ACTB(+0.001);PFN1(+0.001)
ZNF831,False,0.43885951043994986,-4.0617517e-05,0.011026193,-7.348303e-05,CCL5(-0.001);PLCB1(-0.001);GNLY(-0.001);A2M(-0.001);AOAH(-0.001);MYO1F(-0.001);S100A4(-0.001);RAP1GAP2(-0.001),LEF1(+0.002);MAML2(+0.002);BACH2(+0.002);FOXP1(+0.002);SERINC5(+0.001);FHIT(+0.001);PRKCA(+0.001);PDE3B(+0.001)
IKZF2,True,0.12282614621381453,-9.648394e-05,0.010982869,-0.0027042443,ARHGAP15(-0.001);LEF1(-0.001);B2M(-0.001);MAML2(-0.001);MBNL1(-0.001);RIPOR2(-0.001);BACH2(-0.001);RPL13(-0.001),PFN1(+0.001);HLA-C(+0.001);MYL6(+0.001);FLNA(+0.001);HCST(+0.001);AOAH(+0.001);GAPDH(+0.001);PLCB1(+0.001)
MAP3K1,False,0.43482527394646464,-0.00029831697,0.010967124,-0.0001330832,LEF1(-0.002);MAML2(-0.002);BACH2(-0.002);FOXP1(-0.002);SERINC5(-0.001);CAMK4(-0.001);PDE3B(-0.001);FHIT(-0.001),AOAH(+0.001);PLCB1(+0.001);CCL5(+0.001);MYO1F(+0.001);RAP1GAP2(+0.001);PFN1(+0.001);A2M(+0.001);ACTG1(+0.001)
CYBA,False,0.5650656926347926,-0.0007082002,0.010952249,-0.00014238058,S100A4(-0.001);IL32(-0.001);PLCB1(-0.001);CCL5(-0.001);PHACTR2(-0.001);A2M(-0.001);PFN1(-0.001);ACTB(-0.001),LEF1(+0.002);BACH2(+0.002);MAML2(+0.002);FOXP1(+0.001);SERINC5(+0.001);FHIT(+0.001);PRKCA(+0.001);PDE3B(+0.001)
ATP8A1,False,0.4386959603118356,-9.793448e-05,0.010949274,-3.303775e-05,LEF1(-0.002);MAML2(-0.002);BACH2(-0.002);FOXP1(-0.002);SERINC5(-0.001);CAMK4(-0.001);PDE3B(-0.001);PRKCA(-0.001),PLCB1(+0.001);AOAH(+0.001);MYO1F(+0.001);PFN1(+0.001);CCL5(+0.001);ACTG1(+0.001);RAP1GAP2(+0.001);S100A4(+0.001)
ZNF148,True,0.33833069835904706,0.00011138543,0.010924457,0.0037082129,PFN1(-0.001);TRAC(-0.001);TRBC1(-0.001);TRBC2(-0.001);JUN(-0.000);CD3D(-0.000);FOXP1(-0.000);SELL(-0.000),B2M(+0.002);CCL5(+0.002);HLA-B(+0.001);MBNL1(+0.001);ARHGAP15(+0.001);RPL13(+0.001);PTPRC(+0.001);RIPOR2(+0.001)
SMAP2,False,0.5253775282123971,-0.00026217522,0.010870487,0.000104870844,LEF1(-0.002);MAML2(-0.002);CAMK4(-0.001);BACH2(-0.001);FOXP1(-0.001);SERINC5(-0.001);PDE3B(-0.001);INPP4B(-0.001),AOAH(+0.001);RAP1GAP2(+0.001);MYO1F(+0.001);CCL5(+0.001);PLCB1(+0.001);SAMD3(+0.001);SYNE1(+0.001);ACTG1(+0.001)
TRAF3IP3,False,0.55154554871068,-0.00014502264,0.010861417,-4.1140656e-06,LEF1(-0.002);MAML2(-0.002);BACH2(-0.002);FOXP1(-0.002);SERINC5(-0.001);CAMK4(-0.001);PDE3B(-0.001);FHIT(-0.001),PLCB1(+0.001);AOAH(+0.001);CCL5(+0.001);MYO1F(+0.001);RAP1GAP2(+0.001);A2M(+0.001);PFN1(+0.001);S100A4(+0.001)
GPATCH8,False,0.5133838521506842,-0.00023307864,0.01080336,6.332234e-05,LEF1(-0.002);BACH2(-0.002);MAML2(-0.002);FOXP1(-0.002);SERINC5(-0.001);FHIT(-0.001);PRKCA(-0.001);PDE3B(-0.001),PLCB1(+0.001);S100A4(+0.001);CCL5(+0.001);A2M(+0.001);PFN1(+0.001);IL32(+0.001);PHACTR2(+0.001);MYO1F(+0.001)
NCOA3,False,0.544458376492395,-0.00039154082,0.010798396,-6.281052e-05,LEF1(-0.002);MAML2(-0.002);BACH2(-0.002);FOXP1(-0.002);SERINC5(-0.001);FHIT(-0.001);PRKCA(-0.001);PDE3B(-0.001),PLCB1(+0.001);CCL5(+0.001);AOAH(+0.001);MYO1F(+0.001);A2M(+0.001);PFN1(+0.001);S100A4(+0.001);RAP1GAP2(+0.001)
LPP,False,0.5755329008341057,-0.00060924946,0.0107917115,-0.00022975706,AOAH(-0.002);CCL5(-0.001);GNLY(-0.001);RAP1GAP2(-0.001);CTSW(-0.001);PLCB1(-0.001);JAZF1(-0.001);MCTP2(-0.001),LEF1(+0.002);CAMK4(+0.001);MAML2(+0.001);SERINC5(+0.001);FOXP1(+0.001);BACH2(+0.001);PDE3B(+0.001);FHIT(+0.001)
KLF3,True,0.377691762525214,-0.000127396,0.01075825,-0.003131726,B2M(-0.002);ARHGAP15(-0.001);HLA-B(-0.001);CCL5(-0.001);RPL13(-0.001);MBNL1(-0.001);RPS2(-0.001);RPL11(-0.001),PFN1(+0.001);JUN(+0.000);TRBC1(+0.000);CCR7(+0.000);TRAC(+0.000);SELL(+0.000);TRBC2(+0.000);AK5(+0.000)
TAFA1,False,0.5349724690617675,-0.0004390797,0.010727361,-9.141551e-05,LEF1(-0.002);MAML2(-0.002);BACH2(-0.002);FOXP1(-0.002);SERINC5(-0.001);CAMK4(-0.001);PDE3B(-0.001);PRKCA(-0.001),CCL5(+0.001);PFN1(+0.001);ACTG1(+0.001);PLCB1(+0.001);MYO1F(+0.001);S100A4(+0.001);GNLY(+0.001);ACTB(+0.001)
PACS1,False,0.7920732704573954,-0.0006720704,0.010675107,-2.6002475e-05,LEF1(-0.002);MAML2(-0.002);BACH2(-0.002);FOXP1(-0.002);SERINC5(-0.001);CAMK4(-0.001);PDE3B(-0.001);FHIT(-0.001),AOAH(+0.001);PLCB1(+0.001);CCL5(+0.001);MYO1F(+0.001);RAP1GAP2(+0.001);A2M(+0.001);SAMD3(+0.001);SYNE1(+0.001)
HSF1,True,0.10309109742135965,0.0,0.010649971,-0.004368704,B2M(-0.002);CCL5(-0.002);HLA-B(-0.001);ACTB(-0.001);RPL13(-0.001);RPS2(-0.001);SYNE2(-0.001);EEF1A1(-0.001),TRAC(+0.001);TRBC1(+0.001);JUN(+0.001);TRBC2(+0.001);FOXP1(+0.001);FOS(+0.001);PFN1(+0.001);CD3D(+0.001)
VIM,False,0.5364989369241673,-0.00020387341,0.010649398,-0.00010894147,PLCB1(-0.001);CCL5(-0.001);AOAH(-0.001);MYO1F(-0.001);ACTG1(-0.001);S100A4(-0.001);PFN1(-0.001);ACTB(-0.001),LEF1(+0.002);MAML2(+0.002);BACH2(+0.002);FOXP1(+0.002);SERINC5(+0.001);CAMK4(+0.001);PDE3B(+0.001);FHIT(+0.001)
FNBP1,False,0.7216921986588892,1.7121614e-05,0.010621237,5.8812264e-05,LEF1(-0.002);CAMK4(-0.001);IL7R(-0.001);MAML2(-0.001);LTB(-0.001);BCL11B(-0.001);SERINC5(-0.001);BCL2(-0.001),AOAH(+0.001);RAP1GAP2(+0.001);JAZF1(+0.001);GNLY(+0.001);SAMD3(+0.001);CCL5(+0.001);SYNE1(+0.001);MYO1F(+0.001)
RFTN1,False,0.41765251049446656,-0.00014025602,0.010599593,1.3209433e-06,LEF1(-0.002);MAML2(-0.002);BACH2(-0.001);FOXP1(-0.001);CAMK4(-0.001);SERINC5(-0.001);PDE3B(-0.001);PRKCA(-0.001),AOAH(+0.001);CCL5(+0.001);MYO1F(+0.001);RAP1GAP2(+0.001);PLCB1(+0.001);GNLY(+0.001);SAMD3(+0.001);SYNE1(+0.001)
FGD3,False,0.5126751349288559,0.00012711098,0.01053915,-0.00021628622,CCL5(-0.001);AOAH(-0.001);PLCB1(-0.001);MYO1F(-0.001);A2M(-0.001);RAP1GAP2(-0.001);S100A4(-0.001);ACTG1(-0.001),LEF1(+0.002);MAML2(+0.002);BACH2(+0.002);FOXP1(+0.001);SERINC5(+0.001);CAMK4(+0.001);FHIT(+0.001);PDE3B(+0.001)
ABCD2,False,0.2879572588998528,0.00014075614,0.010535391,9.482526e-05,AOAH(-0.001);CCL5(-0.001);RAP1GAP2(-0.001);MYO1F(-0.001);PLCB1(-0.001);GNLY(-0.001);SAMD3(-0.001);JAZF1(-0.001),LEF1(+0.002);MAML2(+0.001);CAMK4(+0.001);BACH2(+0.001);FOXP1(+0.001);SERINC5(+0.001);PDE3B(+0.001);FHIT(+0.001)
TTN,False,0.35310472659870257,-0.00038282826,0.010529155,5.7561607e-05,LEF1(-0.002);BACH2(-0.002);MAML2(-0.002);FOXP1(-0.001);SERINC5(-0.001);FHIT(-0.001);PDE3B(-0.001);PRKCA(-0.001),PLCB1(+0.001);AOAH(+0.001);CCL5(+0.001);A2M(+0.001);MYO1F(+0.001);RAP1GAP2(+0.001);GNLY(+0.001);NCALD(+0.001)
ATXN1,False,0.4439295644114921,-0.00045108743,0.010527102,0.0001175988,PLCB1(-0.001);CCL5(-0.001);A2M(-0.001);S100A4(-0.001);MYO1F(-0.001);AOAH(-0.001);GNLY(-0.001);PFN1(-0.001),LEF1(+0.002);BACH2(+0.002);MAML2(+0.002);FOXP1(+0.001);SERINC5(+0.001);FHIT(+0.001);PRKCA(+0.001);PDE3B(+0.001)
TNRC6A,False,0.511148667066456,-0.00019877394,0.010526765,0.00022675005,LEF1(-0.002);BACH2(-0.002);MAML2(-0.002);FOXP1(-0.002);SERINC5(-0.001);FHIT(-0.001);PRKCA(-0.001);PDE3B(-0.001),PLCB1(+0.001);A2M(+0.001);S100A4(+0.001);CCL5(+0.001);MYO1F(+0.001);PHACTR2(+0.001);AOAH(+0.001);PFN1(+0.001)
RPS16,False,0.8322520852641337,-0.0006697702,0.010511052,-0.00024624495,LEF1(-0.001);CAMK4(-0.001);IL7R(-0.001);LTB(-0.001);BCL11B(-0.001);SERINC5(-0.001);PDE3B(-0.001);MAML2(-0.001),AOAH(+0.002);RAP1GAP2(+0.001);JAZF1(+0.001);SAMD3(+0.001);SYNE1(+0.001);MYO1F(+0.001);VAV3(+0.001);UTRN(+0.001)
KDM4C,False,0.5629395409693072,-2.4669402e-05,0.0104371905,-0.00026466703,AOAH(-0.001);CCL5(-0.001);PLCB1(-0.001);GNLY(-0.001);MYO1F(-0.001);RAP1GAP2(-0.001);A2M(-0.001);SYNE1(-0.001),LEF1(+0.002);MAML2(+0.002);BACH2(+0.001);FOXP1(+0.001);SERINC5(+0.001);CAMK4(+0.001);FHIT(+0.001);PDE3B(+0.001)
SLCO3A1,False,0.364008068472987,-0.00039230182,0.0104192505,3.918754e-05,PLCB1(-0.001);CCL5(-0.001);A2M(-0.001);S100A4(-0.001);MYO1F(-0.001);AOAH(-0.001);PHACTR2(-0.001);PFN1(-0.001),LEF1(+0.002);BACH2(+0.002);MAML2(+0.002);FOXP1(+0.001);SERINC5(+0.001);FHIT(+0.001);PRKCA(+0.001);PDE3B(+0.001)
RERE,False,0.7077904377691765,-0.00032424362,0.010399832,1.979652e-06,LEF1(-0.002);MAML2(-0.002);BACH2(-0.002);FOXP1(-0.001);SERINC5(-0.001);CAMK4(-0.001);PDE3B(-0.001);FHIT(-0.001),AOAH(+0.001);PLCB1(+0.001);MYO1F(+0.001);CCL5(+0.001);RAP1GAP2(+0.001);A2M(+0.001);SAMD3(+0.001);SYNE1(+0.001)
TRAT1,False,0.39933489614566864,-0.00019392143,0.010380401,3.5232948e-05,LEF1(-0.002);MAML2(-0.002);BACH2(-0.001);FOXP1(-0.001);SERINC5(-0.001);CAMK4(-0.001);PDE3B(-0.001);FHIT(-0.001),AOAH(+0.001);CCL5(+0.001);PLCB1(+0.001);MYO1F(+0.001);RAP1GAP2(+0.001);GNLY(+0.001);SYNE1(+0.001);SAMD3(+0.001)
EEF2,False,0.4207054462192662,-7.239707e-05,0.010378106,2.0926025e-05,LEF1(-0.002);MAML2(-0.002);BACH2(-0.002);FOXP1(-0.001);SERINC5(-0.001);FHIT(-0.001);CAMK4(-0.001);PDE3B(-0.001),CCL5(+0.001);PLCB1(+0.001);AOAH(+0.001);MYO1F(+0.001);A2M(+0.001);RAP1GAP2(+0.001);S100A4(+0.001);PFN1(+0.001)
AOAH,False,0.28016136945973946,-0.0014049597,0.010374047,4.620612e-05,CCL5(-0.001);PLCB1(-0.001);MYO1F(-0.001);A2M(-0.001);RAP1GAP2(-0.001);SYNE1(-0.001);SAMD3(-0.001);NCALD(-0.001),LEF1(+0.002);MAML2(+0.001);BACH2(+0.001);FOXP1(+0.001);SERINC5(+0.001);CAMK4(+0.001);FHIT(+0.001);PDE3B(+0.001)
PTEN,False,0.42555743335332286,-0.000118887445,0.010285023,-4.155191e-05,LEF1(-0.002);MAML2(-0.002);BACH2(-0.002);FOXP1(-0.002);SERINC5(-0.001);FHIT(-0.001);PRKCA(-0.001);PDE3B(-0.001),PLCB1(+0.001);CCL5(+0.001);S100A4(+0.001);MYO1F(+0.001);PFN1(+0.001);A2M(+0.001);AOAH(+0.001);ACTG1(+0.001)
CNOT6L,False,0.4624107288884043,2.3752018e-05,0.010279433,-0.00013152002,CCL5(-0.001);PLCB1(-0.001);S100A4(-0.001);MYO1F(-0.001);PFN1(-0.001);ACTG1(-0.001);A2M(-0.001);ACTB(-0.001),LEF1(+0.002);MAML2(+0.002);BACH2(+0.002);FOXP1(+0.002);SERINC5(+0.001);FHIT(+0.001);PRKCA(+0.001);PDE3B(+0.001)
PSIP1,False,0.5224881426157117,0.00018379973,0.010243618,-0.0001382538,PLCB1(-0.001);CCL5(-0.001);AOAH(-0.001);A2M(-0.001);MYO1F(-0.001);S100A4(-0.001);RAP1GAP2(-0.001);PFN1(-0.001),LEF1(+0.002);MAML2(+0.002);BACH2(+0.002);FOXP1(+0.001);SERINC5(+0.001);FHIT(+0.001);PRKCA(+0.001);PDE3B(+0.001)
NCL,False,0.5061876465136566,7.967154e-05,0.010241522,-0.00013970303,LEF1(-0.002);MAML2(-0.002);BACH2(-0.001);FOXP1(-0.001);SERINC5(-0.001);CAMK4(-0.001);PDE3B(-0.001);PRKCA(-0.001),AOAH(+0.001);MYO1F(+0.001);PLCB1(+0.001);RAP1GAP2(+0.001);PFN1(+0.001);ACTG1(+0.001);CCL5(+0.001);GNLY(+0.001)
CDKAL1,False,0.6448236384451836,-0.0002119859,0.010239171,4.6701487e-05,LEF1(-0.002);MAML2(-0.002);BACH2(-0.002);FOXP1(-0.001);SERINC5(-0.001);CAMK4(-0.001);PDE3B(-0.001);FHIT(-0.001),CCL5(+0.001);PLCB1(+0.001);AOAH(+0.001);MYO1F(+0.001);ACTG1(+0.001);RAP1GAP2(+0.001);S100A4(+0.001);PFN1(+0.001)
RPL34,False,0.9276018099547513,-0.00046416518,0.01020531,-0.00042496674,LEF1(-0.002);BACH2(-0.001);MAML2(-0.001);SERINC5(-0.001);FOXP1(-0.001);FHIT(-0.001);PDE3B(-0.001);CAMK4(-0.001),AOAH(+0.002);PLCB1(+0.001);A2M(+0.001);MYO1F(+0.001);CCL5(+0.001);RAP1GAP2(+0.001);ARHGAP26(+0.001);SYNE1(+0.001)
TRRAP,False,0.31325301204819284,-8.93893e-05,0.010166165,1.960945e-05,LEF1(-0.002);MAML2(-0.002);BACH2(-0.001);FOXP1(-0.001);SERINC5(-0.001);CAMK4(-0.001);PDE3B(-0.001);FHIT(-0.001),CCL5(+0.001);GNLY(+0.001);AOAH(+0.001);PLCB1(+0.001);MYO1F(+0.001);RAP1GAP2(+0.001);A2M(+0.001);PFN1(+0.001)
RAPGEF1,False,0.39322902469606935,-0.00042529526,0.010116702,-2.578974e-07,GNLY(-0.001);CCL5(-0.001);AOAH(-0.001);PLCB1(-0.001);MYO1F(-0.001);RAP1GAP2(-0.001);A2M(-0.001);TGFBR3(-0.001),LEF1(+0.002);MAML2(+0.002);BACH2(+0.001);FOXP1(+0.001);SERINC5(+0.001);CAMK4(+0.001);PDE3B(+0.001);FHIT(+0.001)
NRF1,True,0.3209398680695633,-6.9527705e-05,0.010107461,-0.00015493523,LEF1(-0.002);MAML2(-0.001);BACH2(-0.001);CCR7(-0.001);FOXP1(-0.001);SERINC5(-0.001);FHIT(-0.001);SELL(-0.001),CCL5(+0.001);S100A4(+0.001);MYO1F(+0.001);PLCB1(+0.001);GNLY(+0.001);AOAH(+0.001);HCST(+0.001);A2M(+0.001)
XIST,False,0.7931090879354524,-0.00033638132,0.01007296,3.642975e-05,AOAH(-0.001);JAZF1(-0.001);CD247(-0.001);RAP1GAP2(-0.001);SAMD3(-0.001);MCTP2(-0.001);VAV3(-0.001);SYNE1(-0.001),IL32(+0.001);LTB(+0.001);IL7R(+0.001);CAMK4(+0.001);RPL11(+0.001);RPS18(+0.001);RPL30(+0.001);PHACTR2(+0.001)
RPS11,False,0.7643242653873414,-0.0003902197,0.010031001,-0.00042569765,LEF1(-0.002);CAMK4(-0.001);MAML2(-0.001);SERINC5(-0.001);BACH2(-0.001);FOXP1(-0.001);PDE3B(-0.001);BCL11B(-0.001),AOAH(+0.001);RAP1GAP2(+0.001);MYO1F(+0.001);JAZF1(+0.001);PLCB1(+0.001);SAMD3(+0.001);SYNE1(+0.001);ARHGAP26(+0.001)
RPL8,False,0.6903996074796926,-0.0004999192,0.010007183,-0.00029634993,S100A4(-0.001);IL32(-0.001);ACTB(-0.001);PHACTR2(-0.001);CCL5(-0.001);PFN1(-0.001);ACTG1(-0.001);PLCB1(-0.001),LEF1(+0.002);BACH2(+0.001);MAML2(+0.001);FOXP1(+0.001);SERINC5(+0.001);FHIT(+0.001);PRKCA(+0.001);PDE3B(+0.001)
PRKN,False,0.4884697159679442,-0.0005353467,0.009971203,-0.000105836996,LEF1(-0.002);MAML2(-0.002);BACH2(-0.002);FOXP1(-0.001);SERINC5(-0.001);FHIT(-0.001);PRKCA(-0.001);PDE3B(-0.001),CCL5(+0.001);S100A4(+0.001);PFN1(+0.001);PLCB1(+0.001);ACTG1(+0.001);MYO1F(+0.001);ACTB(+0.001);A2M(+0.001)
RPS6,False,0.810990568609279,-0.0007058424,0.009961687,-0.00054235087,IL32(-0.002);PHACTR2(-0.001);IL7R(-0.001);LTB(-0.001);S100A4(-0.001);RPL11(-0.001);RPL28(-0.001);RPS18(-0.001),AOAH(+0.001);JAZF1(+0.001);KCNQ5(+0.001);CD247(+0.001);BACH2(+0.001);TXK(+0.001);SFMBT2(+0.001);TFDP2(+0.001)
ITGB1,False,0.2981518835523088,-0.00028595864,0.009954489,5.0446204e-05,GNLY(-0.001);ACTG1(-0.001);RAP1GAP2(-0.001);AOAH(-0.001);ACTB(-0.001);PFN1(-0.001);MCTP2(-0.001);MYO1F(-0.001),LEF1(+0.002);MAML2(+0.001);CAMK4(+0.001);FOXP1(+0.001);BACH2(+0.001);BCL2(+0.001);SERINC5(+0.001);IL7R(+0.001)
GLG1,False,0.7172218284904325,-0.00019594659,0.009942017,-0.0001354979,LEF1(-0.002);BACH2(-0.002);MAML2(-0.001);FOXP1(-0.001);SERINC5(-0.001);FHIT(-0.001);PRKCA(-0.001);PDE3B(-0.001),PLCB1(+0.001);AOAH(+0.001);CCL5(+0.001);A2M(+0.001);MYO1F(+0.001);GNLY(+0.001);RAP1GAP2(+0.001);S100A4(+0.001)
PTPRJ,False,0.31755983208853517,-0.0003572743,0.009939583,4.7269445e-05,AOAH(-0.001);CCL5(-0.001);RAP1GAP2(-0.001);MYO1F(-0.001);GNLY(-0.001);SAMD3(-0.001);PLCB1(-0.001);JAZF1(-0.001),LEF1(+0.002);MAML2(+0.001);CAMK4(+0.001);BACH2(+0.001);FOXP1(+0.001);SERINC5(+0.001);PDE3B(+0.001);INPP4B(+0.001)
ZNF331,True,0.27672681676933986,-0.00013082015,0.009921113,-0.0037772064,B2M(-0.002);CCL5(-0.001);HLA-B(-0.001);MBNL1(-0.001);RPL13(-0.001);RPS2(-0.001);ACTB(-0.001);ARHGAP15(-0.001),TRAC(+0.001);PFN1(+0.001);TRBC1(+0.001);JUN(+0.001);TRBC2(+0.001);CD3D(+0.000);HCST(+0.000);FOXP1(+0.000)
HERC1,False,0.6024096385542169,9.732892e-05,0.009893281,-0.00028440836,ACTG1(-0.001);ACTB(-0.001);PFN1(-0.001);S100A4(-0.001);CCL5(-0.001);MYO1F(-0.001);PLCB1(-0.001);RAP1GAP2(-0.001),LEF1(+0.002);MAML2(+0.002);BACH2(+0.001);FOXP1(+0.001);SERINC5(+0.001);CAMK4(+0.001);PDE3B(+0.001);PRKCA(+0.001)
SRRM2,False,0.7014664994820914,-4.4681863e-05,0.009880187,-2.7099977e-05,CCL5(-0.001);PLCB1(-0.001);GNLY(-0.001);AOAH(-0.001);A2M(-0.001);MYO1F(-0.001);S100A4(-0.001);CTSW(-0.001),LEF1(+0.002);MAML2(+0.001);BACH2(+0.001);FOXP1(+0.001);SERINC5(+0.001);FHIT(+0.001);PRKCA(+0.001);PDE3B(+0.001)
BTG1,False,0.8447364117101894,-0.00037915236,0.009879458,-0.00021249267,LEF1(-0.002);MAML2(-0.002);BACH2(-0.001);FOXP1(-0.001);SERINC5(-0.001);CAMK4(-0.001);PDE3B(-0.001);PRKCA(-0.001),PFN1(+0.001);ACTG1(+0.001);PLCB1(+0.001);S100A4(+0.001);MYO1F(+0.001);AOAH(+0.001);ACTB(+0.001);RAP1GAP2(+0.001)
CD74,False,0.4825819113558306,-0.0005837017,0.009859415,9.082995e-05,IL32(-0.001);S100A4(-0.001);PHACTR2(-0.001);PFN1(-0.001);ACTB(-0.001);ACTG1(-0.001);CCL5(-0.001);PLCB1(-0.001),LEF1(+0.001);BACH2(+0.001);MAML2(+0.001);FOXP1(+0.001);SERINC5(+0.001);FHIT(+0.001);PRKCA(+0.001);ZBTB20(+0.001)
JMJD1C,False,0.7118246742626616,-0.00015533328,0.009844173,3.558949e-05,LEF1(-0.002);MAML2(-0.001);BACH2(-0.001);FOXP1(-0.001);CAMK4(-0.001);SERINC5(-0.001);PDE3B(-0.001);FHIT(-0.001),AOAH(+0.001);PLCB1(+0.001);CCL5(+0.001);MYO1F(+0.001);RAP1GAP2(+0.001);SYNE1(+0.001);A2M(+0.001);SAMD3(+0.001)
MARCH3,False,0.16834759853895223,0.0,0.009836761,2.2638726e-05,LEF1(-0.002);MAML2(-0.002);BACH2(-0.002);FOXP1(-0.001);SERINC5(-0.001);FHIT(-0.001);PRKCA(-0.001);PDE3B(-0.001),CCL5(+0.001);PLCB1(+0.001);S100A4(+0.001);PFN1(+0.001);A2M(+0.001);ACTB(+0.001);MYO1F(+0.001);ACTG1(+0.001)
RFX3,True,0.49125006814588673,-0.0002601283,0.009812833,-0.002903428,B2M(-0.001);ARHGAP15(-0.001);LEF1(-0.001);MBNL1(-0.001);MAML2(-0.001);RIPOR2(-0.001);BACH2(-0.001);DOCK10(-0.001),PFN1(+0.001);HCST(+0.001);HLA-C(+0.001);TRAC(+0.001);MYL6(+0.001);TMSB10(+0.001);TRBC2(+0.001);FLNA(+0.001)
PRRC2C,False,0.6651038543313528,-0.00014486541,0.009810134,-0.00033322113,LEF1(-0.002);MAML2(-0.002);BACH2(-0.001);FOXP1(-0.001);SERINC5(-0.001);CAMK4(-0.001);PDE3B(-0.001);FHIT(-0.001),PLCB1(+0.001);AOAH(+0.001);PFN1(+0.001);MYO1F(+0.001);RAP1GAP2(+0.001);A2M(+0.001);ACTG1(+0.001);S100A4(+0.001)
EZR,False,0.3935561249522979,-0.00012215445,0.00980934,-0.00024749726,CCL5(-0.001);PLCB1(-0.001);AOAH(-0.001);MYO1F(-0.001);A2M(-0.001);S100A4(-0.001);RAP1GAP2(-0.001);ACTG1(-0.001),LEF1(+0.002);MAML2(+0.002);BACH2(+0.001);FOXP1(+0.001);SERINC5(+0.001);FHIT(+0.001);PDE3B(+0.001);PRKCA(+0.001)
CARD11,False,0.4981736902360574,-0.00034871086,0.009747489,-2.343915e-05,CCL5(-0.001);PLCB1(-0.001);MYO1F(-0.001);AOAH(-0.001);S100A4(-0.001);A2M(-0.001);PFN1(-0.001);ACTG1(-0.001),LEF1(+0.002);MAML2(+0.002);BACH2(+0.001);FOXP1(+0.001);SERINC5(+0.001);FHIT(+0.001);PRKCA(+0.001);PDE3B(+0.001)
RPL9,False,0.6350651474676989,0.00020010264,0.009735714,-0.00030557843,AOAH(-0.001);CCL5(-0.001);GNLY(-0.001);RAP1GAP2(-0.001);JAZF1(-0.001);SYNE1(-0.001);SAMD3(-0.001);CD247(-0.001),LEF1(+0.001);CAMK4(+0.001);LTB(+0.001);IL7R(+0.001);SERINC5(+0.001);BCL11B(+0.001);PDE3B(+0.001);MAML2(+0.001)
TMBIM6,False,0.4176525104944666,-9.710984e-05,0.0097323395,-0.00030383657,AOAH(-0.001);CCL5(-0.001);RAP1GAP2(-0.001);MYO1F(-0.001);PLCB1(-0.001);ACTG1(-0.001);SYNE1(-0.001);ACTB(-0.001),LEF1(+0.002);MAML2(+0.001);BACH2(+0.001);FOXP1(+0.001);CAMK4(+0.001);SERINC5(+0.001);PDE3B(+0.001);PRKCA(+0.001)
H3F3A,False,0.7489505533446004,-0.0005319702,0.009720893,-6.1492734e-05,S100A4(-0.001);IL32(-0.001);ACTB(-0.001);PFN1(-0.001);ACTG1(-0.001);PHACTR2(-0.001);TMSB4X(-0.001);CORO1A(-0.001),LEF1(+0.001);MAML2(+0.001);BACH2(+0.001);FOXP1(+0.001);ZBTB20(+0.001);SERINC5(+0.001);PRKCA(+0.001);FHIT(+0.001)
FAF1,False,0.4458376492394919,-0.0002403532,0.009688845,-0.00019501899,AOAH(-0.001);RAP1GAP2(-0.001);JAZF1(-0.001);CCL5(-0.001);SAMD3(-0.001);SYNE1(-0.001);MYO1F(-0.001);MCTP2(-0.001),LEF1(+0.001);CAMK4(+0.001);IL7R(+0.001);MAML2(+0.001);LTB(+0.001);SERINC5(+0.001);BCL2(+0.001);BCL11B(+0.001)
ACTB,False,0.9300550618764654,-0.001265433,0.009675702,5.6304732e-05,ACTG1(-0.001);GNLY(-0.001);PFN1(-0.001);CCL5(-0.001);GAPDH(-0.001);S100A4(-0.001);CORO1A(-0.001);CTSW(-0.001),MAML2(+0.001);LEF1(+0.001);BACH2(+0.001);FOXP1(+0.001);BCL2(+0.001);SERINC5(+0.001);CAMK4(+0.001);INPP4B(+0.001)
HNRNPM,False,0.46470043068200406,-4.1448286e-05,0.009651393,-3.4528024e-05,LEF1(-0.002);CAMK4(-0.001);MAML2(-0.001);SERINC5(-0.001);FOXP1(-0.001);BACH2(-0.001);PDE3B(-0.001);FHIT(-0.001),AOAH(+0.001);CCL5(+0.001);RAP1GAP2(+0.001);PLCB1(+0.001);MYO1F(+0.001);JAZF1(+0.001);SYNE1(+0.001);SAMD3(+0.001)
IQGAP2,False,0.6307583274273567,-0.00040424342,0.009626705,1.8459607e-05,AOAH(-0.001);PLCB1(-0.001);CCL5(-0.001);MYO1F(-0.001);RAP1GAP2(-0.001);A2M(-0.001);PFN1(-0.001);ACTG1(-0.001),LEF1(+0.002);MAML2(+0.001);BACH2(+0.001);FOXP1(+0.001);SERINC5(+0.001);CAMK4(+0.001);PDE3B(+0.001);FHIT(+0.001)
DYRK1A,False,0.5241781606062258,-8.9890156e-05,0.009603067,-3.669946e-05,AOAH(-0.001);GNLY(-0.001);RAP1GAP2(-0.001);CCL5(-0.001);MYO1F(-0.001);JAZF1(-0.001);SAMD3(-0.001);SYNE1(-0.001),LEF1(+0.002);CAMK4(+0.001);MAML2(+0.001);FOXP1(+0.001);SERINC5(+0.001);BACH2(+0.001);PDE3B(+0.001);BCL11B(+0.001)
SMCHD1,False,0.8523687510221885,-0.0001203293,0.009592497,-8.1029706e-05,AOAH(-0.001);CD247(-0.001);KCNQ5(-0.001);JAZF1(-0.001);TXK(-0.001);SFMBT2(-0.001);ZBTB20(-0.001);MCTP2(-0.001),IL32(+0.002);PHACTR2(+0.001);S100A4(+0.001);LTB(+0.001);RPL11(+0.001);IL7R(+0.001);RPL28(+0.001);RPS18(+0.001)
RPL32,False,0.7753366406803688,-0.0003587822,0.009587409,-9.136581e-05,LEF1(-0.002);MAML2(-0.001);CAMK4(-0.001);BACH2(-0.001);FOXP1(-0.001);SERINC5(-0.001);PDE3B(-0.001);FHIT(-0.001),AOAH(+0.001);PLCB1(+0.001);RAP1GAP2(+0.001);MYO1F(+0.001);CCL5(+0.001);JAZF1(+0.001);SAMD3(+0.001);SYNE1(+0.001)
PIAS1,False,0.599574769666903,-0.00023549065,0.009584576,0.00010391816,BACH2(-0.001);MAML2(-0.001);LEF1(-0.001);FOXP1(-0.001);ZBTB20(-0.001);TXK(-0.001);KCNQ5(-0.001);PRKCA(-0.001),IL32(+0.001);S100A4(+0.001);PHACTR2(+0.001);PFN1(+0.001);ACTB(+0.001);ACTG1(+0.001);TMSB4X(+0.001);S100A6(+0.001)
RCAN3,False,0.5509458649075942,-0.00045860262,0.009553593,-5.3822117e-05,LEF1(-0.002);MAML2(-0.001);BACH2(-0.001);FOXP1(-0.001);SERINC5(-0.001);FHIT(-0.001);PRKCA(-0.001);PDE3B(-0.001),CCL5(+0.001);PLCB1(+0.001);AOAH(+0.001);A2M(+0.001);MYO1F(+0.001);S100A4(+0.001);RAP1GAP2(+0.001);PPP2R2B(+0.001)
NFIC,True,0.08466444965381889,6.722596e-05,0.009540796,0.0033962477,PFN1(-0.001);JUN(-0.001);HCST(-0.001);TRAC(-0.001);TRBC1(-0.001);HLA-C(-0.000);TRBC2(-0.000);AOAH(-0.000),B2M(+0.002);ARHGAP15(+0.001);RPL13(+0.001);MBNL1(+0.001);RPS2(+0.001);HLA-B(+0.001);EEF1A1(+0.001);RIPOR2(+0.001)
PRPF4B,False,0.5163822711661125,3.777972e-08,0.009529732,0.00015942554,LEF1(-0.002);MAML2(-0.001);FOXP1(-0.001);CAMK4(-0.001);BACH2(-0.001);SERINC5(-0.001);PDE3B(-0.001);PRKCA(-0.001),AOAH(+0.001);RAP1GAP2(+0.001);MYO1F(+0.001);PLCB1(+0.001);CCL5(+0.001);SAMD3(+0.001);SYNE1(+0.001);JAZF1(+0.001)
RAP1B,False,0.6070980755601594,-0.00014708661,0.009529199,-3.328603e-05,LEF1(-0.002);BACH2(-0.001);MAML2(-0.001);FOXP1(-0.001);FHIT(-0.001);SERINC5(-0.001);PRKCA(-0.001);PDE3B(-0.001),PLCB1(+0.001);A2M(+0.001);PHACTR2(+0.001);IL32(+0.001);S100A4(+0.001);CCL5(+0.001);KLRG1(+0.001);MYO1F(+0.001)
RPL35A,False,0.6584528157880392,-0.0001247308,0.0095276255,-0.00017575223,LEF1(-0.002);MAML2(-0.002);BACH2(-0.001);FOXP1(-0.001);SERINC5(-0.001);FHIT(-0.001);PRKCA(-0.001);PDE3B(-0.001),PLCB1(+0.001);S100A4(+0.001);PFN1(+0.001);CCL5(+0.001);A2M(+0.001);MYO1F(+0.001);ACTG1(+0.001);AOAH(+0.001)
RABGAP1L,False,0.6878918388486074,-0.0006507047,0.009465312,9.924258e-06,AOAH(-0.001);RAP1GAP2(-0.001);CCL5(-0.001);MYO1F(-0.001);GNLY(-0.001);PLCB1(-0.001);MCTP2(-0.001);SAMD3(-0.001),LEF1(+0.002);MAML2(+0.001);CAMK4(+0.001);BACH2(+0.001);FOXP1(+0.001);SERINC5(+0.001);PDE3B(+0.001);FHIT(+0.001)
SELL,False,0.6933980264951211,-0.0007568211,0.009449576,-0.0002854143,LEF1(-0.002);MAML2(-0.001);BACH2(-0.001);FOXP1(-0.001);SERINC5(-0.001);FHIT(-0.001);PDE3B(-0.001);PRKCA(-0.001),PLCB1(+0.001);CCL5(+0.001);AOAH(+0.001);MYO1F(+0.001);A2M(+0.001);GNLY(+0.001);PFN1(+0.001);RAP1GAP2(+0.001)
RPS3,False,0.8212397099711063,-0.0001537582,0.009400927,-0.00017542827,LEF1(-0.002);MAML2(-0.001);BACH2(-0.001);FOXP1(-0.001);SERINC5(-0.001);FHIT(-0.001);PRKCA(-0.001);PDE3B(-0.001),PLCB1(+0.001);AOAH(+0.001);CCL5(+0.001);A2M(+0.001);MYO1F(+0.001);RAP1GAP2(+0.001);PFN1(+0.001);S100A4(+0.001)
SCAPER,False,0.41220083955732434,-0.00015244482,0.009290512,5.74737e-05,LEF1(-0.002);MAML2(-0.001);BACH2(-0.001);FOXP1(-0.001);SERINC5(-0.001);FHIT(-0.001);PRKCA(-0.001);PDE3B(-0.001),PLCB1(+0.001);S100A4(+0.001);A2M(+0.001);CCL5(+0.001);PFN1(+0.001);MYO1F(+0.001);ACTG1(+0.001);ACTB(+0.001)
CD247,False,0.9150084500899529,0.00044114483,0.009279056,0.00025123844,LEF1(-0.002);MAML2(-0.001);FOXP1(-0.001);CAMK4(-0.001);BACH2(-0.001);SERINC5(-0.001);PDE3B(-0.001);PRKCA(-0.001),AOAH(+0.001);CCL5(+0.001);RAP1GAP2(+0.001);PLCB1(+0.001);MYO1F(+0.001);ACTG1(+0.001);SAMD3(+0.001);PFN1(+0.001)
ARID5B,False,0.6854385869268933,-0.00030297498,0.009262182,-0.00012705107,LEF1(-0.002);BACH2(-0.001);MAML2(-0.001);FOXP1(-0.001);SERINC5(-0.001);FHIT(-0.001);CAMK4(-0.001);PDE3B(-0.001),AOAH(+0.001);PLCB1(+0.001);CCL5(+0.001);A2M(+0.001);MYO1F(+0.001);RAP1GAP2(+0.001);GNLY(+0.001);SYNE1(+0.001)
CRTC3,False,0.401842664776754,0.00011621383,0.009259154,-0.00014860192,AOAH(-0.001);RAP1GAP2(-0.001);MYO1F(-0.001);JAZF1(-0.001);SAMD3(-0.001);SYNE1(-0.001);PLCB1(-0.001);CCL5(-0.001),LEF1(+0.002);CAMK4(+0.001);MAML2(+0.001);FOXP1(+0.001);BACH2(+0.001);SERINC5(+0.001);PDE3B(+0.001);INPP4B(+0.001)
NFYA,True,0.08460993294444746,0.0,0.009256026,0.0029695756,PFN1(-0.001);HCST(-0.001);JUN(-0.001);HLA-C(-0.001);TRAC(-0.001);TRBC2(-0.000);TRBC1(-0.000);AOAH(-0.000),B2M(+0.001);ARHGAP15(+0.001);RPL13(+0.001);MBNL1(+0.001);RIPOR2(+0.001);RPS2(+0.001);EEF1A1(+0.001);RPS27A(+0.001)
AKT3,False,0.6605244507441532,-0.00027997268,0.009233957,0.00017917952,AOAH(-0.001);JAZF1(-0.001);RAP1GAP2(-0.001);MCTP2(-0.001);CD247(-0.001);SAMD3(-0.001);VAV3(-0.001);GNLY(-0.001),IL7R(+0.001);LTB(+0.001);IL32(+0.001);CAMK4(+0.001);RPL11(+0.001);PHACTR2(+0.001);RPS18(+0.001);BCL2(+0.001)
HLA-A,False,0.9409584037507498,0.00010047781,0.0092287045,-0.00010309689,LEF1(-0.002);BACH2(-0.001);MAML2(-0.001);FOXP1(-0.001);SERINC5(-0.001);FHIT(-0.001);PDE3B(-0.001);PRKCA(-0.001),PLCB1(+0.001);AOAH(+0.001);A2M(+0.001);MYO1F(+0.001);RAP1GAP2(+0.001);PARP8(+0.001);ARHGAP26(+0.001);MYBL1(+0.001)
DIP2B,False,0.4894510167366298,-0.00032513062,0.0091961585,-0.00020967583,LEF1(-0.002);MAML2(-0.001);BACH2(-0.001);FOXP1(-0.001);SERINC5(-0.001);FHIT(-0.001);PDE3B(-0.001);PRKCA(-0.001),CCL5(+0.001);PLCB1(+0.001);AOAH(+0.001);MYO1F(+0.001);A2M(+0.001);RAP1GAP2(+0.001);PFN1(+0.001);S100A4(+0.001)
FMNL1,False,0.2781987679223682,-0.0002031066,0.0091959555,-6.105257e-05,S100A4(-0.001);PLCB1(-0.001);CCL5(-0.001);PFN1(-0.001);A2M(-0.001);ACTG1(-0.001);ACTB(-0.001);MYO1F(-0.001),LEF1(+0.002);MAML2(+0.001);BACH2(+0.001);FOXP1(+0.001);SERINC5(+0.001);FHIT(+0.001);PRKCA(+0.001);PDE3B(+0.001)
ZNF652,True,0.238292536662487,-0.00019320578,0.009192299,-0.003013404,CCL5(-0.002);B2M(-0.001);ACTB(-0.001);HLA-B(-0.001);SYNE2(-0.001);CYBA(-0.001);CD247(-0.001);TMSB4X(-0.001),LEF1(+0.001);TRAC(+0.001);FOXP1(+0.001);TRBC1(+0.001);MAML2(+0.001);CAMK4(+0.001);BACH2(+0.001);SERINC5(+0.001)
NFATC3,True,0.5175271220629123,-5.4937314e-05,0.009139373,0.00042727788,AOAH(-0.001);CCL5(-0.001);GNLY(-0.001);MYO1F(-0.001);RAP1GAP2(-0.001);PLCB1(-0.001);JAZF1(-0.001);ITGAL(-0.001),LEF1(+0.001);IL7R(+0.001);CAMK4(+0.001);CCR7(+0.001);MAML2(+0.001);SERINC5(+0.001);BACH2(+0.001);SELL(+0.001)
HLA-E,False,0.8879681622417273,-0.00025342198,0.009125057,-6.3808584e-05,ACTG1(-0.001);RAP1GAP2(-0.001);JAZF1(-0.001);ACTB(-0.001);AOAH(-0.001);CD247(-0.001);MCTP2(-0.001);IFI16(-0.001),IL7R(+0.001);CAMK4(+0.001);LTB(+0.001);BCL2(+0.001);BCL11B(+0.001);LEF1(+0.001);MAML2(+0.001);INPP4B(+0.001)
LRCH3,False,0.35315924330807397,2.7066693e-05,0.009121293,8.8176515e-05,LEF1(-0.002);MAML2(-0.001);CAMK4(-0.001);FOXP1(-0.001);BACH2(-0.001);SERINC5(-0.001);PDE3B(-0.001);INPP4B(-0.001),AOAH(+0.001);CCL5(+0.001);RAP1GAP2(+0.001);GNLY(+0.001);MYO1F(+0.001);PLCB1(+0.001);JAZF1(+0.001);SAMD3(+0.001)
ADAM19,False,0.16011557542386745,4.0771774e-05,0.009120935,-3.2192598e-05,AOAH(-0.001);GNLY(-0.001);CCL5(-0.001);PLCB1(-0.001);RAP1GAP2(-0.001);MYO1F(-0.001);CTSW(-0.001);SAMD3(-0.001),LEF1(+0.002);MAML2(+0.001);BACH2(+0.001);FOXP1(+0.001);CAMK4(+0.001);SERINC5(+0.001);PDE3B(+0.001);FHIT(+0.001)
NCOR1,False,0.6208908030311292,-6.766099e-05,0.009118912,-0.00015033892,AOAH(-0.001);RAP1GAP2(-0.001);CCL5(-0.001);MYO1F(-0.001);JAZF1(-0.001);PLCB1(-0.001);GNLY(-0.001);SAMD3(-0.001),LEF1(+0.002);MAML2(+0.001);CAMK4(+0.001);FOXP1(+0.001);BACH2(+0.001);SERINC5(+0.001);PDE3B(+0.001);INPP4B(+0.001)
BACH1,True,0.27999781933162515,-1.8828832e-05,0.009109815,-0.0034529057,B2M(-0.002);CCL5(-0.001);ARHGAP15(-0.001);RPL13(-0.001);HLA-B(-0.001);RPS2(-0.001);RPL11(-0.001);EEF1A1(-0.001),PFN1(+0.001);JUN(+0.001);TRBC1(+0.000);TRAC(+0.000);TRBC2(+0.000);HLA-C(+0.000);HCST(+0.000);AOAH(+0.000)
NFYC,True,0.14207054462192661,0.00011956467,0.009104084,0.0035838704,PFN1(-0.001);TRAC(-0.001);JUN(-0.001);HCST(-0.001);TRBC1(-0.001);TRBC2(-0.001);FOS(-0.001);HLA-C(-0.000),B2M(+0.002);RPL13(+0.001);MBNL1(+0.001);HLA-B(+0.001);RPS2(+0.001);EEF1A1(+0.001);IL7R(+0.001);ARHGAP15(+0.001)
TUT4,False,0.5842010576241621,-0.00030559555,0.009072204,-0.00016344011,LEF1(-0.001);BACH2(-0.001);MAML2(-0.001);FOXP1(-0.001);FHIT(-0.001);TXK(-0.001);KCNQ5(-0.001);ZBTB20(-0.001),IL32(+0.001);PHACTR2(+0.001);S100A4(+0.001);A2M(+0.001);PLCB1(+0.001);PFN1(+0.001);LTB(+0.001);KLRG1(+0.001)
BAZ1A,False,0.3615002998419016,-0.0001020394,0.009053613,-3.335819e-05,LEF1(-0.002);BACH2(-0.001);MAML2(-0.001);FOXP1(-0.001);SERINC5(-0.001);FHIT(-0.001);PDE3B(-0.001);PRKCA(-0.001),PLCB1(+0.001);AOAH(+0.001);CCL5(+0.001);A2M(+0.001);MYO1F(+0.001);RAP1GAP2(+0.001);SYNE1(+0.001);NCALD(+0.001)
PATJ,False,0.45815842555743336,-0.00032566488,0.009047871,0.00019349411,LEF1(-0.002);MAML2(-0.001);BACH2(-0.001);FOXP1(-0.001);SERINC5(-0.001);CAMK4(-0.001);PDE3B(-0.001);FHIT(-0.001),CCL5(+0.001);AOAH(+0.001);PLCB1(+0.001);MYO1F(+0.001);RAP1GAP2(+0.001);GNLY(+0.001);A2M(+0.001);CTSW(+0.001)
RPS5,False,0.7026658670882626,0.00012494657,0.009045554,-0.00021445575,CCL5(-0.001);ACTG1(-0.001);AOAH(-0.001);ACTB(-0.001);RAP1GAP2(-0.001);MYO1F(-0.001);PFN1(-0.001);GNLY(-0.001),LEF1(+0.002);MAML2(+0.001);BACH2(+0.001);FOXP1(+0.001);CAMK4(+0.001);SERINC5(+0.001);PDE3B(+0.001);INPP4B(+0.001)
SMARCA2,False,0.499918224935943,-0.0001316799,0.00903343,1.5745569e-05,LEF1(-0.002);BACH2(-0.001);MAML2(-0.001);FOXP1(-0.001);SERINC5(-0.001);FHIT(-0.001);PRKCA(-0.001);PDE3B(-0.001),PLCB1(+0.001);A2M(+0.001);AOAH(+0.001);CCL5(+0.001);MYO1F(+0.001);S100A4(+0.001);RAP1GAP2(+0.001);PZP(+0.001)
HIF1A,True,0.32459248759744863,-2.4429862e-06,0.009013826,0.0025638484,LEF1(-0.001);FOXP1(-0.001);MAML2(-0.001);BACH2(-0.001);TRAC(-0.001);SERINC5(-0.001);CAMK4(-0.001);TRBC1(-0.001),CCL5(+0.001);B2M(+0.001);ACTB(+0.001);HLA-B(+0.001);TMSB4X(+0.001);CYBA(+0.001);ACTG1(+0.001);SYNE2(+0.001)
ARHGEF3,False,0.7879845172545388,0.00012827489,0.009009987,6.502601e-05,S100A4(-0.001);PFN1(-0.001);ACTG1(-0.001);ACTB(-0.001);CCL5(-0.001);MYO1F(-0.001);PLCB1(-0.001);IL32(-0.001),LEF1(+0.002);MAML2(+0.001);BACH2(+0.001);FOXP1(+0.001);SERINC5(+0.001);PRKCA(+0.001);FHIT(+0.001);PDE3B(+0.001)
TESPA1,False,0.6002834868887315,-0.00040296259,0.008991019,-0.00021022776,LEF1(-0.002);BACH2(-0.001);MAML2(-0.001);FOXP1(-0.001);SERINC5(-0.001);FHIT(-0.001);PRKCA(-0.001);PDE3B(-0.001),CCL5(+0.001);PLCB1(+0.001);A2M(+0.001);GNLY(+0.001);MYO1F(+0.001);AOAH(+0.001);S100A4(+0.001);PFN1(+0.001)
ELMO1,False,0.7180940958403754,0.00022934888,0.00898418,-0.00016140744,PLCB1(-0.001);CCL5(-0.001);AOAH(-0.001);MYO1F(-0.001);S100A4(-0.001);ACTG1(-0.001);ACTB(-0.001);PFN1(-0.001),LEF1(+0.002);MAML2(+0.001);BACH2(+0.001);FOXP1(+0.001);SERINC5(+0.001);FHIT(+0.001);PDE3B(+0.001);PRKCA(+0.001)
CMSS1,False,0.37878209671264246,-0.0001823478,0.008983307,0.00010037121,LEF1(-0.002);MAML2(-0.001);BACH2(-0.001);FOXP1(-0.001);SERINC5(-0.001);FHIT(-0.001);PRKCA(-0.001);PDE3B(-0.001),PLCB1(+0.001);CCL5(+0.001);A2M(+0.001);MYO1F(+0.001);AOAH(+0.001);S100A4(+0.001);PFN1(+0.001);ACTG1(+0.001)
RPS25,False,0.8064111650220794,-0.00012842836,0.0089770425,-0.000490697,CCL5(-0.001);PLCB1(-0.001);S100A4(-0.001);A2M(-0.001);PHACTR2(-0.001);IL32(-0.001);ACTB(-0.001);MYO1F(-0.001),LEF1(+0.002);BACH2(+0.001);MAML2(+0.001);FOXP1(+0.001);SERINC5(+0.001);FHIT(+0.001);PRKCA(+0.001);PDE3B(+0.001)
EVL,False,0.7870577331952244,-3.58872e-05,0.008975569,7.5694115e-05,AOAH(-0.001);GNLY(-0.001);RAP1GAP2(-0.001);JAZF1(-0.001);MCTP2(-0.001);SAMD3(-0.001);CD247(-0.001);DNAJC1(-0.001),CAMK4(+0.001);IL7R(+0.001);LTB(+0.001);LEF1(+0.001);BCL2(+0.001);BCL11B(+0.001);MAML2(+0.001);SERINC5(+0.001)
MYBL1,True,0.10625306656490213,-0.00020528256,0.008974507,0.0028935,PFN1(-0.001);HCST(-0.001);JUN(-0.000);AOAH(-0.000);HLA-C(-0.000);PLCB1(-0.000);TRAC(-0.000);TRBC2(-0.000),B2M(+0.001);ARHGAP15(+0.001);MBNL1(+0.001);RPL13(+0.001);RIPOR2(+0.001);RPS2(+0.001);EEF1A1(+0.001);RPS27A(+0.001)
SRSF11,False,0.7334132911737449,0.000104022285,0.008969945,4.6748577e-05,AOAH(-0.001);RAP1GAP2(-0.001);JAZF1(-0.001);PLCB1(-0.001);SYNE1(-0.001);MYO1F(-0.001);SAMD3(-0.001);ARHGAP26(-0.001),LEF1(+0.001);CAMK4(+0.001);MAML2(+0.001);SERINC5(+0.001);FOXP1(+0.001);BACH2(+0.001);PDE3B(+0.001);BCL11B(+0.001)
RPL10A,False,0.6424794199422125,-7.828049e-05,0.008944189,-0.0002452387,CCL5(-0.001);PLCB1(-0.001);S100A4(-0.001);PFN1(-0.001);ACTB(-0.001);MYO1F(-0.001);ACTG1(-0.001);A2M(-0.001),LEF1(+0.002);MAML2(+0.001);BACH2(+0.001);FOXP1(+0.001);SERINC5(+0.001);PRKCA(+0.001);FHIT(+0.001);PDE3B(+0.001)
STAT5B,True,0.46317396281960427,-0.00017106184,0.008942122,-0.000114446906,LEF1(-0.002);MAML2(-0.001);BACH2(-0.001);FOXP1(-0.001);SERINC5(-0.001);CAMK4(-0.001);PDE3B(-0.001);FHIT(-0.001),AOAH(+0.001);PLCB1(+0.001);CCL5(+0.001);MYO1F(+0.001);RAP1GAP2(+0.001);A2M(+0.001);S100A4(+0.001);NCALD(+0.001)
ITPR1,False,0.3554489451016737,-6.589599e-05,0.008941758,6.295306e-05,LEF1(-0.002);MAML2(-0.001);BACH2(-0.001);FOXP1(-0.001);SERINC5(-0.001);FHIT(-0.001);PDE3B(-0.001);CAMK4(-0.001),CCL5(+0.001);PLCB1(+0.001);AOAH(+0.001);MYO1F(+0.001);A2M(+0.001);RAP1GAP2(+0.001);S100A4(+0.001);PFN1(+0.001)
ZNF451,False,0.28784822548110994,-3.4883892e-06,0.008925817,-0.00014156691,PLCB1(-0.001);CCL5(-0.001);A2M(-0.001);MYO1F(-0.001);AOAH(-0.001);S100A4(-0.001);PFN1(-0.001);ACTG1(-0.001),LEF1(+0.002);MAML2(+0.001);BACH2(+0.001);FOXP1(+0.001);SERINC5(+0.001);FHIT(+0.001);PRKCA(+0.001);PDE3B(+0.001)
ATRX,False,0.48983263370222985,2.757799e-05,0.008918026,-2.3275495e-06,PLCB1(-0.001);A2M(-0.001);CCL5(-0.001);PHACTR2(-0.001);S100A4(-0.001);IL32(-0.001);MYO1F(-0.001);KLRG1(-0.001),LEF1(+0.002);BACH2(+0.001);MAML2(+0.001);FOXP1(+0.001);SERINC5(+0.001);FHIT(+0.001);PRKCA(+0.001);PDE3B(+0.001)
GRB2,False,0.41345472387286697,-7.4633164e-05,0.008901915,4.014004e-05,LEF1(-0.002);CAMK4(-0.001);MAML2(-0.001);SERINC5(-0.001);FOXP1(-0.001);BACH2(-0.001);PDE3B(-0.001);BCL11B(-0.001),AOAH(+0.001);GNLY(+0.001);CCL5(+0.001);RAP1GAP2(+0.001);PLCB1(+0.001);MYO1F(+0.001);JAZF1(+0.001);SAMD3(+0.001)
TNIK,False,0.7012484326446058,1.0333667e-05,0.008872378,0.0001722606,LEF1(-0.002);MAML2(-0.001);CAMK4(-0.001);BACH2(-0.001);FOXP1(-0.001);SERINC5(-0.001);PDE3B(-0.001);FHIT(-0.001),AOAH(+0.001);CCL5(+0.001);RAP1GAP2(+0.001);PLCB1(+0.001);MYO1F(+0.001);SYNE1(+0.001);SAMD3(+0.001);JAZF1(+0.001)
ADAMTS17,False,0.1801777244725508,-0.00010944221,0.008849542,8.754719e-05,LEF1(-0.002);MAML2(-0.001);BACH2(-0.001);FOXP1(-0.001);SERINC5(-0.001);CAMK4(-0.001);PDE3B(-0.001);FHIT(-0.001),AOAH(+0.001);CCL5(+0.001);PLCB1(+0.001);MYO1F(+0.001);RAP1GAP2(+0.001);A2M(+0.001);SYNE1(+0.001);ACTG1(+0.001)
HSP90AB1,False,0.5102218830071418,-0.0003500009,0.008806302,5.7314155e-05,IL32(-0.001);PHACTR2(-0.001);S100A4(-0.001);PFN1(-0.001);A2M(-0.001);PLCB1(-0.001);LTB(-0.001);RPL28(-0.001),BACH2(+0.001);LEF1(+0.001);MAML2(+0.001);FOXP1(+0.001);TXK(+0.001);ZBTB20(+0.001);KCNQ5(+0.001);FHIT(+0.001)
MAN1C1,False,0.383634083846699,-0.00031712008,0.008800249,-0.00012669526,LEF1(-0.002);MAML2(-0.001);BACH2(-0.001);FOXP1(-0.001);SERINC5(-0.001);CAMK4(-0.001);PDE3B(-0.001);FHIT(-0.001),PLCB1(+0.001);AOAH(+0.001);MYO1F(+0.001);CCL5(+0.001);RAP1GAP2(+0.001);PFN1(+0.001);A2M(+0.001);S100A4(+0.001)
FYN,False,0.8825710080139564,-0.00021379141,0.008792317,0.0002457997,PLCB1(-0.001);CCL5(-0.001);A2M(-0.001);MYO1F(-0.001);AOAH(-0.001);S100A4(-0.001);PHACTR2(-0.001);KLRG1(-0.001),LEF1(+0.002);BACH2(+0.001);MAML2(+0.001);FOXP1(+0.001);SERINC5(+0.001);FHIT(+0.001);PRKCA(+0.001);PDE3B(+0.001)
USP32,False,0.23578476803140164,-9.214883e-06,0.0087867435,-2.5488744e-06,LEF1(-0.002);MAML2(-0.001);BACH2(-0.001);FOXP1(-0.001);SERINC5(-0.001);CAMK4(-0.001);PDE3B(-0.001);FHIT(-0.001),AOAH(+0.001);CCL5(+0.001);PLCB1(+0.001);MYO1F(+0.001);RAP1GAP2(+0.001);GNLY(+0.001);A2M(+0.001);CTSW(+0.001)
SLFN12L,False,0.6696287412091808,-0.00026486948,0.00873534,-2.0162279e-05,AOAH(-0.001);CCL5(-0.001);GNLY(-0.001);RAP1GAP2(-0.001);JAZF1(-0.001);CTSW(-0.001);PLCB1(-0.001);MYO1F(-0.001),LEF1(+0.001);CAMK4(+0.001);MAML2(+0.001);SERINC5(+0.001);FOXP1(+0.001);PDE3B(+0.001);BACH2(+0.001);BCL11B(+0.001)
HNRNPA2B1,False,0.6052990241509024,-0.00018446271,0.008720282,-0.00030103087,LEF1(-0.002);MAML2(-0.001);BACH2(-0.001);FOXP1(-0.001);SERINC5(-0.001);FHIT(-0.001);PDE3B(-0.001);PRKCA(-0.001),PLCB1(+0.001);AOAH(+0.001);CCL5(+0.001);A2M(+0.001);MYO1F(+0.001);RAP1GAP2(+0.001);PARP8(+0.001);ARHGAP26(+0.001)
VPS13C,False,0.5453306438423378,1.9712526e-05,0.008698701,-0.00019089505,LEF1(-0.002);MAML2(-0.001);BACH2(-0.001);FOXP1(-0.001);SERINC5(-0.001);CAMK4(-0.001);PDE3B(-0.001);FHIT(-0.001),AOAH(+0.001);PLCB1(+0.001);MYO1F(+0.001);CCL5(+0.001);RAP1GAP2(+0.001);PFN1(+0.001);A2M(+0.001);ACTG1(+0.001)
FOXN3,True,0.8223300441585348,-0.0004213026,0.008685993,-0.0016655263,LEF1(-0.001);MAML2(-0.001);BACH2(-0.001);ARHGAP15(-0.001);FOXP1(-0.001);SERINC5(-0.001);FHIT(-0.001);PRKCA(-0.001),PFN1(+0.001);PLCB1(+0.001);A2M(+0.001);PHACTR2(+0.001);HCST(+0.001);IL32(+0.001);HLA-C(+0.001);MYO1F(+0.001)
TNKS,False,0.4400043613367497,-8.501728e-05,0.008679449,0.00024983304,LEF1(-0.002);BACH2(-0.001);MAML2(-0.001);FOXP1(-0.001);SERINC5(-0.001);FHIT(-0.001);PRKCA(-0.001);PDE3B(-0.001),S100A4(+0.001);IL32(+0.001);PLCB1(+0.001);PHACTR2(+0.001);A2M(+0.001);ACTB(+0.001);PFN1(+0.001);ACTG1(+0.001)
CDR2,False,0.3239382870849915,-8.610399e-05,0.008643729,2.5488964e-05,LEF1(-0.002);MAML2(-0.001);CAMK4(-0.001);BACH2(-0.001);FOXP1(-0.001);SERINC5(-0.001);PDE3B(-0.001);PRKCA(-0.001),AOAH(+0.001);CCL5(+0.001);RAP1GAP2(+0.001);MYO1F(+0.001);GNLY(+0.001);PLCB1(+0.001);ACTG1(+0.001);SAMD3(+0.001)
TAB2,False,0.5266859292373113,-0.00023130653,0.008633683,0.00018515164,LEF1(-0.002);MAML2(-0.001);BACH2(-0.001);FOXP1(-0.001);SERINC5(-0.001);FHIT(-0.001);CAMK4(-0.001);PDE3B(-0.001),PLCB1(+0.001);AOAH(+0.001);CCL5(+0.001);MYO1F(+0.001);A2M(+0.001);RAP1GAP2(+0.001);SYNE1(+0.001);NCALD(+0.001)
RBMS1,False,0.600338003598103,-0.000162441,0.008620416,-0.00010758964,LEF1(-0.002);MAML2(-0.001);BACH2(-0.001);FOXP1(-0.001);SERINC5(-0.001);PRKCA(-0.001);PDE3B(-0.001);FHIT(-0.001),PFN1(+0.001);ACTG1(+0.001);S100A4(+0.001);ACTB(+0.001);PLCB1(+0.001);MYO1F(+0.001);A2M(+0.001);AOAH(+0.001)
RICTOR,False,0.52548656163114,-0.00012998284,0.0086113615,-9.512595e-05,CAMK4(-0.001);LEF1(-0.001);IL7R(-0.001);LTB(-0.001);BCL11B(-0.001);BCL2(-0.001);MAML2(-0.001);SERINC5(-0.001),AOAH(+0.001);RAP1GAP2(+0.001);JAZF1(+0.001);SAMD3(+0.001);SYNE1(+0.001);MCTP2(+0.001);CD247(+0.001);VAV3(+0.001)
CD5,False,0.2838685056969962,-0.00015743273,0.00857126,-2.850922e-05,LEF1(-0.002);MAML2(-0.001);BACH2(-0.001);FOXP1(-0.001);SERINC5(-0.001);FHIT(-0.001);PRKCA(-0.001);PDE3B(-0.001),CCL5(+0.001);PLCB1(+0.001);AOAH(+0.001);A2M(+0.001);MYO1F(+0.001);S100A4(+0.001);RAP1GAP2(+0.001);PFN1(+0.001)
CMTM8,False,0.25939050318922746,-0.00014755948,0.008523219,-5.8497157e-05,LEF1(-0.002);BACH2(-0.001);MAML2(-0.001);FOXP1(-0.001);SERINC5(-0.001);FHIT(-0.001);PRKCA(-0.001);PDE3B(-0.001),S100A4(+0.001);PLCB1(+0.001);CCL5(+0.001);PFN1(+0.001);IL32(+0.001);A2M(+0.001);ACTG1(+0.001);ACTB(+0.001)
SESN3,False,0.5671918443002781,-0.00022692935,0.0085068215,-6.152096e-05,CAMK4(-0.001);IL7R(-0.001);LTB(-0.001);LEF1(-0.001);BCL11B(-0.001);IL32(-0.001);BCL2(-0.001);RPL11(-0.001),AOAH(+0.001);RAP1GAP2(+0.001);JAZF1(+0.001);SAMD3(+0.001);SYNE1(+0.001);MCTP2(+0.001);CD247(+0.001);VAV3(+0.001)
TECR,False,0.3831434334623563,-0.00012274369,0.008494844,4.84235e-05,LEF1(-0.002);MAML2(-0.001);BACH2(-0.001);FOXP1(-0.001);SERINC5(-0.001);FHIT(-0.001);PDE3B(-0.001);CAMK4(-0.001),PLCB1(+0.001);AOAH(+0.001);CCL5(+0.001);MYO1F(+0.001);A2M(+0.001);RAP1GAP2(+0.001);S100A4(+0.001);PFN1(+0.001)
MED13,False,0.32437442075996287,-5.3400017e-05,0.008488788,-8.4959924e-05,PLCB1(-0.001);ACTG1(-0.001);MYO1F(-0.001);AOAH(-0.001);S100A4(-0.001);PFN1(-0.001);ACTB(-0.001);CCL5(-0.001),LEF1(+0.002);MAML2(+0.001);BACH2(+0.001);FOXP1(+0.001);SERINC5(+0.001);CAMK4(+0.001);PDE3B(+0.001);PRKCA(+0.001)
PITPNC1,False,0.840320558251104,-0.00050838164,0.008486933,-0.0001318251,MAML2(-0.001);LEF1(-0.001);IL7R(-0.001);BCL2(-0.001);CAMK4(-0.001);FOXP1(-0.001);BACH2(-0.001);INPP4B(-0.001),ACTG1(+0.001);PFN1(+0.001);ACTB(+0.001);GAPDH(+0.001);RAP1GAP2(+0.001);CORO1A(+0.001);MYL6(+0.001);S100A4(+0.001)
SORL1,False,0.6494575587417545,0.00014041984,0.008479693,-0.00023993861,PLCB1(-0.001);A2M(-0.001);S100A4(-0.001);CCL5(-0.001);PHACTR2(-0.001);MYO1F(-0.001);IL32(-0.001);PFN1(-0.001),LEF1(+0.002);BACH2(+0.001);MAML2(+0.001);FOXP1(+0.001);SERINC5(+0.001);FHIT(+0.001);PRKCA(+0.001);PDE3B(+0.001)
RPS4X,False,0.7598538952188847,-0.00030250632,0.008461665,-0.00017446515,CCL5(-0.001);PLCB1(-0.001);A2M(-0.001);PHACTR2(-0.001);S100A4(-0.001);IL32(-0.001);MYO1F(-0.001);PFN1(-0.001),LEF1(+0.002);BACH2(+0.001);MAML2(+0.001);FOXP1(+0.001);SERINC5(+0.001);FHIT(+0.001);PRKCA(+0.001);PDE3B(+0.001)
TRERF1,False,0.41367279071035273,-0.0001046397,0.008460315,-0.00020971155,AOAH(-0.001);CCL5(-0.001);PLCB1(-0.001);MYO1F(-0.001);RAP1GAP2(-0.001);GNLY(-0.001);SYNE1(-0.001);SAMD3(-0.001),LEF1(+0.002);MAML2(+0.001);FOXP1(+0.001);BACH2(+0.001);CAMK4(+0.001);SERINC5(+0.001);PDE3B(+0.001);FHIT(+0.001)
SSH2,False,0.717821512293518,-0.00033214246,0.00845551,-3.8013088e-05,LEF1(-0.002);BACH2(-0.001);MAML2(-0.001);FOXP1(-0.001);FHIT(-0.001);SERINC5(-0.001);PRKCA(-0.001);PDE3B(-0.001),PLCB1(+0.001);A2M(+0.001);S100A4(+0.001);IL32(+0.001);PHACTR2(+0.001);CCL5(+0.001);KLRG1(+0.001);MYO1F(+0.001)
SATB1,True,0.33140707626887644,-0.00010093393,0.008435377,0.0013640797,LEF1(-0.002);FOXP1(-0.001);MAML2(-0.001);BACH2(-0.001);SERINC5(-0.001);CAMK4(-0.001);PDE3B(-0.001);PRKCA(-0.001),ACTB(+0.001);CCL5(+0.001);ACTG1(+0.001);PLCB1(+0.001);SYNE2(+0.001);TMSB4X(+0.001);B2M(+0.001);S100A4(+0.001)
TMSB4X,False,0.8711770157553292,-0.0007624465,0.008433629,-0.0002692339,ACTB(-0.001);ACTG1(-0.001);GNLY(-0.001);PFN1(-0.001);GAPDH(-0.001);CCL5(-0.001);S100A4(-0.001);TGFBR3(-0.001),MAML2(+0.001);LEF1(+0.001);BCL2(+0.001);FOXP1(+0.001);BACH2(+0.001);CAMK4(+0.001);INPP4B(+0.001);SERINC5(+0.001)
ZCCHC7,False,0.5059695796761707,-0.0002353197,0.008404164,-0.00023314265,LEF1(-0.002);MAML2(-0.001);BACH2(-0.001);FOXP1(-0.001);SERINC5(-0.001);FHIT(-0.001);PRKCA(-0.001);PDE3B(-0.001),PLCB1(+0.001);S100A4(+0.001);PFN1(+0.001);A2M(+0.001);ACTG1(+0.001);CCL5(+0.001);MYO1F(+0.001);ACTB(+0.001)
TRABD2A,False,0.5873630267677044,-0.0004637903,0.008400971,-0.00037274105,LEF1(-0.002);MAML2(-0.001);BACH2(-0.001);FOXP1(-0.001);SERINC5(-0.001);CAMK4(-0.001);PDE3B(-0.001);FHIT(-0.001),AOAH(+0.001);CCL5(+0.001);PLCB1(+0.001);MYO1F(+0.001);RAP1GAP2(+0.001);CTSW(+0.001);PPP2R2B(+0.001);A2M(+0.001)
PCGF5,False,0.49441203728942923,-0.000153615,0.008381664,-1.3484756e-05,LEF1(-0.002);MAML2(-0.001);BACH2(-0.001);FOXP1(-0.001);SERINC5(-0.001);FHIT(-0.001);PRKCA(-0.001);PDE3B(-0.001),S100A4(+0.001);PFN1(+0.001);ACTG1(+0.001);PLCB1(+0.001);ACTB(+0.001);MYO1F(+0.001);CCL5(+0.001);A2M(+0.001)
CDK6,False,0.46579076486943255,-0.000100053745,0.008377082,0.00012235936,LEF1(-0.002);MAML2(-0.001);BACH2(-0.001);FOXP1(-0.001);SERINC5(-0.001);CAMK4(-0.001);PDE3B(-0.001);PRKCA(-0.001),ACTG1(+0.001);ACTB(+0.001);PFN1(+0.001);MYO1F(+0.001);S100A4(+0.001);AOAH(+0.001);RAP1GAP2(+0.001);PLCB1(+0.001)
GLS,False,0.3666248705228152,-3.7416285e-05,0.008343977,1.0874474e-05,PLCB1(-0.001);S100A4(-0.001);PFN1(-0.001);ACTG1(-0.001);MYO1F(-0.001);ACTB(-0.001);CCL5(-0.001);A2M(-0.001),LEF1(+0.002);MAML2(+0.001);BACH2(+0.001);FOXP1(+0.001);SERINC5(+0.001);FHIT(+0.001);PRKCA(+0.001);PDE3B(+0.001)
NFKB1,True,0.47058823529411764,0.00017381032,0.0083408635,0.0011279846,PFN1(-0.001);PLCB1(-0.001);MYO1F(-0.001);S100A4(-0.001);HCST(-0.001);AOAH(-0.001);A2M(-0.001);RAP1GAP2(-0.001),LEF1(+0.002);MAML2(+0.001);BACH2(+0.001);FOXP1(+0.001);SERINC5(+0.001);FHIT(+0.001);PRKCA(+0.001);PDE3B(+0.001)
BNC2,True,0.004797470424685165,3.4366863e-07,0.008305347,-0.0017189196,B2M(-0.001);ARHGAP15(-0.001);HLA-B(-0.001);MBNL1(-0.001);LTB(-0.001);RPL13(-0.001);HLA-A(-0.001);RPL11(-0.001),PFN1(+0.001);CCR7(+0.000);SELL(+0.000);KCNQ5(+0.000);AK5(+0.000);ATP10A(+0.000);DNMT1(+0.000);RALY(+0.000)
LUC7L3,False,0.6796598157335225,-0.00010973053,0.0082992,3.3209353e-06,LEF1(-0.002);MAML2(-0.001);BACH2(-0.001);FOXP1(-0.001);SERINC5(-0.001);CAMK4(-0.001);PDE3B(-0.001);FHIT(-0.001),AOAH(+0.001);PLCB1(+0.001);MYO1F(+0.001);RAP1GAP2(+0.001);CCL5(+0.001);A2M(+0.001);SYNE1(+0.001);SAMD3(+0.001)
BATF,True,0.1328027040287848,-9.0983805e-05,0.008287203,-0.0034621477,B2M(-0.001);CCL5(-0.001);HLA-B(-0.001);MBNL1(-0.001);RPL13(-0.001);ACTB(-0.001);PTPRC(-0.001);RIPOR2(-0.001),TRAC(+0.001);PFN1(+0.001);TRBC1(+0.001);TRBC2(+0.001);JUN(+0.001);HCST(+0.001);CD3D(+0.001);FOS(+0.000)
BCLAF1,False,0.3129259117919643,-2.895796e-05,0.008233287,-0.00010335056,LEF1(-0.002);MAML2(-0.001);BACH2(-0.001);FOXP1(-0.001);SERINC5(-0.001);CAMK4(-0.001);PDE3B(-0.001);FHIT(-0.001),AOAH(+0.001);PLCB1(+0.001);CCL5(+0.001);MYO1F(+0.001);RAP1GAP2(+0.001);PFN1(+0.001);SAMD3(+0.001);SYNE1(+0.001)
ELF2,True,0.32502862127242005,-0.00013654178,0.00819323,-0.0029728378,B2M(-0.001);CCL5(-0.001);ACTB(-0.001);HLA-B(-0.001);CD247(-0.001);PTPRC(-0.001);MBNL1(-0.001);TMSB4X(-0.001),TRAC(+0.001);TRBC1(+0.001);FOXP1(+0.001);LEF1(+0.001);TRBC2(+0.001);CD3D(+0.001);JUN(+0.001);CAMK4(+0.000)
SREBF2,True,0.24052772174671538,-0.00017602662,0.008174844,0.0016867392,KCNQ5(-0.000);AOAH(-0.000);PFN1(-0.000);JAZF1(-0.000);MCTP2(-0.000);ATP10A(-0.000);CCR7(-0.000);AK5(-0.000),B2M(+0.001);LTB(+0.001);ARHGAP15(+0.001);RPL11(+0.001);HLA-B(+0.001);RPL13(+0.001);RPS2(+0.001);RPL13A(+0.001)
RPL28,False,0.8300169001799055,-0.0005874886,0.008142107,-0.0001819846,CAMK4(-0.001);LEF1(-0.001);IL7R(-0.001);RPL11(-0.001);LTB(-0.001);IL32(-0.001);BCL11B(-0.001);RPS2(-0.001),AOAH(+0.001);RAP1GAP2(+0.001);JAZF1(+0.001);SYNE1(+0.001);SAMD3(+0.001);UTRN(+0.001);VAV3(+0.001);ARHGAP26(+0.001)
RPRD2,False,0.3804721147031565,2.466778e-05,0.008135404,8.253001e-06,AOAH(-0.001);RAP1GAP2(-0.001);CCL5(-0.001);PLCB1(-0.001);MYO1F(-0.001);JAZF1(-0.001);SAMD3(-0.001);SYNE1(-0.001),LEF1(+0.001);CAMK4(+0.001);MAML2(+0.001);SERINC5(+0.001);FOXP1(+0.001);BACH2(+0.001);PDE3B(+0.001);FHIT(+0.001)
SLC39A10,False,0.21495938505151826,-3.918553e-06,0.008121884,1.9285659e-05,AOAH(-0.001);GNLY(-0.001);RAP1GAP2(-0.001);CCL5(-0.001);MYO1F(-0.001);MCTP2(-0.001);TGFBR3(-0.001);PLCB1(-0.001),LEF1(+0.001);MAML2(+0.001);CAMK4(+0.001);BACH2(+0.001);FOXP1(+0.001);SERINC5(+0.001);PDE3B(+0.001);INPP4B(+0.001)
SUN2,False,0.36051899907321594,-7.86218e-05,0.008099998,5.0445455e-05,AOAH(-0.001);RAP1GAP2(-0.001);MYO1F(-0.001);PLCB1(-0.001);CCL5(-0.001);SAMD3(-0.001);JAZF1(-0.001);SYNE1(-0.001),LEF1(+0.001);MAML2(+0.001);CAMK4(+0.001);FOXP1(+0.001);BACH2(+0.001);SERINC5(+0.001);PDE3B(+0.001);INPP4B(+0.001)
FTX,False,0.71405985934689,-0.00022530723,0.008099297,-0.00021779636,LEF1(-0.002);MAML2(-0.001);BACH2(-0.001);FOXP1(-0.001);SERINC5(-0.001);CAMK4(-0.001);FHIT(-0.001);PDE3B(-0.001),AOAH(+0.001);PLCB1(+0.001);MYO1F(+0.001);A2M(+0.001);CCL5(+0.001);RAP1GAP2(+0.001);SYNE1(+0.001);SAMD3(+0.001)
COP1,False,0.5434225590143379,-4.2798296e-05,0.0080848085,-0.00011724849,AOAH(-0.001);CCL5(-0.001);RAP1GAP2(-0.001);PLCB1(-0.001);MYO1F(-0.001);SYNE1(-0.001);SAMD3(-0.001);JAZF1(-0.001),LEF1(+0.001);MAML2(+0.001);CAMK4(+0.001);FOXP1(+0.001);BACH2(+0.001);SERINC5(+0.001);PDE3B(+0.001);FHIT(+0.001)
ATP11B,False,0.5052608624543423,5.039187e-05,0.008056788,-4.5243465e-05,LEF1(-0.001);MAML2(-0.001);CAMK4(-0.001);FOXP1(-0.001);BACH2(-0.001);SERINC5(-0.001);PDE3B(-0.001);INPP4B(-0.001),AOAH(+0.001);CCL5(+0.001);RAP1GAP2(+0.001);GNLY(+0.001);MYO1F(+0.001);PLCB1(+0.001);JAZF1(+0.001);SAMD3(+0.001)
USP47,False,0.5305020988933108,-4.951111e-05,0.008043146,6.8946943e-06,AOAH(-0.001);CCL5(-0.001);PLCB1(-0.001);RAP1GAP2(-0.001);MYO1F(-0.001);SAMD3(-0.001);SYNE1(-0.001);JAZF1(-0.001),LEF1(+0.001);MAML2(+0.001);CAMK4(+0.001);FOXP1(+0.001);BACH2(+0.001);SERINC5(+0.001);PDE3B(+0.001);FHIT(+0.001)
DLG1,False,0.42239546420978036,-7.985775e-05,0.0080218585,0.0001939571,LEF1(-0.002);MAML2(-0.001);BACH2(-0.001);FOXP1(-0.001);SERINC5(-0.001);FHIT(-0.001);PRKCA(-0.001);PDE3B(-0.001),S100A4(+0.001);PLCB1(+0.001);PFN1(+0.001);IL32(+0.001);ACTB(+0.001);A2M(+0.001);ACTG1(+0.001);PHACTR2(+0.001)
SIK3,False,0.5008995257046285,-0.00029472867,0.0080018835,-3.2876449e-06,PLCB1(-0.001);A2M(-0.001);CCL5(-0.001);PHACTR2(-0.001);AOAH(-0.001);KLRG1(-0.001);PARP8(-0.001);MYO1F(-0.001),LEF1(+0.002);BACH2(+0.001);FOXP1(+0.001);MAML2(+0.001);FHIT(+0.001);SERINC5(+0.001);PRKCA(+0.001);PDE3B(+0.001)
XPR1,False,0.2581366188736848,-2.0752204e-05,0.00798806,8.508306e-05,LEF1(-0.002);MAML2(-0.001);BACH2(-0.001);FOXP1(-0.001);CAMK4(-0.001);SERINC5(-0.001);PDE3B(-0.001);FHIT(-0.001),AOAH(+0.001);CCL5(+0.001);PLCB1(+0.001);RAP1GAP2(+0.001);MYO1F(+0.001);SAMD3(+0.001);SYNE1(+0.001);JAZF1(+0.001)
ARID4A,False,0.33587744643733297,-1.1347868e-05,0.00797445,-0.00010229794,CCL5(-0.001);PLCB1(-0.001);AOAH(-0.001);MYO1F(-0.001);S100A4(-0.001);ACTG1(-0.001);PFN1(-0.001);RAP1GAP2(-0.001),LEF1(+0.002);MAML2(+0.001);BACH2(+0.001);FOXP1(+0.001);SERINC5(+0.001);PDE3B(+0.001);FHIT(+0.001);CAMK4(+0.001)
ELP4,False,0.260099220411056,-3.7727703e-05,0.007966072,8.71291e-06,LEF1(-0.002);MAML2(-0.001);BACH2(-0.001);FOXP1(-0.001);CAMK4(-0.001);SERINC5(-0.001);PDE3B(-0.001);FHIT(-0.001),AOAH(+0.001);PLCB1(+0.001);RAP1GAP2(+0.001);MYO1F(+0.001);CCL5(+0.001);GNLY(+0.001);SAMD3(+0.001);SYNE1(+0.001)
GRAP2,False,0.6010467208199314,-0.0002758474,0.007960122,7.773663e-05,IL7R(-0.001);LTB(-0.001);CAMK4(-0.001);IL32(-0.001);BCL2(-0.001);PHACTR2(-0.001);BCL11B(-0.001);RPL11(-0.001),AOAH(+0.001);JAZF1(+0.001);CD247(+0.001);RAP1GAP2(+0.001);MCTP2(+0.001);SAMD3(+0.001);VAV3(+0.001);GNLY(+0.001)
RPL36AL,False,0.39366515837104077,-0.000109860826,0.007949405,-0.00015517043,AOAH(-0.001);RAP1GAP2(-0.001);CCL5(-0.001);MYO1F(-0.001);PLCB1(-0.001);JAZF1(-0.001);SAMD3(-0.001);SYNE1(-0.001),LEF1(+0.001);MAML2(+0.001);CAMK4(+0.001);FOXP1(+0.001);BACH2(+0.001);SERINC5(+0.001);PDE3B(+0.001);INPP4B(+0.001)
BOD1L1,False,0.3362045466935616,2.8148066e-05,0.007943999,-3.590676e-05,PLCB1(-0.001);CCL5(-0.001);S100A4(-0.001);MYO1F(-0.001);PFN1(-0.001);AOAH(-0.001);ACTG1(-0.001);A2M(-0.001),LEF1(+0.002);MAML2(+0.001);BACH2(+0.001);FOXP1(+0.001);SERINC5(+0.001);FHIT(+0.001);PRKCA(+0.001);PDE3B(+0.001)
CAMKMT,False,0.4572861582074906,-0.00018532058,0.007942154,3.7244215e-05,LEF1(-0.002);MAML2(-0.001);BACH2(-0.001);FOXP1(-0.001);SERINC5(-0.001);FHIT(-0.001);PRKCA(-0.001);PDE3B(-0.001),PLCB1(+0.001);CCL5(+0.001);AOAH(+0.001);MYO1F(+0.001);A2M(+0.001);S100A4(+0.001);PFN1(+0.001);ACTG1(+0.001)
SPOCK2,False,0.43286267240909343,-0.00021885862,0.007942057,-9.5422954e-05,LEF1(-0.001);CAMK4(-0.001);MAML2(-0.001);FOXP1(-0.001);BACH2(-0.001);SERINC5(-0.001);PDE3B(-0.001);IL7R(-0.001),AOAH(+0.001);RAP1GAP2(+0.001);MYO1F(+0.001);JAZF1(+0.001);SAMD3(+0.001);SYNE1(+0.001);PLCB1(+0.001);NCALD(+0.001)
HIVEP1,False,0.38963092187755544,-0.00016040122,0.007929345,0.000300972,LEF1(-0.002);MAML2(-0.001);BACH2(-0.001);FOXP1(-0.001);SERINC5(-0.001);FHIT(-0.001);PDE3B(-0.001);PRKCA(-0.001),CCL5(+0.001);PLCB1(+0.001);AOAH(+0.001);GNLY(+0.001);A2M(+0.001);MYO1F(+0.001);RAP1GAP2(+0.001);NCALD(+0.001)
CSNK1A1,False,0.40903887041378184,1.5062195e-05,0.007927783,-0.00012494373,AOAH(-0.001);CCL5(-0.001);PLCB1(-0.001);MYO1F(-0.001);ACTG1(-0.001);ACTB(-0.001);RAP1GAP2(-0.001);GNLY(-0.001),LEF1(+0.002);MAML2(+0.001);BACH2(+0.001);FOXP1(+0.001);SERINC5(+0.001);CAMK4(+0.001);PDE3B(+0.001);PRKCA(+0.001)
PPP6C,False,0.23196859837540204,-2.9084167e-05,0.007919046,-0.0001255557,CCL5(-0.001);PLCB1(-0.001);GNLY(-0.001);AOAH(-0.001);MYO1F(-0.001);S100A4(-0.001);A2M(-0.001);ACTG1(-0.001),LEF1(+0.002);MAML2(+0.001);BACH2(+0.001);FOXP1(+0.001);SERINC5(+0.001);FHIT(+0.001);PDE3B(+0.001);PRKCA(+0.001)
NPEPPS,False,0.27165676279779755,-4.4767232e-05,0.007867896,7.878646e-05,PLCB1(-0.001);A2M(-0.001);S100A4(-0.001);CCL5(-0.001);PFN1(-0.001);MYO1F(-0.001);PHACTR2(-0.001);AOAH(-0.001),LEF1(+0.002);BACH2(+0.001);MAML2(+0.001);FOXP1(+0.001);SERINC5(+0.001);FHIT(+0.001);PRKCA(+0.001);PDE3B(+0.001)
DYM,False,0.4458921659488634,-6.147448e-05,0.007808511,-4.4401448e-05,LEF1(-0.002);BACH2(-0.001);MAML2(-0.001);FOXP1(-0.001);SERINC5(-0.001);FHIT(-0.001);PRKCA(-0.001);PDE3B(-0.001),PLCB1(+0.001);CCL5(+0.001);A2M(+0.001);S100A4(+0.001);PHACTR2(+0.001);MYO1F(+0.001);AOAH(+0.001);IL32(+0.001)
TNRC6B,False,0.928855694270294,-0.00012241701,0.007800104,-0.00014304947,IL7R(-0.001);LTB(-0.001);PHACTR2(-0.001);IL32(-0.001);BCL2(-0.001);CAMK4(-0.001);GZMK(-0.001);A2M(-0.001),CD247(+0.001);JAZF1(+0.001);SMC4(+0.001);TFDP2(+0.001);IFI16(+0.001);KCNQ5(+0.001);RAP1GAP2(+0.000);MAPRE2(+0.000)
NFATC1,True,0.17636155481655127,8.300438e-06,0.007798969,0.003392628,TRAC(-0.001);TRBC1(-0.001);FOXP1(-0.001);JUN(-0.001);TRBC2(-0.001);LEF1(-0.001);PFN1(-0.000);CD3D(-0.000),CCL5(+0.001);B2M(+0.001);HLA-B(+0.001);ACTB(+0.001);CYBA(+0.001);SYNE2(+0.001);RPL13(+0.001);RPS2(+0.001)
ZDHHC20,False,0.21495938505151832,-4.6739846e-05,0.0077929404,-2.9485496e-05,AOAH(-0.001);CCL5(-0.001);PLCB1(-0.001);MYO1F(-0.001);RAP1GAP2(-0.001);GNLY(-0.001);ACTG1(-0.001);PFN1(-0.001),LEF1(+0.001);MAML2(+0.001);BACH2(+0.001);FOXP1(+0.001);SERINC5(+0.001);CAMK4(+0.001);PDE3B(+0.001);PRKCA(+0.001)
CTCF,True,0.26358828981082705,-4.3858618e-05,0.007779648,-0.0028702423,B2M(-0.001);MBNL1(-0.001);ARHGAP15(-0.001);CCL5(-0.001);RIPOR2(-0.001);PTPRC(-0.001);RPL13(-0.001);HLA-B(-0.001),PFN1(+0.001);TRAC(+0.001);TRBC2(+0.001);TRBC1(+0.001);HCST(+0.001);CD3D(+0.001);JUN(+0.001);HLA-C(+0.000)
MZF1,True,0.08853513601918989,0.0,0.007779271,-0.0031316818,B2M(-0.001);CCL5(-0.001);HLA-B(-0.001);SYNE2(-0.001);ACTB(-0.001);IL7R(-0.001);CD247(-0.001);MBNL1(-0.001),TRAC(+0.001);TRBC1(+0.001);JUN(+0.001);FOS(+0.001);TRBC2(+0.001);HCST(+0.001);CD3D(+0.001);PFN1(+0.000)
LNPEP,False,0.3620999836449872,-7.971326e-05,0.007776234,-3.16686e-05,LEF1(-0.002);BACH2(-0.001);MAML2(-0.001);FOXP1(-0.001);SERINC5(-0.001);FHIT(-0.001);PRKCA(-0.001);PDE3B(-0.001),PLCB1(+0.001);A2M(+0.001);CCL5(+0.001);S100A4(+0.001);PHACTR2(+0.001);MYO1F(+0.001);AOAH(+0.001);PFN1(+0.001)
ITFG1,False,0.4301913536498937,-0.00011421472,0.007773868,7.7859324e-05,LEF1(-0.001);CAMK4(-0.001);MAML2(-0.001);IL7R(-0.001);SERINC5(-0.001);FOXP1(-0.001);BCL11B(-0.001);PDE3B(-0.001),AOAH(+0.001);RAP1GAP2(+0.001);GNLY(+0.001);JAZF1(+0.001);SAMD3(+0.001);MYO1F(+0.001);SYNE1(+0.001);CCL5(+0.001)
BTBD9,False,0.5193261734721693,-5.3454045e-05,0.0077460394,0.000126014,LEF1(-0.002);MAML2(-0.001);BACH2(-0.001);FOXP1(-0.001);SERINC5(-0.001);CAMK4(-0.001);PDE3B(-0.001);FHIT(-0.001),AOAH(+0.001);PLCB1(+0.001);MYO1F(+0.001);RAP1GAP2(+0.001);A2M(+0.001);CCL5(+0.001);PFN1(+0.001);S100A4(+0.001)
SP1,True,0.048138254374965925,0.0,0.007725895,0.0022314487,PFN1(-0.001);CCR7(-0.000);SELL(-0.000);JUN(-0.000);KCNQ5(-0.000);AK5(-0.000);RALY(-0.000);TRBC1(-0.000),B2M(+0.001);ARHGAP15(+0.001);CCL5(+0.001);HLA-B(+0.001);LTB(+0.001);RPL13(+0.001);MBNL1(+0.001);RPL11(+0.001)
RPS6KA5,False,0.5621763070381072,-9.472116e-06,0.0077241967,-0.000116172174,AOAH(-0.001);GNLY(-0.001);JAZF1(-0.001);CD247(-0.001);TXK(-0.001);KCNQ5(-0.001);MCTP2(-0.001);SFMBT2(-0.001),IL32(+0.001);PHACTR2(+0.001);S100A4(+0.001);RPL11(+0.001);LTB(+0.001);RPL28(+0.001);IL7R(+0.001);PFN1(+0.001)
ENSA,False,0.24625197623071474,-2.6250942e-05,0.007718059,-5.1298073e-05,LEF1(-0.002);MAML2(-0.001);BACH2(-0.001);FOXP1(-0.001);SERINC5(-0.001);FHIT(-0.001);PRKCA(-0.001);PDE3B(-0.001),PLCB1(+0.001);AOAH(+0.001);A2M(+0.001);MYO1F(+0.001);S100A4(+0.001);PFN1(+0.001);CCL5(+0.001);ACTG1(+0.001)
FAM172A,False,0.5921604971923897,-7.038453e-06,0.0077128373,-9.616844e-05,LEF1(-0.001);MAML2(-0.001);BACH2(-0.001);FOXP1(-0.001);CAMK4(-0.001);SERINC5(-0.001);PDE3B(-0.001);INPP4B(-0.001),AOAH(+0.001);RAP1GAP2(+0.001);MYO1F(+0.001);PFN1(+0.001);ACTG1(+0.001);CCL5(+0.001);PLCB1(+0.001);ACTB(+0.001)
RSRC1,False,0.30125933598647986,6.9181886e-05,0.0077085174,-6.271258e-05,CCL5(-0.001);PLCB1(-0.001);ACTG1(-0.001);PFN1(-0.001);S100A4(-0.001);MYO1F(-0.001);ACTB(-0.001);AOAH(-0.001),LEF1(+0.001);MAML2(+0.001);BACH2(+0.001);FOXP1(+0.001);SERINC5(+0.001);PDE3B(+0.001);CAMK4(+0.001);PRKCA(+0.001)
MXI1,True,0.2080902796707191,0.00010798946,0.00770604,0.002708178,PFN1(-0.001);TRAC(-0.000);JUN(-0.000);HCST(-0.000);TRBC1(-0.000);TRBC2(-0.000);HLA-C(-0.000);AOAH(-0.000),B2M(+0.001);ARHGAP15(+0.001);MBNL1(+0.001);RPL13(+0.001);RPS2(+0.001);EEF1A1(+0.001);HLA-B(+0.001);RIPOR2(+0.001)
KLF9,True,0.1696014828544949,-6.2334643e-06,0.0076877642,0.002061784,LEF1(-0.001);FOXP1(-0.001);BACH2(-0.001);MAML2(-0.000);FHIT(-0.000);TRBC1(-0.000);PRKCA(-0.000);SELL(-0.000),B2M(+0.001);CCL5(+0.001);HLA-B(+0.001);ACTB(+0.001);HLA-A(+0.001);S100A4(+0.001);RPL13(+0.001);RPS2(+0.001)
LINC00861,False,0.6462410728888407,-0.0002534579,0.0076641296,1.4715302e-05,LEF1(-0.001);BACH2(-0.001);MAML2(-0.001);FOXP1(-0.001);SERINC5(-0.001);FHIT(-0.001);PRKCA(-0.001);ZBTB20(-0.001),S100A4(+0.001);IL32(+0.001);PFN1(+0.001);PHACTR2(+0.001);ACTB(+0.001);ACTG1(+0.001);PLCB1(+0.001);A2M(+0.001)
PDE4D,False,0.22264624107288883,-0.00020518602,0.007661963,0.00031029974,PLCB1(-0.001);CCL5(-0.001);AOAH(-0.001);A2M(-0.001);MYO1F(-0.001);RAP1GAP2(-0.001);S100A4(-0.001);PFN1(-0.001),LEF1(+0.002);MAML2(+0.001);BACH2(+0.001);FOXP1(+0.001);SERINC5(+0.001);FHIT(+0.001);PRKCA(+0.001);PDE3B(+0.001)
JUN,True,0.494248487161315,-0.0001394684,0.0076526883,-0.00041349494,CD247(-0.001);AOAH(-0.001);GNLY(-0.001);MCTP2(-0.001);PRKCH(-0.001);JAZF1(-0.001);MBNL1(-0.001);SKAP1(-0.001),IL32(+0.001);PHACTR2(+0.001);IL7R(+0.001);CAMK4(+0.001);LTB(+0.001);TRAC(+0.001);S100A6(+0.001);GZMK(+0.001)
VOPP1,False,0.5746606334841629,-0.00016747716,0.007642803,-8.262465e-05,LEF1(-0.001);BACH2(-0.001);MAML2(-0.001);FOXP1(-0.001);FHIT(-0.001);SERINC5(-0.001);PRKCA(-0.001);TXK(-0.001),IL32(+0.001);PHACTR2(+0.001);S100A4(+0.001);PLCB1(+0.001);CCL5(+0.001);A2M(+0.001);GZMK(+0.001);PFN1(+0.001)
HSF2,True,0.07894019516981957,-9.907568e-05,0.0076271,-0.0027949056,B2M(-0.001);MBNL1(-0.001);CCL5(-0.001);ARHGAP15(-0.001);HLA-B(-0.001);RIPOR2(-0.001);RPL13(-0.001);PTPRC(-0.001),PFN1(+0.001);TRAC(+0.001);TRBC1(+0.001);TRBC2(+0.000);HCST(+0.000);JUN(+0.000);CD3D(+0.000);HLA-C(+0.000)
TPK1,False,0.3747478602191572,-0.0001371362,0.0075860615,-0.00013367583,LEF1(-0.001);CAMK4(-0.001);MAML2(-0.001);SERINC5(-0.001);FOXP1(-0.001);BACH2(-0.001);PDE3B(-0.001);IL7R(-0.001),AOAH(+0.001);RAP1GAP2(+0.001);GNLY(+0.001);CCL5(+0.001);MYO1F(+0.001);JAZF1(+0.001);SAMD3(+0.001);SYNE1(+0.001)
CORO1A,False,0.5901978956550182,-0.00053541735,0.007559243,-4.722736e-05,S100A4(-0.001);PFN1(-0.001);CCL5(-0.001);IL32(-0.001);PLCB1(-0.001);ACTB(-0.001);ACTG1(-0.001);A2M(-0.001),LEF1(+0.001);MAML2(+0.001);BACH2(+0.001);FOXP1(+0.001);SERINC5(+0.001);FHIT(+0.001);PRKCA(+0.001);PDE3B(+0.001)
RPS29,False,0.8697050646023008,-0.00039603715,0.0075237886,-0.00016470537,IL32(-0.001);S100A4(-0.001);PHACTR2(-0.001);ACTB(-0.001);PFN1(-0.001);RPL11(-0.001);RPL28(-0.001);ACTG1(-0.001),BACH2(+0.001);MAML2(+0.001);TXK(+0.001);ZBTB20(+0.001);FOXP1(+0.001);LEF1(+0.001);AOAH(+0.001);KCNQ5(+0.000)
RBM39,False,0.7395191626233444,-0.00032049924,0.0075184735,-0.00033715778,AOAH(-0.001);JAZF1(-0.001);CD247(-0.001);RAP1GAP2(-0.001);GNLY(-0.001);MCTP2(-0.001);SAMD3(-0.001);SYNE1(-0.001),LTB(+0.001);IL7R(+0.001);IL32(+0.001);CAMK4(+0.001);TRAC(+0.001);RPL11(+0.001);PHACTR2(+0.001);RPL30(+0.001)
CDK12,False,0.3035490377800796,-5.3260752e-05,0.0075146584,0.00010903947,LEF1(-0.001);MAML2(-0.001);BACH2(-0.001);FOXP1(-0.001);SERINC5(-0.001);CAMK4(-0.001);FHIT(-0.001);PDE3B(-0.001),PLCB1(+0.001);AOAH(+0.001);CCL5(+0.001);MYO1F(+0.001);A2M(+0.001);RAP1GAP2(+0.001);S100A4(+0.001);ACTG1(+0.001)
TCF25,False,0.6040996565447311,-0.0003140693,0.0075137415,0.0002079147,AOAH(-0.001);GNLY(-0.001);MCTP2(-0.001);JAZF1(-0.001);RAP1GAP2(-0.001);TGFBR3(-0.001);SAMD3(-0.001);SYNE1(-0.001),IL32(+0.001);IL7R(+0.001);CAMK4(+0.001);LTB(+0.001);RPL11(+0.001);RPS18(+0.001);RPS2(+0.001);EEF1A1(+0.001)
ZNF692,True,0.013574660633484163,0.0,0.007512004,-0.0030451366,B2M(-0.001);CCL5(-0.001);HLA-B(-0.001);MBNL1(-0.001);RPL13(-0.001);RPS2(-0.001);EEF1A1(-0.001);RIPOR2(-0.001),TRAC(+0.001);PFN1(+0.001);TRBC1(+0.001);JUN(+0.001);HCST(+0.001);TRBC2(+0.001);CD3D(+0.000);FOS(+0.000)
LRBA,False,0.7674317178215124,-2.7268325e-05,0.0074847904,-0.000111008085,LEF1(-0.001);MAML2(-0.001);BACH2(-0.001);FOXP1(-0.001);SERINC5(-0.001);FHIT(-0.001);PRKCA(-0.001);PDE3B(-0.001),S100A4(+0.001);PFN1(+0.001);PLCB1(+0.001);ACTG1(+0.001);A2M(+0.001);ACTB(+0.001);IL32(+0.001);MYO1F(+0.001)
DENND4A,False,0.4745134383688602,-4.8569013e-06,0.00747841,2.4730485e-05,LEF1(-0.001);CAMK4(-0.001);IL7R(-0.001);MAML2(-0.001);BCL2(-0.001);LTB(-0.001);BCL11B(-0.001);SERINC5(-0.001),AOAH(+0.001);RAP1GAP2(+0.001);JAZF1(+0.001);SAMD3(+0.001);MYO1F(+0.001);SYNE1(+0.001);DNAJC1(+0.001);ACTG1(+0.001)
SP100,False,0.7460066510385436,-1.1060182e-06,0.007472529,-0.00018354553,LEF1(-0.001);MAML2(-0.001);BACH2(-0.001);FOXP1(-0.001);CAMK4(-0.001);SERINC5(-0.001);PDE3B(-0.001);INPP4B(-0.001),AOAH(+0.001);PFN1(+0.001);MYO1F(+0.001);ACTG1(+0.001);RAP1GAP2(+0.001);PLCB1(+0.001);ACTB(+0.001);SAMD3(+0.001)
MSI2,False,0.5918879136455326,-0.00030232492,0.007451681,-0.000281558,LEF1(-0.001);CAMK4(-0.001);IL7R(-0.001);MAML2(-0.001);BCL2(-0.001);BCL11B(-0.001);LTB(-0.001);SERINC5(-0.001),AOAH(+0.001);RAP1GAP2(+0.001);JAZF1(+0.001);SAMD3(+0.001);MYO1F(+0.001);MCTP2(+0.001);ACTG1(+0.001);SYNE1(+0.001)
GNAQ,False,0.5192171400534266,-0.00033374096,0.007422994,-0.0002345401,LEF1(-0.001);BACH2(-0.001);MAML2(-0.001);FOXP1(-0.001);SERINC5(-0.001);FHIT(-0.001);PRKCA(-0.001);PDE3B(-0.001),PLCB1(+0.001);CCL5(+0.001);AOAH(+0.001);A2M(+0.001);MYO1F(+0.001);GNLY(+0.001);CTSW(+0.001);RAP1GAP2(+0.001)
WWP1,False,0.42926456959057957,-0.00027675513,0.007415837,-2.3423148e-05,LEF1(-0.001);BACH2(-0.001);MAML2(-0.001);FOXP1(-0.001);SERINC5(-0.001);FHIT(-0.001);PRKCA(-0.001);PDE3B(-0.001),IL32(+0.001);S100A4(+0.001);PHACTR2(+0.001);PLCB1(+0.001);A2M(+0.001);PFN1(+0.001);CCL5(+0.001);ACTB(+0.001)
MBNL1,False,0.9982554653001148,-0.00028895144,0.007411079,9.794963e-05,LEF1(-0.001);MAML2(-0.001);CAMK4(-0.001);BCL2(-0.001);FOXP1(-0.001);BACH2(-0.001);IL7R(-0.001);INPP4B(-0.001),ACTG1(+0.001);ACTB(+0.001);PFN1(+0.001);GAPDH(+0.001);RAP1GAP2(+0.001);S100A4(+0.001);CORO1A(+0.001);TMSB4X(+0.001)
SRSF5,False,0.645368805538898,-0.00011175234,0.0073972805,-0.00032209337,LEF1(-0.001);MAML2(-0.001);CAMK4(-0.001);BACH2(-0.001);SERINC5(-0.001);FOXP1(-0.001);PDE3B(-0.001);IL7R(-0.001),AOAH(+0.001);RAP1GAP2(+0.001);MYO1F(+0.001);CCL5(+0.001);JAZF1(+0.001);PLCB1(+0.001);SAMD3(+0.001);PFN1(+0.001)
EMP3,False,0.394210325464755,0.00013988344,0.0073916307,0.00014119786,LEF1(-0.002);BACH2(-0.001);MAML2(-0.001);FOXP1(-0.001);SERINC5(-0.001);FHIT(-0.001);PRKCA(-0.001);PDE3B(-0.001),PLCB1(+0.001);CCL5(+0.001);A2M(+0.001);AOAH(+0.001);MYO1F(+0.001);S100A4(+0.001);PHACTR2(+0.001);PARP8(+0.001)
SLFN5,False,0.3403478166057897,-3.1463424e-05,0.007380722,0.00013118912,LEF1(-0.001);CAMK4(-0.001);MAML2(-0.001);FOXP1(-0.001);SERINC5(-0.001);BACH2(-0.001);PDE3B(-0.001);IL7R(-0.001),AOAH(+0.001);RAP1GAP2(+0.001);CCL5(+0.001);GNLY(+0.001);MYO1F(+0.001);JAZF1(+0.001);SAMD3(+0.001);SYNE1(+0.001)
SLC4A7,False,0.4003707136237257,-1.6495844e-05,0.0073727877,-0.000202234,CCL5(-0.001);PLCB1(-0.001);S100A4(-0.001);A2M(-0.001);MYO1F(-0.001);ACTB(-0.001);ACTG1(-0.001);PFN1(-0.001),LEF1(+0.001);MAML2(+0.001);BACH2(+0.001);FOXP1(+0.001);SERINC5(+0.001);FHIT(+0.001);PRKCA(+0.001);PDE3B(+0.001)
SGMS1,False,0.3219211688382489,-0.00013332393,0.0073720617,-5.470765e-05,CAMK4(-0.001);IL7R(-0.001);LTB(-0.001);LEF1(-0.001);IL32(-0.001);RPL11(-0.001);BCL11B(-0.001);BCL2(-0.001),AOAH(+0.001);GNLY(+0.001);JAZF1(+0.001);MCTP2(+0.001);RAP1GAP2(+0.001);TGFBR3(+0.001);SAMD3(+0.001);SYNE1(+0.001)
PITPNM2,False,0.22657144414763122,-0.00010416411,0.007357442,-2.7724232e-05,LEF1(-0.001);MAML2(-0.001);BACH2(-0.001);FOXP1(-0.001);SERINC5(-0.001);CAMK4(-0.001);PDE3B(-0.001);FHIT(-0.001),AOAH(+0.001);PLCB1(+0.001);MYO1F(+0.001);RAP1GAP2(+0.001);PFN1(+0.001);ACTG1(+0.001);CCL5(+0.001);A2M(+0.001)
FNDC3B,False,0.41399989096658124,-3.4458303e-06,0.00735325,0.00026916878,LEF1(-0.001);BACH2(-0.001);MAML2(-0.001);FOXP1(-0.001);FHIT(-0.001);SERINC5(-0.001);PRKCA(-0.001);PDE3B(-0.001),PLCB1(+0.001);A2M(+0.001);IL32(+0.001);S100A4(+0.001);PHACTR2(+0.001);KLRG1(+0.001);CCL5(+0.001);ACTB(+0.001)
S100A8,False,0.539551872648967,-1.612066e-05,0.00735071,0.00081615784,LEF1(-0.001);BACH2(-0.001);FOXP1(-0.001);MAML2(-0.001);SERINC5(-0.001);FHIT(-0.001);PRKCA(-0.001);PDE3B(-0.001),PLCB1(+0.001);CCL5(+0.001);A2M(+0.001);AOAH(+0.001);S100A4(+0.001);MYO1F(+0.001);SYNE2(+0.001);ACTB(+0.001)
PVT1,False,0.43515237420269315,0.00017434388,0.007330326,-0.00018702778,CCL5(-0.001);ACTB(-0.001);ACTG1(-0.001);PFN1(-0.001);PLCB1(-0.001);S100A4(-0.001);MYO1F(-0.001);AOAH(-0.001),LEF1(+0.001);MAML2(+0.001);BACH2(+0.001);FOXP1(+0.001);SERINC5(+0.001);PDE3B(+0.001);PRKCA(+0.001);CAMK4(+0.001)
EDA,False,0.18192225917243635,-5.4586853e-05,0.0073111504,0.00025393965,LEF1(-0.001);MAML2(-0.001);FOXP1(-0.001);BACH2(-0.001);CAMK4(-0.001);SERINC5(-0.001);PDE3B(-0.001);PRKCA(-0.001),AOAH(+0.001);CCL5(+0.001);PLCB1(+0.001);MYO1F(+0.001);RAP1GAP2(+0.001);ACTG1(+0.001);ACTB(+0.001);PFN1(+0.001)
EIF4G3,False,0.29128277817150955,-0.0002802638,0.0073041203,5.037941e-05,PLCB1(-0.001);CCL5(-0.001);A2M(-0.001);AOAH(-0.001);MYO1F(-0.001);S100A4(-0.001);PFN1(-0.001);RAP1GAP2(-0.001),LEF1(+0.001);BACH2(+0.001);MAML2(+0.001);FOXP1(+0.001);SERINC5(+0.001);FHIT(+0.001);PRKCA(+0.001);PDE3B(+0.001)
IRF4,True,0.08401024914136183,0.0,0.00730049,-0.0017098031,LEF1(-0.001);ARHGAP15(-0.001);MAML2(-0.001);B2M(-0.001);BACH2(-0.001);MBNL1(-0.001);SERINC5(-0.001);DOCK10(-0.001),PFN1(+0.001);PLCB1(+0.001);AOAH(+0.001);HCST(+0.001);MYO1F(+0.000);A2M(+0.000);HLA-C(+0.000);RAP1GAP2(+0.000)
RSBN1L,False,0.38341601700921335,4.1507068e-05,0.007286081,7.4729454e-05,LEF1(-0.001);CAMK4(-0.001);MAML2(-0.001);FOXP1(-0.001);SERINC5(-0.001);BACH2(-0.001);PDE3B(-0.001);BCL11B(-0.001),AOAH(+0.001);CCL5(+0.001);RAP1GAP2(+0.001);MYO1F(+0.001);JAZF1(+0.001);SAMD3(+0.001);SYNE1(+0.001);PLCB1(+0.001)
GNB1,False,0.37932726380635673,-0.00014306908,0.0072727827,6.718846e-05,AOAH(-0.001);RAP1GAP2(-0.001);JAZF1(-0.001);SAMD3(-0.001);MYO1F(-0.001);SYNE1(-0.001);ACTG1(-0.001);CCL5(-0.001),LEF1(+0.001);CAMK4(+0.001);IL7R(+0.001);MAML2(+0.001);BCL2(+0.001);BCL11B(+0.001);SERINC5(+0.001);FOXP1(+0.001)
SMARCC1,False,0.41236438968543865,-1.488008e-05,0.007242136,7.0578666e-05,LEF1(-0.001);MAML2(-0.001);BACH2(-0.001);FOXP1(-0.001);SERINC5(-0.001);FHIT(-0.001);PRKCA(-0.001);PDE3B(-0.001),S100A4(+0.001);PLCB1(+0.001);PFN1(+0.001);ACTG1(+0.001);ACTB(+0.001);A2M(+0.001);MYO1F(+0.001);CCL5(+0.001)
GABPB2,False,0.18170419233495064,-3.3650544e-05,0.0072303745,-5.4302753e-05,LEF1(-0.001);MAML2(-0.001);BACH2(-0.001);FOXP1(-0.001);SERINC5(-0.001);CAMK4(-0.001);PDE3B(-0.001);FHIT(-0.001),AOAH(+0.001);CCL5(+0.001);PLCB1(+0.001);MYO1F(+0.001);RAP1GAP2(+0.001);SAMD3(+0.001);SYNE1(+0.001);A2M(+0.001)
ZNF680,True,0.04623016954696615,0.0,0.0072076335,-0.0028726798,B2M(-0.001);CCL5(-0.001);HLA-B(-0.001);MBNL1(-0.001);ACTB(-0.001);RPL13(-0.001);RPS2(-0.001);EEF1A1(-0.001),TRAC(+0.001);TRBC1(+0.001);JUN(+0.001);TRBC2(+0.001);HCST(+0.001);PFN1(+0.001);FOS(+0.000);CD3D(+0.000)
ANKRD12,False,0.8356866379545334,-0.00027656526,0.0071981424,0.00025718674,IL7R(-0.001);BCL2(-0.001);LTB(-0.001);CAMK4(-0.001);GZMK(-0.001);ANK3(-0.001);BCL11B(-0.001);PHACTR2(-0.001),ACTG1(+0.001);ACTB(+0.001);SMC4(+0.001);GAPDH(+0.001);PFN1(+0.001);PTMA(+0.001);IFI16(+0.001);ITGB2(+0.001)
ANKH,False,0.4294826364280653,-0.00012026391,0.007193045,5.4443317e-05,LEF1(-0.001);BACH2(-0.001);MAML2(-0.001);FOXP1(-0.001);SERINC5(-0.001);FHIT(-0.001);PRKCA(-0.001);PDE3B(-0.001),S100A4(+0.001);PLCB1(+0.001);IL32(+0.001);PFN1(+0.001);PHACTR2(+0.001);A2M(+0.001);ACTB(+0.001);CCL5(+0.001)
HMGB1,False,0.6461865561794691,-3.9099385e-05,0.0071891127,-0.00012308217,LEF1(-0.001);MAML2(-0.001);CAMK4(-0.001);BACH2(-0.001);FOXP1(-0.001);SERINC5(-0.001);PDE3B(-0.001);FHIT(-0.001),AOAH(+0.001);PLCB1(+0.001);GNLY(+0.001);CCL5(+0.001);RAP1GAP2(+0.001);MYO1F(+0.001);SAMD3(+0.001);JAZF1(+0.001)
EIF1,False,0.6006651038543315,0.00010140168,0.0071826517,-0.00015448614,LEF1(-0.001);MAML2(-0.001);BACH2(-0.001);FOXP1(-0.001);SERINC5(-0.001);FHIT(-0.001);PRKCA(-0.001);PDE3B(-0.001),S100A4(+0.001);PFN1(+0.001);PLCB1(+0.001);CCL5(+0.001);IL32(+0.001);ACTG1(+0.001);A2M(+0.001);ACTB(+0.001)
GPRIN3,False,0.5103309164258846,-0.00010680418,0.00717333,-4.878396e-05,PLCB1(-0.001);A2M(-0.001);S100A4(-0.001);CCL5(-0.001);PHACTR2(-0.001);IL32(-0.001);MYO1F(-0.001);KLRG1(-0.001),LEF1(+0.001);BACH2(+0.001);MAML2(+0.001);FOXP1(+0.001);SERINC5(+0.001);FHIT(+0.001);PRKCA(+0.001);PDE3B(+0.001)
CD2,False,0.4198331788693235,-0.00023085406,0.007169749,-2.7386452e-05,S100A4(-0.001);PFN1(-0.001);ACTB(-0.001);IL32(-0.001);ACTG1(-0.001);TMSB4X(-0.001);PHACTR2(-0.001);CORO1A(-0.001),LEF1(+0.001);MAML2(+0.001);BACH2(+0.001);FOXP1(+0.001);SERINC5(+0.001);ZBTB20(+0.001);PRKCA(+0.001);FHIT(+0.001)
MGMT,False,0.289919860437224,-1.2309654e-05,0.0071662054,-5.425062e-05,CCL5(-0.001);PLCB1(-0.001);A2M(-0.001);MYO1F(-0.001);S100A4(-0.001);AOAH(-0.001);PFN1(-0.001);ACTG1(-0.001),LEF1(+0.001);MAML2(+0.001);BACH2(+0.001);FOXP1(+0.001);SERINC5(+0.001);FHIT(+0.001);PRKCA(+0.001);PDE3B(+0.001)
FUS,False,0.650166275963583,-7.992889e-05,0.00716036,-2.1336923e-06,AOAH(-0.001);GNLY(-0.001);RAP1GAP2(-0.001);MCTP2(-0.001);CCL5(-0.001);JAZF1(-0.001);TGFBR3(-0.001);CTSW(-0.001),LEF1(+0.001);CAMK4(+0.001);IL7R(+0.001);MAML2(+0.001);LTB(+0.001);SERINC5(+0.001);BCL11B(+0.001);PDE3B(+0.001)
SH3RF3,False,0.16818404841083792,-0.00023441178,0.007156493,0.00010001301,LEF1(-0.001);MAML2(-0.001);BACH2(-0.001);FOXP1(-0.001);SERINC5(-0.001);CAMK4(-0.001);PDE3B(-0.001);FHIT(-0.001),AOAH(+0.001);CCL5(+0.001);PLCB1(+0.001);MYO1F(+0.001);RAP1GAP2(+0.001);A2M(+0.001);SYNE1(+0.001);SAMD3(+0.001)
RNF144A,False,0.42446709916589437,-0.00015452088,0.0071475995,-0.00020424044,LEF1(-0.001);MAML2(-0.001);BACH2(-0.001);FOXP1(-0.001);SERINC5(-0.001);FHIT(-0.001);PRKCA(-0.001);PDE3B(-0.001),PLCB1(+0.001);PFN1(+0.001);CCL5(+0.001);MYO1F(+0.001);S100A4(+0.001);AOAH(+0.001);A2M(+0.001);ACTG1(+0.001)
RPS21,False,0.8165512729651642,-0.00021966723,0.0071387896,0.00017022625,LEF1(-0.001);BACH2(-0.001);FOXP1(-0.001);MAML2(-0.001);SERINC5(-0.001);FHIT(-0.001);PRKCA(-0.001);PDE3B(-0.001),PLCB1(+0.001);AOAH(+0.001);A2M(+0.001);CCL5(+0.001);MYO1F(+0.001);PARP8(+0.001);PZP(+0.001);SYNE2(+0.001)
ZBTB11,True,0.21376001744534698,-7.46114e-05,0.0071351407,-0.0014954698,LEF1(-0.001);ARHGAP15(-0.001);MAML2(-0.001);BACH2(-0.001);B2M(-0.001);MBNL1(-0.001);SERINC5(-0.001);RIPOR2(-0.001),PFN1(+0.001);PLCB1(+0.001);AOAH(+0.001);A2M(+0.001);RAP1GAP2(+0.000);HCST(+0.000);HLA-C(+0.000);MYO1F(+0.000)
NELL2,False,0.2568827345581421,-0.00049799297,0.0071339626,-0.00011761322,LEF1(-0.001);MAML2(-0.001);CAMK4(-0.001);BACH2(-0.001);FOXP1(-0.001);SERINC5(-0.001);PDE3B(-0.001);PRKCA(-0.001),AOAH(+0.001);CCL5(+0.001);RAP1GAP2(+0.001);PLCB1(+0.001);MYO1F(+0.001);CTSW(+0.001);SAMD3(+0.001);MCTP2(+0.001)
PRKCH,False,0.9119555143651532,7.2732204e-05,0.007120395,-0.00035643528,LEF1(-0.001);CAMK4(-0.001);IL7R(-0.001);LTB(-0.001);BCL11B(-0.001);SERINC5(-0.001);MAML2(-0.001);PDE3B(-0.001),AOAH(+0.001);JAZF1(+0.001);RAP1GAP2(+0.001);PLCB1(+0.001);SAMD3(+0.001);DNAJC1(+0.001);MYBL1(+0.001);SYNE1(+0.001)
SP110,False,0.5547620345635939,0.00013401567,0.0071153864,-0.0002921649,CCL5(-0.001);AOAH(-0.001);PLCB1(-0.001);MYO1F(-0.001);RAP1GAP2(-0.001);A2M(-0.001);GNLY(-0.001);SYNE1(-0.001),LEF1(+0.001);MAML2(+0.001);BACH2(+0.001);FOXP1(+0.001);SERINC5(+0.001);CAMK4(+0.001);PDE3B(+0.001);FHIT(+0.001)
FCMR,False,0.4392956441149212,-0.00020349222,0.0071122483,8.988928e-05,LEF1(-0.001);CAMK4(-0.001);IL7R(-0.001);MAML2(-0.001);SERINC5(-0.001);BCL11B(-0.001);LTB(-0.001);BCL2(-0.001),AOAH(+0.001);RAP1GAP2(+0.001);JAZF1(+0.001);SAMD3(+0.001);SYNE1(+0.001);MYO1F(+0.001);VAV3(+0.001);CD247(+0.001)
TRIP11,False,0.2635337731014556,-1.1867013e-05,0.0071025244,-0.000114966766,CCL5(-0.001);PLCB1(-0.001);AOAH(-0.001);A2M(-0.001);MYO1F(-0.001);S100A4(-0.001);RAP1GAP2(-0.001);PFN1(-0.001),LEF1(+0.001);MAML2(+0.001);BACH2(+0.001);FOXP1(+0.001);SERINC5(+0.001);FHIT(+0.001);PRKCA(+0.001);PDE3B(+0.001)
MDFIC,False,0.6180014174344437,-0.00024243884,0.007099803,3.7624715e-05,LEF1(-0.001);CAMK4(-0.001);IL7R(-0.001);MAML2(-0.001);LTB(-0.001);BCL11B(-0.001);SERINC5(-0.001);FOXP1(-0.001),AOAH(+0.001);RAP1GAP2(+0.001);JAZF1(+0.001);SAMD3(+0.001);SYNE1(+0.001);MYO1F(+0.001);CD247(+0.001);VAV3(+0.001)
CCNY,False,0.38281633320612773,-3.5856236e-05,0.0070937388,-4.5331262e-06,LEF1(-0.001);MAML2(-0.001);CAMK4(-0.001);FOXP1(-0.001);BACH2(-0.001);SERINC5(-0.001);PDE3B(-0.001);FHIT(-0.001),AOAH(+0.001);RAP1GAP2(+0.001);PLCB1(+0.001);MYO1F(+0.001);JAZF1(+0.001);SAMD3(+0.001);CCL5(+0.001);SYNE1(+0.001)
PUM2,False,0.540587690127024,-7.976093e-05,0.007084064,-8.9583606e-05,LEF1(-0.001);BACH2(-0.001);MAML2(-0.001);FOXP1(-0.001);SERINC5(-0.001);FHIT(-0.001);PRKCA(-0.001);PDE3B(-0.001),PLCB1(+0.001);A2M(+0.001);CCL5(+0.001);S100A4(+0.001);PHACTR2(+0.001);MYO1F(+0.001);AOAH(+0.001);KLRG1(+0.001)
TPP2,False,0.3622635337731015,-0.000118371965,0.007082451,-2.5102874e-05,LEF1(-0.001);MAML2(-0.001);BACH2(-0.001);FOXP1(-0.001);SERINC5(-0.001);CAMK4(-0.001);PDE3B(-0.001);FHIT(-0.001),AOAH(+0.001);PLCB1(+0.001);MYO1F(+0.001);CCL5(+0.001);PFN1(+0.001);RAP1GAP2(+0.001);ACTG1(+0.001);S100A4(+0.001)
SULT1B1,False,0.17461702011666577,0.0,0.007066526,3.305727e-05,LEF1(-0.001);MAML2(-0.001);BACH2(-0.001);FOXP1(-0.001);SERINC5(-0.001);FHIT(-0.001);PRKCA(-0.001);PDE3B(-0.001),PLCB1(+0.001);S100A4(+0.001);A2M(+0.001);PFN1(+0.001);ACTG1(+0.001);MYO1F(+0.001);CCL5(+0.001);ACTB(+0.001)
HNRNPK,False,0.4631194461102329,-0.00015894041,0.0070659164,-1.1169202e-05,S100A4(-0.001);PFN1(-0.001);PLCB1(-0.001);ACTG1(-0.001);ACTB(-0.001);A2M(-0.001);MYO1F(-0.001);CCL5(-0.001),LEF1(+0.001);MAML2(+0.001);BACH2(+0.001);FOXP1(+0.001);SERINC5(+0.001);FHIT(+0.001);PRKCA(+0.001);PDE3B(+0.001)
SPIDR,False,0.38608733576841303,-0.0002834769,0.007058286,-5.0675397e-05,AOAH(-0.001);GNLY(-0.001);JAZF1(-0.001);MCTP2(-0.001);RAP1GAP2(-0.001);CCL5(-0.001);SAMD3(-0.001);CD247(-0.001),CAMK4(+0.001);LTB(+0.001);IL7R(+0.001);IL32(+0.001);LEF1(+0.001);RPL11(+0.001);BCL11B(+0.001);TRAC(+0.001)
ATAD2B,False,0.3230115030256774,-4.148463e-05,0.007057892,0.000159608,PLCB1(-0.001);AOAH(-0.001);CCL5(-0.001);MYO1F(-0.001);PFN1(-0.001);RAP1GAP2(-0.001);A2M(-0.001);S100A4(-0.001),LEF1(+0.001);MAML2(+0.001);BACH2(+0.001);FOXP1(+0.001);SERINC5(+0.001);CAMK4(+0.001);PDE3B(+0.001);FHIT(+0.001)
TCF3,True,0.1015101128495884,0.0,0.0070482115,0.0030414981,PFN1(-0.001);TRAC(-0.001);JUN(-0.001);TRBC1(-0.001);TRBC2(-0.000);HCST(-0.000);CD3D(-0.000);HLA-C(-0.000),B2M(+0.001);CCL5(+0.001);RPL13(+0.001);HLA-B(+0.001);RPS2(+0.001);EEF1A1(+0.001);ARHGAP15(+0.001);MBNL1(+0.001)
RPL14,False,0.6346290137927275,-0.00022615817,0.0070354785,-0.00015671435,LEF1(-0.001);CAMK4(-0.001);IL7R(-0.001);MAML2(-0.001);SERINC5(-0.001);BCL11B(-0.001);LTB(-0.001);PDE3B(-0.001),AOAH(+0.001);RAP1GAP2(+0.001);JAZF1(+0.001);GNLY(+0.001);SAMD3(+0.001);MYO1F(+0.001);SYNE1(+0.001);CCL5(+0.001)
CD28,False,0.39023060568064116,-0.00018245287,0.00703109,-0.00021218098,LEF1(-0.001);CAMK4(-0.001);IL7R(-0.001);MAML2(-0.001);BCL11B(-0.001);LTB(-0.001);SERINC5(-0.001);PDE3B(-0.001),AOAH(+0.001);GNLY(+0.001);RAP1GAP2(+0.001);MCTP2(+0.001);JAZF1(+0.001);CCL5(+0.001);TGFBR3(+0.001);SAMD3(+0.001)
PAG1,False,0.6029002889385597,-0.00043120814,0.007018034,-6.3203326e-05,LEF1(-0.001);MAML2(-0.001);CAMK4(-0.001);FOXP1(-0.001);BACH2(-0.001);SERINC5(-0.001);PDE3B(-0.001);PRKCA(-0.001),AOAH(+0.001);GNLY(+0.001);RAP1GAP2(+0.001);CCL5(+0.001);PLCB1(+0.001);MYO1F(+0.001);JAZF1(+0.001);SAMD3(+0.001)
CCM2,False,0.5296843482527396,-0.00014042342,0.006997144,7.7798824e-05,LEF1(-0.001);MAML2(-0.001);BACH2(-0.001);FOXP1(-0.001);SERINC5(-0.001);FHIT(-0.001);PRKCA(-0.001);PDE3B(-0.001),S100A4(+0.001);PFN1(+0.001);IL32(+0.001);ACTB(+0.001);PLCB1(+0.001);PHACTR2(+0.001);ACTG1(+0.001);A2M(+0.001)
RAB3GAP1,False,0.35948318159515896,-0.0001861405,0.0069964696,0.0001823049,LEF1(-0.001);MAML2(-0.001);BACH2(-0.001);FOXP1(-0.001);SERINC5(-0.001);FHIT(-0.001);PRKCA(-0.001);PDE3B(-0.001),CCL5(+0.001);PLCB1(+0.001);S100A4(+0.001);A2M(+0.001);ACTB(+0.001);PFN1(+0.001);MYO1F(+0.001);ACTG1(+0.001)
OPA1,False,0.23878318704682988,-4.1183273e-05,0.0069942,7.253203e-05,LEF1(-0.001);MAML2(-0.001);BACH2(-0.001);FOXP1(-0.001);SERINC5(-0.001);CAMK4(-0.001);PDE3B(-0.001);FHIT(-0.001),AOAH(+0.001);CCL5(+0.001);PLCB1(+0.001);GNLY(+0.001);MYO1F(+0.001);RAP1GAP2(+0.001);A2M(+0.001);SYNE1(+0.001)
ZBTB2,True,0.02780352177942539,0.0,0.0069721984,-0.0027420502,B2M(-0.001);CCL5(-0.001);HLA-B(-0.001);MBNL1(-0.001);RPL13(-0.001);ARHGAP15(-0.001);RPS2(-0.001);EEF1A1(-0.001),PFN1(+0.001);TRAC(+0.001);TRBC1(+0.001);JUN(+0.001);TRBC2(+0.000);HCST(+0.000);CD3D(+0.000);FOS(+0.000)
RPS19,False,0.8221664940304206,0.00022213334,0.006963062,-4.2257958e-05,KCNQ5(-0.001);CD247(-0.001);SMC4(-0.001);TFDP2(-0.000);IFI16(-0.000);MAPRE2(-0.000);JAZF1(-0.000);SCLT1(-0.000),IL7R(+0.001);LTB(+0.001);IL32(+0.001);PHACTR2(+0.001);A2M(+0.001);BCL2(+0.001);GZMK(+0.001);CAMK4(+0.001)
UBE2K,False,0.36700648748841525,-5.0316572e-05,0.006962641,0.00013224292,LEF1(-0.001);MAML2(-0.001);BACH2(-0.001);FOXP1(-0.001);SERINC5(-0.001);FHIT(-0.001);CAMK4(-0.001);PDE3B(-0.001),CCL5(+0.001);AOAH(+0.001);PLCB1(+0.001);GNLY(+0.001);MYO1F(+0.001);A2M(+0.001);RAP1GAP2(+0.001);S100A4(+0.001)
KDM6A,False,0.4745679550782316,-2.1958618e-05,0.006958064,-0.00024891057,S100A4(-0.001);IL32(-0.001);CCL5(-0.001);PHACTR2(-0.001);PLCB1(-0.001);ACTB(-0.001);A2M(-0.001);PFN1(-0.001),LEF1(+0.001);BACH2(+0.001);MAML2(+0.001);FOXP1(+0.001);SERINC5(+0.001);FHIT(+0.001);PRKCA(+0.001);PDE3B(+0.001)
YY1,True,0.13999890966581258,-8.801961e-05,0.0069356025,-0.0023843357,B2M(-0.001);RPL13(-0.001);IL7R(-0.001);RPS2(-0.001);EEF1A1(-0.001);HLA-B(-0.001);ARHGAP15(-0.001);MBNL1(-0.001),JUN(+0.001);PFN1(+0.001);HCST(+0.000);TRBC1(+0.000);TRAC(+0.000);AOAH(+0.000);FOS(+0.000);HLA-C(+0.000)
USP3,False,0.6887641061985501,4.645334e-05,0.0069331033,-0.00035113553,AOAH(-0.001);JAZF1(-0.001);RAP1GAP2(-0.001);GNLY(-0.001);CD247(-0.001);MCTP2(-0.001);SAMD3(-0.001);SYNE1(-0.001),CAMK4(+0.001);IL7R(+0.001);LTB(+0.001);LEF1(+0.001);BCL2(+0.001);TRAC(+0.001);IL32(+0.001);BCL11B(+0.001)
GPR155,False,0.33124352614076213,0.00019732765,0.006931228,5.34136e-05,AOAH(-0.001);PLCB1(-0.001);MYO1F(-0.001);RAP1GAP2(-0.001);PFN1(-0.001);CCL5(-0.001);ACTG1(-0.001);A2M(-0.001),LEF1(+0.001);MAML2(+0.001);BACH2(+0.001);FOXP1(+0.001);SERINC5(+0.001);CAMK4(+0.001);PDE3B(+0.001);FHIT(+0.001)
STIM1,False,0.4312271711279507,-7.755686e-05,0.0069290656,-3.407341e-05,AOAH(-0.001);RAP1GAP2(-0.001);MYO1F(-0.001);ACTG1(-0.001);SAMD3(-0.001);JAZF1(-0.001);SYNE1(-0.001);PFN1(-0.001),LEF1(+0.001);MAML2(+0.001);CAMK4(+0.001);FOXP1(+0.001);BACH2(+0.001);SERINC5(+0.001);PDE3B(+0.001);INPP4B(+0.001)
IKZF3,True,0.291991495393338,-7.882382e-05,0.006919916,0.00083578017,AOAH(-0.001);MYO1F(-0.001);GNLY(-0.001);HCST(-0.001);RAP1GAP2(-0.001);CCL5(-0.001);ITGAL(-0.001);PYHIN1(-0.001),LEF1(+0.001);IL7R(+0.001);MAML2(+0.001);CCR7(+0.001);CAMK4(+0.001);BACH2(+0.001);BCL11B(+0.001);SERINC5(+0.001)
CFDP1,False,0.30202256991767973,-4.765089e-05,0.006904624,2.2313123e-05,LEF1(-0.001);BACH2(-0.001);MAML2(-0.001);FOXP1(-0.001);SERINC5(-0.001);FHIT(-0.001);PRKCA(-0.001);PDE3B(-0.001),S100A4(+0.001);PLCB1(+0.001);IL32(+0.001);A2M(+0.001);PHACTR2(+0.001);PFN1(+0.001);CCL5(+0.001);ACTB(+0.001)
ROCK1,False,0.47876574169983105,-7.5821656e-05,0.006892374,-9.193809e-06,AOAH(-0.001);RAP1GAP2(-0.001);CCL5(-0.001);GNLY(-0.001);MYO1F(-0.001);PLCB1(-0.001);MCTP2(-0.001);SAMD3(-0.001),LEF1(+0.001);MAML2(+0.001);CAMK4(+0.001);BACH2(+0.001);FOXP1(+0.001);SERINC5(+0.001);PDE3B(+0.001);INPP4B(+0.001)
EIF5,False,0.31576078067927826,-4.9331677e-05,0.006879648,-0.00015449934,CCL5(-0.001);PLCB1(-0.001);A2M(-0.001);S100A4(-0.001);MYO1F(-0.001);AOAH(-0.001);PHACTR2(-0.001);KLRG1(-0.001),LEF1(+0.001);BACH2(+0.001);MAML2(+0.001);FOXP1(+0.001);SERINC5(+0.001);FHIT(+0.001);PRKCA(+0.001);PDE3B(+0.001)
ABHD3,False,0.22101073979174615,-7.6102675e-05,0.0068636383,-0.000115656854,LEF1(-0.001);BACH2(-0.001);MAML2(-0.001);FOXP1(-0.001);SERINC5(-0.001);FHIT(-0.001);PRKCA(-0.001);PDE3B(-0.001),PLCB1(+0.001);CCL5(+0.001);A2M(+0.001);S100A4(+0.001);MYO1F(+0.001);AOAH(+0.001);PFN1(+0.001);PHACTR2(+0.001)
RC3H2,False,0.2654963746388268,8.312692e-07,0.0068553896,-0.0001416016,LEF1(-0.001);MAML2(-0.001);BACH2(-0.001);FOXP1(-0.001);CAMK4(-0.001);SERINC5(-0.001);PDE3B(-0.001);FHIT(-0.001),AOAH(+0.001);GNLY(+0.001);CCL5(+0.001);PLCB1(+0.001);MYO1F(+0.001);RAP1GAP2(+0.001);MCTP2(+0.001);TGFBR3(+0.001)
RUNX3,True,0.14332442893746933,-0.00038100008,0.0068482277,-5.974216e-05,PLCB1(-0.001);CCL5(-0.001);AOAH(-0.001);MYO1F(-0.001);A2M(-0.001);S100A4(-0.001);RAP1GAP2(-0.001);PFN1(-0.001),LEF1(+0.001);MAML2(+0.001);BACH2(+0.001);FOXP1(+0.001);SERINC5(+0.001);FHIT(+0.001);PRKCA(+0.001);PDE3B(+0.001)
SNHG14,False,0.47031565174726053,-0.00013597343,0.0068462496,4.6832545e-05,LEF1(-0.001);BACH2(-0.001);MAML2(-0.001);FOXP1(-0.001);SERINC5(-0.001);FHIT(-0.001);PRKCA(-0.001);PDE3B(-0.001),PLCB1(+0.001);A2M(+0.001);CCL5(+0.001);AOAH(+0.001);MYO1F(+0.001);S100A4(+0.001);PHACTR2(+0.001);PARP8(+0.001)
RPS28,False,0.8767922368205857,-0.00039661146,0.006836907,-0.00044069634,LEF1(-0.001);CAMK4(-0.001);IL7R(-0.001);MAML2(-0.001);SERINC5(-0.001);BCL11B(-0.001);PDE3B(-0.001);LTB(-0.001),AOAH(+0.001);RAP1GAP2(+0.001);JAZF1(+0.001);MYO1F(+0.001);SAMD3(+0.001);SYNE1(+0.001);PLCB1(+0.001);DNAJC1(+0.000)
RABEP1,False,0.2723109633102546,7.1513487e-06,0.006812155,-8.594972e-05,CCL5(-0.001);PLCB1(-0.001);AOAH(-0.001);GNLY(-0.001);MYO1F(-0.001);A2M(-0.001);RAP1GAP2(-0.001);SYNE1(-0.001),LEF1(+0.001);MAML2(+0.001);BACH2(+0.001);FOXP1(+0.001);SERINC5(+0.001);FHIT(+0.001);CAMK4(+0.001);PDE3B(+0.001)
EEF1A1,False,0.9215504552145234,-0.0006755075,0.0067997277,-0.00055230217,ACTB(-0.001);ACTG1(-0.001);GAPDH(-0.001);IL32(-0.001);PTMA(-0.001);RPL11(-0.001);RPS2(-0.001);PFN1(-0.001),AOAH(+0.001);UTRN(+0.000);JAZF1(+0.000);ZBTB20(+0.000);PITPNC1(+0.000);ATM(+0.000);SYNE1(+0.000);ARHGAP26(+0.000)
ZNF33B,False,0.1631685111486671,0.0,0.006792509,-7.692114e-05,PLCB1(-0.001);S100A4(-0.001);A2M(-0.001);IL32(-0.001);CCL5(-0.001);PHACTR2(-0.001);PFN1(-0.001);ACTB(-0.001),LEF1(+0.001);BACH2(+0.001);MAML2(+0.001);FOXP1(+0.001);SERINC5(+0.001);FHIT(+0.001);PRKCA(+0.001);PDE3B(+0.001)
ETV6,True,0.5233604099656546,-3.557823e-05,0.006769383,0.0006379552,LEF1(-0.001);BACH2(-0.001);MAML2(-0.001);CCR7(-0.001);FOXP1(-0.001);KCNQ5(-0.001);SELL(-0.000);FHIT(-0.000),S100A4(+0.001);CCL5(+0.001);B2M(+0.001);LTB(+0.001);HLA-B(+0.001);IL32(+0.001);RPL11(+0.001);PHACTR2(+0.001)
CD44,False,0.7352668592923732,-0.0001991034,0.0067615905,-0.00015701889,IL32(-0.001);PHACTR2(-0.001);S100A4(-0.001);LTB(-0.001);IL7R(-0.001);A2M(-0.001);RPL11(-0.001);RPL28(-0.001),BACH2(+0.001);LEF1(+0.001);KCNQ5(+0.001);TXK(+0.000);FOXP1(+0.000);MAML2(+0.000);CD247(+0.000);ATP10A(+0.000)
PPP6R3,False,0.514256119500627,-3.910436e-05,0.0067493115,1.1659695e-05,LEF1(-0.001);MAML2(-0.001);CAMK4(-0.001);BACH2(-0.001);FOXP1(-0.001);SERINC5(-0.001);PDE3B(-0.001);PRKCA(-0.001),AOAH(+0.001);RAP1GAP2(+0.001);MYO1F(+0.001);PLCB1(+0.001);CCL5(+0.001);SAMD3(+0.001);SYNE1(+0.001);JAZF1(+0.001)
NMT1,False,0.32590088862236277,-9.443975e-06,0.0067464435,-3.3578912e-05,PLCB1(-0.001);CCL5(-0.001);AOAH(-0.001);MYO1F(-0.001);PFN1(-0.001);ACTG1(-0.001);S100A4(-0.001);RAP1GAP2(-0.001),LEF1(+0.001);MAML2(+0.001);BACH2(+0.001);FOXP1(+0.001);SERINC5(+0.001);CAMK4(+0.001);PDE3B(+0.001);PRKCA(+0.001)
TLK1,False,0.3890312380744699,-7.639489e-05,0.0067356015,-0.00013705777,LEF1(-0.001);CAMK4(-0.001);MAML2(-0.001);IL7R(-0.001);SERINC5(-0.001);BACH2(-0.001);FOXP1(-0.001);PDE3B(-0.001),AOAH(+0.001);RAP1GAP2(+0.001);MYO1F(+0.001);JAZF1(+0.001);MCTP2(+0.001);SAMD3(+0.001);CCL5(+0.001);SYNE1(+0.001)
LRPPRC,False,0.32044921768522056,-8.879518e-06,0.006734063,3.9553663e-05,AOAH(-0.001);RAP1GAP2(-0.001);MYO1F(-0.001);JAZF1(-0.001);SAMD3(-0.001);SYNE1(-0.001);PLCB1(-0.000);ACTG1(-0.000),LEF1(+0.001);CAMK4(+0.001);MAML2(+0.001);FOXP1(+0.001);SERINC5(+0.001);BACH2(+0.001);IL7R(+0.001);PDE3B(+0.001)
EEFSEC,False,0.26031728724854164,-7.326173e-05,0.0067277774,-2.5067495e-05,LEF1(-0.001);MAML2(-0.001);BACH2(-0.001);FOXP1(-0.001);SERINC5(-0.001);CAMK4(-0.001);FHIT(-0.001);PDE3B(-0.001),AOAH(+0.001);PLCB1(+0.001);CCL5(+0.001);MYO1F(+0.001);A2M(+0.001);RAP1GAP2(+0.001);GNLY(+0.001);SYNE1(+0.001)
ZNF506,False,0.2523578476803141,-7.086532e-05,0.006722297,2.815435e-05,LEF1(-0.001);MAML2(-0.001);BACH2(-0.001);CAMK4(-0.001);FOXP1(-0.001);SERINC5(-0.001);PDE3B(-0.001);PRKCA(-0.001),AOAH(+0.001);RAP1GAP2(+0.001);MYO1F(+0.001);PLCB1(+0.001);CCL5(+0.001);SAMD3(+0.001);SYNE1(+0.001);JAZF1(+0.001)
CD3E,False,0.4552145232513767,0.00010217561,0.0067213285,-0.00031659033,AOAH(-0.001);CCL5(-0.001);PLCB1(-0.001);RAP1GAP2(-0.001);MYO1F(-0.001);SYNE1(-0.001);JAZF1(-0.001);SAMD3(-0.001),LEF1(+0.001);MAML2(+0.001);CAMK4(+0.001);FOXP1(+0.001);BACH2(+0.001);SERINC5(+0.001);PDE3B(+0.001);FHIT(+0.001)
FBXW7,False,0.43902306056806417,-1.7303972e-05,0.006709494,-0.00019425436,PLCB1(-0.001);CCL5(-0.001);AOAH(-0.001);A2M(-0.001);MYO1F(-0.001);S100A4(-0.001);RAP1GAP2(-0.001);ACTG1(-0.001),LEF1(+0.001);MAML2(+0.001);BACH2(+0.001);FOXP1(+0.001);SERINC5(+0.001);FHIT(+0.001);PRKCA(+0.001);PDE3B(+0.001)
S100A6,False,0.4754402224281743,-0.00034582664,0.0066952975,0.00020292179,CAMK4(-0.001);LTB(-0.001);IL7R(-0.001);IL32(-0.001);LEF1(-0.001);TRAC(-0.001);BCL11B(-0.001);RPL11(-0.001),AOAH(+0.001);JAZF1(+0.001);RAP1GAP2(+0.001);CD247(+0.001);SAMD3(+0.001);SYNE1(+0.001);VAV3(+0.001);FNDC3B(+0.000)
RPS20,False,0.6442239546420979,-9.915906e-05,0.006691084,-0.00034281437,LEF1(-0.001);CAMK4(-0.001);MAML2(-0.001);SERINC5(-0.001);BACH2(-0.001);FOXP1(-0.001);PDE3B(-0.001);FHIT(-0.001),AOAH(+0.001);GNLY(+0.001);RAP1GAP2(+0.001);PLCB1(+0.001);CCL5(+0.001);MYO1F(+0.001);JAZF1(+0.001);SAMD3(+0.001)
XYLT1,False,0.3912664231586982,-0.0001176009,0.006683311,0.00011962243,LEF1(-0.001);BACH2(-0.001);MAML2(-0.001);FOXP1(-0.001);FHIT(-0.001);SERINC5(-0.001);PRKCA(-0.001);PDE3B(-0.001),IL32(+0.001);S100A4(+0.001);PHACTR2(+0.001);A2M(+0.001);PLCB1(+0.001);PFN1(+0.001);CCL5(+0.001);KLRG1(+0.001)
ZNF638,False,0.541350924058224,-0.00017150932,0.006683294,2.2604383e-05,LEF1(-0.001);BACH2(-0.001);MAML2(-0.001);FOXP1(-0.001);SERINC5(-0.001);FHIT(-0.001);PRKCA(-0.001);ZBTB20(-0.001),IL32(+0.001);S100A4(+0.001);PHACTR2(+0.001);PFN1(+0.001);ACTB(+0.001);PLCB1(+0.001);A2M(+0.001);ACTG1(+0.001)
FAM13A,False,0.22302785803848882,-6.277879e-05,0.0066658845,0.00012797736,LEF1(-0.001);MAML2(-0.001);BACH2(-0.001);FOXP1(-0.001);SERINC5(-0.001);FHIT(-0.001);PRKCA(-0.001);PDE3B(-0.001),CCL5(+0.001);PLCB1(+0.001);A2M(+0.001);S100A4(+0.001);MYO1F(+0.001);AOAH(+0.001);ACTG1(+0.001);PFN1(+0.001)
BIRC6,False,0.6912718748296355,-0.000105841194,0.006665356,-5.209152e-05,IL32(-0.001);IL7R(-0.001);PHACTR2(-0.001);LTB(-0.001);RPL11(-0.001);S100A4(-0.001);GZMK(-0.001);RPS18(-0.001),CD247(+0.001);JAZF1(+0.001);AOAH(+0.000);KCNQ5(+0.000);TFDP2(+0.000);SFMBT2(+0.000);MAPRE2(+0.000);VAV3(+0.000)
TMEM156,False,0.20558251103963368,-1.6487153e-05,0.006661718,-1.6848924e-05,AOAH(-0.001);CCL5(-0.001);PLCB1(-0.001);MYO1F(-0.001);RAP1GAP2(-0.001);A2M(-0.001);SAMD3(-0.001);SYNE1(-0.001),LEF1(+0.001);MAML2(+0.001);BACH2(+0.001);FOXP1(+0.001);SERINC5(+0.001);CAMK4(+0.001);PDE3B(+0.001);FHIT(+0.001)
LINC01138,False,0.32459248759744863,-7.3011695e-05,0.006648237,4.10386e-05,PLCB1(-0.001);CCL5(-0.001);A2M(-0.001);MYO1F(-0.001);AOAH(-0.001);S100A4(-0.001);PFN1(-0.001);GNLY(-0.001),LEF1(+0.001);MAML2(+0.001);BACH2(+0.001);FOXP1(+0.001);SERINC5(+0.001);FHIT(+0.001);PRKCA(+0.001);PDE3B(+0.001)
GATAD2B,False,0.38390666739355617,-8.137566e-05,0.0066472795,-1.2696659e-05,LEF1(-0.001);MAML2(-0.001);BACH2(-0.001);FOXP1(-0.001);SERINC5(-0.001);FHIT(-0.001);PRKCA(-0.001);PDE3B(-0.001),PLCB1(+0.001);S100A4(+0.001);CCL5(+0.001);A2M(+0.001);PFN1(+0.001);IL32(+0.001);ACTG1(+0.001);MYO1F(+0.001)
CHD7,False,0.37327590906612884,-0.00011195782,0.0066164364,-4.203885e-05,LEF1(-0.001);BACH2(-0.001);MAML2(-0.001);FOXP1(-0.001);SERINC5(-0.001);FHIT(-0.001);PRKCA(-0.001);ZBTB20(-0.001),S100A4(+0.001);IL32(+0.001);PFN1(+0.001);ACTG1(+0.001);ACTB(+0.001);PHACTR2(+0.001);A2M(+0.001);PLCB1(+0.001)
ITPKB,False,0.4083301531919533,-0.00016982897,0.006614029,0.000114616174,LEF1(-0.001);BACH2(-0.001);MAML2(-0.001);FOXP1(-0.001);SERINC5(-0.001);FHIT(-0.001);PRKCA(-0.001);PDE3B(-0.001),PLCB1(+0.001);CCL5(+0.001);A2M(+0.001);AOAH(+0.001);MYO1F(+0.001);S100A4(+0.001);PHACTR2(+0.001);KLRG1(+0.001)
TC2N,False,0.7657416998309985,-0.00050493143,0.006606898,-0.0004376559,IL7R(-0.001);LTB(-0.001);CAMK4(-0.001);IL32(-0.001);BCL2(-0.001);RPL11(-0.001);RPL13(-0.001);BCL11B(-0.001),AOAH(+0.001);JAZF1(+0.001);RAP1GAP2(+0.001);SAMD3(+0.000);CD247(+0.000);VAV3(+0.000);IFI16(+0.000);TFDP2(+0.000)
SNX9,False,0.38723218666521286,-0.0001803287,0.0066049723,-9.428234e-05,LEF1(-0.001);MAML2(-0.001);BACH2(-0.001);FOXP1(-0.001);SERINC5(-0.001);CAMK4(-0.001);PDE3B(-0.001);FHIT(-0.001),AOAH(+0.001);PLCB1(+0.001);CCL5(+0.001);MYO1F(+0.001);RAP1GAP2(+0.001);A2M(+0.001);SAMD3(+0.001);SYNE1(+0.001)
TBX19,True,0.008232023115084773,0.0,0.006599442,-0.0026867432,B2M(-0.001);HLA-B(-0.001);MBNL1(-0.001);CCL5(-0.001);IL7R(-0.001);ACTB(-0.001);RPL13(-0.001);CD247(-0.001),TRAC(+0.001);TRBC1(+0.001);JUN(+0.001);HCST(+0.001);TRBC2(+0.001);FOS(+0.001);PFN1(+0.000);CD3D(+0.000)
ADD3,False,0.6362645150738703,-0.00026063962,0.0065993387,-9.619973e-05,LEF1(-0.001);BACH2(-0.001);MAML2(-0.001);FOXP1(-0.001);FHIT(-0.001);SERINC5(-0.001);PRKCA(-0.001);PDE3B(-0.001),PLCB1(+0.001);IL32(+0.001);PHACTR2(+0.001);S100A4(+0.001);A2M(+0.001);CCL5(+0.001);GZMK(+0.001);PFN1(+0.001)
CYTIP,False,0.6022460884261027,-0.00011770005,0.0065915943,-2.1842543e-05,LEF1(-0.001);MAML2(-0.001);BACH2(-0.001);FOXP1(-0.001);SERINC5(-0.001);FHIT(-0.001);PRKCA(-0.001);PDE3B(-0.001),PLCB1(+0.001);AOAH(+0.001);A2M(+0.001);MYO1F(+0.001);CCL5(+0.001);S100A4(+0.001);PFN1(+0.001);RAP1GAP2(+0.001)
TNPO3,False,0.2616256882734558,-4.7202542e-05,0.0065895165,-0.00015214559,AOAH(-0.001);CCL5(-0.001);PLCB1(-0.001);MYO1F(-0.001);A2M(-0.001);RAP1GAP2(-0.001);S100A4(-0.001);ACTG1(-0.001),LEF1(+0.001);MAML2(+0.001);BACH2(+0.001);FOXP1(+0.001);SERINC5(+0.001);CAMK4(+0.001);PDE3B(+0.001);FHIT(+0.001)
PPP1R2,False,0.3917025568336695,-0.00017305084,0.006586442,-4.647318e-05,LEF1(-0.001);MAML2(-0.001);BACH2(-0.001);FOXP1(-0.001);SERINC5(-0.001);CAMK4(-0.001);PDE3B(-0.001);FHIT(-0.001),AOAH(+0.001);PLCB1(+0.001);MYO1F(+0.001);RAP1GAP2(+0.001);CCL5(+0.001);PFN1(+0.001);A2M(+0.001);ACTG1(+0.001)
CDC42SE2,False,0.8191680750149923,-0.0001602597,0.006579648,-0.00046258944,LEF1(-0.001);BACH2(-0.001);MAML2(-0.001);FOXP1(-0.001);FHIT(-0.001);SERINC5(-0.001);PRKCA(-0.001);PDE3B(-0.001),PLCB1(+0.001);PHACTR2(+0.001);A2M(+0.001);IL32(+0.001);S100A4(+0.001);GZMK(+0.001);PFN1(+0.001);KLRG1(+0.001)
SLC38A1,False,0.5600501553726218,-0.00011417399,0.0065713706,8.213168e-05,LEF1(-0.001);MAML2(-0.001);BACH2(-0.001);FOXP1(-0.001);CAMK4(-0.001);SERINC5(-0.001);PDE3B(-0.001);FHIT(-0.001),AOAH(+0.001);CCL5(+0.001);PLCB1(+0.001);RAP1GAP2(+0.001);MYO1F(+0.001);GNLY(+0.001);SYNE1(+0.001);SAMD3(+0.001)
NUTM2B-AS1,False,0.34509077032110336,-6.994464e-05,0.00655638,4.0668107e-05,AOAH(-0.001);CCL5(-0.001);RAP1GAP2(-0.001);PLCB1(-0.001);MYO1F(-0.001);JAZF1(-0.001);SAMD3(-0.001);SYNE1(-0.001),LEF1(+0.001);CAMK4(+0.001);MAML2(+0.001);FOXP1(+0.001);SERINC5(+0.001);BACH2(+0.001);PDE3B(+0.001);BCL11B(+0.001)
GATAD2A,False,0.4354794744589216,-9.759934e-05,0.0065474175,-0.00018381506,PLCB1(-0.001);CCL5(-0.001);A2M(-0.001);S100A4(-0.001);PHACTR2(-0.001);AOAH(-0.001);MYO1F(-0.001);KLRG1(-0.001),LEF1(+0.001);BACH2(+0.001);MAML2(+0.001);FOXP1(+0.001);FHIT(+0.001);SERINC5(+0.001);PRKCA(+0.001);PDE3B(+0.001)
SLC2A13,False,0.08221119773210489,-0.00013502923,0.0065443395,-5.2298783e-05,GNLY(-0.001);AOAH(-0.001);RAP1GAP2(-0.001);CCL5(-0.001);MYO1F(-0.001);TGFBR3(-0.001);MCTP2(-0.001);PLCB1(-0.001),LEF1(+0.001);MAML2(+0.001);CAMK4(+0.001);FOXP1(+0.001);BACH2(+0.001);SERINC5(+0.001);PDE3B(+0.001);INPP4B(+0.001)
RPLP2,False,0.8888949463010415,-0.000104796316,0.006542954,-0.000496138,CCL5(-0.001);PLCB1(-0.001);A2M(-0.001);S100A4(-0.001);MYO1F(-0.001);AOAH(-0.001);SYNE2(-0.001);PHACTR2(-0.001),LEF1(+0.001);BACH2(+0.001);MAML2(+0.001);FOXP1(+0.001);SERINC5(+0.001);FHIT(+0.001);PRKCA(+0.001);PDE3B(+0.001)
GATA3,True,0.12555198168238568,-1.6734914e-05,0.006533483,-0.0016689984,B2M(-0.001);ARHGAP15(-0.001);CCL5(-0.001);LTB(-0.001);HLA-B(-0.001);RPL13(-0.001);RPL11(-0.001);MBNL1(-0.001),PFN1(+0.001);CCR7(+0.000);SELL(+0.000);KCNQ5(+0.000);AK5(+0.000);RALY(+0.000);ATP10A(+0.000);JUN(+0.000)
DAD1,False,0.259063402932999,-2.1098906e-05,0.0065321564,5.7577534e-05,AOAH(-0.001);RAP1GAP2(-0.001);CCL5(-0.001);MYO1F(-0.001);GNLY(-0.001);PLCB1(-0.001);JAZF1(-0.001);SAMD3(-0.001),LEF1(+0.001);CAMK4(+0.001);MAML2(+0.001);BACH2(+0.001);FOXP1(+0.001);SERINC5(+0.001);PDE3B(+0.001);FHIT(+0.001)
AC010609.1,False,0.34743498882407464,-0.00017695701,0.006509886,-4.259608e-05,LEF1(-0.001);MAML2(-0.001);BACH2(-0.001);FOXP1(-0.001);CAMK4(-0.001);SERINC5(-0.001);PDE3B(-0.001);FHIT(-0.001),AOAH(+0.001);PLCB1(+0.001);MYO1F(+0.001);RAP1GAP2(+0.001);CCL5(+0.001);A2M(+0.001);SAMD3(+0.001);SYNE1(+0.001)
ADA2,False,0.24265387341220085,-5.0181206e-05,0.0064809816,-5.434876e-05,LEF1(-0.001);MAML2(-0.001);BACH2(-0.001);FOXP1(-0.001);CAMK4(-0.001);SERINC5(-0.001);PDE3B(-0.001);PRKCA(-0.001),AOAH(+0.001);PLCB1(+0.001);CCL5(+0.001);MYO1F(+0.001);RAP1GAP2(+0.001);GNLY(+0.001);PFN1(+0.001);ACTG1(+0.001)
PSAP,False,0.42735648476257976,-7.704332e-05,0.0064804708,0.00018663342,AOAH(-0.001);GNLY(-0.001);RAP1GAP2(-0.001);JAZF1(-0.001);MCTP2(-0.001);SAMD3(-0.001);CTSW(-0.000);SYNE1(-0.000),CAMK4(+0.001);IL7R(+0.001);LEF1(+0.001);LTB(+0.001);BCL11B(+0.001);BCL2(+0.001);MAML2(+0.001);SERINC5(+0.001)
SFMBT2,False,0.5578149702883934,-0.00027814307,0.0064798957,0.00021774943,AOAH(-0.001);RAP1GAP2(-0.001);JAZF1(-0.001);SAMD3(-0.001);SYNE1(-0.000);VAV3(-0.000);CD247(-0.000);DNAJC1(-0.000),IL7R(+0.001);CAMK4(+0.001);LTB(+0.001);LEF1(+0.001);BCL11B(+0.001);BCL2(+0.001);MAML2(+0.001);RPL11(+0.001)
JPX,False,0.3675516545821294,-0.00010800194,0.0064601386,9.873123e-05,LEF1(-0.001);MAML2(-0.001);BACH2(-0.001);FOXP1(-0.001);SERINC5(-0.001);CAMK4(-0.001);PDE3B(-0.001);PRKCA(-0.001),ACTG1(+0.001);ACTB(+0.001);PFN1(+0.001);S100A4(+0.001);MYO1F(+0.001);CCL5(+0.001);PLCB1(+0.001);RAP1GAP2(+0.001)
FLNA,False,0.3286812408003053,-0.000459809,0.0064571165,-8.0806894e-05,S100A4(-0.001);IL32(-0.001);PHACTR2(-0.001);PLCB1(-0.001);PFN1(-0.001);ACTB(-0.001);CCL5(-0.001);A2M(-0.001),LEF1(+0.001);BACH2(+0.001);MAML2(+0.001);FOXP1(+0.001);SERINC5(+0.001);FHIT(+0.001);PRKCA(+0.001);PDE3B(+0.001)
ATP9B,False,0.43547947445892166,7.5329124e-05,0.0064510847,1.6047657e-05,AOAH(-0.001);RAP1GAP2(-0.001);JAZF1(-0.001);MYO1F(-0.001);SAMD3(-0.001);CCL5(-0.001);SYNE1(-0.001);PLCB1(-0.001),LEF1(+0.001);CAMK4(+0.001);MAML2(+0.001);SERINC5(+0.001);FOXP1(+0.001);BACH2(+0.001);PDE3B(+0.001);BCL11B(+0.001)
HELB,False,0.36673390394155814,0.000100105506,0.0064270976,-3.4879933e-05,AOAH(-0.001);RAP1GAP2(-0.001);JAZF1(-0.001);SAMD3(-0.001);SYNE1(-0.001);MYO1F(-0.001);PLCB1(-0.001);CCL5(-0.001),LEF1(+0.001);CAMK4(+0.001);MAML2(+0.001);SERINC5(+0.001);PDE3B(+0.001);FOXP1(+0.001);IL7R(+0.001);BCL11B(+0.001)
MTF1,True,0.04726598702502317,0.0,0.006426993,-0.0026669626,B2M(-0.001);CCL5(-0.001);HLA-B(-0.001);MBNL1(-0.001);RPL13(-0.001);RPS2(-0.001);EEF1A1(-0.001);ACTB(-0.001),TRAC(+0.001);TRBC1(+0.001);PFN1(+0.001);JUN(+0.001);HCST(+0.000);TRBC2(+0.000);CD3D(+0.000);FOS(+0.000)
CUL5,False,0.33315161096876195,-7.4393734e-05,0.0064215083,-9.216217e-05,LEF1(-0.001);BACH2(-0.001);MAML2(-0.001);FOXP1(-0.001);SERINC5(-0.001);FHIT(-0.001);PRKCA(-0.001);PDE3B(-0.001),PLCB1(+0.001);A2M(+0.001);CCL5(+0.001);S100A4(+0.001);MYO1F(+0.001);AOAH(+0.001);PFN1(+0.001);PHACTR2(+0.001)
ZMYND11,False,0.29575314833996613,-0.0001958314,0.006419185,-6.815264e-05,AOAH(-0.001);JAZF1(-0.001);MCTP2(-0.001);RAP1GAP2(-0.001);GNLY(-0.001);CD247(-0.001);SAMD3(-0.001);SYNE1(-0.000),IL32(+0.001);CAMK4(+0.001);LTB(+0.001);IL7R(+0.001);RPL11(+0.001);TRAC(+0.001);RPS18(+0.001);RPL30(+0.001)
SP3,True,0.3068745570517364,-0.00015685183,0.006408521,-0.0013608492,CD247(-0.001);SYNE2(-0.001);KCNQ5(-0.001);ITGB2(-0.001);TXK(-0.001);AOAH(-0.001);MAPRE2(-0.000);SFMBT2(-0.000),TRAC(+0.001);LTB(+0.001);TRBC1(+0.001);CD3D(+0.001);TRBC2(+0.001);FOS(+0.001);HCST(+0.001);S100A4(+0.001)
PRKAG2,False,0.3947009758490978,-2.7217386e-06,0.006407279,-0.00021673208,AOAH(-0.001);CCL5(-0.001);GNLY(-0.001);PLCB1(-0.001);RAP1GAP2(-0.001);MYO1F(-0.001);SYNE1(-0.001);CTSW(-0.001),LEF1(+0.001);CAMK4(+0.001);SERINC5(+0.001);FOXP1(+0.001);MAML2(+0.001);BACH2(+0.001);PDE3B(+0.001);FHIT(+0.001)
DOCK9,False,0.5687728288720493,6.523133e-05,0.0064025093,-0.00022002593,AOAH(-0.001);CD247(-0.001);JAZF1(-0.001);KCNQ5(-0.000);MCTP2(-0.000);SFMBT2(-0.000);RAP1GAP2(-0.000);TXK(-0.000),IL32(+0.001);LTB(+0.001);IL7R(+0.001);PHACTR2(+0.001);RPL11(+0.001);CAMK4(+0.001);TRAC(+0.001);S100A4(+0.001)
CYTH1,False,0.761434879790656,5.343697e-05,0.006395854,-0.00041091835,AOAH(-0.001);ACTB(-0.001);ACTG1(-0.001);MYO1F(-0.001);RAP1GAP2(-0.001);CCL5(-0.001);PLCB1(-0.001);S100A4(-0.000),LEF1(+0.001);MAML2(+0.001);FOXP1(+0.001);BACH2(+0.001);CAMK4(+0.001);SERINC5(+0.001);PDE3B(+0.001);PRKCA(+0.001)
COX6B1,False,0.2203565392792891,-6.1829465e-05,0.0063955667,-0.00010817844,AOAH(-0.001);RAP1GAP2(-0.001);CCL5(-0.001);MYO1F(-0.001);PLCB1(-0.001);JAZF1(-0.001);SAMD3(-0.001);SYNE1(-0.001),LEF1(+0.001);MAML2(+0.001);CAMK4(+0.001);FOXP1(+0.001);BACH2(+0.001);SERINC5(+0.001);PDE3B(+0.001);PRKCA(+0.001)
ARFGEF2,False,0.30785585782042196,-4.8190974e-05,0.0063948543,0.0001074417,LEF1(-0.001);MAML2(-0.001);FOXP1(-0.001);BACH2(-0.001);SERINC5(-0.001);CAMK4(-0.001);PDE3B(-0.001);PRKCA(-0.001),PFN1(+0.001);ACTB(+0.001);ACTG1(+0.001);AOAH(+0.001);MYO1F(+0.001);S100A4(+0.001);PLCB1(+0.001);CCL5(+0.001)
SHISAL2A,False,0.3419288011775609,-9.701253e-05,0.006381516,-0.00014815276,LEF1(-0.001);MAML2(-0.001);BACH2(-0.001);FOXP1(-0.001);SERINC5(-0.001);FHIT(-0.001);PRKCA(-0.001);PDE3B(-0.001),PLCB1(+0.001);CCL5(+0.001);S100A4(+0.001);PFN1(+0.001);MYO1F(+0.001);A2M(+0.001);ACTG1(+0.001);AOAH(+0.001)
SFI1,False,0.37136782423812903,-0.00021038798,0.0063725216,-8.335624e-05,LEF1(-0.001);BACH2(-0.001);MAML2(-0.001);FOXP1(-0.001);FHIT(-0.001);SERINC5(-0.001);PRKCA(-0.001);PDE3B(-0.001),PLCB1(+0.001);IL32(+0.001);PHACTR2(+0.001);A2M(+0.001);S100A4(+0.001);PFN1(+0.001);CCL5(+0.001);KLRG1(+0.001)
RBM6,False,0.4982282069454288,-0.00018922104,0.00636839,-0.000103864826,AOAH(-0.001);JAZF1(-0.001);RAP1GAP2(-0.001);CD247(-0.001);SAMD3(-0.001);SYNE1(-0.000);MCTP2(-0.000);VAV3(-0.000),CAMK4(+0.001);IL7R(+0.001);LTB(+0.001);LEF1(+0.001);BCL2(+0.001);BCL11B(+0.001);IL32(+0.001);TRAC(+0.001)
MAX,True,0.3667339039415581,1.2703044e-05,0.006368141,0.0013138386,PFN1(-0.001);IL32(-0.001);PHACTR2(-0.001);TRAC(-0.001);S100A6(-0.000);CD3D(-0.000);TRBC2(-0.000);RPL8(-0.000),MBNL1(+0.001);CD247(+0.001);ZBTB20(+0.001);ARHGAP15(+0.001);B2M(+0.001);SKAP1(+0.001);PRKCH(+0.001);RIPOR2(+0.001)
SPPL3,False,0.41563539224772394,-6.396839e-05,0.006360446,0.00018836885,LEF1(-0.001);MAML2(-0.001);BACH2(-0.001);FOXP1(-0.001);SERINC5(-0.001);FHIT(-0.001);PRKCA(-0.001);PDE3B(-0.001),PLCB1(+0.001);S100A4(+0.001);ACTB(+0.001);ACTG1(+0.001);PFN1(+0.001);MYO1F(+0.001);A2M(+0.001);CCL5(+0.001)
GPR183,False,0.26031728724854175,-7.488871e-05,0.006344317,6.0589522e-05,LEF1(-0.001);BACH2(-0.001);MAML2(-0.001);FOXP1(-0.001);SERINC5(-0.001);FHIT(-0.001);PRKCA(-0.001);PDE3B(-0.001),CCL5(+0.001);PLCB1(+0.001);GNLY(+0.001);AOAH(+0.001);A2M(+0.001);MYO1F(+0.001);S100A4(+0.001);CTSW(+0.001)
ATAD2,False,0.1310036526195279,0.0,0.006325115,-9.251223e-05,AOAH(-0.001);RAP1GAP2(-0.001);JAZF1(-0.001);SAMD3(-0.001);SYNE1(-0.001);MYO1F(-0.001);PLCB1(-0.000);CCL5(-0.000),LEF1(+0.001);CAMK4(+0.001);IL7R(+0.001);MAML2(+0.001);SERINC5(+0.001);BCL11B(+0.001);PDE3B(+0.001);LTB(+0.001)
CHST11,False,0.5572152864853077,0.00013637372,0.0063151903,-0.00015748775,LEF1(-0.001);MAML2(-0.001);BACH2(-0.001);FOXP1(-0.001);SERINC5(-0.001);FHIT(-0.001);PRKCA(-0.001);PDE3B(-0.001),PLCB1(+0.001);AOAH(+0.001);MYO1F(+0.001);A2M(+0.001);PFN1(+0.001);CCL5(+0.001);RAP1GAP2(+0.001);MYBL1(+0.000)
SATB1-AS1,False,0.33467807883116174,-0.00022357266,0.006312295,-0.00011028176,LEF1(-0.001);CAMK4(-0.001);MAML2(-0.001);IL7R(-0.001);BCL2(-0.001);SERINC5(-0.001);FOXP1(-0.001);BACH2(-0.001),AOAH(+0.001);RAP1GAP2(+0.001);JAZF1(+0.001);MYO1F(+0.001);SAMD3(+0.001);SYNE1(+0.000);CCL5(+0.000);ACTG1(+0.000)
PCMTD1,False,0.241127405549801,-5.2415457e-05,0.0063066157,-6.4616564e-05,LEF1(-0.001);MAML2(-0.001);BACH2(-0.001);FOXP1(-0.001);SERINC5(-0.001);CAMK4(-0.001);PDE3B(-0.001);FHIT(-0.001),AOAH(+0.001);PLCB1(+0.001);CCL5(+0.001);MYO1F(+0.001);RAP1GAP2(+0.001);A2M(+0.001);SYNE1(+0.000);SAMD3(+0.000)
MCCC1,False,0.13312980428501334,-3.0198056e-05,0.006296341,-7.103135e-06,LEF1(-0.001);MAML2(-0.001);BACH2(-0.001);FOXP1(-0.001);SERINC5(-0.001);FHIT(-0.001);PRKCA(-0.001);PDE3B(-0.001),PLCB1(+0.001);MYO1F(+0.001);S100A4(+0.001);PFN1(+0.001);AOAH(+0.001);ACTG1(+0.001);CCL5(+0.001);A2M(+0.001)
MYL6,False,0.5071689472823422,9.6048985e-05,0.006293972,0.00013148978,LEF1(-0.001);BACH2(-0.001);MAML2(-0.001);FOXP1(-0.001);SERINC5(-0.001);FHIT(-0.001);PDE3B(-0.001);CAMK4(-0.001),AOAH(+0.001);PLCB1(+0.001);A2M(+0.001);MYO1F(+0.001);CCL5(+0.001);RAP1GAP2(+0.001);SYNE1(+0.001);ARHGAP26(+0.001)
ACBD6,False,0.35354086027367393,-7.7742894e-05,0.0062931,-9.346508e-05,LEF1(-0.001);MAML2(-0.001);BACH2(-0.001);FOXP1(-0.001);SERINC5(-0.001);FHIT(-0.001);PRKCA(-0.001);PDE3B(-0.001),PLCB1(+0.001);S100A4(+0.001);A2M(+0.001);CCL5(+0.001);PFN1(+0.001);MYO1F(+0.001);ACTG1(+0.001);ACTB(+0.001)
CDHR3,False,0.1947336858747206,-7.896436e-06,0.006292405,-5.3939977e-05,LEF1(-0.001);MAML2(-0.001);BACH2(-0.001);FOXP1(-0.001);SERINC5(-0.001);FHIT(-0.001);PRKCA(-0.001);PDE3B(-0.001),CCL5(+0.001);PLCB1(+0.001);AOAH(+0.001);A2M(+0.001);MYO1F(+0.001);S100A4(+0.001);PFN1(+0.001);RAP1GAP2(+0.001)
TGFBR2,False,0.6407894019516982,-0.00033860604,0.006270709,-9.692138e-05,LEF1(-0.001);BACH2(-0.001);MAML2(-0.001);FOXP1(-0.001);SERINC5(-0.001);FHIT(-0.001);PRKCA(-0.001);PDE3B(-0.001),PLCB1(+0.001);CCL5(+0.001);A2M(+0.001);PHACTR2(+0.001);S100A4(+0.001);AOAH(+0.001);MYO1F(+0.001);GNLY(+0.001)
SCML1,False,0.2103254647549474,-9.8092445e-05,0.006270619,-4.418796e-05,LEF1(-0.001);BACH2(-0.001);MAML2(-0.001);FOXP1(-0.001);SERINC5(-0.001);FHIT(-0.001);PRKCA(-0.001);PDE3B(-0.001),PLCB1(+0.001);CCL5(+0.001);S100A4(+0.001);A2M(+0.001);PFN1(+0.001);MYO1F(+0.001);PHACTR2(+0.001);IL32(+0.001)
CNBP,False,0.39377419178978357,-5.762883e-05,0.006267213,-0.000136476,AOAH(-0.001);GNLY(-0.001);MCTP2(-0.001);JAZF1(-0.001);CD247(-0.001);TGFBR3(-0.000);RAP1GAP2(-0.000);KCNQ5(-0.000),IL32(+0.001);LTB(+0.001);IL7R(+0.001);PHACTR2(+0.001);RPL11(+0.001);CAMK4(+0.001);TRAC(+0.001);RPS18(+0.001)
ARPC3,False,0.3393665158371041,5.0910323e-05,0.006262632,-7.373385e-05,LEF1(-0.001);BACH2(-0.001);MAML2(-0.001);FOXP1(-0.001);SERINC5(-0.001);FHIT(-0.001);PRKCA(-0.001);PDE3B(-0.001),PLCB1(+0.001);CCL5(+0.001);A2M(+0.001);AOAH(+0.001);MYO1F(+0.001);S100A4(+0.001);PHACTR2(+0.001);PARP8(+0.001)
IFNG-AS1,False,0.11061440331461594,-0.00015370417,0.0062540243,6.941549e-05,GNLY(-0.001);CCL5(-0.001);PLCB1(-0.001);AOAH(-0.001);A2M(-0.001);CTSW(-0.001);MYO1F(-0.001);TGFBR3(-0.001),LEF1(+0.001);BACH2(+0.001);MAML2(+0.001);FOXP1(+0.001);SERINC5(+0.001);FHIT(+0.001);PDE3B(+0.001);PRKCA(+0.001)
SND1,False,0.3755656108597285,-0.00018309729,0.0062476075,2.5718604e-05,PLCB1(-0.001);S100A4(-0.001);A2M(-0.001);IL32(-0.001);PFN1(-0.001);PHACTR2(-0.001);CCL5(-0.001);MYO1F(-0.001),LEF1(+0.001);BACH2(+0.001);MAML2(+0.001);FOXP1(+0.001);SERINC5(+0.001);FHIT(+0.001);PRKCA(+0.001);PDE3B(+0.001)
PLAGL1,True,0.05865997928365044,0.0,0.006244176,0.0023683987,PFN1(-0.001);TRAC(-0.001);HCST(-0.001);JUN(-0.000);TRBC1(-0.000);TRBC2(-0.000);HLA-C(-0.000);CD3D(-0.000),B2M(+0.001);MBNL1(+0.001);ARHGAP15(+0.001);RPL13(+0.001);RIPOR2(+0.001);EEF1A1(+0.001);HLA-B(+0.001);RPS2(+0.001)
RNF157,False,0.5604317723382217,-0.00024101762,0.0062425127,-0.00015761804,LEF1(-0.001);MAML2(-0.001);BACH2(-0.001);FOXP1(-0.001);CAMK4(-0.001);BCL2(-0.001);SERINC5(-0.001);IL7R(-0.001),ACTG1(+0.001);PFN1(+0.001);ACTB(+0.001);GAPDH(+0.001);RAP1GAP2(+0.001);MYO1F(+0.000);S100A4(+0.000);FLNA(+0.000)
BBX,False,0.4461647494957204,8.1226244e-05,0.0062402347,2.8236786e-06,AOAH(-0.001);PLCB1(-0.001);CCL5(-0.001);MYO1F(-0.001);RAP1GAP2(-0.001);A2M(-0.001);SAMD3(-0.000);SYNE1(-0.000),LEF1(+0.001);MAML2(+0.001);BACH2(+0.001);FOXP1(+0.001);SERINC5(+0.001);CAMK4(+0.001);PDE3B(+0.001);FHIT(+0.001)
PPIA,False,0.49244943575205813,-0.00017278019,0.006238784,0.00012386947,LEF1(-0.001);CAMK4(-0.001);LTB(-0.001);SERINC5(-0.001);PDE3B(-0.001);RPL11(-0.001);BCL11B(-0.001);IL7R(-0.001),AOAH(+0.001);RAP1GAP2(+0.001);JAZF1(+0.001);SYNE1(+0.001);SAMD3(+0.001);UTRN(+0.001);PLCB1(+0.001);CCL5(+0.001)
TTC3,False,0.544567409911138,9.342788e-05,0.00623769,2.073938e-05,AOAH(-0.001);CCL5(-0.001);GNLY(-0.001);RAP1GAP2(-0.001);MYO1F(-0.001);PLCB1(-0.001);JAZF1(-0.001);SAMD3(-0.001),LEF1(+0.001);MAML2(+0.001);CAMK4(+0.001);FOXP1(+0.001);SERINC5(+0.001);BACH2(+0.001);PDE3B(+0.001);BCL11B(+0.001)
ARHGAP26,False,0.33778553126533284,-0.00047332337,0.006232396,-5.2215983e-05,PLCB1(-0.001);CCL5(-0.001);A2M(-0.001);AOAH(-0.001);MYO1F(-0.001);S100A4(-0.001);PZP(-0.001);KLRG1(-0.001),LEF1(+0.001);BACH2(+0.001);MAML2(+0.001);FOXP1(+0.001);SERINC5(+0.001);FHIT(+0.001);PRKCA(+0.001);PDE3B(+0.001)
WDR33,False,0.3440549528430464,2.4541985e-05,0.006222679,-2.9425015e-05,PLCB1(-0.001);CCL5(-0.001);AOAH(-0.001);MYO1F(-0.001);A2M(-0.001);S100A4(-0.001);PFN1(-0.001);RAP1GAP2(-0.001),LEF1(+0.001);MAML2(+0.001);BACH2(+0.001);FOXP1(+0.001);SERINC5(+0.001);FHIT(+0.001);PDE3B(+0.001);PRKCA(+0.001)
PIK3R5,False,0.4322084718966364,0.000117469215,0.006217388,-2.1667895e-06,LEF1(-0.001);MAML2(-0.001);BACH2(-0.001);FOXP1(-0.001);SERINC5(-0.001);CAMK4(-0.001);PDE3B(-0.001);FHIT(-0.001),AOAH(+0.001);PLCB1(+0.001);CCL5(+0.001);MYO1F(+0.001);RAP1GAP2(+0.001);A2M(+0.001);SYNE1(+0.000);SAMD3(+0.000)
STK4,False,0.749059586763343,3.499582e-06,0.0062135686,-0.00039830094,PLCB1(-0.001);A2M(-0.001);PHACTR2(-0.001);CCL5(-0.001);IL32(-0.001);KLRG1(-0.001);S100A4(-0.001);PARP8(-0.001),LEF1(+0.001);BACH2(+0.001);FOXP1(+0.001);MAML2(+0.001);FHIT(+0.001);SERINC5(+0.001);PRKCA(+0.001);SELL(+0.000)
SRSF4,False,0.39742681131766894,-2.7225688e-05,0.0062007704,-0.00014882004,LEF1(-0.001);MAML2(-0.001);BACH2(-0.001);FOXP1(-0.001);SERINC5(-0.001);CAMK4(-0.001);PDE3B(-0.001);FHIT(-0.001),AOAH(+0.001);PLCB1(+0.001);MYO1F(+0.001);RAP1GAP2(+0.001);CCL5(+0.001);A2M(+0.001);SYNE1(+0.000);SAMD3(+0.000)
CREBBP,False,0.43498882407457895,-0.00015118101,0.0061979904,-0.00017088653,AOAH(-0.001);RAP1GAP2(-0.001);JAZF1(-0.001);CD247(-0.001);SAMD3(-0.001);MCTP2(-0.001);SYNE1(-0.001);VAV3(-0.000),CAMK4(+0.001);IL7R(+0.001);LTB(+0.001);LEF1(+0.001);BCL2(+0.001);BCL11B(+0.001);MAML2(+0.001);TRAC(+0.001)
KDM5A,False,0.40255138199858265,-3.2976044e-05,0.006196923,4.296719e-05,BACH2(-0.001);LEF1(-0.001);MAML2(-0.001);FOXP1(-0.001);TXK(-0.000);ZBTB20(-0.000);FHIT(-0.000);PRKCA(-0.000),IL32(+0.001);PHACTR2(+0.001);S100A4(+0.001);PFN1(+0.001);ACTB(+0.001);A2M(+0.001);PLCB1(+0.001);S100A6(+0.001)
CD96,False,0.6135310472659871,-0.00020760341,0.0061924886,0.0001253068,LEF1(-0.001);MAML2(-0.001);CAMK4(-0.001);BCL2(-0.001);FOXP1(-0.001);BACH2(-0.001);IL7R(-0.001);SERINC5(-0.001),ACTG1(+0.001);ACTB(+0.001);PFN1(+0.001);RAP1GAP2(+0.001);GAPDH(+0.000);MYO1F(+0.000);S100A4(+0.000);AOAH(+0.000)
TRA2B,False,0.4402769448836069,3.994428e-05,0.006177838,2.0896841e-05,AOAH(-0.001);CCL5(-0.001);RAP1GAP2(-0.001);MYO1F(-0.001);PLCB1(-0.001);SYNE1(-0.001);JAZF1(-0.001);SAMD3(-0.001),LEF1(+0.001);MAML2(+0.001);CAMK4(+0.001);BACH2(+0.001);FOXP1(+0.001);SERINC5(+0.001);PDE3B(+0.001);FHIT(+0.001)
CAMK2G,False,0.3169601482854495,-3.264526e-05,0.006167126,8.810341e-05,PLCB1(-0.001);CCL5(-0.001);AOAH(-0.001);A2M(-0.001);MYO1F(-0.001);GNLY(-0.001);RAP1GAP2(-0.001);S100A4(-0.001),LEF1(+0.001);BACH2(+0.001);MAML2(+0.001);FOXP1(+0.001);SERINC5(+0.001);FHIT(+0.001);PRKCA(+0.001);PDE3B(+0.001)
CAPZB,False,0.6383906667393557,-0.00015384254,0.006165792,-0.00019493896,IL32(-0.001);PHACTR2(-0.001);S100A4(-0.001);LTB(-0.001);IL7R(-0.001);A2M(-0.001);PLCB1(-0.001);RPL11(-0.001),BACH2(+0.001);LEF1(+0.001);FOXP1(+0.000);KCNQ5(+0.000);MAML2(+0.000);TXK(+0.000);FHIT(+0.000);ATP10A(+0.000)
SLC8B1,False,0.18257645968489342,-8.033454e-05,0.006158084,-5.056562e-05,LEF1(-0.001);MAML2(-0.001);BACH2(-0.001);FOXP1(-0.001);SERINC5(-0.001);FHIT(-0.001);PDE3B(-0.001);PRKCA(-0.001),CCL5(+0.001);PLCB1(+0.001);AOAH(+0.001);MYO1F(+0.001);A2M(+0.001);GNLY(+0.001);S100A4(+0.001);RAP1GAP2(+0.001)
ARID1B,False,0.8164422395464213,-0.00020591637,0.00615066,-8.586823e-05,AOAH(-0.001);CCL5(-0.001);GNLY(-0.001);PLCB1(-0.001);CTSW(-0.001);JAZF1(-0.001);MCTP2(-0.000);UTRN(-0.000),IL32(+0.001);TMSB10(+0.001);RPL11(+0.001);ACTB(+0.001);GAPDH(+0.000);PFN1(+0.000);ARHGDIB(+0.000);LEF1(+0.000)
TMPO,False,0.19876792236820584,-9.67531e-05,0.006147061,-2.7393657e-05,LEF1(-0.001);BACH2(-0.001);MAML2(-0.001);FOXP1(-0.001);FHIT(-0.001);ZBTB20(-0.001);SERINC5(-0.001);PRKCA(-0.001),IL32(+0.001);S100A4(+0.001);PHACTR2(+0.001);PFN1(+0.001);PLCB1(+0.001);A2M(+0.001);ACTB(+0.001);ACTG1(+0.001)
ACTR10,False,0.1720547347762089,-1.4257033e-05,0.006142568,-4.4702174e-05,CCL5(-0.001);PLCB1(-0.001);S100A4(-0.001);A2M(-0.001);MYO1F(-0.001);AOAH(-0.001);PFN1(-0.001);ACTG1(-0.001),LEF1(+0.001);MAML2(+0.001);BACH2(+0.001);FOXP1(+0.001);SERINC5(+0.001);FHIT(+0.001);PRKCA(+0.001);PDE3B(+0.001)
COG5,False,0.5826745897617621,-1.322852e-05,0.0061405418,-7.958715e-05,PLCB1(-0.001);A2M(-0.001);PHACTR2(-0.001);CCL5(-0.001);S100A4(-0.001);IL32(-0.001);KLRG1(-0.001);MYO1F(-0.001),LEF1(+0.001);BACH2(+0.001);MAML2(+0.001);FOXP1(+0.001);FHIT(+0.001);SERINC5(+0.001);PRKCA(+0.001);PDE3B(+0.001)
SLC16A10,False,0.18955459848443548,-0.00016175043,0.0061358768,-1.7549832e-05,LEF1(-0.001);MAML2(-0.001);BACH2(-0.001);FOXP1(-0.001);SERINC5(-0.001);CAMK4(-0.001);PDE3B(-0.001);FHIT(-0.001),AOAH(+0.001);PLCB1(+0.001);CCL5(+0.001);GNLY(+0.001);MYO1F(+0.001);RAP1GAP2(+0.001);A2M(+0.001);PFN1(+0.000)
GALNT10,False,0.21196096603609008,-0.00026547734,0.006134974,1.1781043e-05,CCL5(-0.001);PLCB1(-0.001);A2M(-0.001);AOAH(-0.001);MYO1F(-0.001);S100A4(-0.001);GNLY(-0.001);PFN1(-0.000),LEF1(+0.001);BACH2(+0.001);MAML2(+0.001);FOXP1(+0.001);SERINC5(+0.001);FHIT(+0.001);PRKCA(+0.001);PDE3B(+0.001)
TNFAIP8,False,0.8485525813661889,-0.000156881,0.006131995,3.9617167e-05,AOAH(-0.001);JAZF1(-0.000);GNLY(-0.000);CD247(-0.000);TXK(-0.000);UTRN(-0.000);ZBTB20(-0.000);SFMBT2(-0.000),IL32(+0.001);S100A4(+0.001);RPL11(+0.001);TMSB10(+0.001);ACTB(+0.001);PFN1(+0.001);RPL28(+0.001);ACTG1(+0.001)
BTBD11,False,0.33456904541241894,-0.00017627461,0.00612637,-7.36295e-05,LEF1(-0.001);MAML2(-0.001);BACH2(-0.001);FOXP1(-0.001);CAMK4(-0.001);SERINC5(-0.001);PDE3B(-0.001);INPP4B(-0.001),ACTG1(+0.001);PFN1(+0.001);AOAH(+0.001);RAP1GAP2(+0.001);ACTB(+0.001);MYO1F(+0.001);S100A4(+0.000);SAMD3(+0.000)
AP3M2,False,0.29940576786785145,3.55954e-05,0.00612438,-0.00013298528,PLCB1(-0.001);ACTB(-0.001);ACTG1(-0.001);PFN1(-0.001);S100A4(-0.001);MYO1F(-0.001);AOAH(-0.001);A2M(-0.001),LEF1(+0.001);MAML2(+0.001);BACH2(+0.001);FOXP1(+0.001);SERINC5(+0.001);PRKCA(+0.001);PDE3B(+0.001);FHIT(+0.001)
ENO1,False,0.38221664940304206,2.502577e-05,0.0061233174,-3.3396493e-05,LEF1(-0.001);MAML2(-0.001);BACH2(-0.001);FOXP1(-0.001);SERINC5(-0.001);CAMK4(-0.001);PDE3B(-0.001);FHIT(-0.001),AOAH(+0.001);CCL5(+0.001);PLCB1(+0.001);MYO1F(+0.001);RAP1GAP2(+0.001);A2M(+0.001);SYNE1(+0.000);SAMD3(+0.000)
CEP350,False,0.3171782151229352,8.939754e-07,0.0061184005,-0.00019059484,CCL5(-0.001);PLCB1(-0.001);A2M(-0.001);AOAH(-0.001);MYO1F(-0.001);S100A4(-0.001);RAP1GAP2(-0.001);CTSW(-0.000),LEF1(+0.001);BACH2(+0.001);MAML2(+0.001);FOXP1(+0.001);SERINC5(+0.001);FHIT(+0.001);PRKCA(+0.001);PDE3B(+0.001)
RPL10,False,0.8410292754729327,-0.00018409261,0.0061182855,-0.00035383244,ACTB(-0.001);ACTG1(-0.001);S100A4(-0.001);PFN1(-0.001);TMSB4X(-0.001);CORO1A(-0.001);CCL5(-0.001);GAPDH(-0.000),LEF1(+0.001);MAML2(+0.001);BACH2(+0.001);FOXP1(+0.001);SERINC5(+0.001);BCL2(+0.001);PRKCA(+0.001);CAMK4(+0.001)
NDUFS4,False,0.2142506678296898,-4.9953484e-05,0.006113173,-6.2170635e-05,LEF1(-0.001);BACH2(-0.001);MAML2(-0.001);FOXP1(-0.001);SERINC5(-0.001);FHIT(-0.001);PRKCA(-0.001);PDE3B(-0.001),PLCB1(+0.001);CCL5(+0.001);A2M(+0.001);S100A4(+0.001);PHACTR2(+0.001);IL32(+0.001);MYO1F(+0.001);PFN1(+0.001)
ANAPC16,False,0.16649403042032382,-3.819614e-05,0.006095231,-8.210947e-05,LEF1(-0.001);MAML2(-0.001);CAMK4(-0.001);BACH2(-0.001);FOXP1(-0.001);SERINC5(-0.001);PDE3B(-0.001);INPP4B(-0.001),AOAH(+0.001);GNLY(+0.001);CCL5(+0.001);RAP1GAP2(+0.001);MYO1F(+0.001);MCTP2(+0.001);TGFBR3(+0.001);CTSW(+0.001)
ELF1,True,0.5609769394319359,3.7180136e-05,0.0060854107,0.0006241394,LEF1(-0.001);CAMK4(-0.001);MAML2(-0.001);FOXP1(-0.001);BCL2(-0.001);BACH2(-0.001);INPP4B(-0.001);PDE3B(-0.001),ACTB(+0.001);ACTG1(+0.001);CD247(+0.001);RAP1GAP2(+0.001);AOAH(+0.001);TMSB4X(+0.000);PFN1(+0.000);ITGB2(+0.000)
AFAP1,False,0.19195333369677808,-3.2111056e-05,0.006081483,0.0001258316,LEF1(-0.001);MAML2(-0.001);CAMK4(-0.001);FOXP1(-0.001);BACH2(-0.001);SERINC5(-0.001);PDE3B(-0.001);FHIT(-0.001),AOAH(+0.001);CCL5(+0.001);PLCB1(+0.001);RAP1GAP2(+0.001);MYO1F(+0.001);SYNE1(+0.001);SAMD3(+0.001);JAZF1(+0.001)
SENP6,False,0.4270293845063512,-7.4324686e-05,0.00608,7.3569427e-06,LEF1(-0.001);MAML2(-0.001);BACH2(-0.001);FOXP1(-0.001);SERINC5(-0.001);FHIT(-0.001);PDE3B(-0.001);PRKCA(-0.001),PLCB1(+0.001);AOAH(+0.001);CCL5(+0.001);A2M(+0.001);MYO1F(+0.001);RAP1GAP2(+0.001);NCALD(+0.000);S100A4(+0.000)
PTPN4,False,0.4739137545657745,1.6705753e-05,0.0060713976,-3.0173522e-05,LEF1(-0.001);MAML2(-0.001);BACH2(-0.001);FOXP1(-0.001);SERINC5(-0.001);CAMK4(-0.001);PDE3B(-0.001);PRKCA(-0.001),PFN1(+0.001);ACTG1(+0.001);ACTB(+0.001);S100A4(+0.001);MYO1F(+0.001);RAP1GAP2(+0.000);AOAH(+0.000);PLCB1(+0.000)
ATP2B4,False,0.18192225917243637,-0.00025983655,0.0060672252,1.6916924e-06,PLCB1(-0.001);CCL5(-0.001);A2M(-0.001);S100A4(-0.001);PHACTR2(-0.001);IL32(-0.001);MYO1F(-0.001);PFN1(-0.001),LEF1(+0.001);BACH2(+0.001);MAML2(+0.001);FOXP1(+0.001);SERINC5(+0.001);FHIT(+0.001);PRKCA(+0.001);PDE3B(+0.001)
USP36,False,0.231314397862945,-0.000105533814,0.006063494,-9.9751505e-06,CAMK4(-0.001);LEF1(-0.001);IL7R(-0.001);LTB(-0.001);BCL11B(-0.001);RPL11(-0.001);IL32(-0.001);SERINC5(-0.001),AOAH(+0.001);GNLY(+0.001);RAP1GAP2(+0.001);JAZF1(+0.001);SAMD3(+0.001);SYNE1(+0.001);MCTP2(+0.000);CD247(+0.000)
AFF1,False,0.4294281197186939,-5.188963e-05,0.0060452004,4.3216834e-05,LEF1(-0.001);MAML2(-0.001);BACH2(-0.001);FOXP1(-0.001);SERINC5(-0.001);CAMK4(-0.001);PDE3B(-0.001);PRKCA(-0.001),AOAH(+0.001);PLCB1(+0.001);CCL5(+0.001);MYO1F(+0.001);RAP1GAP2(+0.001);PFN1(+0.001);ACTG1(+0.001);S100A4(+0.000)
ATM,False,0.8428828435915611,-3.2005395e-05,0.006034798,1.526617e-05,PLCB1(-0.001);A2M(-0.001);CCL5(-0.001);AOAH(-0.001);MYO1F(-0.001);PZP(-0.001);PARP8(-0.001);KLRG1(-0.001),LEF1(+0.001);BACH2(+0.001);MAML2(+0.001);FOXP1(+0.001);SERINC5(+0.001);FHIT(+0.001);PRKCA(+0.001);PDE3B(+0.001)
SLA,False,0.2562830507550564,-9.916208e-05,0.0060280175,-4.987116e-05,CCL5(-0.001);PLCB1(-0.001);AOAH(-0.001);MYO1F(-0.001);GNLY(-0.001);A2M(-0.001);RAP1GAP2(-0.001);S100A4(-0.000),LEF1(+0.001);MAML2(+0.001);BACH2(+0.001);FOXP1(+0.001);SERINC5(+0.001);FHIT(+0.001);CAMK4(+0.001);PDE3B(+0.001)
POU2F2,True,0.26331570626396994,-2.0036798e-05,0.006027242,-0.0014724304,LEF1(-0.001);IL7R(-0.001);MAML2(-0.001);BACH2(-0.001);B2M(-0.001);CCR7(-0.001);DOCK10(-0.001);SERINC5(-0.001),HCST(+0.001);MYO1F(+0.000);AOAH(+0.000);PFN1(+0.000);JUN(+0.000);PLCB1(+0.000);HLA-C(+0.000);GNLY(+0.000)
JAK3,False,0.29237311235893804,4.9612932e-05,0.0060272184,-0.00017676069,CCL5(-0.001);AOAH(-0.001);PLCB1(-0.001);MYO1F(-0.001);GNLY(-0.001);RAP1GAP2(-0.001);A2M(-0.000);SYNE1(-0.000),LEF1(+0.001);MAML2(+0.001);BACH2(+0.001);FOXP1(+0.001);SERINC5(+0.001);CAMK4(+0.001);PDE3B(+0.001);FHIT(+0.001)
GPBP1,False,0.5369350705991386,-5.8893762e-05,0.0060066045,-0.0003381214,IL32(-0.001);PHACTR2(-0.001);S100A4(-0.001);IL7R(-0.001);LTB(-0.001);A2M(-0.001);CCL5(-0.001);PLCB1(-0.001),BACH2(+0.001);LEF1(+0.001);FOXP1(+0.000);KCNQ5(+0.000);MAML2(+0.000);FHIT(+0.000);TXK(+0.000);ATP10A(+0.000)
VPS13B,False,0.6170201166657582,9.806418e-05,0.0060061235,0.00038891443,LEF1(-0.001);CAMK4(-0.001);MAML2(-0.001);FOXP1(-0.001);SERINC5(-0.001);PDE3B(-0.001);BACH2(-0.001);BCL11B(-0.001),AOAH(+0.001);CCL5(+0.001);RAP1GAP2(+0.001);JAZF1(+0.001);SYNE1(+0.001);GNLY(+0.001);SAMD3(+0.001);MYO1F(+0.001)
EIF3K,False,0.4036962328953825,-2.542796e-05,0.0060012587,-0.00025229444,LEF1(-0.001);MAML2(-0.001);BACH2(-0.001);FOXP1(-0.001);SERINC5(-0.001);CAMK4(-0.001);PDE3B(-0.001);FHIT(-0.001),AOAH(+0.001);PLCB1(+0.001);MYO1F(+0.001);CCL5(+0.001);RAP1GAP2(+0.001);GNLY(+0.001);A2M(+0.001);SAMD3(+0.000)
PCNX1,False,0.5112031837758274,4.2525648e-05,0.00599941,-0.00012677081,ACTG1(-0.001);ACTB(-0.001);RAP1GAP2(-0.001);AOAH(-0.001);MYO1F(-0.001);CCL5(-0.001);PFN1(-0.001);S100A4(-0.000),LEF1(+0.001);MAML2(+0.001);FOXP1(+0.001);BACH2(+0.001);CAMK4(+0.001);SERINC5(+0.001);PDE3B(+0.001);BCL2(+0.001)
KANSL1L,False,0.1444692798342692,-4.904024e-05,0.0059991255,6.2685e-05,LEF1(-0.001);MAML2(-0.001);BACH2(-0.001);FOXP1(-0.001);SERINC5(-0.001);CAMK4(-0.001);FHIT(-0.001);PDE3B(-0.001),AOAH(+0.001);CCL5(+0.001);PLCB1(+0.001);MYO1F(+0.001);A2M(+0.001);RAP1GAP2(+0.001);SYNE1(+0.000);CTSW(+0.000)
TPR,False,0.5723709316905632,-0.00013731852,0.0059978142,-7.785538e-05,LEF1(-0.001);CAMK4(-0.001);SERINC5(-0.001);MAML2(-0.001);PDE3B(-0.001);FOXP1(-0.001);LTB(-0.001);BCL11B(-0.001),AOAH(+0.001);RAP1GAP2(+0.001);JAZF1(+0.001);PLCB1(+0.001);GNLY(+0.001);SAMD3(+0.001);SYNE1(+0.001);CCL5(+0.001)
C22orf34,False,0.2591179196423704,-3.7527896e-06,0.0059834453,5.5842112e-05,PLCB1(-0.001);CCL5(-0.001);A2M(-0.001);S100A4(-0.001);MYO1F(-0.001);GNLY(-0.001);PHACTR2(-0.001);PFN1(-0.001),LEF1(+0.001);BACH2(+0.001);MAML2(+0.001);FOXP1(+0.001);SERINC5(+0.001);FHIT(+0.001);PRKCA(+0.001);PDE3B(+0.001)
PKN2,False,0.4151992585727526,-5.816808e-06,0.0059766197,0.00021378948,CAMK4(-0.001);LEF1(-0.001);IL7R(-0.001);LTB(-0.001);BCL11B(-0.001);BCL2(-0.001);TRAC(-0.001);IL32(-0.001),AOAH(+0.001);RAP1GAP2(+0.001);JAZF1(+0.001);SAMD3(+0.001);SYNE1(+0.001);CD247(+0.001);MCTP2(+0.001);VAV3(+0.000)
SETD5,False,0.3942648421741264,-4.099499e-05,0.0059757004,-6.7168e-05,AOAH(-0.001);GNLY(-0.001);RAP1GAP2(-0.001);JAZF1(-0.001);MCTP2(-0.001);SAMD3(-0.001);TGFBR3(-0.001);SYNE1(-0.000),CAMK4(+0.001);IL7R(+0.001);LEF1(+0.001);LTB(+0.001);BCL11B(+0.001);BCL2(+0.001);MAML2(+0.001);SERINC5(+0.001)
TDRD3,False,0.19108106634683533,-3.7455924e-05,0.0059703365,-0.00012217926,AOAH(-0.001);CCL5(-0.001);RAP1GAP2(-0.001);MYO1F(-0.001);JAZF1(-0.001);PLCB1(-0.001);SYNE1(-0.001);SAMD3(-0.001),LEF1(+0.001);CAMK4(+0.001);MAML2(+0.001);FOXP1(+0.001);SERINC5(+0.001);BACH2(+0.001);PDE3B(+0.001);INPP4B(+0.001)
CLOCK,True,0.15013901760889714,-7.8696365e-05,0.00596508,-0.0017090712,ARHGAP15(-0.001);B2M(-0.001);MBNL1(-0.001);LEF1(-0.001);RIPOR2(-0.001);RPL13(-0.001);BACH2(-0.001);MAML2(-0.001),PFN1(+0.001);PLCB1(+0.000);A2M(+0.000);HCST(+0.000);HLA-C(+0.000);GZMK(+0.000);PHACTR2(+0.000);FLNA(+0.000)
NFATC2,True,0.27868941830671107,1.8608866e-05,0.0059585674,0.0014973235,PFN1(-0.001);IL32(-0.001);PHACTR2(-0.000);TRAC(-0.000);S100A6(-0.000);TRBC2(-0.000);A2M(-0.000);HLA-C(-0.000),MBNL1(+0.001);ARHGAP15(+0.001);B2M(+0.001);RIPOR2(+0.001);ZBTB20(+0.001);SKAP1(+0.001);PTPRC(+0.001);DOCK10(+0.001)
CMTM7,False,0.3327154772937906,-7.351974e-05,0.0059512174,8.8244706e-05,LEF1(-0.001);BACH2(-0.001);MAML2(-0.001);FOXP1(-0.001);FHIT(-0.001);SERINC5(-0.001);PRKCA(-0.001);ZBTB20(-0.000),IL32(+0.001);S100A4(+0.001);PHACTR2(+0.001);PFN1(+0.001);ACTB(+0.001);PLCB1(+0.001);CCL5(+0.001);A2M(+0.001)
THEMIS,False,0.5968489341983318,-0.00037707685,0.005938067,-2.712286e-05,IL32(-0.001);PHACTR2(-0.001);IL7R(-0.001);LTB(-0.001);RPL11(-0.001);S100A4(-0.001);RPS18(-0.001);RPL28(-0.001),MCTP2(+0.001);CD247(+0.000);AOAH(+0.000);TGFBR3(+0.000);JAZF1(+0.000);GNLY(+0.000);KCNQ5(+0.000);TYROBP(+0.000)
GMFG,False,0.4335713896309219,-0.0001623688,0.005928461,0.00018115342,S100A4(-0.001);PFN1(-0.001);IL32(-0.001);PLCB1(-0.001);A2M(-0.001);PHACTR2(-0.001);ACTG1(-0.001);ACTB(-0.001),LEF1(+0.001);BACH2(+0.001);MAML2(+0.001);FOXP1(+0.001);SERINC5(+0.001);FHIT(+0.001);PRKCA(+0.001);PDE3B(+0.001)
GRK5,False,0.27639971651311124,-0.00012477288,0.0059231645,7.417138e-05,LEF1(-0.001);BACH2(-0.001);MAML2(-0.001);FOXP1(-0.001);FHIT(-0.001);SERINC5(-0.001);PRKCA(-0.001);PDE3B(-0.000),IL32(+0.001);PHACTR2(+0.001);S100A4(+0.001);PLCB1(+0.001);A2M(+0.001);CCL5(+0.001);KLRG1(+0.001);PFN1(+0.001)
ENTPD1-AS1,False,0.19991277326500573,-7.318433e-06,0.0059197233,-5.395239e-05,CCL5(-0.001);GNLY(-0.001);AOAH(-0.001);PLCB1(-0.001);MYO1F(-0.001);RAP1GAP2(-0.001);ACTG1(-0.001);S100A4(-0.000),LEF1(+0.001);MAML2(+0.001);BACH2(+0.001);FOXP1(+0.001);SERINC5(+0.001);CAMK4(+0.001);PDE3B(+0.001);FHIT(+0.001)
LEF1-AS1,False,0.21844845445128933,-0.00021335352,0.0059136306,-0.00011100096,LEF1(-0.001);MAML2(-0.001);BACH2(-0.001);FOXP1(-0.001);SERINC5(-0.001);FHIT(-0.001);PRKCA(-0.001);PDE3B(-0.001),PLCB1(+0.001);PFN1(+0.001);S100A4(+0.001);MYO1F(+0.001);ACTG1(+0.001);CCL5(+0.001);AOAH(+0.001);A2M(+0.001)
CD46,False,0.40031619691435427,-4.558442e-05,0.005911537,-8.395945e-05,BACH2(-0.001);LEF1(-0.001);MAML2(-0.001);FOXP1(-0.001);TXK(-0.000);KCNQ5(-0.000);ZBTB20(-0.000);FHIT(-0.000),IL32(+0.001);PHACTR2(+0.001);S100A4(+0.001);A2M(+0.001);PFN1(+0.001);PLCB1(+0.001);LTB(+0.001);S100A6(+0.001)
RPL12,False,0.6733903941558087,-0.00017437688,0.00591096,-0.00037332368,LEF1(-0.001);CAMK4(-0.001);MAML2(-0.001);IL7R(-0.001);BCL2(-0.001);SERINC5(-0.001);BACH2(-0.001);FOXP1(-0.001),AOAH(+0.001);RAP1GAP2(+0.001);PFN1(+0.001);JAZF1(+0.000);MYO1F(+0.000);ACTG1(+0.000);SAMD3(+0.000);DNAJC1(+0.000)
MTM1,False,0.18879136455323559,-7.315609e-05,0.0059036254,3.2820983e-05,LEF1(-0.001);MAML2(-0.001);BACH2(-0.001);FOXP1(-0.001);CAMK4(-0.001);SERINC5(-0.001);PDE3B(-0.001);FHIT(-0.001),AOAH(+0.001);PLCB1(+0.001);MYO1F(+0.001);RAP1GAP2(+0.001);CCL5(+0.001);SYNE1(+0.000);SAMD3(+0.000);A2M(+0.000)
SSR2,False,0.22869759581311674,-1.9810663e-05,0.005900336,-5.4217275e-05,LEF1(-0.001);CAMK4(-0.001);MAML2(-0.001);SERINC5(-0.001);FOXP1(-0.001);BACH2(-0.001);PDE3B(-0.001);IL7R(-0.001),AOAH(+0.001);RAP1GAP2(+0.001);CCL5(+0.001);JAZF1(+0.001);MYO1F(+0.001);SAMD3(+0.001);SYNE1(+0.000);PLCB1(+0.000)
RPTOR,False,0.2927002126151666,-7.473397e-05,0.0058914893,-0.00016932107,LEF1(-0.001);CAMK4(-0.001);IL7R(-0.001);MAML2(-0.001);LTB(-0.001);BCL11B(-0.001);SERINC5(-0.001);BCL2(-0.001),AOAH(+0.001);RAP1GAP2(+0.001);JAZF1(+0.001);SAMD3(+0.000);MYO1F(+0.000);SYNE1(+0.000);DNAJC1(+0.000);VAV3(+0.000)
PDK1,False,0.4583764923949191,-0.00017928751,0.005885839,-2.0355445e-05,LEF1(-0.001);MAML2(-0.001);BACH2(-0.001);FOXP1(-0.001);SERINC5(-0.001);PRKCA(-0.001);FHIT(-0.001);PDE3B(-0.001),PFN1(+0.001);ACTB(+0.001);S100A4(+0.001);ACTG1(+0.001);IL32(+0.001);CCL5(+0.001);GAPDH(+0.001);CORO1A(+0.000)
ARL15,False,0.5372076541459957,-0.00013435479,0.0058621923,1.721396e-05,LEF1(-0.001);BACH2(-0.001);MAML2(-0.001);FOXP1(-0.001);FHIT(-0.000);KCNQ5(-0.000);TXK(-0.000);ZBTB20(-0.000),IL32(+0.001);PHACTR2(+0.001);S100A4(+0.001);A2M(+0.001);PLCB1(+0.001);IL7R(+0.001);LTB(+0.001);GZMK(+0.001)
AC245297.3,False,0.30900070871722185,-6.443074e-05,0.0058557373,5.706276e-07,PLCB1(-0.001);CCL5(-0.001);AOAH(-0.001);A2M(-0.001);MYO1F(-0.001);RAP1GAP2(-0.001);S100A4(-0.000);NCALD(-0.000),LEF1(+0.001);MAML2(+0.001);BACH2(+0.001);FOXP1(+0.001);SERINC5(+0.001);FHIT(+0.001);PDE3B(+0.001);PRKCA(+0.001)
GIGYF2,False,0.29259117919642375,-6.4549204e-05,0.00585239,1.1410156e-05,LEF1(-0.001);MAML2(-0.001);BACH2(-0.001);FOXP1(-0.001);SERINC5(-0.001);FHIT(-0.001);PRKCA(-0.001);PDE3B(-0.001),PLCB1(+0.001);CCL5(+0.001);S100A4(+0.001);A2M(+0.001);PFN1(+0.001);MYO1F(+0.001);ACTG1(+0.001);ACTB(+0.001)
XRN1,False,0.41023823801995307,7.0493597e-06,0.005848517,5.0448212e-05,PLCB1(-0.001);S100A4(-0.001);CCL5(-0.001);PFN1(-0.001);ACTG1(-0.001);ACTB(-0.001);A2M(-0.001);MYO1F(-0.001),LEF1(+0.001);MAML2(+0.001);BACH2(+0.001);FOXP1(+0.001);SERINC5(+0.001);FHIT(+0.001);PRKCA(+0.001);PDE3B(+0.001)
FNDC3A,False,0.4539606389358338,-0.00013366908,0.005844075,-6.997139e-05,LEF1(-0.001);BACH2(-0.001);MAML2(-0.001);FOXP1(-0.001);SERINC5(-0.001);FHIT(-0.001);PRKCA(-0.001);PDE3B(-0.001),PLCB1(+0.001);AOAH(+0.001);CCL5(+0.001);A2M(+0.001);MYO1F(+0.001);GNLY(+0.001);PARP8(+0.001);RAP1GAP2(+0.000)
SET,False,0.2698031946791692,4.378993e-05,0.0058410787,-7.371589e-05,LEF1(-0.001);MAML2(-0.001);CAMK4(-0.001);BACH2(-0.001);FOXP1(-0.001);SERINC5(-0.001);PDE3B(-0.001);FHIT(-0.001),AOAH(+0.001);RAP1GAP2(+0.001);PLCB1(+0.001);MYO1F(+0.001);CCL5(+0.001);GNLY(+0.001);SAMD3(+0.000);SYNE1(+0.000)
MAP3K4,False,0.23044213051300222,-1.3638028e-06,0.0058399597,-0.00013249373,AOAH(-0.001);CCL5(-0.001);PLCB1(-0.001);MYO1F(-0.001);RAP1GAP2(-0.001);SYNE1(-0.000);SAMD3(-0.000);A2M(-0.000),LEF1(+0.001);MAML2(+0.001);BACH2(+0.001);FOXP1(+0.001);CAMK4(+0.001);SERINC5(+0.001);PDE3B(+0.001);FHIT(+0.001)
CD4,False,0.2462519762307147,-0.00015482322,0.005832092,-1.1574794e-05,LEF1(-0.001);MAML2(-0.001);CAMK4(-0.001);FOXP1(-0.001);BACH2(-0.001);SERINC5(-0.001);PDE3B(-0.001);FHIT(-0.001),AOAH(+0.001);GNLY(+0.001);PLCB1(+0.001);CCL5(+0.001);RAP1GAP2(+0.001);MYO1F(+0.001);JAZF1(+0.000);CTSW(+0.000)
RBPJ,True,0.27241999672899747,-4.9519527e-05,0.0058302865,-0.001203266,ARHGAP15(-0.001);B2M(-0.001);LEF1(-0.001);RPL13(-0.001);LTB(-0.001);MBNL1(-0.001);RPS2(-0.001);RPS27A(-0.001),PFN1(+0.001);AOAH(+0.000);RAP1GAP2(+0.000);PLCB1(+0.000);JAZF1(+0.000);SAMD3(+0.000);SYNE1(+0.000);MYO1F(+0.000)
NBEA,False,0.15384615384615385,-0.00013022505,0.005826986,5.594546e-05,LEF1(-0.001);MAML2(-0.001);BACH2(-0.001);FOXP1(-0.001);SERINC5(-0.001);CAMK4(-0.001);PDE3B(-0.001);FHIT(-0.001),AOAH(+0.001);CCL5(+0.001);PLCB1(+0.001);GNLY(+0.001);MYO1F(+0.001);RAP1GAP2(+0.001);A2M(+0.000);PPP2R2B(+0.000)
POU2F1,True,0.21070708172054736,-4.1180225e-05,0.0058264975,-0.000474802,CCL5(-0.001);S100A4(-0.001);MYO1F(-0.001);PLCB1(-0.001);GNLY(-0.001);A2M(-0.001);CYBA(-0.000);NCALD(-0.000),LEF1(+0.001);MAML2(+0.001);BACH2(+0.001);CCR7(+0.001);FOXP1(+0.001);SERINC5(+0.001);FHIT(+0.001);SELL(+0.001)
REST,True,0.22161042359483182,-4.1818108e-05,0.005825865,-0.000772925,LEF1(-0.001);MAML2(-0.001);ARHGAP15(-0.001);BACH2(-0.001);SERINC5(-0.001);FOXP1(-0.001);CAMK4(-0.001);PDE3B(-0.001),PFN1(+0.001);AOAH(+0.001);PLCB1(+0.000);RAP1GAP2(+0.000);MYO1F(+0.000);CTSW(+0.000);ACTG1(+0.000);A2M(+0.000)
CUX1,True,0.35179632557378837,-0.00024333505,0.005822568,-0.0015899028,LEF1(-0.001);BACH2(-0.001);MBNL1(-0.001);TXK(-0.001);MAML2(-0.001);DOCK10(-0.001);ZBTB20(-0.001);B2M(-0.001),PFN1(+0.001);HCST(+0.001);TRAC(+0.001);IL32(+0.000);HLA-C(+0.000);TRBC2(+0.000);S100A4(+0.000);TMSB10(+0.000)
LDLRAP1,False,0.27699940031619696,9.937645e-05,0.0058094184,-8.745507e-05,AOAH(-0.001);RAP1GAP2(-0.001);JAZF1(-0.001);SAMD3(-0.001);SYNE1(-0.000);MYO1F(-0.000);CCL5(-0.000);MCTP2(-0.000),LEF1(+0.001);CAMK4(+0.001);IL7R(+0.001);MAML2(+0.001);LTB(+0.001);SERINC5(+0.001);BCL11B(+0.001);FOXP1(+0.001)
ANKRD11,False,0.6640680368532956,-0.0001681049,0.0058055003,-0.00012871796,BACH2(-0.001);LEF1(-0.001);GNLY(-0.000);KCNQ5(-0.000);MCTP2(-0.000);FOXP1(-0.000);MAML2(-0.000);CD247(-0.000),IL32(+0.001);PHACTR2(+0.001);A2M(+0.001);IL7R(+0.001);S100A4(+0.001);PLCB1(+0.001);LTB(+0.001);GZMK(+0.001)
SUPT20H,False,0.2708935288665977,-4.377933e-05,0.0058051804,-7.1765007e-06,LEF1(-0.001);MAML2(-0.001);BACH2(-0.001);FOXP1(-0.001);SERINC5(-0.001);CAMK4(-0.001);PDE3B(-0.001);FHIT(-0.001),PLCB1(+0.001);AOAH(+0.001);CCL5(+0.001);MYO1F(+0.001);RAP1GAP2(+0.001);A2M(+0.001);PFN1(+0.000);SAMD3(+0.000)
CNST,False,0.3718584746224718,-0.00016473062,0.005799815,7.1105285e-05,LEF1(-0.001);CAMK4(-0.001);MAML2(-0.001);SERINC5(-0.001);FOXP1(-0.001);BACH2(-0.001);PDE3B(-0.001);FHIT(-0.001),AOAH(+0.001);CCL5(+0.001);PLCB1(+0.001);RAP1GAP2(+0.001);MYO1F(+0.001);CTSW(+0.001);GNLY(+0.001);JAZF1(+0.001)
TPCN1,False,0.15073870141198278,-6.812161e-05,0.0057813115,7.645677e-05,LEF1(-0.001);MAML2(-0.001);CAMK4(-0.001);BACH2(-0.001);FOXP1(-0.001);SERINC5(-0.001);PDE3B(-0.001);FHIT(-0.001),AOAH(+0.001);GNLY(+0.001);CCL5(+0.001);RAP1GAP2(+0.001);PLCB1(+0.001);MYO1F(+0.001);SAMD3(+0.000);SYNE1(+0.000)
SERF2,False,0.4434389140271493,-0.0002454428,0.005779524,-0.00014274663,ACTB(-0.001);ACTG1(-0.001);PFN1(-0.001);S100A4(-0.001);CCL5(-0.001);MYO1F(-0.000);TMSB4X(-0.000);CORO1A(-0.000),LEF1(+0.001);MAML2(+0.001);BACH2(+0.001);FOXP1(+0.001);SERINC5(+0.001);CAMK4(+0.001);PDE3B(+0.001);PRKCA(+0.001)
TCF20,False,0.26800414326991223,-8.0261125e-06,0.005777921,-4.5767494e-05,LEF1(-0.001);CAMK4(-0.001);MAML2(-0.001);IL7R(-0.001);SERINC5(-0.001);BCL11B(-0.001);FOXP1(-0.001);PDE3B(-0.001),AOAH(+0.001);GNLY(+0.001);RAP1GAP2(+0.001);JAZF1(+0.001);CCL5(+0.001);SAMD3(+0.000);MYO1F(+0.000);SYNE1(+0.000)
PRMT2,False,0.6394810009267842,-8.1450875e-05,0.005763153,0.00023633272,LEF1(-0.001);CAMK4(-0.001);MAML2(-0.001);FOXP1(-0.001);SERINC5(-0.001);BACH2(-0.001);PDE3B(-0.001);BCL11B(-0.001),AOAH(+0.001);CCL5(+0.001);RAP1GAP2(+0.001);PLCB1(+0.001);JAZF1(+0.001);SYNE1(+0.001);MYO1F(+0.001);SAMD3(+0.001)
DHX9,False,0.25470206618328517,-1.19130245e-05,0.0057607745,-6.4240376e-05,PLCB1(-0.001);S100A4(-0.001);CCL5(-0.001);A2M(-0.001);MYO1F(-0.001);ACTG1(-0.001);AOAH(-0.001);PFN1(-0.001),LEF1(+0.001);MAML2(+0.001);BACH2(+0.001);FOXP1(+0.001);SERINC5(+0.001);FHIT(+0.001);PRKCA(+0.001);PDE3B(+0.001)
ADK,False,0.46410074687891845,-2.763492e-05,0.0057446645,9.068868e-05,LEF1(-0.001);BACH2(-0.001);MAML2(-0.001);FOXP1(-0.001);FHIT(-0.001);PRKCA(-0.000);SERINC5(-0.000);ZBTB20(-0.000),IL32(+0.001);PHACTR2(+0.001);S100A4(+0.001);PLCB1(+0.001);A2M(+0.001);PFN1(+0.001);GZMK(+0.001);KLRG1(+0.001)
RPS27A,False,0.9170800850460668,-0.00040333506,0.005743278,-0.00043270556,IL7R(-0.001);MAML2(-0.001);GNLY(-0.001);BCL2(-0.001);LEF1(-0.001);CAMK4(-0.001);BCL11B(-0.001);ARHGAP15(-0.001),PFN1(+0.001);ACTG1(+0.001);GAPDH(+0.001);ACTB(+0.001);MYL6(+0.000);FLNA(+0.000);TMSB10(+0.000);LGALS1(+0.000)
RTN4,False,0.28653982445619575,-2.1250544e-05,0.005732621,-9.493782e-06,PLCB1(-0.001);CCL5(-0.001);A2M(-0.001);AOAH(-0.001);MYO1F(-0.001);S100A4(-0.001);PFN1(-0.001);ACTG1(-0.000),LEF1(+0.001);MAML2(+0.001);BACH2(+0.001);FOXP1(+0.001);SERINC5(+0.001);FHIT(+0.001);PRKCA(+0.001);PDE3B(+0.001)
CEACAM21,False,0.3144523796543641,-4.5323413e-05,0.005731383,-9.586453e-05,LEF1(-0.001);BACH2(-0.001);MAML2(-0.001);FOXP1(-0.001);FHIT(-0.001);SERINC5(-0.001);PRKCA(-0.001);PDE3B(-0.001),PLCB1(+0.001);A2M(+0.001);PHACTR2(+0.001);IL32(+0.001);S100A4(+0.001);CCL5(+0.001);KLRG1(+0.001);MYO1F(+0.001)
TASP1,False,0.2775445674099112,-3.8160968e-05,0.005730473,1.9856128e-05,LEF1(-0.001);MAML2(-0.001);BACH2(-0.001);FOXP1(-0.001);SERINC5(-0.001);FHIT(-0.001);PRKCA(-0.001);PDE3B(-0.001),PLCB1(+0.001);CCL5(+0.001);A2M(+0.001);S100A4(+0.001);MYO1F(+0.001);AOAH(+0.001);PFN1(+0.001);ACTG1(+0.000)
ANKRD36,False,0.3423104181431609,-3.5388333e-05,0.005726434,-0.00011215853,AOAH(-0.001);CCL5(-0.001);RAP1GAP2(-0.001);MYO1F(-0.001);PLCB1(-0.000);JAZF1(-0.000);SAMD3(-0.000);SYNE1(-0.000),LEF1(+0.001);MAML2(+0.001);CAMK4(+0.001);FOXP1(+0.001);BACH2(+0.001);SERINC5(+0.001);PDE3B(+0.001);INPP4B(+0.001)
RALGAPA1,False,0.4188518781006378,-7.59303e-05,0.0057258476,-0.0001231571,LEF1(-0.001);MAML2(-0.001);BACH2(-0.001);FOXP1(-0.001);SERINC5(-0.001);FHIT(-0.001);CAMK4(-0.001);PDE3B(-0.001),PLCB1(+0.001);AOAH(+0.001);CCL5(+0.001);MYO1F(+0.001);GNLY(+0.001);A2M(+0.001);RAP1GAP2(+0.000);PFN1(+0.000)
RPN2,False,0.22542659325083142,2.0453946e-05,0.005715567,-2.204031e-05,LEF1(-0.001);MAML2(-0.001);BACH2(-0.001);FOXP1(-0.001);SERINC5(-0.001);FHIT(-0.001);PRKCA(-0.001);PDE3B(-0.001),CCL5(+0.001);PLCB1(+0.001);AOAH(+0.001);A2M(+0.001);MYO1F(+0.001);S100A4(+0.001);RAP1GAP2(+0.000);CTSW(+0.000)
SPTBN1,False,0.35604862890475936,-0.0001230517,0.0057128086,-9.843332e-05,LEF1(-0.001);MAML2(-0.001);BACH2(-0.001);FOXP1(-0.001);SERINC5(-0.001);FHIT(-0.001);PRKCA(-0.001);PDE3B(-0.001),PLCB1(+0.001);S100A4(+0.001);CCL5(+0.001);PFN1(+0.001);A2M(+0.001);MYO1F(+0.001);ACTG1(+0.001);IL32(+0.000)
RREB1,True,0.19620563702774904,3.5988534e-05,0.005708447,0.001769151,PFN1(-0.000);JUN(-0.000);TRBC1(-0.000);AOAH(-0.000);FOXP1(-0.000);TRAC(-0.000);CCR7(-0.000);KCNQ5(-0.000),B2M(+0.001);CCL5(+0.001);HLA-B(+0.001);RPL13(+0.001);RPS2(+0.001);RPL11(+0.001);ARHGAP15(+0.001);EEF1A1(+0.001)
HMOX2,False,0.2614621381453415,2.930815e-05,0.0057069384,6.750398e-05,LEF1(-0.001);MAML2(-0.001);BACH2(-0.001);FOXP1(-0.001);SERINC5(-0.001);FHIT(-0.001);PDE3B(-0.001);PRKCA(-0.001),PLCB1(+0.001);AOAH(+0.001);A2M(+0.001);MYO1F(+0.001);RAP1GAP2(+0.001);S100A4(+0.000);NCALD(+0.000);CCL5(+0.000)
FNBP4,False,0.5742244998091915,-0.00010188041,0.0057048933,-0.00023177861,LEF1(-0.001);MAML2(-0.001);BACH2(-0.001);FOXP1(-0.001);SERINC5(-0.001);FHIT(-0.001);PRKCA(-0.001);PDE3B(-0.001),PLCB1(+0.001);CCL5(+0.001);A2M(+0.001);AOAH(+0.001);MYO1F(+0.001);PFN1(+0.001);S100A4(+0.001);PHACTR2(+0.000)
RHOH,False,0.7061549364880338,-0.00021414254,0.0056986297,-0.00044965284,LEF1(-0.001);CAMK4(-0.001);IL7R(-0.001);MAML2(-0.001);LTB(-0.001);BCL11B(-0.001);SERINC5(-0.001);PDE3B(-0.001),AOAH(+0.001);RAP1GAP2(+0.001);JAZF1(+0.001);SAMD3(+0.000);MCTP2(+0.000);GNLY(+0.000);MYO1F(+0.000);SYNE1(+0.000)
DTNB,False,0.3189227498228207,5.4339176e-05,0.0056811413,3.1740303e-05,S100A4(-0.001);CCL5(-0.001);PFN1(-0.001);PLCB1(-0.001);ACTG1(-0.001);ACTB(-0.001);A2M(-0.001);MYO1F(-0.001),LEF1(+0.001);MAML2(+0.001);BACH2(+0.001);FOXP1(+0.001);SERINC5(+0.001);FHIT(+0.001);PRKCA(+0.001);PDE3B(+0.001)
LINC00649,False,0.18601101237529302,1.834206e-05,0.0056662345,-6.262804e-05,PLCB1(-0.001);S100A4(-0.001);CCL5(-0.001);A2M(-0.001);MYO1F(-0.001);PFN1(-0.001);AOAH(-0.000);ACTG1(-0.000),LEF1(+0.001);MAML2(+0.001);BACH2(+0.001);FOXP1(+0.001);SERINC5(+0.001);FHIT(+0.001);PRKCA(+0.001);PDE3B(+0.001)
PLCL2,False,0.5699721964782206,-0.00017304935,0.005665118,-0.0001705983,BACH2(-0.001);LEF1(-0.001);MAML2(-0.001);FOXP1(-0.000);TXK(-0.000);KCNQ5(-0.000);FHIT(-0.000);ZBTB20(-0.000),IL32(+0.001);PHACTR2(+0.001);S100A4(+0.001);A2M(+0.001);PLCB1(+0.001);PFN1(+0.001);LTB(+0.001);IL7R(+0.001)
RBM26,False,0.5163277544567411,-0.00011916298,0.0056647575,6.0612652e-05,LEF1(-0.001);MAML2(-0.001);BACH2(-0.001);FOXP1(-0.001);SERINC5(-0.001);FHIT(-0.001);PRKCA(-0.001);PDE3B(-0.001),CCL5(+0.001);PLCB1(+0.001);S100A4(+0.001);PFN1(+0.001);MYO1F(+0.001);ACTG1(+0.001);ACTB(+0.001);A2M(+0.001)
TRIR,False,0.1627868941830671,5.551588e-05,0.00565816,4.198729e-05,LEF1(-0.001);MAML2(-0.001);BACH2(-0.001);FOXP1(-0.001);SERINC5(-0.001);FHIT(-0.001);PDE3B(-0.001);PRKCA(-0.001),PLCB1(+0.001);CCL5(+0.001);AOAH(+0.001);MYO1F(+0.001);A2M(+0.001);RAP1GAP2(+0.000);S100A4(+0.000);NCALD(+0.000)
SCFD2,False,0.3937741917897836,6.088009e-06,0.0056558326,0.0001315803,S100A4(-0.001);CCL5(-0.001);PFN1(-0.001);IL32(-0.001);PLCB1(-0.001);PHACTR2(-0.001);ACTB(-0.001);A2M(-0.001),LEF1(+0.001);MAML2(+0.001);BACH2(+0.001);FOXP1(+0.001);SERINC5(+0.001);FHIT(+0.001);PRKCA(+0.001);PDE3B(+0.001)
IL4R,False,0.2725835468571117,-9.1405804e-05,0.005655553,0.00013253647,LEF1(-0.001);BACH2(-0.001);MAML2(-0.001);FOXP1(-0.001);SERINC5(-0.001);FHIT(-0.001);PRKCA(-0.001);PDE3B(-0.001),S100A4(+0.001);PLCB1(+0.001);IL32(+0.001);A2M(+0.001);PHACTR2(+0.001);CCL5(+0.001);PFN1(+0.001);ACTB(+0.001)
ZFP14,True,0.08559123371313307,-3.3584067e-05,0.0056478246,-0.0023694749,B2M(-0.001);CCL5(-0.001);IL7R(-0.001);HLA-B(-0.001);RPL13(-0.001);MBNL1(-0.001);RPS2(-0.001);EEF1A1(-0.001),TRAC(+0.001);TRBC1(+0.001);JUN(+0.001);PFN1(+0.000);HCST(+0.000);TRBC2(+0.000);FOS(+0.000);CD3D(+0.000)
RSF1,False,0.5125661015101128,-8.294427e-05,0.0056456053,1.5459253e-08,LEF1(-0.001);MAML2(-0.001);FOXP1(-0.001);CAMK4(-0.001);BACH2(-0.001);SERINC5(-0.001);PDE3B(-0.001);PRKCA(-0.001),AOAH(+0.001);PLCB1(+0.001);RAP1GAP2(+0.001);MYO1F(+0.001);CCL5(+0.000);JAZF1(+0.000);SAMD3(+0.000);SYNE1(+0.000)
IL17RA,False,0.26424249032328406,-0.00010077501,0.0056447587,0.00013659504,LEF1(-0.001);MAML2(-0.001);BACH2(-0.001);FOXP1(-0.001);SERINC5(-0.001);CAMK4(-0.001);PDE3B(-0.001);FHIT(-0.001),CCL5(+0.001);PLCB1(+0.001);AOAH(+0.001);MYO1F(+0.001);RAP1GAP2(+0.001);A2M(+0.000);S100A4(+0.000);ACTG1(+0.000)
GNAI2,False,0.3637900016355013,-0.00016508414,0.0056445766,-0.00017140876,ACTG1(-0.001);S100A4(-0.001);ACTB(-0.001);PFN1(-0.001);CCL5(-0.001);MYO1F(-0.000);PLCB1(-0.000);TMSB4X(-0.000),LEF1(+0.001);MAML2(+0.001);BACH2(+0.001);FOXP1(+0.001);SERINC5(+0.001);PRKCA(+0.001);FHIT(+0.001);PDE3B(+0.001)
WDR7,False,0.42937360300932237,-9.366533e-05,0.0056388844,-0.00011016022,AOAH(-0.001);GNLY(-0.001);CD247(-0.001);JAZF1(-0.000);MCTP2(-0.000);KCNQ5(-0.000);RAP1GAP2(-0.000);SFMBT2(-0.000),IL32(+0.001);LTB(+0.001);IL7R(+0.001);PHACTR2(+0.001);CAMK4(+0.001);RPL11(+0.001);TRAC(+0.001);RPL30(+0.001)
LINC00243,False,0.2861036907812245,-9.666974e-05,0.0056310147,-3.1441406e-05,LEF1(-0.001);MAML2(-0.001);BACH2(-0.001);CAMK4(-0.001);FOXP1(-0.001);SERINC5(-0.001);PDE3B(-0.001);INPP4B(-0.001),AOAH(+0.001);GNLY(+0.001);RAP1GAP2(+0.001);CCL5(+0.001);MYO1F(+0.001);ACTG1(+0.000);PFN1(+0.000);PLCB1(+0.000)
PDCD6IP,False,0.2941176470588236,-3.5234011e-06,0.0056249937,-2.4850773e-05,S100A4(-0.001);PLCB1(-0.001);CCL5(-0.001);A2M(-0.001);GNLY(-0.001);IL32(-0.001);PHACTR2(-0.001);PFN1(-0.001),LEF1(+0.001);BACH2(+0.001);MAML2(+0.001);FOXP1(+0.001);SERINC5(+0.001);FHIT(+0.001);PRKCA(+0.001);PDE3B(+0.001)
UTP20,False,0.12391648040124298,-1.6747927e-05,0.005618147,4.7877096e-05,LEF1(-0.001);MAML2(-0.001);BACH2(-0.001);FOXP1(-0.001);SERINC5(-0.001);CAMK4(-0.001);FHIT(-0.001);PDE3B(-0.001),PLCB1(+0.001);AOAH(+0.001);GNLY(+0.001);CCL5(+0.001);MYO1F(+0.001);A2M(+0.001);RAP1GAP2(+0.000);S100A4(+0.000)
SF1,False,0.6366461320394703,-0.000105606625,0.0056161643,6.6196175e-05,IL7R(-0.001);CAMK4(-0.001);LTB(-0.001);BCL2(-0.001);LEF1(-0.001);BCL11B(-0.001);MAML2(-0.001);INPP4B(-0.001),AOAH(+0.001);RAP1GAP2(+0.001);JAZF1(+0.001);GNLY(+0.001);MCTP2(+0.001);SAMD3(+0.000);CD247(+0.000);SYNE1(+0.000)
AKNA,False,0.3683148885133294,-0.00012041991,0.0056098597,7.414835e-05,CCL5(-0.001);AOAH(-0.001);MYO1F(-0.001);ACTG1(-0.001);RAP1GAP2(-0.001);PFN1(-0.000);PLCB1(-0.000);ACTB(-0.000),LEF1(+0.001);MAML2(+0.001);BACH2(+0.001);FOXP1(+0.001);SERINC5(+0.001);CAMK4(+0.001);PDE3B(+0.001);PRKCA(+0.001)
SRP14,False,0.26707735921059805,-0.00010361067,0.005597301,-0.00011656171,CCL5(-0.001);ACTG1(-0.001);ACTB(-0.001);PLCB1(-0.001);PFN1(-0.001);S100A4(-0.001);MYO1F(-0.001);AOAH(-0.001),LEF1(+0.001);MAML2(+0.001);BACH2(+0.001);FOXP1(+0.001);SERINC5(+0.001);CAMK4(+0.001);PDE3B(+0.001);PRKCA(+0.001)
RUNX2,True,0.16305947772992424,-3.0615916e-05,0.0055884807,-0.0018532918,CCL5(-0.001);B2M(-0.001);SYNE2(-0.001);ACTB(-0.001);HLA-B(-0.001);CYBA(-0.001);CD247(-0.001);ITGB2(-0.001),LEF1(+0.001);FOXP1(+0.001);TRAC(+0.001);TRBC1(+0.001);MAML2(+0.001);BACH2(+0.001);SERINC5(+0.000);CAMK4(+0.000)
RNASEH2B,False,0.20421959330534808,-3.2546905e-05,0.00558359,0.00016200704,LEF1(-0.001);BACH2(-0.001);MAML2(-0.001);FOXP1(-0.001);SERINC5(-0.001);FHIT(-0.001);PRKCA(-0.001);PDE3B(-0.001),S100A4(+0.001);A2M(+0.001);PLCB1(+0.001);IL32(+0.001);CCL5(+0.001);PHACTR2(+0.001);ACTB(+0.001);MYO1F(+0.001)
STK39,False,0.2922095622308237,-0.00032396917,0.0055788676,-6.571759e-05,AOAH(-0.001);RAP1GAP2(-0.001);JAZF1(-0.001);CCL5(-0.000);SAMD3(-0.000);MCTP2(-0.000);MYO1F(-0.000);SYNE1(-0.000),LEF1(+0.001);CAMK4(+0.001);MAML2(+0.001);IL7R(+0.001);SERINC5(+0.001);FOXP1(+0.001);BCL2(+0.001);BCL11B(+0.001)
CHD3,False,0.4016245979392684,1.5444566e-05,0.0055750837,5.3663356e-05,AOAH(-0.001);RAP1GAP2(-0.001);MYO1F(-0.001);PLCB1(-0.000);JAZF1(-0.000);SAMD3(-0.000);SYNE1(-0.000);CCL5(-0.000),LEF1(+0.001);MAML2(+0.001);CAMK4(+0.001);FOXP1(+0.001);BACH2(+0.001);SERINC5(+0.001);PDE3B(+0.001);INPP4B(+0.001)
PHIP,False,0.4266477675407512,5.0051713e-05,0.005574314,-1.4185015e-06,PLCB1(-0.001);CCL5(-0.001);AOAH(-0.001);MYO1F(-0.001);A2M(-0.001);GNLY(-0.001);RAP1GAP2(-0.000);S100A4(-0.000),LEF1(+0.001);MAML2(+0.001);BACH2(+0.001);FOXP1(+0.001);SERINC5(+0.001);FHIT(+0.001);PDE3B(+0.001);PRKCA(+0.001)
UBE2E2,False,0.14959385051518295,-0.00013469458,0.005555749,-1.1520867e-05,LEF1(-0.001);MAML2(-0.001);BACH2(-0.001);FOXP1(-0.001);SERINC5(-0.001);CAMK4(-0.001);PDE3B(-0.001);FHIT(-0.001),CCL5(+0.001);AOAH(+0.001);PLCB1(+0.001);MYO1F(+0.001);RAP1GAP2(+0.001);A2M(+0.000);S100A4(+0.000);PFN1(+0.000)
EXT1,False,0.27214741318214036,-5.1684132e-05,0.0055525815,-0.00010091559,LEF1(-0.001);MAML2(-0.001);BACH2(-0.001);FOXP1(-0.001);SERINC5(-0.001);CAMK4(-0.001);PDE3B(-0.001);PRKCA(-0.001),AOAH(+0.001);PFN1(+0.001);PLCB1(+0.001);MYO1F(+0.001);CCL5(+0.001);ACTG1(+0.000);RAP1GAP2(+0.000);ACTB(+0.000)
SIPA1L3,False,0.20520089407403366,-3.372222e-05,0.0055499156,2.9834475e-05,LEF1(-0.001);MAML2(-0.001);BACH2(-0.001);FOXP1(-0.001);SERINC5(-0.001);CAMK4(-0.001);PDE3B(-0.001);FHIT(-0.001),CCL5(+0.001);AOAH(+0.001);PLCB1(+0.001);GNLY(+0.001);MYO1F(+0.001);RAP1GAP2(+0.001);A2M(+0.000);PPP2R2B(+0.000)
ATXN2,False,0.3332061276781334,5.967978e-06,0.005548031,0.00016583082,PLCB1(-0.001);CCL5(-0.001);AOAH(-0.001);MYO1F(-0.001);A2M(-0.001);PFN1(-0.000);S100A4(-0.000);GNLY(-0.000),LEF1(+0.001);MAML2(+0.001);BACH2(+0.001);FOXP1(+0.001);SERINC5(+0.001);FHIT(+0.001);PRKCA(+0.001);PDE3B(+0.001)
SMC5,False,0.2454887422995148,-1.0027033e-05,0.0055472404,0.000105185296,LEF1(-0.001);MAML2(-0.001);BACH2(-0.001);FOXP1(-0.001);SERINC5(-0.001);PRKCA(-0.001);FHIT(-0.001);PDE3B(-0.001),S100A4(+0.001);PLCB1(+0.001);CCL5(+0.001);PFN1(+0.001);ACTG1(+0.001);ACTB(+0.001);MYO1F(+0.001);A2M(+0.000)
WDR12,False,0.1266423158698141,-2.1554079e-05,0.0055444585,0.00013593865,LEF1(-0.001);MAML2(-0.001);FOXP1(-0.001);BACH2(-0.001);CAMK4(-0.001);SERINC5(-0.001);PDE3B(-0.001);FHIT(-0.001),AOAH(+0.001);CCL5(+0.001);PLCB1(+0.001);RAP1GAP2(+0.001);MYO1F(+0.001);CTSW(+0.000);SYNE1(+0.000);SAMD3(+0.000)
ORC2,False,0.1973504879245489,-3.495462e-05,0.0055334,1.8611074e-05,LEF1(-0.001);MAML2(-0.001);BACH2(-0.001);FOXP1(-0.001);CAMK4(-0.001);SERINC5(-0.001);PDE3B(-0.001);PRKCA(-0.001),AOAH(+0.001);CCL5(+0.001);PLCB1(+0.001);MYO1F(+0.001);RAP1GAP2(+0.001);ACTG1(+0.000);PFN1(+0.000);SAMD3(+0.000)
CD53,False,0.4457286158207491,-0.000101730875,0.0055305227,9.419949e-05,IL32(-0.001);PHACTR2(-0.001);S100A4(-0.001);LTB(-0.001);IL7R(-0.001);GZMK(-0.001);RPL11(-0.001);RPL28(-0.000),BACH2(+0.000);KCNQ5(+0.000);TXK(+0.000);CD247(+0.000);LEF1(+0.000);ZBTB20(+0.000);SFMBT2(+0.000);MAML2(+0.000)
PBX3,True,0.3655345363353868,-0.00018659836,0.005526865,-0.00078432704,LEF1(-0.001);BACH2(-0.001);MAML2(-0.001);FOXP1(-0.001);FHIT(-0.001);SERINC5(-0.001);PRKCA(-0.001);PDE3B(-0.001),PLCB1(+0.001);A2M(+0.001);PFN1(+0.001);PHACTR2(+0.001);HCST(+0.001);S100A4(+0.000);MYO1F(+0.000);AOAH(+0.000)
OSTF1,False,0.16900179905140925,-0.000108394575,0.0055214763,-0.00011158178,CCL5(-0.001);PLCB1(-0.001);S100A4(-0.001);MYO1F(-0.001);AOAH(-0.001);A2M(-0.001);GNLY(-0.000);ACTG1(-0.000),LEF1(+0.001);MAML2(+0.001);BACH2(+0.001);FOXP1(+0.001);SERINC5(+0.001);FHIT(+0.001);PRKCA(+0.001);PDE3B(+0.001)
LARS,False,0.25382979883334245,-4.6031942e-05,0.0055137333,6.4248794e-05,LEF1(-0.001);MAML2(-0.001);BACH2(-0.001);FOXP1(-0.001);SERINC5(-0.001);FHIT(-0.001);PRKCA(-0.001);PDE3B(-0.001),PLCB1(+0.001);CCL5(+0.001);S100A4(+0.001);PFN1(+0.001);ACTG1(+0.001);MYO1F(+0.001);ACTB(+0.001);A2M(+0.001)
RPS13,False,0.5955950498827892,-3.385367e-05,0.0055078794,-7.0572896e-05,CCL5(-0.001);PLCB1(-0.001);A2M(-0.001);S100A4(-0.001);MYO1F(-0.001);AOAH(-0.001);PHACTR2(-0.000);GNLY(-0.000),LEF1(+0.001);BACH2(+0.001);MAML2(+0.001);FOXP1(+0.001);SERINC5(+0.001);FHIT(+0.001);PRKCA(+0.001);PDE3B(+0.001)
ANXA1,False,0.3100910429046503,-0.00018749741,0.005503944,-0.000117312054,CCL5(-0.001);GNLY(-0.001);AOAH(-0.001);MYO1F(-0.001);PLCB1(-0.001);ACTG1(-0.000);RAP1GAP2(-0.000);ACTB(-0.000),LEF1(+0.001);MAML2(+0.001);BACH2(+0.001);FOXP1(+0.001);SERINC5(+0.001);CAMK4(+0.001);PDE3B(+0.001);PRKCA(+0.001)
RPL19,False,0.8090824837812791,-0.00034698867,0.00549344,-0.00030029533,LEF1(-0.001);CAMK4(-0.001);RPL11(-0.001);IL7R(-0.001);LTB(-0.001);EEF1A1(-0.001);BCL11B(-0.001);RPS2(-0.001),AOAH(+0.001);JAZF1(+0.001);RAP1GAP2(+0.001);SAMD3(+0.000);SYNE1(+0.000);PLCB1(+0.000);ARHGAP26(+0.000);UTRN(+0.000)
LRRFIP1,False,0.6387177669955844,-0.00014336874,0.0054923706,2.618595e-05,ACTG1(-0.001);RAP1GAP2(-0.001);ACTB(-0.001);AOAH(-0.000);PFN1(-0.000);MYO1F(-0.000);MCTP2(-0.000);SAMD3(-0.000),LEF1(+0.001);MAML2(+0.001);CAMK4(+0.001);BCL2(+0.001);FOXP1(+0.001);BACH2(+0.001);IL7R(+0.001);SERINC5(+0.001)
TCF4,True,0.016027912555198167,0.0,0.0054901103,0.0015295341,PFN1(-0.000);TRBC1(-0.000);JUN(-0.000);TRAC(-0.000);TRBC2(-0.000);HLA-C(-0.000);SELL(-0.000);CD3D(-0.000),B2M(+0.001);ARHGAP15(+0.001);HLA-B(+0.001);MBNL1(+0.001);RPL13(+0.001);RIPOR2(+0.001);RPS2(+0.001);HLA-A(+0.001)
STAT3,True,0.6002834868887315,3.8104423e-05,0.005486311,-0.0008051364,CCL5(-0.001);AOAH(-0.001);ACTB(-0.001);RAP1GAP2(-0.001);PLCB1(-0.000);ACTG1(-0.000);SYNE1(-0.000);SYNE2(-0.000),LEF1(+0.001);FOXP1(+0.001);MAML2(+0.001);CAMK4(+0.001);BACH2(+0.001);SERINC5(+0.001);PDE3B(+0.001);PRKCA(+0.001)
SRSF3,False,0.3159243308073925,-4.155049e-05,0.0054808026,-5.950664e-05,AOAH(-0.001);PLCB1(-0.001);GNLY(-0.001);CCL5(-0.001);RAP1GAP2(-0.001);MYO1F(-0.001);SYNE1(-0.001);JAZF1(-0.000),LEF1(+0.001);CAMK4(+0.001);MAML2(+0.001);BACH2(+0.001);SERINC5(+0.001);FOXP1(+0.001);PDE3B(+0.001);FHIT(+0.001)
USP34,False,0.6750804121463229,-7.707511e-05,0.0054793106,-0.00012897732,AOAH(-0.001);RAP1GAP2(-0.001);JAZF1(-0.001);CD247(-0.000);SAMD3(-0.000);MCTP2(-0.000);GNLY(-0.000);SYNE1(-0.000),IL7R(+0.001);CAMK4(+0.001);LTB(+0.001);BCL2(+0.001);LEF1(+0.001);BCL11B(+0.001);MAML2(+0.001);INPP4B(+0.000)
NGLY1,False,0.34825273946464597,-7.1865206e-06,0.005471016,7.910963e-05,IL32(-0.001);S100A4(-0.001);PHACTR2(-0.001);A2M(-0.001);PLCB1(-0.001);PFN1(-0.001);CCL5(-0.000);KLRG1(-0.000),LEF1(+0.001);BACH2(+0.001);MAML2(+0.001);FOXP1(+0.001);FHIT(+0.000);TXK(+0.000);SERINC5(+0.000);PRKCA(+0.000)
HNRNPD,False,0.4178705773319523,-3.3566744e-06,0.0054576914,1.8799441e-05,LEF1(-0.001);MAML2(-0.001);BACH2(-0.001);CAMK4(-0.001);FOXP1(-0.001);SERINC5(-0.001);PDE3B(-0.001);FHIT(-0.001),AOAH(+0.001);PLCB1(+0.001);RAP1GAP2(+0.001);MYO1F(+0.001);CCL5(+0.000);SYNE1(+0.000);SAMD3(+0.000);JAZF1(+0.000)
RPL27,False,0.4816551272965163,-0.00010757206,0.005457027,9.179692e-06,PLCB1(-0.001);S100A4(-0.001);CCL5(-0.001);PFN1(-0.001);A2M(-0.001);ACTB(-0.001);IL32(-0.001);ACTG1(-0.001),LEF1(+0.001);MAML2(+0.001);BACH2(+0.001);FOXP1(+0.001);SERINC5(+0.001);FHIT(+0.001);PRKCA(+0.001);PDE3B(+0.001)
DCUN1D4,False,0.16938341601700924,-3.2770997e-05,0.0054508597,8.303366e-05,LEF1(-0.001);MAML2(-0.001);BACH2(-0.001);FOXP1(-0.001);SERINC5(-0.001);FHIT(-0.001);PRKCA(-0.001);PDE3B(-0.001),CCL5(+0.001);PLCB1(+0.001);MYO1F(+0.001);S100A4(+0.001);AOAH(+0.001);A2M(+0.001);ACTG1(+0.000);PFN1(+0.000)
TOM1L2,False,0.3444365698086464,6.178325e-05,0.0054493668,0.0001924812,AOAH(-0.001);RAP1GAP2(-0.001);MYO1F(-0.000);JAZF1(-0.000);SAMD3(-0.000);PFN1(-0.000);ACTG1(-0.000);SYNE1(-0.000),LEF1(+0.001);MAML2(+0.001);CAMK4(+0.001);FOXP1(+0.001);BACH2(+0.001);SERINC5(+0.001);IL7R(+0.001);BCL2(+0.001)
SLMAP,False,0.38723218666521286,-1.5217025e-05,0.005448665,-0.00012337159,CCL5(-0.001);PLCB1(-0.001);AOAH(-0.001);GNLY(-0.001);MYO1F(-0.001);A2M(-0.001);RAP1GAP2(-0.000);PPP2R2B(-0.000),LEF1(+0.001);MAML2(+0.001);BACH2(+0.001);FOXP1(+0.001);SERINC5(+0.001);FHIT(+0.001);PDE3B(+0.001);PRKCA(+0.001)
DMTF1,False,0.22008395573243197,2.6990735e-06,0.005445041,-5.773234e-05,AOAH(-0.001);PLCB1(-0.001);MYO1F(-0.001);RAP1GAP2(-0.001);ACTG1(-0.000);PFN1(-0.000);CCL5(-0.000);ACTB(-0.000),LEF1(+0.001);MAML2(+0.001);BACH2(+0.001);FOXP1(+0.001);SERINC5(+0.001);CAMK4(+0.001);PDE3B(+0.001);FHIT(+0.001)
RALA,False,0.22493594286648858,2.7974706e-05,0.0054429662,0.00018180156,AOAH(-0.001);CCL5(-0.001);PLCB1(-0.001);MYO1F(-0.001);RAP1GAP2(-0.000);GNLY(-0.000);A2M(-0.000);PPP2R2B(-0.000),LEF1(+0.001);MAML2(+0.001);BACH2(+0.001);FOXP1(+0.001);SERINC5(+0.001);CAMK4(+0.001);PDE3B(+0.001);FHIT(+0.001)
CFLAR,False,0.35070599138635994,-0.00011252803,0.005441889,0.00010991205,AOAH(-0.001);CCL5(-0.001);PLCB1(-0.001);MYO1F(-0.001);GNLY(-0.001);RAP1GAP2(-0.001);A2M(-0.000);SAMD3(-0.000),LEF1(+0.001);MAML2(+0.001);BACH2(+0.001);FOXP1(+0.001);SERINC5(+0.001);CAMK4(+0.001);PDE3B(+0.001);FHIT(+0.001)
DENND2D,False,0.24227225644660086,-8.811752e-05,0.0054401606,5.6365075e-06,AOAH(-0.001);RAP1GAP2(-0.001);JAZF1(-0.000);MYO1F(-0.000);SAMD3(-0.000);CCL5(-0.000);SYNE1(-0.000);PLCB1(-0.000),LEF1(+0.001);CAMK4(+0.001);MAML2(+0.001);FOXP1(+0.001);SERINC5(+0.001);BACH2(+0.001);PDE3B(+0.001);IL7R(+0.001)
SNRNP200,False,0.24826909447745737,8.8811504e-08,0.005438209,1.73047e-05,AOAH(-0.001);CCL5(-0.001);PLCB1(-0.001);MYO1F(-0.001);RAP1GAP2(-0.001);GNLY(-0.001);A2M(-0.000);SYNE1(-0.000),LEF1(+0.001);MAML2(+0.001);BACH2(+0.001);FOXP1(+0.001);SERINC5(+0.001);CAMK4(+0.001);PDE3B(+0.001);FHIT(+0.001)
C11orf58,False,0.2892656599247669,4.72392e-06,0.00543174,9.2007826e-07,AOAH(-0.001);RAP1GAP2(-0.001);CCL5(-0.001);MYO1F(-0.001);JAZF1(-0.001);PLCB1(-0.001);SYNE1(-0.000);SAMD3(-0.000),LEF1(+0.001);CAMK4(+0.001);MAML2(+0.001);SERINC5(+0.001);FOXP1(+0.001);BACH2(+0.001);PDE3B(+0.001);FHIT(+0.001)
MGA,True,0.28681240800305297,1.0024145e-06,0.0054303017,0.0015709589,FOXP1(-0.001);TRAC(-0.001);LEF1(-0.001);MAML2(-0.001);TRBC1(-0.001);CAMK4(-0.001);BACH2(-0.000);SERINC5(-0.000),ACTB(+0.001);B2M(+0.001);CCL5(+0.001);ACTG1(+0.001);TMSB4X(+0.001);PTMA(+0.001);ITGB2(+0.001);CYBA(+0.001)
KMT2C,False,0.5627759908411928,-8.5975254e-05,0.0054255817,9.0612855e-05,LEF1(-0.001);MAML2(-0.001);BACH2(-0.001);FOXP1(-0.001);SERINC5(-0.001);PRKCA(-0.001);FHIT(-0.001);PDE3B(-0.001),PFN1(+0.001);ACTB(+0.001);S100A4(+0.001);ACTG1(+0.001);IL32(+0.001);TMSB4X(+0.000);CORO1A(+0.000);GAPDH(+0.000)
PLCG2,False,0.3754020607316143,-0.00031127816,0.0054246695,-4.1565872e-05,AOAH(-0.001);JAZF1(-0.001);RAP1GAP2(-0.000);CD247(-0.000);SAMD3(-0.000);MCTP2(-0.000);SYNE1(-0.000);GNLY(-0.000),IL7R(+0.001);LTB(+0.001);CAMK4(+0.001);IL32(+0.001);RPL11(+0.001);BCL11B(+0.000);BCL2(+0.000);RPS18(+0.000)
HERC4,False,0.3431281687837322,3.7067945e-05,0.005419334,-1.6226091e-06,PLCB1(-0.001);A2M(-0.001);S100A4(-0.001);MYO1F(-0.001);CCL5(-0.001);AOAH(-0.001);PHACTR2(-0.000);PFN1(-0.000),LEF1(+0.001);BACH2(+0.001);MAML2(+0.001);FOXP1(+0.001);SERINC5(+0.001);FHIT(+0.001);PRKCA(+0.001);PDE3B(+0.001)
VTI1A,False,0.5767867851496484,-2.0787727e-05,0.0054179057,-0.00025572622,CCL5(-0.001);ACTG1(-0.001);ACTB(-0.001);AOAH(-0.001);MYO1F(-0.001);RAP1GAP2(-0.000);GNLY(-0.000);PLCB1(-0.000),LEF1(+0.001);MAML2(+0.001);FOXP1(+0.001);BACH2(+0.001);CAMK4(+0.001);SERINC5(+0.001);PDE3B(+0.001);PRKCA(+0.001)
NR4A2,True,0.14943030038706864,2.9013929e-05,0.005412667,0.0010708453,LEF1(-0.001);FOXP1(-0.001);MAML2(-0.001);BACH2(-0.001);SERINC5(-0.001);FHIT(-0.001);PDE3B(-0.001);PRKCA(-0.001),CCL5(+0.001);B2M(+0.001);PLCB1(+0.001);S100A4(+0.001);HLA-B(+0.001);ACTB(+0.001);MYO1F(+0.001);AOAH(+0.001)
CSDE1,False,0.23360409965654477,-2.2820444e-05,0.005412416,-3.876554e-05,AOAH(-0.001);CCL5(-0.001);RAP1GAP2(-0.001);MYO1F(-0.000);PLCB1(-0.000);SAMD3(-0.000);JAZF1(-0.000);ACTG1(-0.000),LEF1(+0.001);MAML2(+0.001);CAMK4(+0.001);FOXP1(+0.001);BACH2(+0.001);SERINC5(+0.001);PDE3B(+0.001);INPP4B(+0.001)
LCP1,False,0.4074578858420106,-0.00013723994,0.005411253,-9.143439e-05,IL32(-0.001);S100A4(-0.001);PHACTR2(-0.001);RPL11(-0.001);LTB(-0.001);RPL28(-0.001);ACTB(-0.000);IL7R(-0.000),AOAH(+0.000);TXK(+0.000);KCNQ5(+0.000);ZBTB20(+0.000);JAZF1(+0.000);CD247(+0.000);SFMBT2(+0.000);BACH2(+0.000)
COX4I1,False,0.4709153355503462,-0.0002854079,0.005409354,2.4949337e-05,IL32(-0.001);S100A4(-0.001);PFN1(-0.001);PHACTR2(-0.001);ACTB(-0.001);ACTG1(-0.001);RPL11(-0.000);S100A6(-0.000),BACH2(+0.001);MAML2(+0.000);ZBTB20(+0.000);TXK(+0.000);LEF1(+0.000);FOXP1(+0.000);KCNQ5(+0.000);SFMBT2(+0.000)
NBEAL1,False,0.14992095077141143,-2.1436033e-05,0.005408743,5.1908455e-06,GNLY(-0.001);AOAH(-0.001);CCL5(-0.001);PLCB1(-0.001);MYO1F(-0.001);CTSW(-0.001);RAP1GAP2(-0.001);TGFBR3(-0.001),LEF1(+0.001);MAML2(+0.001);BACH2(+0.001);FOXP1(+0.001);SERINC5(+0.001);CAMK4(+0.001);PDE3B(+0.001);FHIT(+0.001)
RUFY2,False,0.13929019244398405,-3.7445006e-05,0.0054041725,-2.5659436e-05,LEF1(-0.001);CAMK4(-0.001);SERINC5(-0.001);IL7R(-0.001);LTB(-0.001);MAML2(-0.001);PDE3B(-0.001);BCL11B(-0.001),AOAH(+0.001);MCTP2(+0.001);CCL5(+0.001);RAP1GAP2(+0.001);TGFBR3(+0.001);JAZF1(+0.001);CTSW(+0.000);SAMD3(+0.000)
CTDSPL2,False,0.26696832579185514,2.0321584e-05,0.005401255,6.905597e-05,S100A4(-0.001);PLCB1(-0.001);PFN1(-0.001);CCL5(-0.001);A2M(-0.001);ACTG1(-0.001);MYO1F(-0.000);IL32(-0.000),LEF1(+0.001);MAML2(+0.001);BACH2(+0.001);FOXP1(+0.001);SERINC5(+0.001);FHIT(+0.001);PRKCA(+0.001);PDE3B(+0.001)
ARID3B,True,0.11503025677370116,-8.376197e-05,0.005398663,-0.002174064,B2M(-0.001);CCL5(-0.001);ACTB(-0.001);SYNE2(-0.001);HLA-B(-0.001);CD247(-0.001);IL7R(-0.001);PTMA(-0.001),TRAC(+0.001);TRBC1(+0.001);JUN(+0.001);FOS(+0.000);TRBC2(+0.000);HCST(+0.000);CD3D(+0.000);FOXP1(+0.000)
MFSD6,False,0.2396009376874012,-6.0536327e-06,0.005391234,2.5028572e-05,AOAH(-0.001);RAP1GAP2(-0.001);CCL5(-0.001);MYO1F(-0.000);JAZF1(-0.000);SAMD3(-0.000);SYNE1(-0.000);PLCB1(-0.000),LEF1(+0.001);CAMK4(+0.001);MAML2(+0.001);SERINC5(+0.001);FOXP1(+0.001);BACH2(+0.001);PDE3B(+0.001);BCL11B(+0.001)
SPAST,False,0.13694597394101293,-9.770955e-06,0.005389032,-9.114197e-05,PLCB1(-0.001);CCL5(-0.001);S100A4(-0.001);A2M(-0.001);MYO1F(-0.001);ACTG1(-0.000);PFN1(-0.000);ACTB(-0.000),LEF1(+0.001);MAML2(+0.001);BACH2(+0.001);FOXP1(+0.001);SERINC5(+0.001);FHIT(+0.001);PRKCA(+0.001);PDE3B(+0.001)
LINC01934,False,0.39906231259881164,-0.00011586069,0.005384958,2.3021055e-05,LEF1(-0.001);MAML2(-0.001);CAMK4(-0.001);BCL2(-0.001);FOXP1(-0.001);IL7R(-0.001);BACH2(-0.001);SERINC5(-0.001),ACTG1(+0.001);RAP1GAP2(+0.001);AOAH(+0.001);ACTB(+0.000);PFN1(+0.000);MYO1F(+0.000);JAZF1(+0.000);SAMD3(+0.000)
RORA-AS1,False,0.31832306601973503,-0.00010947262,0.005369595,0.00016923818,CCL5(-0.001);AOAH(-0.001);MYO1F(-0.001);RAP1GAP2(-0.001);PLCB1(-0.001);GNLY(-0.000);CTSW(-0.000);TGFBR3(-0.000),LEF1(+0.001);MAML2(+0.001);BACH2(+0.001);CAMK4(+0.001);FOXP1(+0.001);SERINC5(+0.001);PDE3B(+0.001);FHIT(+0.001)
GIT2,False,0.2588453360955133,-4.6020136e-06,0.005368711,9.7015334e-05,LEF1(-0.001);MAML2(-0.001);BACH2(-0.001);FOXP1(-0.001);CAMK4(-0.001);SERINC5(-0.001);PDE3B(-0.001);FHIT(-0.001),AOAH(+0.001);CCL5(+0.001);PLCB1(+0.001);MYO1F(+0.001);RAP1GAP2(+0.001);SYNE1(+0.000);GNLY(+0.000);SAMD3(+0.000)
DNHD1,False,0.18034127460066512,-1.0518335e-05,0.005365536,-1.122392e-05,AOAH(-0.001);CCL5(-0.001);PLCB1(-0.001);MYO1F(-0.001);RAP1GAP2(-0.001);SAMD3(-0.000);SYNE1(-0.000);JAZF1(-0.000),LEF1(+0.001);MAML2(+0.001);BACH2(+0.001);FOXP1(+0.001);CAMK4(+0.001);SERINC5(+0.001);PDE3B(+0.001);FHIT(+0.001)
CCSER2,False,0.36411710189172986,-1.3488564e-05,0.0053597637,9.069009e-05,AOAH(-0.001);CCL5(-0.001);GNLY(-0.001);PLCB1(-0.001);MYO1F(-0.001);RAP1GAP2(-0.000);A2M(-0.000);PFN1(-0.000),LEF1(+0.001);MAML2(+0.001);BACH2(+0.001);FOXP1(+0.001);SERINC5(+0.001);CAMK4(+0.001);PDE3B(+0.001);FHIT(+0.001)
CLASP2,False,0.3034945210707082,2.8331571e-05,0.0053597223,-0.00020165663,CCL5(-0.001);PLCB1(-0.001);A2M(-0.001);AOAH(-0.001);MYO1F(-0.001);S100A4(-0.001);RAP1GAP2(-0.000);PHACTR2(-0.000),LEF1(+0.001);BACH2(+0.001);MAML2(+0.001);FOXP1(+0.001);SERINC5(+0.001);FHIT(+0.001);PRKCA(+0.001);PDE3B(+0.001)
DLEU2,False,0.281524287194025,-0.00012276277,0.0053575924,0.00010002563,MCTP2(-0.000);KCNQ5(-0.000);CD247(-0.000);BACH2(-0.000);TXK(-0.000);JAZF1(-0.000);AOAH(-0.000);SFMBT2(-0.000),IL32(+0.001);PHACTR2(+0.001);LTB(+0.001);IL7R(+0.001);S100A4(+0.001);RPL11(+0.001);GZMK(+0.001);RPL28(+0.001)
TMOD3,False,0.28626724090933875,-4.1974137e-05,0.0053540887,1.486796e-05,PLCB1(-0.001);CCL5(-0.001);A2M(-0.001);AOAH(-0.001);MYO1F(-0.001);S100A4(-0.001);PHACTR2(-0.000);PFN1(-0.000),LEF1(+0.001);BACH2(+0.001);MAML2(+0.001);FOXP1(+0.001);SERINC5(+0.001);FHIT(+0.001);PRKCA(+0.001);PDE3B(+0.001)
RPL3,False,0.9255846917080086,-0.00040892162,0.005353981,-0.0003266733,ACTB(-0.001);IL32(-0.001);S100A4(-0.001);ACTG1(-0.001);PFN1(-0.001);TMSB4X(-0.001);GAPDH(-0.001);CORO1A(-0.001),MAML2(+0.000);BACH2(+0.000);FOXP1(+0.000);ZBTB20(+0.000);LEF1(+0.000);AOAH(+0.000);TXK(+0.000);APBA2(+0.000)
CIRBP,False,0.3986261789238401,-4.9462917e-05,0.005352871,-5.699345e-05,AOAH(-0.001);CCL5(-0.001);RAP1GAP2(-0.001);GNLY(-0.001);JAZF1(-0.001);MCTP2(-0.000);SYNE1(-0.000);SAMD3(-0.000),LEF1(+0.001);CAMK4(+0.001);SERINC5(+0.001);LTB(+0.001);MAML2(+0.001);IL7R(+0.001);PDE3B(+0.001);BCL11B(+0.001)
SETD2,False,0.4462192662050919,-1.39666745e-05,0.005350667,4.5326116e-05,LEF1(-0.001);MAML2(-0.001);BACH2(-0.001);FOXP1(-0.001);SERINC5(-0.001);CAMK4(-0.001);PDE3B(-0.001);FHIT(-0.001),AOAH(+0.001);CCL5(+0.001);PLCB1(+0.001);MYO1F(+0.001);GNLY(+0.001);A2M(+0.001);RAP1GAP2(+0.000);PPP2R2B(+0.000)
XAF1,False,0.2886114594123099,-2.5555146e-05,0.0053506563,-3.640951e-05,S100A4(-0.001);PLCB1(-0.001);A2M(-0.001);CCL5(-0.001);PFN1(-0.001);MYO1F(-0.001);ACTG1(-0.000);ACTB(-0.000),LEF1(+0.001);MAML2(+0.001);BACH2(+0.001);FOXP1(+0.001);SERINC5(+0.001);FHIT(+0.001);PRKCA(+0.001);PDE3B(+0.001)
TCHP,False,0.2138145341547184,-4.575357e-05,0.005341276,2.0362317e-05,AOAH(-0.001);CCL5(-0.001);PLCB1(-0.001);RAP1GAP2(-0.001);MYO1F(-0.001);GNLY(-0.000);SAMD3(-0.000);SYNE1(-0.000),LEF1(+0.001);MAML2(+0.001);BACH2(+0.001);CAMK4(+0.001);FOXP1(+0.001);SERINC5(+0.001);PDE3B(+0.001);FHIT(+0.001)
AUH,False,0.24281742354031513,4.340446e-06,0.0053401175,-7.30279e-05,LEF1(-0.001);CAMK4(-0.001);MAML2(-0.001);BACH2(-0.001);FOXP1(-0.001);SERINC5(-0.001);PDE3B(-0.001);BCL11B(-0.001),AOAH(+0.001);RAP1GAP2(+0.001);GNLY(+0.001);MYO1F(+0.000);JAZF1(+0.000);SAMD3(+0.000);SYNE1(+0.000);CCL5(+0.000)
FOXP3,True,0.0011993676061712916,0.0,0.005337663,0.0012366241,PFN1(-0.000);TRBC1(-0.000);TRAC(-0.000);JUN(-0.000);TRBC2(-0.000);CD3D(-0.000);HLA-C(-0.000);MYL6(-0.000),B2M(+0.001);ARHGAP15(+0.001);HLA-B(+0.001);MBNL1(+0.001);RPL13(+0.001);RIPOR2(+0.001);PTPRC(+0.001);HLA-A(+0.001)
SCLT1,False,0.2750913154881972,-0.00011774278,0.0053358716,-8.5698324e-05,AOAH(-0.001);CCL5(-0.001);PLCB1(-0.001);RAP1GAP2(-0.001);MYO1F(-0.001);JAZF1(-0.000);SYNE1(-0.000);SAMD3(-0.000),LEF1(+0.001);CAMK4(+0.001);MAML2(+0.001);FOXP1(+0.001);SERINC5(+0.001);BACH2(+0.001);PDE3B(+0.001);FHIT(+0.001)
PPP4R3A,False,0.3514147086081884,-1.8725594e-05,0.0053298576,-2.8681388e-05,AOAH(-0.001);CCL5(-0.001);GNLY(-0.001);RAP1GAP2(-0.001);PLCB1(-0.001);JAZF1(-0.000);MYO1F(-0.000);SYNE1(-0.000),LEF1(+0.001);CAMK4(+0.001);MAML2(+0.001);SERINC5(+0.001);FOXP1(+0.001);BACH2(+0.001);PDE3B(+0.001);FHIT(+0.001)
GARS-DT,False,0.26680477566374095,-1.3934182e-05,0.0053290203,-7.004139e-05,AOAH(-0.001);CCL5(-0.001);PLCB1(-0.001);RAP1GAP2(-0.001);MYO1F(-0.001);JAZF1(-0.000);SAMD3(-0.000);SYNE1(-0.000),LEF1(+0.001);MAML2(+0.001);CAMK4(+0.001);FOXP1(+0.001);BACH2(+0.001);SERINC5(+0.001);PDE3B(+0.001);FHIT(+0.001)
STRBP,False,0.22340947500408878,4.029771e-05,0.005326286,-8.3154555e-05,AOAH(-0.001);CCL5(-0.001);MYO1F(-0.000);ACTG1(-0.000);RAP1GAP2(-0.000);PLCB1(-0.000);ACTB(-0.000);PFN1(-0.000),LEF1(+0.001);MAML2(+0.001);BACH2(+0.001);FOXP1(+0.001);CAMK4(+0.001);SERINC5(+0.001);PDE3B(+0.001);PRKCA(+0.001)
ARHGDIB,False,0.6823311344927222,-0.00039248672,0.0053097513,-0.00025875488,IL32(-0.001);S100A4(-0.001);ACTB(-0.001);RPL11(-0.001);RPL28(-0.001);RPS2(-0.001);PHACTR2(-0.000);RPL41(-0.000),AOAH(+0.001);JAZF1(+0.000);TXK(+0.000);ZBTB20(+0.000);KCNQ5(+0.000);SFMBT2(+0.000);CD247(+0.000);FNDC3B(+0.000)
TBX21,True,0.0022897017935997388,-7.549307e-07,0.0053076334,0.002018195,TRAC(-0.001);PFN1(-0.000);TRBC1(-0.000);JUN(-0.000);HCST(-0.000);TRBC2(-0.000);CD3D(-0.000);FOS(-0.000),B2M(+0.001);HLA-B(+0.001);MBNL1(+0.001);RPL13(+0.001);CCL5(+0.001);RPS2(+0.001);EEF1A1(+0.001);RIPOR2(+0.001)
OSBPL9,False,0.24058223845608676,-2.673811e-05,0.0053052814,5.0999202e-05,LEF1(-0.001);MAML2(-0.001);BACH2(-0.001);FOXP1(-0.001);CAMK4(-0.001);SERINC5(-0.001);PDE3B(-0.001);PRKCA(-0.001),AOAH(+0.001);PLCB1(+0.001);MYO1F(+0.001);RAP1GAP2(+0.001);ACTG1(+0.000);PFN1(+0.000);SAMD3(+0.000);SYNE1(+0.000)
PPIP5K2,False,0.23807446982500138,-3.739467e-05,0.0052904785,-0.0001066094,AOAH(-0.001);CCL5(-0.001);RAP1GAP2(-0.001);MYO1F(-0.001);PLCB1(-0.000);SYNE1(-0.000);SAMD3(-0.000);JAZF1(-0.000),LEF1(+0.001);MAML2(+0.001);CAMK4(+0.001);FOXP1(+0.001);BACH2(+0.001);SERINC5(+0.001);PDE3B(+0.001);FHIT(+0.001)
LRRC7,False,0.10996020280215886,-5.9317008e-05,0.005290477,6.6233e-05,LEF1(-0.001);MAML2(-0.001);BACH2(-0.001);FOXP1(-0.001);SERINC5(-0.001);CAMK4(-0.001);PDE3B(-0.001);FHIT(-0.001),PLCB1(+0.001);AOAH(+0.001);MYO1F(+0.001);S100A4(+0.000);PFN1(+0.000);ACTG1(+0.000);RAP1GAP2(+0.000);ACTB(+0.000)
MACF1,False,0.4905413509240584,-0.00017445815,0.0052874847,-5.08816e-05,GNLY(-0.001);CCL5(-0.001);AOAH(-0.001);RAP1GAP2(-0.001);MCTP2(-0.001);TGFBR3(-0.000);MYO1F(-0.000);ACTG1(-0.000),LEF1(+0.001);MAML2(+0.001);CAMK4(+0.001);FOXP1(+0.001);BACH2(+0.001);SERINC5(+0.001);BCL2(+0.001);IL7R(+0.001)
PICALM,False,0.4827999781933162,-0.00010235743,0.0052857203,6.122682e-06,S100A4(-0.001);IL32(-0.001);ACTG1(-0.001);PFN1(-0.001);ACTB(-0.001);PHACTR2(-0.001);A2M(-0.001);PLCB1(-0.000),LEF1(+0.001);BACH2(+0.001);MAML2(+0.001);FOXP1(+0.001);FHIT(+0.001);SERINC5(+0.001);PRKCA(+0.000);ZBTB20(+0.000)
CMIP,False,0.24745134383688605,-0.00016748016,0.0052733407,1.2436403e-05,PLCB1(-0.001);CCL5(-0.001);AOAH(-0.001);A2M(-0.001);MYO1F(-0.001);S100A4(-0.000);RAP1GAP2(-0.000);NCALD(-0.000),LEF1(+0.001);BACH2(+0.001);MAML2(+0.001);FOXP1(+0.001);SERINC5(+0.001);FHIT(+0.001);PRKCA(+0.001);PDE3B(+0.001)
RIN3,False,0.2383470533718585,-0.000112971225,0.0052685025,6.303392e-05,PLCB1(-0.001);CCL5(-0.001);S100A4(-0.001);MYO1F(-0.001);PFN1(-0.000);A2M(-0.000);ACTG1(-0.000);AOAH(-0.000),LEF1(+0.001);MAML2(+0.001);BACH2(+0.001);FOXP1(+0.001);SERINC5(+0.001);FHIT(+0.001);PRKCA(+0.001);PDE3B(+0.001)
PHKB,False,0.3390394155808755,1.9103837e-07,0.0052676224,0.000120600416,LEF1(-0.001);BACH2(-0.001);MAML2(-0.001);FOXP1(-0.001);SERINC5(-0.001);FHIT(-0.001);PRKCA(-0.001);PDE3B(-0.001),PLCB1(+0.001);CCL5(+0.001);AOAH(+0.001);A2M(+0.001);MYO1F(+0.001);S100A4(+0.000);RAP1GAP2(+0.000);PARP8(+0.000)
DNMT3A,False,0.2841410892438533,-7.143683e-05,0.005266952,-1.895469e-05,LEF1(-0.001);MAML2(-0.001);BACH2(-0.001);FOXP1(-0.001);SERINC5(-0.001);CAMK4(-0.001);PDE3B(-0.001);PRKCA(-0.001),PFN1(+0.001);ACTG1(+0.001);ACTB(+0.000);S100A4(+0.000);MYO1F(+0.000);PLCB1(+0.000);AOAH(+0.000);RAP1GAP2(+0.000)
HDAC4,False,0.36051899907321594,1.5507654e-06,0.0052623716,-0.00011226802,CCL5(-0.001);PLCB1(-0.001);S100A4(-0.001);A2M(-0.001);MYO1F(-0.001);GNLY(-0.000);PHACTR2(-0.000);PFN1(-0.000),LEF1(+0.001);BACH2(+0.001);MAML2(+0.001);FOXP1(+0.001);SERINC5(+0.001);FHIT(+0.001);PRKCA(+0.001);PDE3B(+0.001)
LIMS1,False,0.20416507659597669,-4.0970666e-05,0.005261964,4.4731503e-05,ACTG1(-0.001);PFN1(-0.001);ACTB(-0.001);MYO1F(-0.000);RAP1GAP2(-0.000);S100A4(-0.000);AOAH(-0.000);CCL5(-0.000),LEF1(+0.001);MAML2(+0.001);BACH2(+0.001);FOXP1(+0.001);CAMK4(+0.001);SERINC5(+0.001);PDE3B(+0.001);PRKCA(+0.001)
SIDT1,False,0.3745297933816716,-2.2218299e-05,0.0052546132,-2.2958293e-05,LEF1(-0.001);MAML2(-0.001);CAMK4(-0.001);BACH2(-0.001);FOXP1(-0.001);SERINC5(-0.001);PDE3B(-0.001);PRKCA(-0.001),AOAH(+0.001);RAP1GAP2(+0.001);MYO1F(+0.000);PLCB1(+0.000);CCL5(+0.000);SAMD3(+0.000);JAZF1(+0.000);SYNE1(+0.000)
DDX24,False,0.4326991222809792,-0.00010143535,0.005253446,-0.0001690663,LEF1(-0.001);CAMK4(-0.001);IL7R(-0.001);MAML2(-0.001);LTB(-0.001);BCL11B(-0.001);BCL2(-0.001);SERINC5(-0.001),AOAH(+0.001);RAP1GAP2(+0.001);JAZF1(+0.000);SAMD3(+0.000);GNLY(+0.000);MYO1F(+0.000);SYNE1(+0.000);CCL5(+0.000)
HK1,False,0.24657907648694322,-2.3080594e-05,0.0052507217,3.1910156e-05,AOAH(-0.001);CCL5(-0.001);PLCB1(-0.001);RAP1GAP2(-0.001);MYO1F(-0.001);GNLY(-0.000);SYNE1(-0.000);SAMD3(-0.000),LEF1(+0.001);MAML2(+0.001);CAMK4(+0.001);BACH2(+0.001);FOXP1(+0.001);SERINC5(+0.001);PDE3B(+0.001);FHIT(+0.001)
PRKDC,False,0.4495993021861201,-9.069269e-05,0.0052476795,5.7038058e-05,AOAH(-0.001);RAP1GAP2(-0.001);GNLY(-0.001);JAZF1(-0.000);MCTP2(-0.000);SAMD3(-0.000);MYO1F(-0.000);SYNE1(-0.000),LEF1(+0.001);CAMK4(+0.001);IL7R(+0.001);MAML2(+0.001);BCL2(+0.001);SERINC5(+0.001);BCL11B(+0.001);FOXP1(+0.001)
GOLGA8B,False,0.4823638445183449,-0.00012287538,0.0052464884,-9.946153e-05,IL7R(-0.001);IL32(-0.001);LTB(-0.001);PHACTR2(-0.001);RPL11(-0.001);CAMK4(-0.001);RPS18(-0.001);RPL30(-0.000),JAZF1(+0.000);AOAH(+0.000);CD247(+0.000);KCNQ5(+0.000);RAP1GAP2(+0.000);TFDP2(+0.000);VAV3(+0.000);MCTP2(+0.000)
TOMM7,False,0.5249413945374257,-0.00018290167,0.005240413,-4.6983383e-05,IL7R(-0.001);LTB(-0.001);CAMK4(-0.001);IL32(-0.001);BCL2(-0.001);BCL11B(-0.001);RPL11(-0.001);RPS18(-0.000),AOAH(+0.001);JAZF1(+0.001);RAP1GAP2(+0.000);CD247(+0.000);SAMD3(+0.000);VAV3(+0.000);SYNE1(+0.000);STK39(+0.000)
SYNRG,False,0.3629177342855585,-2.2543662e-05,0.00523793,8.818429e-05,LEF1(-0.001);MAML2(-0.001);BACH2(-0.001);FOXP1(-0.001);SERINC5(-0.001);CAMK4(-0.001);PDE3B(-0.001);FHIT(-0.001),PLCB1(+0.001);AOAH(+0.001);MYO1F(+0.001);CCL5(+0.001);RAP1GAP2(+0.000);A2M(+0.000);S100A4(+0.000);ACTG1(+0.000)
ACTR3,False,0.37033200676007194,8.4691754e-05,0.0052346108,9.369961e-05,LEF1(-0.001);MAML2(-0.001);BACH2(-0.001);FOXP1(-0.001);SERINC5(-0.001);CAMK4(-0.001);PDE3B(-0.001);PRKCA(-0.001),AOAH(+0.001);MYO1F(+0.000);ACTG1(+0.000);PFN1(+0.000);RAP1GAP2(+0.000);ACTB(+0.000);PLCB1(+0.000);CCL5(+0.000)
UBALD2,False,0.2619527885296844,-7.751625e-05,0.0052277558,-6.579696e-05,LEF1(-0.001);CAMK4(-0.001);MAML2(-0.001);SERINC5(-0.001);FOXP1(-0.001);BACH2(-0.001);PDE3B(-0.001);BCL11B(-0.001),AOAH(+0.001);RAP1GAP2(+0.001);CCL5(+0.001);MYO1F(+0.000);JAZF1(+0.000);PLCB1(+0.000);SAMD3(+0.000);SYNE1(+0.000)
NUP98,False,0.35157825873630266,-7.000755e-05,0.005224437,-0.00020520962,IL32(-0.001);S100A4(-0.001);PHACTR2(-0.001);ACTB(-0.001);PFN1(-0.000);RPL11(-0.000);ACTG1(-0.000);RPL28(-0.000),BACH2(+0.001);LEF1(+0.001);MAML2(+0.001);FOXP1(+0.000);TXK(+0.000);ZBTB20(+0.000);KCNQ5(+0.000);FHIT(+0.000)
RASA1,False,0.37343945919424304,-8.354781e-05,0.0052190283,5.222456e-05,LEF1(-0.001);MAML2(-0.001);BACH2(-0.001);FOXP1(-0.001);SERINC5(-0.001);FHIT(-0.001);PRKCA(-0.001);PDE3B(-0.001),CCL5(+0.001);PLCB1(+0.001);A2M(+0.001);AOAH(+0.001);MYO1F(+0.001);S100A4(+0.000);RAP1GAP2(+0.000);PFN1(+0.000)
HSPD1,False,0.2763997165131113,1.3652176e-05,0.0052150767,-2.9124812e-05,PLCB1(-0.001);AOAH(-0.001);CCL5(-0.001);MYO1F(-0.001);A2M(-0.000);S100A4(-0.000);RAP1GAP2(-0.000);PFN1(-0.000),LEF1(+0.001);MAML2(+0.001);BACH2(+0.001);FOXP1(+0.001);SERINC5(+0.001);FHIT(+0.001);PDE3B(+0.001);PRKCA(+0.001)
EPC1,False,0.6607970342910103,-0.00012612212,0.005215023,-0.00013430444,LEF1(-0.001);MAML2(-0.001);BACH2(-0.001);FOXP1(-0.001);SERINC5(-0.001);FHIT(-0.001);PRKCA(-0.001);PDE3B(-0.001),PLCB1(+0.001);CCL5(+0.001);AOAH(+0.001);MYO1F(+0.001);A2M(+0.000);PFN1(+0.000);GNLY(+0.000);S100A4(+0.000)
NDUFB9,False,0.1491032001308401,-1.1181766e-05,0.0052132956,1.1851969e-05,LEF1(-0.001);MAML2(-0.001);BACH2(-0.001);FOXP1(-0.001);SERINC5(-0.001);CAMK4(-0.001);PDE3B(-0.001);FHIT(-0.001),AOAH(+0.001);CCL5(+0.001);PLCB1(+0.001);MYO1F(+0.001);RAP1GAP2(+0.000);A2M(+0.000);GNLY(+0.000);SAMD3(+0.000)
RAP1A,False,0.5508913481982228,6.305019e-05,0.00519289,0.00020435685,LEF1(-0.001);MAML2(-0.001);FOXP1(-0.001);BACH2(-0.001);CAMK4(-0.001);SERINC5(-0.001);PDE3B(-0.001);FHIT(-0.001),AOAH(+0.001);CCL5(+0.001);PLCB1(+0.001);GNLY(+0.001);RAP1GAP2(+0.001);MYO1F(+0.001);A2M(+0.000);SYNE1(+0.000)
AKAP10,False,0.29526249795562337,-4.8081027e-05,0.0051896754,6.583805e-06,LEF1(-0.001);MAML2(-0.001);BACH2(-0.001);FOXP1(-0.001);SERINC5(-0.001);FHIT(-0.001);PRKCA(-0.001);PDE3B(-0.001),CCL5(+0.001);PLCB1(+0.001);S100A4(+0.001);PFN1(+0.001);A2M(+0.000);MYO1F(+0.000);ACTG1(+0.000);ACTB(+0.000)
ZFX,True,0.1832306601973505,6.3266874e-05,0.005175545,0.0014062753,PFN1(-0.001);TRAC(-0.000);IL32(-0.000);GZMK(-0.000);TRBC2(-0.000);CD3D(-0.000);PHACTR2(-0.000);S100A6(-0.000),B2M(+0.001);ARHGAP15(+0.001);MBNL1(+0.001);RIPOR2(+0.001);HLA-B(+0.001);PTPRC(+0.001);SKAP1(+0.001);RPL13(+0.000)
TSPOAP1-AS1,False,0.23594831815951592,1.3563729e-06,0.005171428,-8.216859e-05,S100A4(-0.001);ACTG1(-0.001);PLCB1(-0.001);CCL5(-0.001);ACTB(-0.000);PFN1(-0.000);MYO1F(-0.000);A2M(-0.000),LEF1(+0.001);MAML2(+0.001);BACH2(+0.001);FOXP1(+0.001);SERINC5(+0.001);FHIT(+0.001);PRKCA(+0.001);PDE3B(+0.001)
FAM214A,False,0.2123970997110615,-2.6193768e-06,0.005170105,-0.00013737741,CCL5(-0.001);PLCB1(-0.001);S100A4(-0.001);MYO1F(-0.000);A2M(-0.000);ACTG1(-0.000);ACTB(-0.000);AOAH(-0.000),LEF1(+0.001);MAML2(+0.001);BACH2(+0.001);FOXP1(+0.001);SERINC5(+0.001);FHIT(+0.001);PRKCA(+0.001);PDE3B(+0.001)
GYPC,False,0.31570626396990675,-4.2983535e-05,0.005168881,4.8192232e-05,LEF1(-0.001);MAML2(-0.001);CAMK4(-0.001);BACH2(-0.001);FOXP1(-0.001);SERINC5(-0.001);PDE3B(-0.001);FHIT(-0.001),AOAH(+0.001);CCL5(+0.001);PLCB1(+0.001);RAP1GAP2(+0.001);MYO1F(+0.001);GNLY(+0.000);SYNE1(+0.000);SAMD3(+0.000)
BBS9,False,0.32328408657253443,2.658245e-05,0.0051672054,-0.00028491468,PLCB1(-0.001);S100A4(-0.001);CCL5(-0.001);A2M(-0.001);ACTB(-0.000);MYO1F(-0.000);IL32(-0.000);ACTG1(-0.000),LEF1(+0.001);BACH2(+0.001);MAML2(+0.001);FOXP1(+0.001);SERINC5(+0.001);FHIT(+0.001);PRKCA(+0.001);PDE3B(+0.001)
RPS3A,False,0.6341383634083848,-7.741626e-05,0.005158759,-0.00032610516,CCL5(-0.001);S100A4(-0.001);ACTB(-0.001);PLCB1(-0.001);IL32(-0.001);ACTG1(-0.001);A2M(-0.000);PHACTR2(-0.000),LEF1(+0.001);MAML2(+0.001);BACH2(+0.001);FOXP1(+0.001);SERINC5(+0.001);FHIT(+0.001);PRKCA(+0.001);PDE3B(+0.001)
IRF1,True,0.5756419342528485,0.0001161634,0.005144249,0.001502374,LEF1(-0.001);FOXP1(-0.001);MAML2(-0.001);BACH2(-0.001);TRBC1(-0.000);TRAC(-0.000);SERINC5(-0.000);PRKCA(-0.000),ACTB(+0.001);B2M(+0.001);CCL5(+0.001);TMSB4X(+0.001);HLA-B(+0.001);ACTG1(+0.001);SYNE2(+0.001);CYBA(+0.001)
FOXJ3,True,0.3068200403423649,5.0851297e-05,0.0051431707,0.0013979359,PFN1(-0.001);GNLY(-0.000);AOAH(-0.000);HCST(-0.000);TGFBR3(-0.000);PLCB1(-0.000);MCTP2(-0.000);RAP1GAP2(-0.000),LEF1(+0.001);ARHGAP15(+0.001);MAML2(+0.001);BACH2(+0.001);B2M(+0.001);RPL13(+0.001);IL7R(+0.001);RPS2(+0.000)
TRA2A,False,0.5236875102218832,-5.3794116e-05,0.0051420233,-0.00032855384,AOAH(-0.001);CCL5(-0.001);RAP1GAP2(-0.001);JAZF1(-0.000);GNLY(-0.000);SYNE1(-0.000);SAMD3(-0.000);MYO1F(-0.000),LEF1(+0.001);CAMK4(+0.001);MAML2(+0.001);FOXP1(+0.001);SERINC5(+0.001);PDE3B(+0.001);BACH2(+0.001);BCL11B(+0.000)
TFEB,True,0.03892493049119555,0.0,0.005140841,-0.002267742,B2M(-0.001);IL7R(-0.001);CCL5(-0.001);MBNL1(-0.001);SYNE2(-0.001);HLA-B(-0.000);CD247(-0.000);RPL13(-0.000),TRAC(+0.001);TRBC1(+0.001);HCST(+0.001);JUN(+0.001);TRBC2(+0.000);FOS(+0.000);PFN1(+0.000);CD3D(+0.000)
ANKIB1,False,0.37349397590361444,-2.1942778e-05,0.005137258,-0.00018328651,CCL5(-0.001);PLCB1(-0.001);MYO1F(-0.000);AOAH(-0.000);ACTB(-0.000);ACTG1(-0.000);S100A4(-0.000);RAP1GAP2(-0.000),LEF1(+0.001);MAML2(+0.001);BACH2(+0.001);FOXP1(+0.001);SERINC5(+0.001);CAMK4(+0.001);PDE3B(+0.001);PRKCA(+0.001)
SKAP1,False,0.9102654963746389,-0.0001856326,0.0051282537,-0.00014320097,GNLY(-0.001);CCL5(-0.001);AOAH(-0.001);CTSW(-0.001);MCTP2(-0.001);TGFBR3(-0.001);PPP2R2B(-0.001);PLCB1(-0.001),LEF1(+0.001);CAMK4(+0.001);SERINC5(+0.001);MAML2(+0.001);FOXP1(+0.001);BACH2(+0.000);PDE3B(+0.000);FHIT(+0.000)
NR3C1,True,0.40249686528921114,-8.7030094e-05,0.005127918,-0.0015737347,LEF1(-0.001);ARHGAP15(-0.001);BACH2(-0.001);MAML2(-0.001);MBNL1(-0.001);B2M(-0.000);DOCK10(-0.000);RIPOR2(-0.000),PFN1(+0.001);PLCB1(+0.000);HCST(+0.000);A2M(+0.000);HLA-C(+0.000);PHACTR2(+0.000);IL32(+0.000);FLNA(+0.000)
CNOT2,False,0.40222428174235403,-0.00014224685,0.0051274556,2.5111747e-05,AOAH(-0.001);JAZF1(-0.000);CD247(-0.000);RAP1GAP2(-0.000);MCTP2(-0.000);SAMD3(-0.000);VAV3(-0.000);SYNE1(-0.000),IL7R(+0.001);LTB(+0.001);IL32(+0.001);CAMK4(+0.001);RPL11(+0.001);PHACTR2(+0.001);RPS18(+0.000);RPL30(+0.000)
ASXL1,False,0.3790546802594995,4.5605643e-06,0.005122262,-0.00011579006,IL32(-0.001);S100A4(-0.001);PHACTR2(-0.001);PLCB1(-0.001);A2M(-0.001);PFN1(-0.001);CCL5(-0.001);ACTB(-0.001),LEF1(+0.001);BACH2(+0.001);MAML2(+0.001);FOXP1(+0.001);SERINC5(+0.001);FHIT(+0.001);PRKCA(+0.000);PDE3B(+0.000)
STK40,False,0.18464809464100748,-3.329607e-06,0.005121257,-4.2782947e-05,LEF1(-0.001);CAMK4(-0.001);MAML2(-0.001);SERINC5(-0.001);FOXP1(-0.001);PDE3B(-0.001);BACH2(-0.001);BCL11B(-0.000),AOAH(+0.001);GNLY(+0.001);RAP1GAP2(+0.001);CCL5(+0.001);JAZF1(+0.000);PLCB1(+0.000);SAMD3(+0.000);MYO1F(+0.000)
SHPRH,False,0.3102000763233932,-3.724453e-05,0.005111399,-9.706647e-05,LEF1(-0.001);MAML2(-0.001);BACH2(-0.001);FOXP1(-0.001);SERINC5(-0.001);CAMK4(-0.001);PDE3B(-0.001);FHIT(-0.001),AOAH(+0.001);CCL5(+0.001);PLCB1(+0.001);MYO1F(+0.001);RAP1GAP2(+0.000);A2M(+0.000);GNLY(+0.000);PFN1(+0.000)
NLRC3,False,0.27040287848225486,4.406931e-05,0.005109888,0.00013649047,LEF1(-0.001);CAMK4(-0.001);MAML2(-0.001);SERINC5(-0.001);FOXP1(-0.001);BACH2(-0.001);PDE3B(-0.001);BCL11B(-0.001),AOAH(+0.001);RAP1GAP2(+0.001);CCL5(+0.001);JAZF1(+0.000);MYO1F(+0.000);SYNE1(+0.000);SAMD3(+0.000);PLCB1(+0.000)
ACTR2,False,0.4006978138799542,-8.6804896e-05,0.0051086084,-5.916184e-05,AOAH(-0.001);RAP1GAP2(-0.001);CCL5(-0.000);MYO1F(-0.000);ACTG1(-0.000);GNLY(-0.000);ACTB(-0.000);SAMD3(-0.000),LEF1(+0.001);MAML2(+0.001);CAMK4(+0.001);BACH2(+0.001);FOXP1(+0.001);SERINC5(+0.001);PDE3B(+0.001);INPP4B(+0.001)
SMAD2,True,0.28010685275036795,5.267146e-05,0.0051080817,0.0013984396,PFN1(-0.001);AOAH(-0.000);PLCB1(-0.000);HCST(-0.000);HLA-C(-0.000);A2M(-0.000);MYO1F(-0.000);RAP1GAP2(-0.000),LEF1(+0.001);ARHGAP15(+0.001);B2M(+0.001);MAML2(+0.001);BACH2(+0.001);RPL13(+0.001);MBNL1(+0.001);RIPOR2(+0.000)
ATR,False,0.322956986316306,-0.00011762887,0.005098847,-6.2736886e-05,AOAH(-0.001);GNLY(-0.001);RAP1GAP2(-0.001);JAZF1(-0.000);CCL5(-0.000);SAMD3(-0.000);SYNE1(-0.000);MCTP2(-0.000),LEF1(+0.001);CAMK4(+0.001);IL7R(+0.001);LTB(+0.001);MAML2(+0.001);SERINC5(+0.001);BCL11B(+0.001);PDE3B(+0.000)
COMMD6,False,0.20623671155209072,-4.254412e-06,0.0050967215,1.1689824e-05,AOAH(-0.001);RAP1GAP2(-0.001);MYO1F(-0.000);PLCB1(-0.000);SAMD3(-0.000);SYNE1(-0.000);JAZF1(-0.000);CCL5(-0.000),LEF1(+0.001);MAML2(+0.001);CAMK4(+0.001);BACH2(+0.001);FOXP1(+0.001);SERINC5(+0.001);PDE3B(+0.001);FHIT(+0.001)
RPL38,False,0.73821076159843,-0.00016617838,0.005087093,2.5436682e-05,LEF1(-0.001);BACH2(-0.001);MAML2(-0.001);FOXP1(-0.001);SERINC5(-0.001);FHIT(-0.001);PDE3B(-0.001);PRKCA(-0.001),PLCB1(+0.001);AOAH(+0.001);A2M(+0.001);MYO1F(+0.001);CCL5(+0.001);RAP1GAP2(+0.000);ARHGAP26(+0.000);PARP8(+0.000)
TGIF1,True,0.06482036744262117,0.0,0.0050858026,-0.0021570316,B2M(-0.001);CCL5(-0.001);HLA-B(-0.001);ACTB(-0.001);RPL13(-0.001);MBNL1(-0.001);RPS2(-0.001);EEF1A1(-0.001),TRAC(+0.001);TRBC1(+0.001);JUN(+0.000);HCST(+0.000);TRBC2(+0.000);PFN1(+0.000);FOS(+0.000);CD3D(+0.000)
KLF13,True,0.2032928092460339,-0.00011598434,0.0050847284,-0.00080642384,B2M(-0.001);S100A4(-0.001);HLA-B(-0.001);CCL5(-0.001);LTB(-0.001);RPL11(-0.001);HLA-A(-0.001);RPL13A(-0.001),CCR7(+0.000);LEF1(+0.000);BACH2(+0.000);KCNQ5(+0.000);SELL(+0.000);MAML2(+0.000);FOXP1(+0.000);ATP10A(+0.000)
FOXK2,True,0.30649294008613637,-3.7134832e-05,0.0050692316,0.00039407783,LEF1(-0.001);BACH2(-0.001);FOXP1(-0.001);MAML2(-0.001);SERINC5(-0.000);FHIT(-0.000);PRKCA(-0.000);PDE3B(-0.000),IL32(+0.001);PHACTR2(+0.001);S100A4(+0.001);ACTB(+0.001);CCL5(+0.001);PLCB1(+0.001);A2M(+0.001);ACTG1(+0.000)
COX10-AS1,False,0.19626015373712044,-6.548579e-05,0.0050649177,2.2725053e-05,AOAH(-0.001);JAZF1(-0.000);CD247(-0.000);RAP1GAP2(-0.000);SAMD3(-0.000);VAV3(-0.000);TFDP2(-0.000);SYNE1(-0.000),IL7R(+0.001);LTB(+0.001);IL32(+0.001);CAMK4(+0.001);PHACTR2(+0.001);RPL11(+0.000);BCL2(+0.000);RPS18(+0.000)
PDS5A,False,0.47413182140326016,4.1491232e-05,0.005059321,-0.00016515102,PLCB1(-0.001);CCL5(-0.001);A2M(-0.001);S100A4(-0.001);PHACTR2(-0.001);MYO1F(-0.000);IL32(-0.000);KLRG1(-0.000),LEF1(+0.001);BACH2(+0.001);MAML2(+0.001);FOXP1(+0.001);SERINC5(+0.001);FHIT(+0.001);PRKCA(+0.001);PDE3B(+0.001)
NPC1,False,0.2047102436896909,-0.00016919307,0.0050542355,-0.000112000744,CCL5(-0.001);AOAH(-0.001);PLCB1(-0.001);MYO1F(-0.000);RAP1GAP2(-0.000);GNLY(-0.000);ACTG1(-0.000);CTSW(-0.000),LEF1(+0.001);MAML2(+0.001);BACH2(+0.001);FOXP1(+0.001);SERINC5(+0.001);CAMK4(+0.001);PDE3B(+0.001);FHIT(+0.001)
MSH2,False,0.239709971106144,-0.0001145442,0.0050512915,2.0846604e-05,LEF1(-0.001);BACH2(-0.001);FOXP1(-0.000);MAML2(-0.000);FHIT(-0.000);KCNQ5(-0.000);TXK(-0.000);PRKCA(-0.000),IL32(+0.001);PHACTR2(+0.001);S100A4(+0.001);A2M(+0.001);PLCB1(+0.001);LTB(+0.000);IL7R(+0.000);KLRG1(+0.000)
EIF3A,False,0.35103309164258845,-9.687536e-05,0.0050502373,-0.00030406276,CCL5(-0.001);PLCB1(-0.001);S100A4(-0.001);ACTB(-0.001);A2M(-0.001);ACTG1(-0.000);MYO1F(-0.000);PFN1(-0.000),LEF1(+0.001);MAML2(+0.001);BACH2(+0.001);FOXP1(+0.001);SERINC5(+0.001);FHIT(+0.001);PRKCA(+0.001);PDE3B(+0.001)
ZNF721,False,0.34634465463664615,-6.0335146e-06,0.005047822,0.0002053491,AOAH(-0.001);GNLY(-0.001);MCTP2(-0.001);CCL5(-0.001);TGFBR3(-0.001);RAP1GAP2(-0.001);CTSW(-0.000);JAZF1(-0.000),LEF1(+0.001);CAMK4(+0.001);IL7R(+0.001);LTB(+0.001);BCL11B(+0.000);MAML2(+0.000);SERINC5(+0.000);PDE3B(+0.000)
NFATC2IP,False,0.28305075505642474,-3.1502223e-06,0.0050468175,-0.00010752,PLCB1(-0.001);S100A4(-0.001);IL32(-0.001);PFN1(-0.001);CCL5(-0.001);PHACTR2(-0.001);A2M(-0.001);ACTB(-0.001),LEF1(+0.001);MAML2(+0.001);BACH2(+0.001);FOXP1(+0.001);SERINC5(+0.001);FHIT(+0.001);PRKCA(+0.001);PDE3B(+0.001)
AGO3,False,0.27705391702556836,-0.0001052792,0.00503825,-0.00035989203,AOAH(-0.001);CD247(-0.000);JAZF1(-0.000);MCTP2(-0.000);GNLY(-0.000);RAP1GAP2(-0.000);SYNE1(-0.000);SAMD3(-0.000),CAMK4(+0.001);IL32(+0.001);LTB(+0.001);IL7R(+0.001);TRAC(+0.001);PHACTR2(+0.000);RPL11(+0.000);BCL2(+0.000)
EEA1,False,0.21942975521997496,-3.0268302e-05,0.005036419,0.00020993051,LEF1(-0.001);MAML2(-0.001);BACH2(-0.001);FOXP1(-0.001);SERINC5(-0.001);CAMK4(-0.001);PDE3B(-0.001);FHIT(-0.001),AOAH(+0.001);CCL5(+0.001);PLCB1(+0.001);MYO1F(+0.000);RAP1GAP2(+0.000);A2M(+0.000);SYNE1(+0.000);SAMD3(+0.000)
AC118549.1,False,0.41890639481000935,6.0278056e-05,0.005026667,-0.00015322225,IL32(-0.001);S100A4(-0.001);PHACTR2(-0.001);ACTB(-0.001);PFN1(-0.001);ACTG1(-0.000);TMSB4X(-0.000);PLCB1(-0.000),LEF1(+0.001);BACH2(+0.001);MAML2(+0.001);FOXP1(+0.001);ZBTB20(+0.000);FHIT(+0.000);PRKCA(+0.000);SERINC5(+0.000)
RAP2C-AS1,False,0.09671264242490323,-4.501422e-05,0.0050123082,-2.0811715e-06,PLCB1(-0.001);CCL5(-0.001);A2M(-0.001);AOAH(-0.001);MYO1F(-0.000);S100A4(-0.000);PFN1(-0.000);PHACTR2(-0.000),LEF1(+0.001);MAML2(+0.001);BACH2(+0.001);FOXP1(+0.001);SERINC5(+0.001);FHIT(+0.001);PRKCA(+0.001);PDE3B(+0.001)
ARHGEF7,False,0.2096712642424903,-4.441122e-06,0.005011175,-9.074059e-05,AOAH(-0.001);RAP1GAP2(-0.001);CCL5(-0.000);JAZF1(-0.000);MYO1F(-0.000);SAMD3(-0.000);SYNE1(-0.000);MCTP2(-0.000),LEF1(+0.001);CAMK4(+0.001);MAML2(+0.001);FOXP1(+0.001);SERINC5(+0.001);BACH2(+0.001);PDE3B(+0.001);IL7R(+0.001)
WDR70,False,0.34852532301150313,-5.177124e-05,0.004998897,6.919719e-05,LEF1(-0.001);CAMK4(-0.001);MAML2(-0.001);SERINC5(-0.001);FOXP1(-0.001);BACH2(-0.001);PDE3B(-0.001);BCL11B(-0.000),AOAH(+0.001);RAP1GAP2(+0.001);CCL5(+0.001);JAZF1(+0.000);MYO1F(+0.000);SYNE1(+0.000);SAMD3(+0.000);GNLY(+0.000)
TBCA,False,0.3180504824728779,-1.8704575e-05,0.0049939123,-4.570222e-06,LEF1(-0.001);MAML2(-0.001);BACH2(-0.001);FOXP1(-0.001);CAMK4(-0.001);SERINC5(-0.001);PDE3B(-0.001);INPP4B(-0.001),AOAH(+0.000);ACTG1(+0.000);RAP1GAP2(+0.000);MYO1F(+0.000);PFN1(+0.000);ACTB(+0.000);SAMD3(+0.000);S100A4(+0.000)
TRIM22,False,0.42223191408166605,1.7475537e-05,0.0049929754,-0.00013707679,CCL5(-0.001);PLCB1(-0.001);MYO1F(-0.000);AOAH(-0.000);S100A4(-0.000);A2M(-0.000);ACTG1(-0.000);ACTB(-0.000),LEF1(+0.001);MAML2(+0.001);BACH2(+0.001);FOXP1(+0.001);SERINC5(+0.001);FHIT(+0.001);PDE3B(+0.001);PRKCA(+0.001)
RPL21,False,0.7727743553399119,-0.00013185861,0.0049881428,0.00016574073,LEF1(-0.001);MAML2(-0.001);FOXP1(-0.001);BACH2(-0.001);CAMK4(-0.001);SERINC5(-0.001);PDE3B(-0.001);PRKCA(-0.001),AOAH(+0.001);PLCB1(+0.001);MYO1F(+0.000);RAP1GAP2(+0.000);CCL5(+0.000);SAMD3(+0.000);JAZF1(+0.000);MYBL1(+0.000)
FAAH2,False,0.368914572316415,-0.0001177017,0.0049808146,3.88775e-05,LEF1(-0.001);MAML2(-0.001);BACH2(-0.001);FOXP1(-0.001);SERINC5(-0.001);FHIT(-0.001);PRKCA(-0.001);PDE3B(-0.001),PLCB1(+0.001);S100A4(+0.001);CCL5(+0.001);A2M(+0.001);PFN1(+0.000);MYO1F(+0.000);ACTG1(+0.000);ACTB(+0.000)
ARMC8,False,0.3016409529520798,1.3679909e-05,0.0049783895,-2.5411233e-05,AOAH(-0.001);PLCB1(-0.001);CCL5(-0.001);MYO1F(-0.001);RAP1GAP2(-0.000);A2M(-0.000);SYNE1(-0.000);SAMD3(-0.000),LEF1(+0.001);MAML2(+0.001);BACH2(+0.001);FOXP1(+0.001);SERINC5(+0.001);CAMK4(+0.001);PDE3B(+0.001);FHIT(+0.001)
UBE2R2,False,0.2385106034999728,-5.5835906e-05,0.004970918,7.360383e-05,LEF1(-0.001);MAML2(-0.001);BACH2(-0.001);FOXP1(-0.001);SERINC5(-0.001);FHIT(-0.001);PRKCA(-0.001);PDE3B(-0.001),PLCB1(+0.001);CCL5(+0.001);S100A4(+0.001);A2M(+0.001);PFN1(+0.000);ACTB(+0.000);MYO1F(+0.000);PHACTR2(+0.000)
ABLIM1,False,0.6327754456740993,-0.00026400894,0.004966719,-0.00019494892,LEF1(-0.001);CAMK4(-0.001);IL7R(-0.001);MAML2(-0.001);BCL11B(-0.001);SERINC5(-0.001);PDE3B(-0.001);BCL2(-0.001),AOAH(+0.001);RAP1GAP2(+0.000);JAZF1(+0.000);MYO1F(+0.000);SAMD3(+0.000);SYNE1(+0.000);DNAJC1(+0.000);CCL5(+0.000)
CELF1,False,0.497464973014229,-7.980629e-05,0.004963145,2.5103225e-05,CAMK4(-0.001);IL7R(-0.001);LEF1(-0.001);LTB(-0.001);BCL11B(-0.001);BCL2(-0.000);MAML2(-0.000);SERINC5(-0.000),AOAH(+0.001);JAZF1(+0.000);RAP1GAP2(+0.000);SAMD3(+0.000);SYNE1(+0.000);CD247(+0.000);DNAJC1(+0.000);VAV3(+0.000)
DUSP16,False,0.2585182358392848,2.3660312e-05,0.004962358,-0.00019465764,CCL5(-0.001);PLCB1(-0.001);GNLY(-0.001);AOAH(-0.001);MYO1F(-0.000);A2M(-0.000);RAP1GAP2(-0.000);S100A4(-0.000),LEF1(+0.001);MAML2(+0.001);BACH2(+0.001);FOXP1(+0.001);SERINC5(+0.001);FHIT(+0.001);PDE3B(+0.001);CAMK4(+0.001)
LINC-PINT,False,0.28539497355939597,1.6463015e-05,0.0049581625,0.0001706341,PLCB1(-0.001);A2M(-0.001);S100A4(-0.000);PFN1(-0.000);MYO1F(-0.000);CCL5(-0.000);AOAH(-0.000);PHACTR2(-0.000),LEF1(+0.001);MAML2(+0.001);BACH2(+0.001);FOXP1(+0.001);SERINC5(+0.001);FHIT(+0.001);PRKCA(+0.001);PDE3B(+0.001)
RPL6,False,0.6703919751403806,-0.00019763799,0.004947435,-0.0003881961,LEF1(-0.001);CAMK4(-0.001);IL7R(-0.001);LTB(-0.001);BCL11B(-0.001);MAML2(-0.001);SERINC5(-0.000);PDE3B(-0.000),AOAH(+0.001);RAP1GAP2(+0.000);JAZF1(+0.000);SAMD3(+0.000);MYO1F(+0.000);SYNE1(+0.000);DNAJC1(+0.000);VAV3(+0.000)
PTBP2,False,0.296897999236766,-5.8894995e-05,0.004946552,9.973757e-05,LEF1(-0.001);MAML2(-0.001);BACH2(-0.001);FOXP1(-0.001);SERINC5(-0.001);CAMK4(-0.001);PDE3B(-0.001);FHIT(-0.001),AOAH(+0.001);CCL5(+0.001);PLCB1(+0.001);MYO1F(+0.000);RAP1GAP2(+0.000);A2M(+0.000);SYNE1(+0.000);SAMD3(+0.000)
ZNF24,True,0.16507659597666685,6.5962545e-06,0.0049458854,0.0016383798,AOAH(-0.000);JUN(-0.000);HCST(-0.000);PFN1(-0.000);RAP1GAP2(-0.000);JAZF1(-0.000);MYO1F(-0.000);ITGAL(-0.000),B2M(+0.001);IL7R(+0.001);RPL13(+0.001);EEF1A1(+0.001);RPS2(+0.001);RPL11(+0.001);ARHGAP15(+0.001);RPS27A(+0.000)
RNF111,False,0.36035544894510174,-5.1085262e-05,0.0049362467,0.00013033212,AOAH(-0.001);JAZF1(-0.000);RAP1GAP2(-0.000);MCTP2(-0.000);SAMD3(-0.000);CD247(-0.000);VAV3(-0.000);SYNE1(-0.000),IL7R(+0.001);LTB(+0.001);CAMK4(+0.001);IL32(+0.001);RPL11(+0.001);RPS18(+0.000);BCL2(+0.000);PHACTR2(+0.000)
ARHGAP25,False,0.4311726544185794,5.691964e-06,0.0049342904,-9.010033e-05,CCL5(-0.001);AOAH(-0.001);PLCB1(-0.001);MYO1F(-0.000);RAP1GAP2(-0.000);A2M(-0.000);CTSW(-0.000);SYNE1(-0.000),LEF1(+0.001);MAML2(+0.001);BACH2(+0.001);FOXP1(+0.001);SERINC5(+0.001);CAMK4(+0.001);PDE3B(+0.001);FHIT(+0.001)
LCK,False,0.45679550782314793,-0.000117546624,0.0049339463,-0.0002061745,IL32(-0.001);IL7R(-0.001);LTB(-0.001);PHACTR2(-0.001);RPL11(-0.001);S100A4(-0.000);RPL28(-0.000);RPS18(-0.000),AOAH(+0.000);JAZF1(+0.000);MCTP2(+0.000);CD247(+0.000);GNLY(+0.000);KCNQ5(+0.000);RAP1GAP2(+0.000);VAV3(+0.000)
HMBOX1,True,0.3793272638063566,3.6609996e-05,0.0049296347,0.0008770412,LEF1(-0.001);MAML2(-0.001);CAMK4(-0.001);FOXP1(-0.001);BACH2(-0.001);PDE3B(-0.001);SERINC5(-0.001);INPP4B(-0.000),AOAH(+0.001);ACTB(+0.001);B2M(+0.001);RAP1GAP2(+0.000);RABGAP1L(+0.000);MYO1F(+0.000);ACTG1(+0.000);SYNE1(+0.000)
AHCTF1,False,0.2926456959057951,3.6533354e-06,0.0049267597,-5.2305968e-05,PLCB1(-0.001);CCL5(-0.001);A2M(-0.001);AOAH(-0.000);MYO1F(-0.000);S100A4(-0.000);PFN1(-0.000);GNLY(-0.000),LEF1(+0.001);MAML2(+0.001);BACH2(+0.001);FOXP1(+0.001);SERINC5(+0.001);FHIT(+0.001);PRKCA(+0.001);PDE3B(+0.001)
GPHN,False,0.27400098130076866,3.7511432e-05,0.0049253176,-0.00016987204,AOAH(-0.001);RAP1GAP2(-0.001);PLCB1(-0.000);MYO1F(-0.000);SYNE1(-0.000);JAZF1(-0.000);SAMD3(-0.000);CCL5(-0.000),LEF1(+0.001);CAMK4(+0.001);MAML2(+0.001);FOXP1(+0.001);SERINC5(+0.001);BACH2(+0.001);PDE3B(+0.001);FHIT(+0.001)
LINC01578,False,0.5495284304639374,4.4646433e-05,0.0049252063,-9.8298355e-05,ACTB(-0.001);IL32(-0.001);S100A4(-0.001);PFN1(-0.001);ACTG1(-0.001);GAPDH(-0.000);TMSB4X(-0.000);CORO1A(-0.000),MAML2(+0.001);BACH2(+0.001);LEF1(+0.001);FOXP1(+0.000);ZBTB20(+0.000);TXK(+0.000);SERINC5(+0.000);PRKCA(+0.000)
SEPTIN6,False,0.6271602246088427,-0.00018938903,0.004921763,-9.460292e-05,LEF1(-0.001);BACH2(-0.001);MAML2(-0.001);FOXP1(-0.001);SERINC5(-0.001);FHIT(-0.001);PRKCA(-0.001);PDE3B(-0.001),PLCB1(+0.001);CCL5(+0.001);A2M(+0.001);AOAH(+0.001);MYO1F(+0.000);S100A4(+0.000);RAP1GAP2(+0.000);PZP(+0.000)
HABP4,False,0.1862290792127787,-4.7606743e-05,0.004918694,5.2738356e-05,LEF1(-0.001);MAML2(-0.001);CAMK4(-0.001);FOXP1(-0.001);BACH2(-0.001);SERINC5(-0.001);PDE3B(-0.001);FHIT(-0.001),AOAH(+0.001);RAP1GAP2(+0.000);MYO1F(+0.000);CCL5(+0.000);PLCB1(+0.000);SAMD3(+0.000);SYNE1(+0.000);JAZF1(+0.000)
CDC14A,False,0.7835686637954535,-0.00029067384,0.0049149343,-4.5282883e-05,PHACTR2(-0.001);PLCB1(-0.001);A2M(-0.001);IL32(-0.001);CCL5(-0.001);S100A4(-0.001);IL7R(-0.001);KLRG1(-0.001),LEF1(+0.001);BACH2(+0.001);FOXP1(+0.000);FHIT(+0.000);MAML2(+0.000);PRKCA(+0.000);SERINC5(+0.000);KCNQ5(+0.000)
CCNH,False,0.4446382816333207,1.891206e-05,0.004904249,5.2446652e-05,AOAH(-0.001);RAP1GAP2(-0.000);MYO1F(-0.000);CCL5(-0.000);ACTG1(-0.000);PLCB1(-0.000);SAMD3(-0.000);PFN1(-0.000),LEF1(+0.001);MAML2(+0.001);BACH2(+0.001);FOXP1(+0.001);CAMK4(+0.001);SERINC5(+0.001);PDE3B(+0.001);FHIT(+0.001)
NUCKS1,False,0.3461811045085319,-3.6647667e-05,0.0049013756,-6.1334336e-05,LEF1(-0.001);BACH2(-0.001);MAML2(-0.001);FOXP1(-0.001);FHIT(-0.001);SERINC5(-0.001);PRKCA(-0.001);PDE3B(-0.000),PLCB1(+0.001);A2M(+0.001);S100A4(+0.001);IL32(+0.001);PHACTR2(+0.001);PFN1(+0.000);CCL5(+0.000);KLRG1(+0.000)
EPSTI1,False,0.23861963691871557,9.0024005e-06,0.0048982184,0.000104204104,LEF1(-0.001);MAML2(-0.001);BACH2(-0.001);FOXP1(-0.001);SERINC5(-0.001);FHIT(-0.001);PDE3B(-0.001);CAMK4(-0.001),CCL5(+0.001);PLCB1(+0.001);AOAH(+0.001);MYO1F(+0.000);A2M(+0.000);RAP1GAP2(+0.000);GNLY(+0.000);S100A4(+0.000)
PRPF6,False,0.30365807119882243,-1.9398769e-05,0.0048954105,6.647833e-05,LEF1(-0.001);MAML2(-0.001);BACH2(-0.001);FOXP1(-0.001);SERINC5(-0.001);CAMK4(-0.001);PDE3B(-0.001);FHIT(-0.001),AOAH(+0.001);PLCB1(+0.001);MYO1F(+0.000);CCL5(+0.000);RAP1GAP2(+0.000);ACTG1(+0.000);PFN1(+0.000);A2M(+0.000)
MX2,False,0.3694052227007578,-4.573317e-05,0.004890769,4.234031e-05,CAMK4(-0.001);LEF1(-0.001);IL7R(-0.001);LTB(-0.001);BCL11B(-0.000);MAML2(-0.000);BCL2(-0.000);SERINC5(-0.000),AOAH(+0.001);RAP1GAP2(+0.001);JAZF1(+0.000);SAMD3(+0.000);SYNE1(+0.000);MCTP2(+0.000);CD247(+0.000);MYO1F(+0.000)
EXOC6B,False,0.3401842664776754,2.6904048e-05,0.0048836255,-9.5726915e-05,PLCB1(-0.001);CCL5(-0.001);AOAH(-0.001);MYO1F(-0.000);A2M(-0.000);GNLY(-0.000);S100A4(-0.000);RAP1GAP2(-0.000),LEF1(+0.001);MAML2(+0.001);BACH2(+0.001);FOXP1(+0.001);SERINC5(+0.001);FHIT(+0.001);PRKCA(+0.001);PDE3B(+0.001)
RPLP1,False,0.923294989914409,-0.00011727187,0.0048799436,-0.00057435606,CCL5(-0.001);GNLY(-0.001);ACTB(-0.001);CTSW(-0.001);TGFBR3(-0.001);MCTP2(-0.000);ACTG1(-0.000);AOAH(-0.000),LEF1(+0.001);MAML2(+0.001);FOXP1(+0.001);BACH2(+0.001);CAMK4(+0.001);SERINC5(+0.001);PDE3B(+0.001);PRKCA(+0.000)
FBXL17,False,0.6148939650002728,-0.00016424761,0.004875903,-0.00012687904,AOAH(-0.001);JAZF1(-0.000);CD247(-0.000);GNLY(-0.000);KCNQ5(-0.000);RAP1GAP2(-0.000);MCTP2(-0.000);SFMBT2(-0.000),IL32(+0.001);LTB(+0.001);IL7R(+0.001);RPL11(+0.000);PHACTR2(+0.000);CAMK4(+0.000);TRAC(+0.000);S100A4(+0.000)
CD48,False,0.393828708499155,-9.8267825e-05,0.004875167,-0.00013446633,PLCB1(-0.001);CCL5(-0.001);A2M(-0.001);S100A4(-0.001);PHACTR2(-0.001);MYO1F(-0.000);IL32(-0.000);AOAH(-0.000),LEF1(+0.001);BACH2(+0.001);MAML2(+0.001);FOXP1(+0.001);SERINC5(+0.001);FHIT(+0.001);PRKCA(+0.001);PDE3B(+0.001)
PXN,False,0.2218284904323175,-0.00012835393,0.0048709367,-4.594809e-05,AOAH(-0.001);GNLY(-0.001);CCL5(-0.001);RAP1GAP2(-0.000);MCTP2(-0.000);CTSW(-0.000);TGFBR3(-0.000);MYO1F(-0.000),LEF1(+0.001);CAMK4(+0.001);MAML2(+0.001);SERINC5(+0.001);FOXP1(+0.001);BACH2(+0.001);PDE3B(+0.001);BCL11B(+0.000)
RPSA,False,0.7669410674371697,-6.273125e-05,0.0048708366,-0.00029894704,CCL5(-0.001);S100A4(-0.001);ACTG1(-0.001);ACTB(-0.001);PLCB1(-0.000);MYO1F(-0.000);A2M(-0.000);TMSB4X(-0.000),LEF1(+0.001);MAML2(+0.001);BACH2(+0.001);FOXP1(+0.001);SERINC5(+0.001);FHIT(+0.001);PRKCA(+0.001);PDE3B(+0.001)
CCNL1,False,0.43804175979937854,-5.5350793e-05,0.004870634,-8.060159e-05,IL7R(-0.001);LTB(-0.001);IL32(-0.001);CAMK4(-0.001);RPL11(-0.001);PHACTR2(-0.000);RPS18(-0.000);RPL30(-0.000),AOAH(+0.001);JAZF1(+0.000);CD247(+0.000);MCTP2(+0.000);RAP1GAP2(+0.000);SAMD3(+0.000);VAV3(+0.000);SYNE1(+0.000)
SSBP3,False,0.2789074851441967,-0.0001001015,0.004867323,7.470654e-05,PLCB1(-0.001);CCL5(-0.001);S100A4(-0.000);PFN1(-0.000);MYO1F(-0.000);A2M(-0.000);ACTG1(-0.000);AOAH(-0.000),LEF1(+0.001);MAML2(+0.001);BACH2(+0.001);FOXP1(+0.001);SERINC5(+0.001);FHIT(+0.001);PRKCA(+0.001);PDE3B(+0.001)
PRKCB,False,0.6056261244071309,-0.00010585528,0.0048612417,-0.00033169243,CCL5(-0.001);PLCB1(-0.001);S100A4(-0.001);A2M(-0.000);GNLY(-0.000);MYO1F(-0.000);ACTB(-0.000);AOAH(-0.000),LEF1(+0.001);MAML2(+0.001);BACH2(+0.001);FOXP1(+0.001);SERINC5(+0.001);FHIT(+0.001);PRKCA(+0.001);PDE3B(+0.001)
KCNQ5,False,0.2774355339911683,-0.0003515272,0.004853203,2.6472933e-05,AOAH(-0.001);JAZF1(-0.000);CD247(-0.000);GNLY(-0.000);MCTP2(-0.000);SFMBT2(-0.000);RAP1GAP2(-0.000);FNDC3B(-0.000),IL32(+0.001);LTB(+0.001);IL7R(+0.001);RPL11(+0.001);PHACTR2(+0.001);S100A4(+0.000);RPL28(+0.000);RPS18(+0.000)
PCAT1,False,0.3035490377800796,5.9118796e-05,0.0048487713,1.6394916e-06,PLCB1(-0.001);CCL5(-0.001);A2M(-0.001);PHACTR2(-0.001);AOAH(-0.000);S100A4(-0.000);MYO1F(-0.000);KLRG1(-0.000),LEF1(+0.001);BACH2(+0.001);MAML2(+0.001);FOXP1(+0.001);SERINC5(+0.001);FHIT(+0.001);PRKCA(+0.001);PDE3B(+0.001)
TAF1D,False,0.40124298097366845,-3.40892e-05,0.004846507,-0.00011783952,AOAH(-0.001);GNLY(-0.001);CCL5(-0.000);RAP1GAP2(-0.000);JAZF1(-0.000);PLCB1(-0.000);SYNE1(-0.000);SAMD3(-0.000),LEF1(+0.001);CAMK4(+0.001);SERINC5(+0.000);PDE3B(+0.000);MAML2(+0.000);FOXP1(+0.000);BCL11B(+0.000);LTB(+0.000)
ABL2,False,0.18502971160660742,-5.314838e-05,0.0048354585,-4.586971e-06,LEF1(-0.001);CAMK4(-0.001);IL7R(-0.001);LTB(-0.001);BCL11B(-0.000);MAML2(-0.000);SERINC5(-0.000);PDE3B(-0.000),AOAH(+0.001);GNLY(+0.001);RAP1GAP2(+0.001);JAZF1(+0.000);MCTP2(+0.000);SAMD3(+0.000);SYNE1(+0.000);TGFBR3(+0.000)
RPL27A,False,0.7686310854276838,-0.00032872873,0.00482807,-0.00037758966,IL32(-0.001);S100A4(-0.001);RPL11(-0.001);ACTB(-0.001);PHACTR2(-0.001);RPL28(-0.000);RPS2(-0.000);LTB(-0.000),AOAH(+0.000);MCTP2(+0.000);JAZF1(+0.000);GNLY(+0.000);KCNQ5(+0.000);TXK(+0.000);BACH2(+0.000);ZBTB20(+0.000)
CAB39,False,0.39622744371149765,8.075696e-06,0.0048258547,-5.375436e-05,LEF1(-0.001);BACH2(-0.001);MAML2(-0.001);FOXP1(-0.001);SERINC5(-0.001);FHIT(-0.001);PRKCA(-0.001);PDE3B(-0.001),PLCB1(+0.001);S100A4(+0.001);A2M(+0.001);PFN1(+0.000);CCL5(+0.000);PHACTR2(+0.000);MYO1F(+0.000);IL32(+0.000)
AGTPBP1,False,0.355885078776645,-0.00019350805,0.0048249005,0.00019113466,AOAH(-0.001);GNLY(-0.001);MCTP2(-0.001);JAZF1(-0.000);RAP1GAP2(-0.000);TGFBR3(-0.000);SAMD3(-0.000);CD247(-0.000),IL7R(+0.001);LTB(+0.001);CAMK4(+0.001);IL32(+0.001);BCL2(+0.000);BCL11B(+0.000);RPL11(+0.000);RPL13(+0.000)
WNK1,False,0.41530829199149544,-0.00011949676,0.0048242356,-7.6438184e-05,IL32(-0.001);LTB(-0.001);IL7R(-0.001);CAMK4(-0.001);RPL11(-0.001);RPS18(-0.000);RPS2(-0.000);RPL28(-0.000),AOAH(+0.001);JAZF1(+0.000);MCTP2(+0.000);RAP1GAP2(+0.000);CD247(+0.000);SAMD3(+0.000);GNLY(+0.000);SYNE1(+0.000)
CEP57,False,0.23856512020934414,7.621765e-06,0.0048218183,-2.0658617e-06,AOAH(-0.001);CCL5(-0.000);MYO1F(-0.000);PLCB1(-0.000);RAP1GAP2(-0.000);GNLY(-0.000);ACTG1(-0.000);PFN1(-0.000),LEF1(+0.001);MAML2(+0.001);BACH2(+0.001);FOXP1(+0.001);SERINC5(+0.001);CAMK4(+0.001);PDE3B(+0.001);FHIT(+0.001)
PPP2R2A,False,0.35937414817641605,-2.443891e-05,0.0048143584,-6.2876597e-06,IL32(-0.001);LTB(-0.001);IL7R(-0.001);RPL11(-0.001);PHACTR2(-0.000);S100A4(-0.000);RPL28(-0.000);RPS18(-0.000),AOAH(+0.001);JAZF1(+0.000);CD247(+0.000);MCTP2(+0.000);KCNQ5(+0.000);RAP1GAP2(+0.000);SFMBT2(+0.000);FNDC3B(+0.000)
LSP1,False,0.30594777299242215,7.900606e-05,0.004803188,8.7289365e-05,LEF1(-0.001);MAML2(-0.001);BACH2(-0.001);FOXP1(-0.001);SERINC5(-0.001);FHIT(-0.001);CAMK4(-0.001);PDE3B(-0.001),AOAH(+0.001);PLCB1(+0.001);CCL5(+0.001);MYO1F(+0.000);A2M(+0.000);RAP1GAP2(+0.000);SYNE1(+0.000);NCALD(+0.000)
RBM33,False,0.27689036689745405,-2.2181794e-05,0.0048028543,-3.736259e-05,LEF1(-0.001);MAML2(-0.001);BACH2(-0.001);FOXP1(-0.001);SERINC5(-0.001);FHIT(-0.001);PRKCA(-0.001);PDE3B(-0.001),PLCB1(+0.001);S100A4(+0.000);CCL5(+0.000);PFN1(+0.000);MYO1F(+0.000);ACTG1(+0.000);A2M(+0.000);ACTB(+0.000)
GNLY,False,0.1258790819386142,-0.0005684907,0.0048025628,4.3236596e-05,PLCB1(-0.001);CCL5(-0.001);AOAH(-0.001);MYO1F(-0.000);A2M(-0.000);RAP1GAP2(-0.000);S100A4(-0.000);CTSW(-0.000),LEF1(+0.001);MAML2(+0.001);BACH2(+0.001);FOXP1(+0.001);SERINC5(+0.001);FHIT(+0.001);PDE3B(+0.001);PRKCA(+0.001)
LINC01550,False,0.4015700812298969,-8.754452e-06,0.0048009832,0.00025824766,IL32(-0.001);PHACTR2(-0.001);LTB(-0.001);S100A4(-0.001);IL7R(-0.000);GZMK(-0.000);RPL11(-0.000);RPL28(-0.000),CD247(+0.000);MCTP2(+0.000);KCNQ5(+0.000);AOAH(+0.000);JAZF1(+0.000);TXK(+0.000);SFMBT2(+0.000);BACH2(+0.000)
RPS14,False,0.8409202420541897,-0.00020901857,0.004799438,-0.0006609482,LEF1(-0.001);MAML2(-0.001);BACH2(-0.001);CAMK4(-0.001);SERINC5(-0.001);FOXP1(-0.001);IL7R(-0.001);PDE3B(-0.001),PFN1(+0.001);AOAH(+0.000);RAP1GAP2(+0.000);MYO1F(+0.000);ACTG1(+0.000);PLCB1(+0.000);HCST(+0.000);FLNA(+0.000)
MARCH8,False,0.20552799433026223,-3.1256197e-05,0.004797788,0.00020122436,LEF1(-0.001);MAML2(-0.001);BACH2(-0.001);FOXP1(-0.001);SERINC5(-0.001);FHIT(-0.001);PRKCA(-0.001);PDE3B(-0.001),PLCB1(+0.001);S100A4(+0.001);ACTB(+0.000);ACTG1(+0.000);MYO1F(+0.000);A2M(+0.000);PFN1(+0.000);AOAH(+0.000)
BICRAL,False,0.3456359374148176,2.583382e-06,0.004797557,4.0714072e-05,AOAH(-0.001);CCL5(-0.001);PLCB1(-0.001);MYO1F(-0.000);A2M(-0.000);RAP1GAP2(-0.000);SYNE1(-0.000);SAMD3(-0.000),LEF1(+0.001);MAML2(+0.001);BACH2(+0.001);FOXP1(+0.001);SERINC5(+0.001);CAMK4(+0.001);FHIT(+0.001);PDE3B(+0.001)
CSGALNACT1,False,0.5157825873630267,-0.00016364895,0.004794226,-0.00035949642,LEF1(-0.001);CAMK4(-0.001);IL7R(-0.000);RPL11(-0.000);LTB(-0.000);EEF1A1(-0.000);BCL11B(-0.000);RPS2(-0.000),GNLY(+0.001);AOAH(+0.001);CCL5(+0.001);CTSW(+0.001);TGFBR3(+0.001);MCTP2(+0.001);PPP2R2B(+0.000);JAZF1(+0.000)
RIC1,False,0.2655508913481982,-5.3087024e-05,0.004786574,-0.00017927433,IL7R(-0.001);LTB(-0.001);IL32(-0.001);CAMK4(-0.001);RPL11(-0.001);PHACTR2(-0.000);RPS18(-0.000);RPS2(-0.000),AOAH(+0.001);JAZF1(+0.000);MCTP2(+0.000);RAP1GAP2(+0.000);GNLY(+0.000);CD247(+0.000);SAMD3(+0.000);VAV3(+0.000)
RAB8B,False,0.1790873902851224,-7.4477815e-05,0.0047793416,8.089563e-05,PLCB1(-0.001);CCL5(-0.001);A2M(-0.001);S100A4(-0.001);PFN1(-0.000);MYO1F(-0.000);PHACTR2(-0.000);IL32(-0.000),LEF1(+0.001);BACH2(+0.001);MAML2(+0.001);FOXP1(+0.001);SERINC5(+0.001);FHIT(+0.001);PRKCA(+0.001);PDE3B(+0.001)
CLEC16A,False,0.2977702665867089,-3.408461e-05,0.0047759507,0.00014189424,LEF1(-0.001);MAML2(-0.001);BACH2(-0.001);FOXP1(-0.001);SERINC5(-0.001);CAMK4(-0.001);PDE3B(-0.001);FHIT(-0.001),CCL5(+0.001);AOAH(+0.001);PLCB1(+0.001);GNLY(+0.001);MYO1F(+0.000);RAP1GAP2(+0.000);CTSW(+0.000);A2M(+0.000)
SPCS2,False,0.16158752657689582,2.1830203e-05,0.004774207,3.67746e-05,LEF1(-0.001);MAML2(-0.001);BACH2(-0.001);FOXP1(-0.001);CAMK4(-0.001);SERINC5(-0.001);PDE3B(-0.001);FHIT(-0.001),AOAH(+0.001);CCL5(+0.000);MYO1F(+0.000);RAP1GAP2(+0.000);PLCB1(+0.000);A2M(+0.000);SYNE1(+0.000);SAMD3(+0.000)
ID2,False,0.2708935288665976,-0.0002669989,0.00476559,1.6351618e-06,PLCB1(-0.001);CCL5(-0.001);A2M(-0.001);S100A4(-0.000);MYO1F(-0.000);PHACTR2(-0.000);AOAH(-0.000);IL32(-0.000),LEF1(+0.001);BACH2(+0.001);MAML2(+0.001);FOXP1(+0.001);SERINC5(+0.001);FHIT(+0.001);PRKCA(+0.001);PDE3B(+0.001)
GIMAP4,False,0.404023333151611,-4.517434e-05,0.004764755,-9.6655414e-05,LEF1(-0.001);CAMK4(-0.001);MAML2(-0.001);IL7R(-0.001);SERINC5(-0.001);FOXP1(-0.001);BACH2(-0.001);PDE3B(-0.001),AOAH(+0.001);RAP1GAP2(+0.000);JAZF1(+0.000);MYO1F(+0.000);SAMD3(+0.000);SYNE1(+0.000);CCL5(+0.000);MCTP2(+0.000)
EPS15,False,0.37109524069127187,4.7259073e-05,0.00475731,0.00014762272,CAMK4(-0.001);LEF1(-0.001);LTB(-0.001);IL7R(-0.000);IL32(-0.000);TRAC(-0.000);RPL11(-0.000);BCL11B(-0.000),AOAH(+0.001);JAZF1(+0.000);RAP1GAP2(+0.000);SYNE1(+0.000);SAMD3(+0.000);CD247(+0.000);CCL5(+0.000);VAV3(+0.000)
TTC39C,False,0.6344109469552419,8.4642044e-05,0.004752775,-0.00038978652,AOAH(-0.001);CCL5(-0.001);GNLY(-0.000);RAP1GAP2(-0.000);PLCB1(-0.000);MYO1F(-0.000);SYNE1(-0.000);JAZF1(-0.000),LEF1(+0.001);CAMK4(+0.001);MAML2(+0.001);FOXP1(+0.001);SERINC5(+0.001);BACH2(+0.001);PDE3B(+0.001);PRKCA(+0.000)
PHTF2,False,0.33576841301859023,-4.6141202e-05,0.0047525507,-3.1706173e-07,LEF1(-0.001);CAMK4(-0.001);MAML2(-0.001);SERINC5(-0.001);BACH2(-0.001);FOXP1(-0.001);PDE3B(-0.001);FHIT(-0.001),AOAH(+0.001);CCL5(+0.001);GNLY(+0.001);PLCB1(+0.001);RAP1GAP2(+0.000);MYO1F(+0.000);SYNE1(+0.000);JAZF1(+0.000)
PRKRIP1,False,0.3305348089189336,2.412257e-05,0.004746737,0.00010040091,PLCB1(-0.001);AOAH(-0.000);MYO1F(-0.000);A2M(-0.000);CCL5(-0.000);PFN1(-0.000);S100A4(-0.000);RAP1GAP2(-0.000),LEF1(+0.001);MAML2(+0.001);BACH2(+0.001);FOXP1(+0.001);SERINC5(+0.001);FHIT(+0.001);PRKCA(+0.001);PDE3B(+0.001)
DYNLT1,False,0.364662268985444,-2.5099864e-05,0.0047416636,2.5718075e-05,AOAH(-0.001);RAP1GAP2(-0.000);JAZF1(-0.000);SAMD3(-0.000);GNLY(-0.000);MYO1F(-0.000);CCL5(-0.000);SYNE1(-0.000),LEF1(+0.001);CAMK4(+0.001);IL7R(+0.001);MAML2(+0.001);BCL2(+0.001);LTB(+0.001);BCL11B(+0.001);SERINC5(+0.001)
CLIP1,False,0.23333151610968758,-2.2802467e-05,0.004736281,-0.00023100687,LEF1(-0.001);BACH2(-0.001);MAML2(-0.001);FOXP1(-0.001);FHIT(-0.000);ZBTB20(-0.000);TXK(-0.000);SERINC5(-0.000),IL32(+0.001);S100A4(+0.001);PHACTR2(+0.001);PFN1(+0.001);A2M(+0.000);PLCB1(+0.000);S100A6(+0.000);ACTG1(+0.000)
DPYD,False,0.835523087826419,-0.00010579683,0.004734056,-0.00048104662,IL7R(-0.001);PHACTR2(-0.001);IL32(-0.001);LTB(-0.001);RPL13(-0.001);A2M(-0.000);RPL11(-0.000);RPS18(-0.000),SMC4(+0.000);IFI16(+0.000);KCNQ5(+0.000);JAZF1(+0.000);TFDP2(+0.000);MCTP2(+0.000);PLCG2(+0.000);TOX(+0.000)
RASGRP1,False,0.5801123044213052,-8.10072e-05,0.0047218446,-0.0002871263,IL32(-0.001);PHACTR2(-0.001);IL7R(-0.001);LTB(-0.001);S100A4(-0.001);RPL11(-0.000);A2M(-0.000);RPL28(-0.000),MCTP2(+0.000);GNLY(+0.000);KCNQ5(+0.000);BACH2(+0.000);CD247(+0.000);TGFBR3(+0.000);JAZF1(+0.000);ATP10A(+0.000)
ERCC6L2,False,0.24826909447745737,-6.729074e-05,0.0047173826,-5.721492e-06,LEF1(-0.001);MAML2(-0.001);BACH2(-0.001);FOXP1(-0.001);SERINC5(-0.001);CAMK4(-0.001);FHIT(-0.001);PDE3B(-0.001),AOAH(+0.001);PLCB1(+0.001);MYO1F(+0.000);CCL5(+0.000);A2M(+0.000);RAP1GAP2(+0.000);S100A4(+0.000);SYNE1(+0.000)
RSU1,False,0.15455487106798232,-8.489555e-06,0.00471122,-3.659211e-05,LEF1(-0.001);MAML2(-0.001);CAMK4(-0.001);BACH2(-0.001);FOXP1(-0.001);SERINC5(-0.001);PDE3B(-0.001);FHIT(-0.001),AOAH(+0.001);PLCB1(+0.000);RAP1GAP2(+0.000);CCL5(+0.000);MYO1F(+0.000);JAZF1(+0.000);SAMD3(+0.000);SYNE1(+0.000)
GPATCH2,False,0.14376056261244072,2.045425e-06,0.0047048433,3.0931536e-05,LEF1(-0.001);MAML2(-0.001);CAMK4(-0.001);BACH2(-0.001);FOXP1(-0.001);SERINC5(-0.001);PDE3B(-0.001);INPP4B(-0.001),AOAH(+0.001);RAP1GAP2(+0.000);CCL5(+0.000);MYO1F(+0.000);PLCB1(+0.000);ACTG1(+0.000);SAMD3(+0.000);SYNE1(+0.000)
PDXDC1,False,0.2535026985771138,2.27975e-05,0.0047033117,-8.1769336e-05,AOAH(-0.001);MYO1F(-0.000);PLCB1(-0.000);CCL5(-0.000);RAP1GAP2(-0.000);ACTG1(-0.000);A2M(-0.000);S100A4(-0.000),LEF1(+0.001);MAML2(+0.001);BACH2(+0.001);FOXP1(+0.001);SERINC5(+0.001);CAMK4(+0.001);PDE3B(+0.001);FHIT(+0.001)
DOCK2,False,0.6382271166112415,-0.00011326123,0.004697594,0.0003412876,AOAH(-0.001);GNLY(-0.001);RAP1GAP2(-0.000);JAZF1(-0.000);MCTP2(-0.000);CTSW(-0.000);TGFBR3(-0.000);SAMD3(-0.000),IL7R(+0.001);CAMK4(+0.001);LEF1(+0.001);LTB(+0.001);BCL11B(+0.000);BCL2(+0.000);MAML2(+0.000);SERINC5(+0.000)
CNOT1,False,0.28577659052499593,-1.1236802e-05,0.004696575,-5.6521e-05,AOAH(-0.001);CCL5(-0.000);PLCB1(-0.000);MYO1F(-0.000);RAP1GAP2(-0.000);SYNE1(-0.000);SAMD3(-0.000);JAZF1(-0.000),LEF1(+0.001);MAML2(+0.001);BACH2(+0.001);FOXP1(+0.001);CAMK4(+0.001);SERINC5(+0.001);PDE3B(+0.001);FHIT(+0.001)
TSPAN18,False,0.1705282669138091,-3.8351063e-05,0.0046925256,2.5242355e-06,LEF1(-0.001);BACH2(-0.001);MAML2(-0.001);FOXP1(-0.001);SERINC5(-0.001);FHIT(-0.001);PRKCA(-0.001);PDE3B(-0.001),CCL5(+0.001);PLCB1(+0.001);AOAH(+0.001);A2M(+0.001);GNLY(+0.001);MYO1F(+0.000);S100A4(+0.000);RAP1GAP2(+0.000)
CASP8,False,0.25186719729597123,3.1047013e-05,0.004687311,-5.224767e-05,LEF1(-0.001);MAML2(-0.001);BACH2(-0.001);FOXP1(-0.001);SERINC5(-0.001);CAMK4(-0.001);PDE3B(-0.001);PRKCA(-0.001),AOAH(+0.001);PLCB1(+0.001);CCL5(+0.000);MYO1F(+0.000);RAP1GAP2(+0.000);GNLY(+0.000);PFN1(+0.000);SAMD3(+0.000)
VAV3,False,0.22242817423540318,-0.0002630165,0.0046624667,9.038435e-05,AOAH(-0.001);CCL5(-0.000);GNLY(-0.000);MYO1F(-0.000);RAP1GAP2(-0.000);PLCB1(-0.000);PFN1(-0.000);ACTG1(-0.000),LEF1(+0.001);MAML2(+0.001);BACH2(+0.001);FOXP1(+0.001);SERINC5(+0.001);CAMK4(+0.001);PDE3B(+0.001);FHIT(+0.001)
GSK3B,False,0.34247396827127513,-8.929756e-05,0.004650341,8.752807e-05,LEF1(-0.001);MAML2(-0.001);BACH2(-0.001);FOXP1(-0.001);SERINC5(-0.000);PRKCA(-0.000);FHIT(-0.000);ZBTB20(-0.000),S100A4(+0.001);ACTB(+0.001);IL32(+0.001);ACTG1(+0.001);PFN1(+0.001);TMSB4X(+0.000);CORO1A(+0.000);PHACTR2(+0.000)
CDK17,False,0.36351741808864424,-0.00010102364,0.0046402216,3.9522743e-05,AOAH(-0.001);RAP1GAP2(-0.000);JAZF1(-0.000);MYO1F(-0.000);PLCB1(-0.000);SAMD3(-0.000);SYNE1(-0.000);CCL5(-0.000),LEF1(+0.001);CAMK4(+0.001);MAML2(+0.001);SERINC5(+0.001);FOXP1(+0.001);BACH2(+0.001);PDE3B(+0.001);BCL11B(+0.000)
HECA,False,0.3391484489996184,3.088368e-05,0.004637542,-0.00010799279,AOAH(-0.001);CCL5(-0.001);RAP1GAP2(-0.000);JAZF1(-0.000);MYO1F(-0.000);SYNE1(-0.000);SAMD3(-0.000);GNLY(-0.000),LEF1(+0.001);CAMK4(+0.001);MAML2(+0.001);SERINC5(+0.001);FOXP1(+0.001);BACH2(+0.001);PDE3B(+0.000);BCL11B(+0.000)
LINC02328,False,0.2573188682331135,-3.202058e-05,0.004636905,2.0516205e-05,LEF1(-0.001);BACH2(-0.001);MAML2(-0.001);FOXP1(-0.001);SERINC5(-0.001);FHIT(-0.001);PRKCA(-0.001);PDE3B(-0.001),PLCB1(+0.001);A2M(+0.001);S100A4(+0.000);MYO1F(+0.000);PHACTR2(+0.000);PFN1(+0.000);CCL5(+0.000);AOAH(+0.000)
PBRM1,False,0.2638063566483127,3.2599975e-05,0.0046349587,5.9746857e-05,LEF1(-0.001);MAML2(-0.001);BACH2(-0.001);FOXP1(-0.001);SERINC5(-0.001);FHIT(-0.001);PRKCA(-0.001);PDE3B(-0.001),PLCB1(+0.000);S100A4(+0.000);ACTG1(+0.000);PFN1(+0.000);ACTB(+0.000);MYO1F(+0.000);A2M(+0.000);CCL5(+0.000)
ITGB2,False,0.3356593795998474,-0.0002621718,0.0046314453,-4.3796095e-05,AOAH(-0.000);ACTG1(-0.000);CCL5(-0.000);RAP1GAP2(-0.000);MYO1F(-0.000);ACTB(-0.000);PFN1(-0.000);PLCB1(-0.000),LEF1(+0.001);MAML2(+0.001);BACH2(+0.001);FOXP1(+0.001);CAMK4(+0.001);SERINC5(+0.001);PDE3B(+0.001);INPP4B(+0.001)
AHCYL2,False,0.19140816660306384,1.0313857e-05,0.0046314215,-5.644152e-05,AOAH(-0.001);CCL5(-0.001);PLCB1(-0.000);MYO1F(-0.000);RAP1GAP2(-0.000);ACTG1(-0.000);SAMD3(-0.000);SYNE1(-0.000),LEF1(+0.001);MAML2(+0.001);BACH2(+0.001);FOXP1(+0.001);CAMK4(+0.001);SERINC5(+0.001);PDE3B(+0.001);PRKCA(+0.001)
ZFAS1,False,0.3328790274219049,-1.0791638e-05,0.004630673,6.678679e-06,AOAH(-0.001);JAZF1(-0.000);GNLY(-0.000);CD247(-0.000);RAP1GAP2(-0.000);MCTP2(-0.000);SAMD3(-0.000);VAV3(-0.000),IL32(+0.001);LTB(+0.001);IL7R(+0.001);RPL11(+0.000);CAMK4(+0.000);RPS18(+0.000);PHACTR2(+0.000);RPL28(+0.000)
CASP8AP2,False,0.14332442893746933,3.8051821e-06,0.004624874,3.145724e-05,AOAH(-0.001);GNLY(-0.001);CCL5(-0.000);RAP1GAP2(-0.000);PLCB1(-0.000);MYO1F(-0.000);JAZF1(-0.000);SAMD3(-0.000),LEF1(+0.001);CAMK4(+0.001);MAML2(+0.001);FOXP1(+0.001);BACH2(+0.001);SERINC5(+0.001);PDE3B(+0.001);FHIT(+0.000)
DNM1L,False,0.2548656163113995,2.7394568e-05,0.004622709,1.2241449e-05,PLCB1(-0.001);CCL5(-0.001);S100A4(-0.000);A2M(-0.000);MYO1F(-0.000);AOAH(-0.000);PFN1(-0.000);ACTG1(-0.000),LEF1(+0.001);MAML2(+0.001);BACH2(+0.001);FOXP1(+0.001);SERINC5(+0.001);FHIT(+0.001);PRKCA(+0.001);PDE3B(+0.001)
ARID1A,False,0.31832306601973503,3.1971544e-05,0.0046198093,6.862208e-05,LEF1(-0.001);CAMK4(-0.001);MAML2(-0.001);FOXP1(-0.001);SERINC5(-0.001);BACH2(-0.001);PDE3B(-0.001);FHIT(-0.000),AOAH(+0.001);PLCB1(+0.000);RAP1GAP2(+0.000);CCL5(+0.000);MYO1F(+0.000);JAZF1(+0.000);SYNE1(+0.000);SAMD3(+0.000)
PPP1CB,False,0.1927710843373494,-2.682497e-05,0.0046162317,5.0757985e-06,AOAH(-0.001);RAP1GAP2(-0.000);CCL5(-0.000);JAZF1(-0.000);MYO1F(-0.000);SAMD3(-0.000);SYNE1(-0.000);CTSW(-0.000),LEF1(+0.001);CAMK4(+0.001);MAML2(+0.001);SERINC5(+0.001);FOXP1(+0.001);BACH2(+0.000);PDE3B(+0.000);IL7R(+0.000)
ATXN3,False,0.2868124080030529,-2.2135104e-05,0.0046150237,-2.3791023e-05,IL7R(-0.001);IL32(-0.001);LTB(-0.001);PHACTR2(-0.001);CAMK4(-0.000);RPL11(-0.000);BCL2(-0.000);GZMK(-0.000),MCTP2(+0.000);GNLY(+0.000);CD247(+0.000);JAZF1(+0.000);AOAH(+0.000);RAP1GAP2(+0.000);TGFBR3(+0.000);TYROBP(+0.000)
IKZF1,True,0.9445565065692637,-0.000329249,0.0046119983,-0.00033262564,MAML2(-0.001);LEF1(-0.001);BACH2(-0.001);FOXP1(-0.001);ZBTB20(-0.000);DOCK10(-0.000);SERINC5(-0.000);PRKCA(-0.000),PFN1(+0.001);S100A4(+0.001);ACTG1(+0.001);IL32(+0.000);ACTB(+0.000);GAPDH(+0.000);TMSB10(+0.000);FLNA(+0.000)
DNM2,False,0.3659706700103582,-5.113499e-05,0.0046118638,-0.00010203029,S100A4(-0.001);CCL5(-0.001);PLCB1(-0.001);A2M(-0.000);ACTB(-0.000);PFN1(-0.000);ACTG1(-0.000);IL32(-0.000),LEF1(+0.001);MAML2(+0.001);BACH2(+0.001);FOXP1(+0.001);SERINC5(+0.001);FHIT(+0.001);PRKCA(+0.001);PDE3B(+0.000)
KNOP1,False,0.1368914572316415,-1.3387066e-05,0.00461152,5.184401e-05,LEF1(-0.001);MAML2(-0.001);BACH2(-0.001);FOXP1(-0.001);SERINC5(-0.001);CAMK4(-0.001);PDE3B(-0.001);PRKCA(-0.001),CCL5(+0.000);PLCB1(+0.000);AOAH(+0.000);MYO1F(+0.000);ACTG1(+0.000);PFN1(+0.000);S100A4(+0.000);ACTB(+0.000)
CABIN1,False,0.30245870359265115,-3.183643e-05,0.0046110596,0.00012754585,AOAH(-0.000);JAZF1(-0.000);CD247(-0.000);KCNQ5(-0.000);TXK(-0.000);SFMBT2(-0.000);TFDP2(-0.000);FNDC3B(-0.000),IL32(+0.001);PHACTR2(+0.001);LTB(+0.001);S100A4(+0.001);IL7R(+0.001);RPL11(+0.001);RPL28(+0.000);RPS18(+0.000)
ATP5F1B,False,0.23267731559723057,-2.88983e-06,0.004600383,2.6743935e-05,LEF1(-0.001);MAML2(-0.001);BACH2(-0.001);FOXP1(-0.001);SERINC5(-0.001);FHIT(-0.001);PDE3B(-0.001);PRKCA(-0.001),PLCB1(+0.001);AOAH(+0.001);MYO1F(+0.000);A2M(+0.000);CCL5(+0.000);RAP1GAP2(+0.000);NCALD(+0.000);ARHGAP26(+0.000)
MYO9A,False,0.2561195006269421,-2.5831192e-05,0.0045957197,1.3616232e-06,IL32(-0.001);PHACTR2(-0.001);S100A4(-0.001);A2M(-0.001);PLCB1(-0.000);PFN1(-0.000);GZMK(-0.000);CCL5(-0.000),LEF1(+0.001);BACH2(+0.001);MAML2(+0.001);FOXP1(+0.001);FHIT(+0.000);SERINC5(+0.000);PRKCA(+0.000);ZBTB20(+0.000)
SMG1,False,0.5188355230878264,-3.7477803e-05,0.0045936937,9.329629e-05,LEF1(-0.001);BACH2(-0.001);MAML2(-0.001);FOXP1(-0.001);SERINC5(-0.000);FHIT(-0.000);PRKCA(-0.000);PDE3B(-0.000),S100A4(+0.001);IL32(+0.001);CCL5(+0.001);PHACTR2(+0.001);PLCB1(+0.001);A2M(+0.000);PFN1(+0.000);ACTB(+0.000)
MPP7,False,0.32448345417870583,8.935008e-05,0.0045915963,-4.6859062e-05,AOAH(-0.001);CCL5(-0.001);PLCB1(-0.001);GNLY(-0.000);MYO1F(-0.000);RAP1GAP2(-0.000);A2M(-0.000);SAMD3(-0.000),LEF1(+0.001);MAML2(+0.001);BACH2(+0.001);FOXP1(+0.001);SERINC5(+0.001);CAMK4(+0.001);PDE3B(+0.001);FHIT(+0.001)
XRRA1,False,0.30234967017390835,3.1738084e-05,0.004589294,5.843879e-05,PLCB1(-0.001);CCL5(-0.001);AOAH(-0.001);A2M(-0.000);MYO1F(-0.000);RAP1GAP2(-0.000);GNLY(-0.000);PPP2R2B(-0.000),LEF1(+0.001);BACH2(+0.001);MAML2(+0.001);FOXP1(+0.001);SERINC5(+0.001);FHIT(+0.001);PDE3B(+0.001);PRKCA(+0.001)
DMXL1,False,0.30414872158316525,-1.2303803e-05,0.0045768963,7.286041e-05,LEF1(-0.001);MAML2(-0.001);BACH2(-0.001);FOXP1(-0.001);SERINC5(-0.001);CAMK4(-0.001);PDE3B(-0.001);FHIT(-0.001),AOAH(+0.001);PLCB1(+0.001);CCL5(+0.000);MYO1F(+0.000);RAP1GAP2(+0.000);A2M(+0.000);SYNE1(+0.000);SAMD3(+0.000)
FAM241A,False,0.15940685820203893,-4.2586296e-05,0.004570109,-2.1743914e-05,LEF1(-0.001);MAML2(-0.001);CAMK4(-0.001);BACH2(-0.001);FOXP1(-0.001);SERINC5(-0.001);PDE3B(-0.001);PRKCA(-0.000),AOAH(+0.001);RAP1GAP2(+0.000);CCL5(+0.000);MYO1F(+0.000);PLCB1(+0.000);JAZF1(+0.000);SAMD3(+0.000);SYNE1(+0.000)
TRAC,False,0.777953442730197,-0.00015672244,0.0045667174,-0.0003898291,LEF1(-0.001);CAMK4(-0.001);BACH2(-0.000);SERINC5(-0.000);MAML2(-0.000);FHIT(-0.000);PDE3B(-0.000);RPS2(-0.000),AOAH(+0.001);RAP1GAP2(+0.000);PLCB1(+0.000);SYNE1(+0.000);MYO1F(+0.000);JAZF1(+0.000);SAMD3(+0.000);A2M(+0.000)
ALG13,False,0.3643351687292155,-1.7430924e-05,0.0045661703,0.00017373015,AOAH(-0.001);GNLY(-0.001);RAP1GAP2(-0.000);CCL5(-0.000);JAZF1(-0.000);CTSW(-0.000);MYO1F(-0.000);MCTP2(-0.000),LEF1(+0.001);CAMK4(+0.001);MAML2(+0.001);SERINC5(+0.001);FOXP1(+0.000);IL7R(+0.000);BACH2(+0.000);PDE3B(+0.000)
STAT5A,True,0.09196968870958949,2.593526e-05,0.0045656674,0.00093662174,CCR7(-0.000);LEF1(-0.000);SELL(-0.000);MAML2(-0.000);FOXP1(-0.000);BACH2(-0.000);PRKCA(-0.000);FHIT(-0.000),B2M(+0.001);HLA-B(+0.001);ARHGAP15(+0.001);HLA-A(+0.001);ACTB(+0.000);MBNL1(+0.000);CCL5(+0.000);PTPRC(+0.000)
ZBTB18,True,0.059096112958621806,0.0,0.0045624343,0.0017105377,TRAC(-0.001);PFN1(-0.001);HCST(-0.000);TRBC1(-0.000);JUN(-0.000);TRBC2(-0.000);FOS(-0.000);CD3D(-0.000),B2M(+0.001);MBNL1(+0.000);CD247(+0.000);IL7R(+0.000);TXK(+0.000);RIPOR2(+0.000);PTPRC(+0.000);DOCK10(+0.000)
OXCT1,False,0.20138472441803415,7.4753007e-06,0.004560212,-5.4149863e-05,PLCB1(-0.000);CCL5(-0.000);ACTG1(-0.000);MYO1F(-0.000);AOAH(-0.000);S100A4(-0.000);ACTB(-0.000);PFN1(-0.000),LEF1(+0.001);MAML2(+0.001);BACH2(+0.001);FOXP1(+0.001);SERINC5(+0.001);CAMK4(+0.001);PDE3B(+0.001);FHIT(+0.001)
TMSB10,False,0.8308891675298481,-0.0005397144,0.00455288,0.00042858897,PFN1(-0.001);ACTG1(-0.001);GAPDH(-0.000);ACTB(-0.000);IL32(-0.000);VIM(-0.000);ARHGDIB(-0.000);CORO1A(-0.000),AOAH(+0.001);PITPNC1(+0.000);ZBTB20(+0.000);TXK(+0.000);PLCB1(+0.000);LPP(+0.000);ZFAND3(+0.000);UTRN(+0.000)
FRYL,False,0.4762579730687456,-4.9395338e-05,0.0045526344,-9.1510236e-05,LEF1(-0.001);BACH2(-0.001);MAML2(-0.001);FOXP1(-0.001);SERINC5(-0.001);FHIT(-0.001);PRKCA(-0.001);PDE3B(-0.001),PLCB1(+0.001);CCL5(+0.001);AOAH(+0.001);A2M(+0.000);MYO1F(+0.000);GNLY(+0.000);S100A4(+0.000);CTSW(+0.000)
MYL12B,False,0.36422613531047265,-7.0660426e-05,0.0045521236,-8.143421e-05,AOAH(-0.001);RAP1GAP2(-0.000);MYO1F(-0.000);ACTG1(-0.000);JAZF1(-0.000);SAMD3(-0.000);ACTB(-0.000);SYNE1(-0.000),LEF1(+0.001);MAML2(+0.001);CAMK4(+0.001);FOXP1(+0.001);BACH2(+0.001);SERINC5(+0.001);PDE3B(+0.001);INPP4B(+0.000)
BAZ1B,False,0.24096385542168675,-2.57371e-06,0.0045493064,2.6498188e-05,BACH2(-0.000);LEF1(-0.000);MAML2(-0.000);FOXP1(-0.000);TXK(-0.000);ZBTB20(-0.000);KCNQ5(-0.000);FHIT(-0.000),IL32(+0.001);PHACTR2(+0.001);S100A4(+0.001);GZMK(+0.000);PFN1(+0.000);A2M(+0.000);LTB(+0.000);RPL28(+0.000)
HINT1,False,0.30142288611459417,-0.00013280018,0.004547575,-8.982962e-05,S100A4(-0.001);ACTB(-0.001);PFN1(-0.001);ACTG1(-0.001);IL32(-0.000);CCL5(-0.000);PLCB1(-0.000);PHACTR2(-0.000),LEF1(+0.001);MAML2(+0.001);BACH2(+0.001);FOXP1(+0.001);SERINC5(+0.001);PRKCA(+0.000);FHIT(+0.000);PDE3B(+0.000)
ATP5F1E,False,0.4174344436569809,-0.00020240035,0.0045444053,0.00011139701,S100A4(-0.001);IL32(-0.001);PLCB1(-0.001);A2M(-0.001);CCL5(-0.000);PHACTR2(-0.000);PFN1(-0.000);ACTG1(-0.000),LEF1(+0.001);BACH2(+0.001);MAML2(+0.001);FOXP1(+0.001);SERINC5(+0.001);FHIT(+0.000);PRKCA(+0.000);PDE3B(+0.000)
DDX17,False,0.76350651474677,-0.00012468662,0.0045435657,0.00017790205,MAML2(-0.001);LEF1(-0.001);BCL2(-0.001);FOXP1(-0.001);BACH2(-0.001);CAMK4(-0.000);INPP4B(-0.000);IL7R(-0.000),ACTB(+0.001);ACTG1(+0.001);PFN1(+0.001);GAPDH(+0.000);S100A4(+0.000);CORO1A(+0.000);TMSB4X(+0.000);TMSB10(+0.000)
ANKRD44,False,0.880553889767214,-7.130706e-05,0.004529367,-0.00024825337,IL7R(-0.001);CCL5(-0.001);LTB(-0.001);IL32(-0.001);PHACTR2(-0.001);RPL11(-0.000);GNLY(-0.000);RPL13(-0.000),AOAH(+0.000);JAZF1(+0.000);RAP1GAP2(+0.000);CD247(+0.000);KCNQ5(+0.000);TFDP2(+0.000);VAV3(+0.000);SAMD3(+0.000)
KPNA5,False,0.2608079376328845,-2.993005e-05,0.00452898,0.00012616593,LEF1(-0.001);MAML2(-0.001);BACH2(-0.001);FOXP1(-0.001);SERINC5(-0.001);FHIT(-0.001);PDE3B(-0.001);PRKCA(-0.001),CCL5(+0.001);PLCB1(+0.001);AOAH(+0.000);MYO1F(+0.000);S100A4(+0.000);A2M(+0.000);ACTG1(+0.000);ACTB(+0.000)
USP4,False,0.18726489669083576,-7.968094e-06,0.0045254533,-4.7965153e-05,LEF1(-0.001);MAML2(-0.001);CAMK4(-0.001);BACH2(-0.001);FOXP1(-0.001);SERINC5(-0.001);PDE3B(-0.001);FHIT(-0.000),AOAH(+0.001);CCL5(+0.000);RAP1GAP2(+0.000);PLCB1(+0.000);GNLY(+0.000);MYO1F(+0.000);JAZF1(+0.000);SAMD3(+0.000)
LTB,False,0.6914899416671211,-0.00053278136,0.0045247134,-0.0008275333,IL7R(-0.001);CCL5(-0.001);PHACTR2(-0.001);PLCB1(-0.001);A2M(-0.001);B2M(-0.001);GZMK(-0.001);RPL13(-0.000),SMC4(+0.000);LEF1(+0.000);IFI16(+0.000);FOXP1(+0.000);BACH2(+0.000);GAPDH(+0.000);JUN(+0.000);HNRNPA2B1(+0.000)
PSEN1,False,0.17968707408820803,-1.0643973e-05,0.004524568,5.107596e-05,LEF1(-0.001);MAML2(-0.001);BACH2(-0.001);FOXP1(-0.001);CAMK4(-0.001);SERINC5(-0.001);PDE3B(-0.001);FHIT(-0.000),AOAH(+0.001);CCL5(+0.001);PLCB1(+0.001);RAP1GAP2(+0.000);MYO1F(+0.000);SYNE1(+0.000);SAMD3(+0.000);JAZF1(+0.000)
CATSPER2,False,0.09404132366570353,0.0,0.0045172805,6.234174e-05,PLCB1(-0.001);S100A4(-0.000);PFN1(-0.000);A2M(-0.000);ACTG1(-0.000);MYO1F(-0.000);ACTB(-0.000);CCL5(-0.000),LEF1(+0.001);MAML2(+0.001);BACH2(+0.001);FOXP1(+0.001);SERINC5(+0.001);FHIT(+0.001);PRKCA(+0.001);PDE3B(+0.000)
PKIA,False,0.17434443656980864,-6.083629e-05,0.0045051877,1.1797109e-06,LEF1(-0.001);MAML2(-0.001);CAMK4(-0.001);BACH2(-0.001);FOXP1(-0.001);SERINC5(-0.001);PDE3B(-0.001);PRKCA(-0.000),AOAH(+0.001);GNLY(+0.000);RAP1GAP2(+0.000);MYO1F(+0.000);CCL5(+0.000);SAMD3(+0.000);JAZF1(+0.000);PLCB1(+0.000)
ZNF136,True,0.025404786567082813,0.0,0.004502469,0.0017297276,TRAC(-0.000);PFN1(-0.000);TRBC1(-0.000);JUN(-0.000);HCST(-0.000);TRBC2(-0.000);CD3D(-0.000);FOS(-0.000),B2M(+0.001);MBNL1(+0.001);HLA-B(+0.001);RPL13(+0.000);EEF1A1(+0.000);RPS2(+0.000);RIPOR2(+0.000);ARHGAP15(+0.000)
CRLF3,False,0.41525377528212404,7.4809126e-05,0.004502004,-9.217194e-05,S100A4(-0.001);IL32(-0.001);PLCB1(-0.001);A2M(-0.001);CCL5(-0.000);PHACTR2(-0.000);PFN1(-0.000);ACTB(-0.000),LEF1(+0.001);BACH2(+0.001);MAML2(+0.001);FOXP1(+0.001);FHIT(+0.000);SERINC5(+0.000);PRKCA(+0.000);PDE3B(+0.000)
OGDH,False,0.1539551872648967,-4.076555e-05,0.0044714543,1.8749002e-05,CCL5(-0.001);PLCB1(-0.000);AOAH(-0.000);MYO1F(-0.000);A2M(-0.000);RAP1GAP2(-0.000);S100A4(-0.000);GNLY(-0.000),LEF1(+0.001);MAML2(+0.001);BACH2(+0.001);FOXP1(+0.001);SERINC5(+0.001);FHIT(+0.001);CAMK4(+0.001);PDE3B(+0.001)
ABCC1,False,0.3902851223900125,4.9866903e-05,0.004470819,2.2311955e-05,PLCB1(-0.001);CCL5(-0.001);AOAH(-0.001);A2M(-0.001);MYO1F(-0.000);RAP1GAP2(-0.000);GNLY(-0.000);PARP8(-0.000),LEF1(+0.001);BACH2(+0.001);MAML2(+0.001);FOXP1(+0.001);SERINC5(+0.001);FHIT(+0.001);PDE3B(+0.001);PRKCA(+0.001)
PKNOX1,True,0.06127678133347871,0.0,0.0044654547,0.0014751637,PFN1(-0.000);JUN(-0.000);AOAH(-0.000);TRBC1(-0.000);HLA-C(-0.000);HCST(-0.000);MCTP2(-0.000);JAZF1(-0.000),B2M(+0.001);ARHGAP15(+0.001);RPL13(+0.001);RPS2(+0.001);LTB(+0.000);HLA-B(+0.000);EEF1A1(+0.000);RPL11(+0.000)
PTPRC,False,0.9807010848825167,-2.844907e-05,0.0044637052,0.00024210625,GNLY(-0.001);MCTP2(-0.001);TGFBR3(-0.001);CTSW(-0.001);TYROBP(-0.000);CEP78(-0.000);MIR646HG(-0.000);CCL5(-0.000),IL7R(+0.001);LTB(+0.001);PHACTR2(+0.001);BCL2(+0.001);CAMK4(+0.000);IL32(+0.000);RPS18(+0.000);RPL11(+0.000)
ARHGAP12,False,0.3040396881644224,-3.0680854e-05,0.0044633322,0.00017400975,AOAH(-0.001);GNLY(-0.001);MCTP2(-0.000);JAZF1(-0.000);RAP1GAP2(-0.000);TGFBR3(-0.000);CD247(-0.000);SAMD3(-0.000),IL7R(+0.001);IL32(+0.001);LTB(+0.001);CAMK4(+0.000);RPL11(+0.000);RPS18(+0.000);RPL30(+0.000);RPS2(+0.000)
BRAF,False,0.46426429700703264,-2.1684156e-05,0.0044595334,-0.0003616048,AOAH(-0.001);CCL5(-0.001);RAP1GAP2(-0.000);GNLY(-0.000);PLCB1(-0.000);SYNE1(-0.000);MYO1F(-0.000);JAZF1(-0.000),LEF1(+0.001);CAMK4(+0.001);MAML2(+0.001);FOXP1(+0.001);SERINC5(+0.001);BACH2(+0.001);PDE3B(+0.000);FHIT(+0.000)
PPP3CB,False,0.19015428228752115,-3.6986887e-05,0.004459422,-0.00013454686,IL32(-0.001);S100A4(-0.001);PHACTR2(-0.001);A2M(-0.000);ACTB(-0.000);PLCB1(-0.000);PFN1(-0.000);ACTG1(-0.000),LEF1(+0.001);BACH2(+0.001);MAML2(+0.001);FOXP1(+0.001);FHIT(+0.000);SERINC5(+0.000);PRKCA(+0.000);PDE3B(+0.000)
EIF4H,False,0.27678133347871126,-2.7939359e-05,0.0044580204,6.0366478e-05,CCL5(-0.000);PFN1(-0.000);PLCB1(-0.000);AOAH(-0.000);MYO1F(-0.000);ACTG1(-0.000);S100A4(-0.000);RAP1GAP2(-0.000),LEF1(+0.001);MAML2(+0.001);BACH2(+0.001);FOXP1(+0.001);SERINC5(+0.001);CAMK4(+0.001);PDE3B(+0.001);PRKCA(+0.001)
MFSD4B,False,0.21168838248923297,1.2815722e-05,0.0044543324,-4.0783878e-05,CCL5(-0.001);AOAH(-0.000);PLCB1(-0.000);MYO1F(-0.000);RAP1GAP2(-0.000);A2M(-0.000);ACTG1(-0.000);S100A4(-0.000),LEF1(+0.001);MAML2(+0.001);BACH2(+0.001);FOXP1(+0.001);SERINC5(+0.001);CAMK4(+0.001);PDE3B(+0.001);FHIT(+0.001)
RAP1GDS1,False,0.3442730196805321,3.8687118e-05,0.0044529615,0.00020929036,LEF1(-0.001);CAMK4(-0.001);MAML2(-0.001);FOXP1(-0.001);SERINC5(-0.001);BACH2(-0.001);PDE3B(-0.000);INPP4B(-0.000),AOAH(+0.001);RAP1GAP2(+0.000);CCL5(+0.000);MYO1F(+0.000);JAZF1(+0.000);SAMD3(+0.000);SYNE1(+0.000);PLCB1(+0.000)
ODF2L,False,0.22057460611677482,2.0143978e-06,0.0044517377,-0.00011672787,LEF1(-0.001);MAML2(-0.001);BACH2(-0.001);FOXP1(-0.001);SERINC5(-0.001);PRKCA(-0.000);PDE3B(-0.000);FHIT(-0.000),PFN1(+0.000);ACTG1(+0.000);S100A4(+0.000);ACTB(+0.000);MYO1F(+0.000);PLCB1(+0.000);CCL5(+0.000);RAP1GAP2(+0.000)
ATG10,False,0.16851114866706646,0.0,0.0044510355,0.00015696735,LEF1(-0.001);MAML2(-0.001);BACH2(-0.001);FOXP1(-0.001);SERINC5(-0.001);FHIT(-0.001);PRKCA(-0.001);PDE3B(-0.000),PLCB1(+0.001);CCL5(+0.001);S100A4(+0.000);A2M(+0.000);MYO1F(+0.000);ACTB(+0.000);PHACTR2(+0.000);PFN1(+0.000)
DOCK7,False,0.0673281360737066,0.0,0.0044491324,8.0606e-06,LEF1(-0.001);MAML2(-0.001);BACH2(-0.001);FOXP1(-0.001);SERINC5(-0.001);CAMK4(-0.001);PDE3B(-0.001);FHIT(-0.000),CCL5(+0.001);GNLY(+0.000);AOAH(+0.000);PLCB1(+0.000);MYO1F(+0.000);CTSW(+0.000);RAP1GAP2(+0.000);ACTG1(+0.000)
PPP2R5E,False,0.2580821021643134,1.6203048e-05,0.0044462197,-9.9104574e-05,LEF1(-0.001);MAML2(-0.001);CAMK4(-0.001);BACH2(-0.001);FOXP1(-0.001);SERINC5(-0.001);PDE3B(-0.001);PRKCA(-0.000),AOAH(+0.001);RAP1GAP2(+0.000);MYO1F(+0.000);PLCB1(+0.000);SAMD3(+0.000);JAZF1(+0.000);SYNE1(+0.000);PFN1(+0.000)
CAMK2D,False,0.5055334460011994,-6.232996e-05,0.004445521,-0.00014592771,CCL5(-0.001);PLCB1(-0.001);A2M(-0.001);S100A4(-0.000);PHACTR2(-0.000);IL32(-0.000);MYO1F(-0.000);PFN1(-0.000),LEF1(+0.001);BACH2(+0.001);MAML2(+0.001);FOXP1(+0.001);SERINC5(+0.001);FHIT(+0.001);PRKCA(+0.001);PDE3B(+0.000)
AC008105.3,False,0.23354958294717332,-5.2804884e-05,0.004439746,2.1716245e-05,LEF1(-0.001);MAML2(-0.001);BACH2(-0.001);FOXP1(-0.001);SERINC5(-0.001);FHIT(-0.001);PRKCA(-0.001);PDE3B(-0.001),PLCB1(+0.001);CCL5(+0.000);AOAH(+0.000);A2M(+0.000);MYO1F(+0.000);S100A4(+0.000);GNLY(+0.000);PFN1(+0.000)
SERGEF,False,0.18661069617837867,4.1594453e-06,0.0044380235,-5.408156e-05,AOAH(-0.001);RAP1GAP2(-0.000);CCL5(-0.000);MYO1F(-0.000);GNLY(-0.000);JAZF1(-0.000);SAMD3(-0.000);PLCB1(-0.000),LEF1(+0.001);MAML2(+0.001);CAMK4(+0.001);FOXP1(+0.001);BACH2(+0.001);SERINC5(+0.001);PDE3B(+0.000);INPP4B(+0.000)
CD55,False,0.5067873303167422,-0.00013927708,0.00443662,3.416834e-05,LEF1(-0.001);CAMK4(-0.001);MAML2(-0.001);IL7R(-0.001);BCL2(-0.001);FOXP1(-0.001);SERINC5(-0.001);BACH2(-0.001),AOAH(+0.000);RAP1GAP2(+0.000);ACTG1(+0.000);MYO1F(+0.000);JAZF1(+0.000);ACTB(+0.000);PFN1(+0.000);CCL5(+0.000)
WSB1,False,0.23262279888785914,2.3954277e-05,0.0044355122,-5.3174885e-05,LEF1(-0.001);MAML2(-0.001);BACH2(-0.001);FOXP1(-0.001);SERINC5(-0.001);CAMK4(-0.001);PDE3B(-0.001);FHIT(-0.001),AOAH(+0.001);CCL5(+0.001);PLCB1(+0.001);MYO1F(+0.000);RAP1GAP2(+0.000);A2M(+0.000);SAMD3(+0.000);SYNE1(+0.000)
EPG5,False,0.15455487106798235,5.8131377e-06,0.0044320435,-6.831382e-05,LEF1(-0.001);MAML2(-0.001);BACH2(-0.001);FOXP1(-0.001);SERINC5(-0.001);FHIT(-0.001);PRKCA(-0.001);PDE3B(-0.001),PLCB1(+0.001);CCL5(+0.000);AOAH(+0.000);A2M(+0.000);MYO1F(+0.000);GNLY(+0.000);S100A4(+0.000);RAP1GAP2(+0.000)
LPIN2,False,0.4337349397590362,-4.99331e-05,0.0044292053,-0.00026037695,LEF1(-0.001);BACH2(-0.001);MAML2(-0.001);FOXP1(-0.001);FHIT(-0.000);SERINC5(-0.000);PRKCA(-0.000);PDE3B(-0.000),PLCB1(+0.001);IL32(+0.001);PHACTR2(+0.001);S100A4(+0.001);A2M(+0.001);PFN1(+0.000);CCL5(+0.000);GZMK(+0.000)
YTHDC1,False,0.4265387341220085,3.075064e-05,0.0044267927,-0.00011564839,AOAH(-0.001);PLCB1(-0.000);CCL5(-0.000);MYO1F(-0.000);RAP1GAP2(-0.000);A2M(-0.000);SYNE1(-0.000);SAMD3(-0.000),LEF1(+0.001);MAML2(+0.001);BACH2(+0.001);FOXP1(+0.001);SERINC5(+0.001);CAMK4(+0.001);FHIT(+0.001);PDE3B(+0.001)
MPHOSPH8,False,0.6196369187155863,6.4421e-05,0.0044251606,8.771694e-05,IL7R(-0.001);LTB(-0.001);PHACTR2(-0.001);IL32(-0.001);GZMK(-0.001);CCL5(-0.000);BCL2(-0.000);A2M(-0.000),SMC4(+0.000);CD247(+0.000);KCNQ5(+0.000);IFI16(+0.000);TFDP2(+0.000);JAZF1(+0.000);MAPRE2(+0.000);SCLT1(+0.000)
PLGRKT,False,0.1134492722019299,2.041713e-06,0.00441658,7.8018726e-05,GNLY(-0.001);CCL5(-0.000);AOAH(-0.000);PLCB1(-0.000);MYO1F(-0.000);RAP1GAP2(-0.000);TGFBR3(-0.000);CTSW(-0.000),LEF1(+0.001);MAML2(+0.001);BACH2(+0.001);FOXP1(+0.001);SERINC5(+0.001);CAMK4(+0.001);PDE3B(+0.001);FHIT(+0.000)
FST,False,0.12091806138581476,0.0,0.004416299,9.040777e-06,PLCB1(-0.001);S100A4(-0.000);PFN1(-0.000);A2M(-0.000);MYO1F(-0.000);ACTG1(-0.000);ACTB(-0.000);PHACTR2(-0.000),LEF1(+0.001);MAML2(+0.001);BACH2(+0.001);FOXP1(+0.001);SERINC5(+0.001);FHIT(+0.001);PRKCA(+0.001);PDE3B(+0.000)
HERPUD2,False,0.2996783514147086,2.1732592e-05,0.004412993,0.00019212299,LEF1(-0.001);MAML2(-0.001);FOXP1(-0.001);BACH2(-0.001);CAMK4(-0.001);SERINC5(-0.001);PDE3B(-0.001);PRKCA(-0.000),AOAH(+0.000);ACTB(+0.000);ACTG1(+0.000);RAP1GAP2(+0.000);MYO1F(+0.000);PLCB1(+0.000);PFN1(+0.000);SAMD3(+0.000)
SRSF10,False,0.4811099602028021,-0.00023452555,0.004412175,-0.0001060403,KCNQ5(-0.000);BACH2(-0.000);CD247(-0.000);LEF1(-0.000);SMC4(-0.000);TXK(-0.000);ATP10A(-0.000);WWOX(-0.000),IL32(+0.001);PHACTR2(+0.001);IL7R(+0.001);LTB(+0.001);A2M(+0.001);PLCB1(+0.000);S100A4(+0.000);KLRG1(+0.000)
STAT2,True,0.26369732322956985,-3.4251563e-05,0.0044054347,-0.00023351092,CCL5(-0.000);AOAH(-0.000);MYO1F(-0.000);PLCB1(-0.000);RAP1GAP2(-0.000);ACTB(-0.000);ACTG1(-0.000);GNLY(-0.000),LEF1(+0.001);MAML2(+0.001);FOXP1(+0.001);BACH2(+0.001);CAMK4(+0.001);SERINC5(+0.001);PDE3B(+0.001);PRKCA(+0.000)
NT5C2,False,0.24903232840865724,-3.751084e-05,0.0043763216,-5.6036155e-05,CCL5(-0.001);PLCB1(-0.001);S100A4(-0.000);A2M(-0.000);MYO1F(-0.000);ACTG1(-0.000);PFN1(-0.000);ACTB(-0.000),LEF1(+0.001);BACH2(+0.001);MAML2(+0.001);FOXP1(+0.001);SERINC5(+0.001);FHIT(+0.001);PRKCA(+0.000);PDE3B(+0.000)
TNFRSF10A,False,0.13623725671918444,2.1005253e-05,0.0043701795,-0.00012473717,S100A4(-0.001);IL32(-0.001);ACTB(-0.000);CCL5(-0.000);PFN1(-0.000);ACTG1(-0.000);PHACTR2(-0.000);PLCB1(-0.000),LEF1(+0.001);MAML2(+0.001);BACH2(+0.001);FOXP1(+0.001);SERINC5(+0.000);FHIT(+0.000);PRKCA(+0.000);PDE3B(+0.000)
RELB,True,0.05560704355885079,-4.747342e-05,0.004369979,-0.0016414494,B2M(-0.001);CCL5(-0.001);HLA-B(-0.001);MBNL1(-0.001);RPL13(-0.001);ARHGAP15(-0.000);RPS2(-0.000);EEF1A1(-0.000),PFN1(+0.000);TRAC(+0.000);TRBC1(+0.000);JUN(+0.000);TRBC2(+0.000);HCST(+0.000);CD3D(+0.000);HLA-C(+0.000)
ICE1,False,0.2147413182140326,-4.0333023e-05,0.0043688235,-1.1603711e-05,PLCB1(-0.001);CCL5(-0.001);AOAH(-0.001);A2M(-0.001);MYO1F(-0.000);GNLY(-0.000);PARP8(-0.000);RAP1GAP2(-0.000),LEF1(+0.001);BACH2(+0.001);MAML2(+0.001);FOXP1(+0.001);SERINC5(+0.001);FHIT(+0.001);PRKCA(+0.001);PDE3B(+0.000)
PRKACB,False,0.36782423812898657,-9.571254e-05,0.0043635406,-0.00011453599,AOAH(-0.000);JAZF1(-0.000);RAP1GAP2(-0.000);CD247(-0.000);SAMD3(-0.000);MCTP2(-0.000);VAV3(-0.000);SYNE1(-0.000),IL7R(+0.001);LTB(+0.001);CAMK4(+0.001);IL32(+0.001);BCL2(+0.000);PHACTR2(+0.000);TRAC(+0.000);RPL11(+0.000)
MAP2K1,False,0.24903232840865722,-2.2548915e-05,0.0043599172,0.0001241322,PLCB1(-0.001);AOAH(-0.001);CCL5(-0.001);MYO1F(-0.000);GNLY(-0.000);A2M(-0.000);RAP1GAP2(-0.000);CTSW(-0.000),LEF1(+0.001);MAML2(+0.001);BACH2(+0.001);FOXP1(+0.001);SERINC5(+0.001);FHIT(+0.001);CAMK4(+0.001);PDE3B(+0.001)
PPARD,True,0.19865888894946304,-5.3091462e-05,0.0043471437,0.0005743109,LEF1(-0.001);FOXP1(-0.001);CAMK4(-0.001);MAML2(-0.001);BACH2(-0.000);SERINC5(-0.000);PDE3B(-0.000);INPP4B(-0.000),AOAH(+0.001);ACTB(+0.000);CD247(+0.000);RAP1GAP2(+0.000);ACTG1(+0.000);CCL5(+0.000);SYNE1(+0.000);PLCB1(+0.000)
CLEC2D,False,0.5864362427083902,-4.2451084e-05,0.0043446515,6.8767535e-05,AOAH(-0.001);RAP1GAP2(-0.000);MCTP2(-0.000);GNLY(-0.000);TGFBR3(-0.000);JAZF1(-0.000);SYNE1(-0.000);SAMD3(-0.000),LEF1(+0.001);CAMK4(+0.001);IL7R(+0.000);MAML2(+0.000);SERINC5(+0.000);BCL2(+0.000);BACH2(+0.000);PDE3B(+0.000)
TTC17,False,0.5361718366679389,-1.0049851e-05,0.0043408494,9.6163516e-05,LEF1(-0.001);MAML2(-0.001);BACH2(-0.001);FOXP1(-0.001);SERINC5(-0.001);CAMK4(-0.001);PDE3B(-0.001);PRKCA(-0.000),CCL5(+0.001);PLCB1(+0.000);AOAH(+0.000);GNLY(+0.000);MYO1F(+0.000);RAP1GAP2(+0.000);ACTB(+0.000);ACTG1(+0.000)
NOSIP,False,0.44218502971160667,-9.60625e-05,0.004340162,-0.00036155718,ACTB(-0.001);S100A4(-0.001);ACTG1(-0.001);IL32(-0.001);TMSB4X(-0.000);PFN1(-0.000);CORO1A(-0.000);HLA-A(-0.000),MAML2(+0.001);LEF1(+0.001);BACH2(+0.001);FOXP1(+0.000);ZBTB20(+0.000);SERINC5(+0.000);PRKCA(+0.000);TXK(+0.000)
AC092821.3,False,0.246033909393229,6.657214e-06,0.0043364526,-2.2655218e-05,S100A4(-0.000);PFN1(-0.000);ACTG1(-0.000);ACTB(-0.000);PLCB1(-0.000);MYO1F(-0.000);A2M(-0.000);CCL5(-0.000),LEF1(+0.001);MAML2(+0.001);BACH2(+0.001);FOXP1(+0.001);SERINC5(+0.001);PRKCA(+0.000);FHIT(+0.000);PDE3B(+0.000)
OCIAD1,False,0.2603172872485417,-4.0475798e-06,0.004332223,7.005104e-05,PLCB1(-0.001);CCL5(-0.000);AOAH(-0.000);A2M(-0.000);MYO1F(-0.000);S100A4(-0.000);PFN1(-0.000);RAP1GAP2(-0.000),LEF1(+0.001);MAML2(+0.001);BACH2(+0.001);FOXP1(+0.001);SERINC5(+0.001);FHIT(+0.001);PRKCA(+0.001);PDE3B(+0.001)
CRBN,False,0.28348688873139616,-4.2156906e-05,0.0043282146,-7.083712e-05,AOAH(-0.001);RAP1GAP2(-0.000);JAZF1(-0.000);SAMD3(-0.000);SYNE1(-0.000);MYO1F(-0.000);CD247(-0.000);DNAJC1(-0.000),LEF1(+0.001);CAMK4(+0.001);IL7R(+0.001);MAML2(+0.000);LTB(+0.000);BCL11B(+0.000);SERINC5(+0.000);BCL2(+0.000)
HECTD4,False,0.26522379109196975,-3.6378748e-05,0.004328136,0.00012885309,CCL5(-0.001);PLCB1(-0.001);A2M(-0.000);S100A4(-0.000);MYO1F(-0.000);PFN1(-0.000);AOAH(-0.000);ACTG1(-0.000),LEF1(+0.001);MAML2(+0.001);BACH2(+0.001);FOXP1(+0.001);SERINC5(+0.001);FHIT(+0.001);PRKCA(+0.000);PDE3B(+0.000)
IWS1,False,0.2587363026767704,6.4695328e-06,0.0043268157,-3.2441774e-05,CCL5(-0.001);PLCB1(-0.001);A2M(-0.001);PHACTR2(-0.001);S100A4(-0.000);IL32(-0.000);KLRG1(-0.000);MYO1F(-0.000),LEF1(+0.001);BACH2(+0.001);MAML2(+0.001);FOXP1(+0.001);SERINC5(+0.001);FHIT(+0.001);PRKCA(+0.000);PDE3B(+0.000)
TRIM44,False,0.35446764433298805,1.7799688e-05,0.0043256744,-0.00022746049,IL32(-0.001);S100A4(-0.001);CCL5(-0.001);PHACTR2(-0.001);PLCB1(-0.001);A2M(-0.000);ACTB(-0.000);PFN1(-0.000),LEF1(+0.001);BACH2(+0.001);MAML2(+0.001);FOXP1(+0.001);FHIT(+0.000);SERINC5(+0.000);PRKCA(+0.000);PDE3B(+0.000)
ZFAND3,False,0.6518017772447257,-0.00026629565,0.004322748,4.6922618e-05,AOAH(-0.001);PLCB1(-0.000);PITPNC1(-0.000);CCL5(-0.000);ZBTB20(-0.000);PARP8(-0.000);GNLY(-0.000);A2M(-0.000),ACTB(+0.001);ACTG1(+0.001);GAPDH(+0.000);TMSB10(+0.000);PFN1(+0.000);ARHGDIB(+0.000);CORO1A(+0.000);VIM(+0.000)
TMEM135,False,0.1856839121190645,-1.8967618e-05,0.0043216716,0.00012021953,AOAH(-0.001);CCL5(-0.000);PLCB1(-0.000);RAP1GAP2(-0.000);MYO1F(-0.000);PPP2R2B(-0.000);SAMD3(-0.000);JAZF1(-0.000),LEF1(+0.001);MAML2(+0.001);CAMK4(+0.001);BACH2(+0.001);FOXP1(+0.001);SERINC5(+0.001);PDE3B(+0.000);FHIT(+0.000)
DNAJB14,False,0.3045303385487652,-1.5176307e-05,0.0043206983,2.8405942e-05,LEF1(-0.001);MAML2(-0.001);BACH2(-0.001);FOXP1(-0.001);SERINC5(-0.001);PRKCA(-0.000);PDE3B(-0.000);FHIT(-0.000),PFN1(+0.001);ACTG1(+0.000);ACTB(+0.000);S100A4(+0.000);MYO1F(+0.000);CCL5(+0.000);PLCB1(+0.000);IL32(+0.000)
RAB10,False,0.3111268603827073,-1.4183713e-05,0.0043170555,-2.402649e-05,IL7R(-0.001);CAMK4(-0.001);LTB(-0.001);IL32(-0.000);RPL11(-0.000);BCL11B(-0.000);BCL2(-0.000);LEF1(-0.000),AOAH(+0.001);JAZF1(+0.000);RAP1GAP2(+0.000);SAMD3(+0.000);CD247(+0.000);SYNE1(+0.000);MCTP2(+0.000);VAV3(+0.000)
RFC1,False,0.22657144414763128,-3.7387843e-05,0.0043160073,-0.0001414686,AOAH(-0.001);GNLY(-0.001);CCL5(-0.001);MCTP2(-0.000);TGFBR3(-0.000);RAP1GAP2(-0.000);JAZF1(-0.000);CTSW(-0.000),LEF1(+0.001);CAMK4(+0.001);SERINC5(+0.000);PDE3B(+0.000);LTB(+0.000);IL7R(+0.000);BCL11B(+0.000);MAML2(+0.000)
PGM1,False,0.09524069127187484,0.0,0.004315085,7.3109724e-05,LEF1(-0.001);MAML2(-0.001);BACH2(-0.001);FOXP1(-0.001);SERINC5(-0.001);FHIT(-0.001);PRKCA(-0.001);PDE3B(-0.000),CCL5(+0.001);PLCB1(+0.001);A2M(+0.000);S100A4(+0.000);MYO1F(+0.000);AOAH(+0.000);ACTG1(+0.000);PFN1(+0.000)
SIDT2,False,0.10756146758981627,0.0,0.004313283,7.390013e-05,CAMK4(-0.001);LEF1(-0.001);IL7R(-0.001);LTB(-0.000);BCL11B(-0.000);MAML2(-0.000);BCL2(-0.000);SERINC5(-0.000),AOAH(+0.001);GNLY(+0.001);MCTP2(+0.000);RAP1GAP2(+0.000);JAZF1(+0.000);TGFBR3(+0.000);SAMD3(+0.000);SYNE1(+0.000)
RPL15,False,0.7332497410456307,-0.0001751267,0.004311401,-0.0003258605,IL32(-0.001);S100A4(-0.001);ACTB(-0.001);ACTG1(-0.000);PHACTR2(-0.000);TMSB4X(-0.000);PFN1(-0.000);B2M(-0.000),LEF1(+0.001);BACH2(+0.001);MAML2(+0.001);FOXP1(+0.000);ZBTB20(+0.000);FHIT(+0.000);PRKCA(+0.000);SERINC5(+0.000)
IL2RA,False,0.12882298424467098,-3.9364524e-05,0.004308984,1.7619588e-05,LEF1(-0.001);MAML2(-0.001);BACH2(-0.001);FOXP1(-0.001);SERINC5(-0.001);CAMK4(-0.001);PDE3B(-0.000);FHIT(-0.000),AOAH(+0.000);CCL5(+0.000);PLCB1(+0.000);MYO1F(+0.000);GNLY(+0.000);RAP1GAP2(+0.000);ACTG1(+0.000);PFN1(+0.000)
STXBP5,False,0.39966199640189715,5.4073884e-05,0.00430153,-0.00015029572,ACTB(-0.001);S100A4(-0.001);ACTG1(-0.001);PFN1(-0.001);IL32(-0.000);CCL5(-0.000);TMSB4X(-0.000);CORO1A(-0.000),LEF1(+0.001);MAML2(+0.001);BACH2(+0.001);FOXP1(+0.001);SERINC5(+0.000);PRKCA(+0.000);FHIT(+0.000);PDE3B(+0.000)
UPF3B,False,0.15112031837758275,-5.898004e-05,0.0042999196,3.4512683e-05,AOAH(-0.001);RAP1GAP2(-0.000);JAZF1(-0.000);MCTP2(-0.000);GNLY(-0.000);SAMD3(-0.000);TGFBR3(-0.000);CD247(-0.000),CAMK4(+0.001);IL7R(+0.001);LTB(+0.001);LEF1(+0.000);BCL2(+0.000);BCL11B(+0.000);IL32(+0.000);RPL11(+0.000)
HNRNPU,False,0.35457667775173096,-3.551711e-05,0.0042996076,-8.3349696e-05,ACTG1(-0.000);ACTB(-0.000);PFN1(-0.000);S100A4(-0.000);MYO1F(-0.000);CCL5(-0.000);RAP1GAP2(-0.000);AOAH(-0.000),LEF1(+0.001);MAML2(+0.001);FOXP1(+0.001);BACH2(+0.001);SERINC5(+0.001);CAMK4(+0.001);PDE3B(+0.000);INPP4B(+0.000)
ARAP2,False,0.19636918715586327,-0.00022119006,0.004299168,-3.7289215e-06,AOAH(-0.001);CCL5(-0.000);RAP1GAP2(-0.000);MYO1F(-0.000);PLCB1(-0.000);SYNE1(-0.000);SAMD3(-0.000);GNLY(-0.000),LEF1(+0.001);MAML2(+0.001);BACH2(+0.001);CAMK4(+0.001);FOXP1(+0.001);SERINC5(+0.001);PDE3B(+0.000);FHIT(+0.000)
ANKRD13D,False,0.24412582456522927,-1.1785127e-05,0.004296553,-3.1137944e-05,AOAH(-0.001);CCL5(-0.000);PLCB1(-0.000);MYO1F(-0.000);RAP1GAP2(-0.000);SAMD3(-0.000);SYNE1(-0.000);JAZF1(-0.000),LEF1(+0.001);MAML2(+0.001);BACH2(+0.001);FOXP1(+0.001);CAMK4(+0.001);SERINC5(+0.001);PDE3B(+0.001);FHIT(+0.000)
RASA3,False,0.6850024532519219,1.8634735e-05,0.0042921887,-9.8436794e-05,LEF1(-0.001);CAMK4(-0.001);IL7R(-0.000);SERINC5(-0.000);BCL11B(-0.000);MAML2(-0.000);PDE3B(-0.000);LTB(-0.000),GNLY(+0.001);AOAH(+0.001);CCL5(+0.000);TGFBR3(+0.000);MCTP2(+0.000);CTSW(+0.000);RAP1GAP2(+0.000);JAZF1(+0.000)
CDC73,False,0.2795071689472823,-1.8438166e-05,0.0042919405,-9.1946735e-05,PLCB1(-0.001);CCL5(-0.000);A2M(-0.000);S100A4(-0.000);MYO1F(-0.000);AOAH(-0.000);PFN1(-0.000);ACTG1(-0.000),LEF1(+0.001);BACH2(+0.001);MAML2(+0.001);FOXP1(+0.001);SERINC5(+0.001);FHIT(+0.001);PRKCA(+0.001);PDE3B(+0.000)
TBC1D5,False,0.5655018263097639,-4.431953e-05,0.0042880327,-0.00042484136,IL7R(-0.001);BCL2(-0.001);MAML2(-0.001);LTB(-0.000);ARHGAP15(-0.000);CAMK4(-0.000);LEF1(-0.000);ANK3(-0.000),PFN1(+0.001);ACTG1(+0.001);GAPDH(+0.000);ACTB(+0.000);TMSB10(+0.000);MYL6(+0.000);CORO1A(+0.000);SMC4(+0.000)
NOP53,False,0.6033909393229026,5.2212436e-05,0.004287847,-0.0004051798,CCL5(-0.001);PLCB1(-0.001);A2M(-0.001);AOAH(-0.001);SYNE2(-0.000);PARP8(-0.000);MYO1F(-0.000);GNLY(-0.000),LEF1(+0.001);BACH2(+0.001);FOXP1(+0.001);MAML2(+0.001);FHIT(+0.001);SERINC5(+0.001);PRKCA(+0.000);PDE3B(+0.000)
RPL4,False,0.5253230115030258,-8.220688e-05,0.004286734,-0.00028572482,ACTB(-0.001);ACTG1(-0.001);PFN1(-0.000);GAPDH(-0.000);TMSB4X(-0.000);CORO1A(-0.000);S100A4(-0.000);PTMA(-0.000),MAML2(+0.001);LEF1(+0.001);BCL2(+0.001);CAMK4(+0.001);FOXP1(+0.001);IL7R(+0.000);BACH2(+0.000);INPP4B(+0.000)
AP3B1,False,0.424957749550237,-3.972035e-05,0.004285334,5.0367958e-06,ACTG1(-0.000);ACTB(-0.000);PFN1(-0.000);CCL5(-0.000);RAP1GAP2(-0.000);MYO1F(-0.000);S100A4(-0.000);AOAH(-0.000),LEF1(+0.001);MAML2(+0.001);BACH2(+0.001);FOXP1(+0.001);CAMK4(+0.001);SERINC5(+0.001);BCL2(+0.000);PDE3B(+0.000)
ZC3H13,False,0.2726380635664831,-1.7793951e-06,0.00427997,-3.809707e-05,LEF1(-0.001);CAMK4(-0.001);MAML2(-0.001);BACH2(-0.001);FOXP1(-0.001);SERINC5(-0.001);PDE3B(-0.000);FHIT(-0.000),AOAH(+0.001);RAP1GAP2(+0.000);MYO1F(+0.000);PLCB1(+0.000);JAZF1(+0.000);CCL5(+0.000);SAMD3(+0.000);SYNE1(+0.000)
PLEKHA1,False,0.22831597884751678,-2.088303e-05,0.0042782063,7.315379e-06,AOAH(-0.001);CCL5(-0.000);RAP1GAP2(-0.000);PLCB1(-0.000);MYO1F(-0.000);GNLY(-0.000);SAMD3(-0.000);JAZF1(-0.000),LEF1(+0.001);MAML2(+0.001);CAMK4(+0.001);BACH2(+0.001);FOXP1(+0.001);SERINC5(+0.001);PDE3B(+0.000);PRKCA(+0.000)
TOP1,False,0.4446927983426921,-5.3820026e-05,0.0042739343,-2.3842775e-05,CAMK4(-0.001);LEF1(-0.000);LTB(-0.000);IL7R(-0.000);IL32(-0.000);RPL11(-0.000);BCL11B(-0.000);TRAC(-0.000),AOAH(+0.001);JAZF1(+0.000);RAP1GAP2(+0.000);GNLY(+0.000);CCL5(+0.000);SAMD3(+0.000);SYNE1(+0.000);MCTP2(+0.000)
RPL23A,False,0.8725399334896149,-0.00014790993,0.004271489,-0.00079371966,CCL5(-0.001);ACTB(-0.001);GNLY(-0.001);B2M(-0.001);S100A4(-0.000);HLA-B(-0.000);ACTG1(-0.000);TMSB4X(-0.000),LEF1(+0.001);FOXP1(+0.001);MAML2(+0.001);BACH2(+0.001);SERINC5(+0.000);PRKCA(+0.000);FHIT(+0.000);PDE3B(+0.000)
CCDC66,False,0.37365752603172875,-5.900816e-05,0.0042704595,0.00014811427,BACH2(-0.000);MAML2(-0.000);LEF1(-0.000);FOXP1(-0.000);ZBTB20(-0.000);TXK(-0.000);KCNQ5(-0.000);AOAH(-0.000),IL32(+0.001);S100A4(+0.001);PHACTR2(+0.000);ACTB(+0.000);PFN1(+0.000);RPL11(+0.000);ACTG1(+0.000);RPL28(+0.000)
NF1,False,0.20689091206454777,-5.5089364e-05,0.0042674076,-2.437713e-05,GNLY(-0.000);PLCB1(-0.000);CCL5(-0.000);MYO1F(-0.000);AOAH(-0.000);ACTG1(-0.000);S100A4(-0.000);PFN1(-0.000),LEF1(+0.001);MAML2(+0.001);BACH2(+0.001);FOXP1(+0.001);SERINC5(+0.001);CAMK4(+0.000);PDE3B(+0.000);FHIT(+0.000)
CUBN,False,0.1720002180668375,-4.767625e-05,0.004265569,2.4462382e-05,LEF1(-0.001);CAMK4(-0.001);MAML2(-0.001);IL7R(-0.001);BCL2(-0.000);SERINC5(-0.000);FOXP1(-0.000);BCL11B(-0.000),AOAH(+0.001);RAP1GAP2(+0.000);JAZF1(+0.000);SAMD3(+0.000);MYO1F(+0.000);SYNE1(+0.000);DNAJC1(+0.000);VAV3(+0.000)
KPNB1,False,0.2596630867360846,-6.894183e-05,0.0042607505,-6.2942905e-05,AOAH(-0.001);RAP1GAP2(-0.000);JAZF1(-0.000);SAMD3(-0.000);CCL5(-0.000);SYNE1(-0.000);CD247(-0.000);VAV3(-0.000),CAMK4(+0.001);LEF1(+0.001);IL7R(+0.001);LTB(+0.000);BCL11B(+0.000);BCL2(+0.000);MAML2(+0.000);SERINC5(+0.000)
ANXA11,False,0.34198331788693237,-8.071545e-06,0.0042598746,2.8341744e-06,LEF1(-0.001);MAML2(-0.001);BACH2(-0.001);FOXP1(-0.001);SERINC5(-0.001);CAMK4(-0.001);PDE3B(-0.000);PRKCA(-0.000),PFN1(+0.000);ACTG1(+0.000);ACTB(+0.000);S100A4(+0.000);MYO1F(+0.000);PLCB1(+0.000);RAP1GAP2(+0.000);AOAH(+0.000)
TMEM71,False,0.27072997873848337,-3.676242e-05,0.004258712,0.00012878179,IL32(-0.001);LTB(-0.001);IL7R(-0.001);PHACTR2(-0.000);CAMK4(-0.000);RPL11(-0.000);TRAC(-0.000);RPL30(-0.000),AOAH(+0.000);CD247(+0.000);JAZF1(+0.000);MCTP2(+0.000);RAP1GAP2(+0.000);KCNQ5(+0.000);VAV3(+0.000);SAMD3(+0.000)
TCERG1,False,0.34514528703047487,1.2731374e-05,0.0042582382,1.8812494e-05,AOAH(-0.001);CCL5(-0.000);RAP1GAP2(-0.000);PLCB1(-0.000);MYO1F(-0.000);JAZF1(-0.000);SAMD3(-0.000);SYNE1(-0.000),LEF1(+0.001);MAML2(+0.001);CAMK4(+0.001);BACH2(+0.001);FOXP1(+0.001);SERINC5(+0.001);PDE3B(+0.000);FHIT(+0.000)
GSAP,False,0.15793490704901053,-0.00013280047,0.0042544864,0.000121968515,PLCB1(-0.000);PFN1(-0.000);CCL5(-0.000);MYO1F(-0.000);AOAH(-0.000);ACTG1(-0.000);S100A4(-0.000);RAP1GAP2(-0.000),LEF1(+0.001);MAML2(+0.001);BACH2(+0.001);FOXP1(+0.001);SERINC5(+0.001);PDE3B(+0.000);CAMK4(+0.000);FHIT(+0.000)
DOP1A,False,0.19260753420923513,1.494247e-07,0.00425119,-0.00017704352,PLCB1(-0.001);CCL5(-0.000);AOAH(-0.000);MYO1F(-0.000);A2M(-0.000);S100A4(-0.000);RAP1GAP2(-0.000);ACTB(-0.000),LEF1(+0.001);MAML2(+0.001);BACH2(+0.001);FOXP1(+0.001);SERINC5(+0.001);FHIT(+0.001);PRKCA(+0.001);PDE3B(+0.000)
BRD2,False,0.18475712805975034,-4.2216194e-05,0.0042499816,5.5163266e-05,PLCB1(-0.001);CCL5(-0.000);AOAH(-0.000);MYO1F(-0.000);A2M(-0.000);RAP1GAP2(-0.000);S100A4(-0.000);SYNE1(-0.000),LEF1(+0.001);MAML2(+0.001);BACH2(+0.001);FOXP1(+0.001);SERINC5(+0.001);FHIT(+0.001);PDE3B(+0.000);PRKCA(+0.000)
VPS13A,False,0.2758000327100257,-4.0103614e-06,0.004247821,-7.315339e-07,AOAH(-0.001);PLCB1(-0.000);CCL5(-0.000);MYO1F(-0.000);RAP1GAP2(-0.000);GNLY(-0.000);A2M(-0.000);SYNE1(-0.000),LEF1(+0.001);MAML2(+0.001);BACH2(+0.001);FOXP1(+0.001);SERINC5(+0.001);CAMK4(+0.001);PDE3B(+0.000);FHIT(+0.000)
PTPN22,False,0.16458594559232403,-0.000105503445,0.004246564,6.0198468e-06,AOAH(-0.001);CCL5(-0.001);PLCB1(-0.000);MYO1F(-0.000);RAP1GAP2(-0.000);PPP2R2B(-0.000);SAMD3(-0.000);SYNE1(-0.000),LEF1(+0.001);MAML2(+0.001);BACH2(+0.001);FOXP1(+0.001);CAMK4(+0.001);SERINC5(+0.001);PDE3B(+0.000);FHIT(+0.000)
RPS27,False,0.933489614566865,-0.00025215468,0.004231078,-8.922468e-05,LEF1(-0.001);CAMK4(-0.001);SERINC5(-0.000);PDE3B(-0.000);BACH2(-0.000);MAML2(-0.000);FHIT(-0.000);FOXP1(-0.000),AOAH(+0.001);PLCB1(+0.000);RAP1GAP2(+0.000);JAZF1(+0.000);SYNE1(+0.000);SAMD3(+0.000);ARHGAP26(+0.000);A2M(+0.000)
C2CD5,False,0.24047320503734393,-1.957004e-05,0.0042306487,-8.4835807e-07,CAMK4(-0.001);LEF1(-0.001);IL7R(-0.001);LTB(-0.000);BCL11B(-0.000);BCL2(-0.000);MAML2(-0.000);SERINC5(-0.000),AOAH(+0.001);GNLY(+0.001);RAP1GAP2(+0.000);JAZF1(+0.000);MCTP2(+0.000);SAMD3(+0.000);CCL5(+0.000);SYNE1(+0.000)
RAD51B,False,0.5435315924330807,-0.00014060334,0.0042231437,-0.00018457309,AOAH(-0.001);GNLY(-0.001);CCL5(-0.000);MCTP2(-0.000);CTSW(-0.000);JAZF1(-0.000);CD247(-0.000);TGFBR3(-0.000),IL32(+0.001);LTB(+0.000);TRAC(+0.000);CAMK4(+0.000);RPL11(+0.000);IL7R(+0.000);RPL30(+0.000);CD3D(+0.000)
EIF3J,False,0.2350215341002017,1.9097012e-08,0.004222189,1.5498415e-05,AOAH(-0.001);RAP1GAP2(-0.000);GNLY(-0.000);MYO1F(-0.000);JAZF1(-0.000);SAMD3(-0.000);SYNE1(-0.000);CCL5(-0.000),LEF1(+0.001);CAMK4(+0.001);MAML2(+0.001);BACH2(+0.000);FOXP1(+0.000);SERINC5(+0.000);PDE3B(+0.000);INPP4B(+0.000)
U2SURP,False,0.2949353976993949,2.0479927e-05,0.004221791,0.00010168416,AOAH(-0.001);CCL5(-0.000);PLCB1(-0.000);MYO1F(-0.000);RAP1GAP2(-0.000);SAMD3(-0.000);JAZF1(-0.000);SYNE1(-0.000),LEF1(+0.001);MAML2(+0.001);BACH2(+0.001);CAMK4(+0.001);FOXP1(+0.001);SERINC5(+0.001);PDE3B(+0.000);FHIT(+0.000)
KMT2E,False,0.5174180886441695,3.3182173e-06,0.004217279,7.7513e-05,LEF1(-0.001);MAML2(-0.001);BACH2(-0.001);FOXP1(-0.001);SERINC5(-0.000);PRKCA(-0.000);FHIT(-0.000);PDE3B(-0.000),ACTB(+0.001);PFN1(+0.001);ACTG1(+0.001);S100A4(+0.001);IL32(+0.000);TMSB4X(+0.000);CORO1A(+0.000);GAPDH(+0.000)
ITSN2,False,0.5874175434770758,-2.8696233e-05,0.0042145513,-0.00015247175,LEF1(-0.001);MAML2(-0.001);BACH2(-0.001);FOXP1(-0.001);CAMK4(-0.001);SERINC5(-0.001);PDE3B(-0.000);INPP4B(-0.000),PFN1(+0.000);AOAH(+0.000);ACTG1(+0.000);MYO1F(+0.000);RAP1GAP2(+0.000);ACTB(+0.000);PLCB1(+0.000);CCL5(+0.000)
FXYD5,False,0.29864253393665163,-4.5107852e-05,0.0042139105,-2.3230198e-06,ACTG1(-0.000);S100A4(-0.000);PFN1(-0.000);ACTB(-0.000);MYO1F(-0.000);CCL5(-0.000);PLCB1(-0.000);TMSB4X(-0.000),LEF1(+0.001);MAML2(+0.001);BACH2(+0.001);FOXP1(+0.001);SERINC5(+0.001);PRKCA(+0.000);FHIT(+0.000);PDE3B(+0.000)
PIK3CD,False,0.5457122608079377,-1.1304158e-05,0.0042065606,-0.00023096123,CCL5(-0.001);PLCB1(-0.001);A2M(-0.001);PHACTR2(-0.001);KLRG1(-0.000);IL32(-0.000);S100A4(-0.000);PARP8(-0.000),LEF1(+0.001);BACH2(+0.001);FOXP1(+0.001);MAML2(+0.000);FHIT(+0.000);SERINC5(+0.000);PRKCA(+0.000);SELL(+0.000)
CNNM2,False,0.14305184539061222,-3.3397562e-05,0.004197206,-7.8499115e-06,IL7R(-0.001);LTB(-0.001);IL32(-0.001);CAMK4(-0.001);RPL11(-0.000);PHACTR2(-0.000);BCL2(-0.000);RPS18(-0.000),AOAH(+0.000);JAZF1(+0.000);RAP1GAP2(+0.000);CD247(+0.000);SAMD3(+0.000);VAV3(+0.000);SYNE1(+0.000);TFDP2(+0.000)
UBE2B,False,0.25088589652728555,-6.309097e-05,0.004196782,-2.3980623e-05,LEF1(-0.001);MAML2(-0.001);BACH2(-0.001);FOXP1(-0.001);SERINC5(-0.001);CAMK4(-0.001);PDE3B(-0.000);FHIT(-0.000),AOAH(+0.001);PLCB1(+0.001);CCL5(+0.000);MYO1F(+0.000);RAP1GAP2(+0.000);A2M(+0.000);SAMD3(+0.000);SYNE1(+0.000)
AQR,False,0.23344054952843044,-3.0294639e-06,0.004192976,7.124883e-05,LEF1(-0.001);CAMK4(-0.001);MAML2(-0.001);SERINC5(-0.000);FOXP1(-0.000);IL7R(-0.000);BCL11B(-0.000);PDE3B(-0.000),AOAH(+0.001);RAP1GAP2(+0.000);GNLY(+0.000);JAZF1(+0.000);SAMD3(+0.000);CCL5(+0.000);MYO1F(+0.000);SYNE1(+0.000)
FAM184A,False,0.1171564084391866,0.0,0.0041923346,-5.2527834e-05,LEF1(-0.001);BACH2(-0.001);MAML2(-0.001);FOXP1(-0.001);SERINC5(-0.001);FHIT(-0.001);PRKCA(-0.000);PDE3B(-0.000),PLCB1(+0.001);A2M(+0.000);S100A4(+0.000);MYO1F(+0.000);PHACTR2(+0.000);PFN1(+0.000);AOAH(+0.000);CCL5(+0.000)
PDZD8,False,0.11126860382707301,-4.4811295e-05,0.0041856207,-4.794842e-05,GNLY(-0.001);AOAH(-0.001);CCL5(-0.001);PLCB1(-0.000);MYO1F(-0.000);RAP1GAP2(-0.000);CTSW(-0.000);TGFBR3(-0.000),LEF1(+0.001);MAML2(+0.001);BACH2(+0.001);FOXP1(+0.001);SERINC5(+0.001);CAMK4(+0.001);PDE3B(+0.000);FHIT(+0.000)
ZMYND8,False,0.33206127678133357,-2.9890034e-05,0.004178262,-7.678667e-06,LEF1(-0.001);MAML2(-0.001);BACH2(-0.001);FOXP1(-0.001);CAMK4(-0.001);SERINC5(-0.001);PDE3B(-0.000);FHIT(-0.000),AOAH(+0.000);MYO1F(+0.000);PLCB1(+0.000);RAP1GAP2(+0.000);GNLY(+0.000);CCL5(+0.000);ACTG1(+0.000);SAMD3(+0.000)
HLCS,False,0.18650166275963584,5.2760896e-07,0.0041772635,-6.7654466e-05,LEF1(-0.001);MAML2(-0.001);BACH2(-0.001);FOXP1(-0.001);SERINC5(-0.001);FHIT(-0.000);PRKCA(-0.000);PDE3B(-0.000),CCL5(+0.001);PLCB1(+0.001);A2M(+0.000);S100A4(+0.000);MYO1F(+0.000);AOAH(+0.000);PFN1(+0.000);ACTG1(+0.000)
XPO4,False,0.25399334896145664,1.2218881e-05,0.0041762767,-4.8102924e-05,PLCB1(-0.000);CCL5(-0.000);S100A4(-0.000);A2M(-0.000);MYO1F(-0.000);PFN1(-0.000);IL32(-0.000);PHACTR2(-0.000),LEF1(+0.001);MAML2(+0.001);BACH2(+0.001);FOXP1(+0.001);SERINC5(+0.001);FHIT(+0.000);PRKCA(+0.000);PDE3B(+0.000)
KDM2A,False,0.4815460938777737,-1.2745822e-05,0.004175773,-0.000120495184,CCL5(-0.001);S100A4(-0.000);PLCB1(-0.000);ACTB(-0.000);ACTG1(-0.000);A2M(-0.000);PFN1(-0.000);MYO1F(-0.000),LEF1(+0.001);MAML2(+0.001);BACH2(+0.001);FOXP1(+0.001);SERINC5(+0.001);FHIT(+0.000);PRKCA(+0.000);PDE3B(+0.000)
ATP5MC2,False,0.21092514855803304,-4.1412106e-05,0.00417548,-0.00016235917,AOAH(-0.001);CCL5(-0.000);RAP1GAP2(-0.000);MYO1F(-0.000);PLCB1(-0.000);SYNE1(-0.000);SAMD3(-0.000);JAZF1(-0.000),LEF1(+0.001);MAML2(+0.001);CAMK4(+0.001);FOXP1(+0.001);BACH2(+0.001);SERINC5(+0.001);PDE3B(+0.000);PRKCA(+0.000)
CARNMT1,False,0.15433680423049667,-1.4778165e-05,0.0041752565,0.00013787125,CAMK4(-0.001);IL7R(-0.001);LTB(-0.001);LEF1(-0.000);BCL2(-0.000);BCL11B(-0.000);IL32(-0.000);TRAC(-0.000),AOAH(+0.001);RAP1GAP2(+0.000);JAZF1(+0.000);CD247(+0.000);SAMD3(+0.000);MCTP2(+0.000);SYNE1(+0.000);VAV3(+0.000)
ITFG2,False,0.30480292209562226,-2.938933e-05,0.004175114,-0.000111067704,LEF1(-0.001);MAML2(-0.001);BACH2(-0.001);FOXP1(-0.001);SERINC5(-0.001);FHIT(-0.000);PRKCA(-0.000);PDE3B(-0.000),PLCB1(+0.001);CCL5(+0.000);A2M(+0.000);S100A4(+0.000);PFN1(+0.000);MYO1F(+0.000);AOAH(+0.000);PHACTR2(+0.000)
RNF145,False,0.3885951043994985,2.1329974e-05,0.0041734576,-8.11696e-05,IL32(-0.001);S100A4(-0.001);PLCB1(-0.001);PHACTR2(-0.001);A2M(-0.000);CCL5(-0.000);PFN1(-0.000);ACTB(-0.000),LEF1(+0.001);BACH2(+0.001);MAML2(+0.001);FOXP1(+0.001);FHIT(+0.000);SERINC5(+0.000);PRKCA(+0.000);PDE3B(+0.000)
TNKS2,False,0.1995856730087772,-3.176719e-05,0.004169977,-4.4018925e-05,LEF1(-0.001);CAMK4(-0.001);MAML2(-0.000);IL7R(-0.000);SERINC5(-0.000);LTB(-0.000);BCL11B(-0.000);FOXP1(-0.000),GNLY(+0.001);AOAH(+0.001);RAP1GAP2(+0.000);MCTP2(+0.000);JAZF1(+0.000);CCL5(+0.000);SAMD3(+0.000);TGFBR3(+0.000)
ANKRD17,False,0.5178542223191409,-4.8776797e-05,0.004167233,1.0974036e-05,LEF1(-0.001);MAML2(-0.001);BACH2(-0.001);FOXP1(-0.001);SERINC5(-0.001);FHIT(-0.000);PDE3B(-0.000);CAMK4(-0.000),PLCB1(+0.000);AOAH(+0.000);MYO1F(+0.000);A2M(+0.000);CCL5(+0.000);RAP1GAP2(+0.000);S100A4(+0.000);ACTG1(+0.000)
GABPA,True,0.07975794581039089,0.0,0.00415452,-0.0012264259,B2M(-0.001);CD247(-0.001);CCL5(-0.000);ACTB(-0.000);HLA-B(-0.000);PTPRC(-0.000);MBNL1(-0.000);CELF2(-0.000),TRAC(+0.000);TRBC1(+0.000);FOXP1(+0.000);LEF1(+0.000);TRBC2(+0.000);CD3D(+0.000);CAMK4(+0.000);FOS(+0.000)
DDX50,False,0.3261189554598484,-4.405746e-05,0.00415417,0.00011524987,CAMK4(-0.001);LEF1(-0.001);LTB(-0.000);IL7R(-0.000);BCL11B(-0.000);SERINC5(-0.000);MAML2(-0.000);PDE3B(-0.000),AOAH(+0.001);RAP1GAP2(+0.000);JAZF1(+0.000);SAMD3(+0.000);SYNE1(+0.000);CD247(+0.000);CCL5(+0.000);MYO1F(+0.000)
MCM9,False,0.23147794799105925,6.3823218e-06,0.00414903,-7.284815e-05,LEF1(-0.001);MAML2(-0.001);BACH2(-0.001);CAMK4(-0.001);FOXP1(-0.001);SERINC5(-0.001);PDE3B(-0.000);FHIT(-0.000),AOAH(+0.001);RAP1GAP2(+0.000);PLCB1(+0.000);MYO1F(+0.000);CCL5(+0.000);SAMD3(+0.000);SYNE1(+0.000);JAZF1(+0.000)
TMEM192,False,0.09415035708444638,0.0,0.004145004,3.911701e-05,LEF1(-0.001);BACH2(-0.001);MAML2(-0.001);FOXP1(-0.001);SERINC5(-0.001);FHIT(-0.001);PRKCA(-0.000);PDE3B(-0.000),PLCB1(+0.001);CCL5(+0.001);A2M(+0.000);S100A4(+0.000);MYO1F(+0.000);AOAH(+0.000);PHACTR2(+0.000);IL32(+0.000)
CBLB,False,0.49910047429537163,-1.9469217e-05,0.00413591,-0.00019501857,LEF1(-0.001);MAML2(-0.001);BACH2(-0.001);FOXP1(-0.001);SERINC5(-0.000);CAMK4(-0.000);BCL2(-0.000);INPP4B(-0.000),PFN1(+0.001);ACTG1(+0.000);ACTB(+0.000);GAPDH(+0.000);S100A4(+0.000);MYL6(+0.000);FLNA(+0.000);MYO1F(+0.000)
SAMD12,False,0.15897072452706756,-0.00011333452,0.0041333404,-3.440843e-05,IL7R(-0.001);LTB(-0.001);IL32(-0.001);CAMK4(-0.000);PHACTR2(-0.000);RPL11(-0.000);BCL2(-0.000);GZMK(-0.000),AOAH(+0.000);JAZF1(+0.000);MCTP2(+0.000);RAP1GAP2(+0.000);CD247(+0.000);SAMD3(+0.000);VAV3(+0.000);TGFBR3(+0.000)
REPS1,False,0.22864307910374532,-1.3190046e-05,0.004129078,0.00013563747,LEF1(-0.001);BACH2(-0.001);MAML2(-0.001);FOXP1(-0.001);SERINC5(-0.001);FHIT(-0.000);PRKCA(-0.000);PDE3B(-0.000),PLCB1(+0.001);CCL5(+0.000);AOAH(+0.000);A2M(+0.000);GNLY(+0.000);MYO1F(+0.000);S100A4(+0.000);RAP1GAP2(+0.000)
RNGTT,False,0.3364226135310473,-3.03707e-06,0.0041271816,-9.832283e-05,PLCB1(-0.001);CCL5(-0.001);A2M(-0.000);AOAH(-0.000);MYO1F(-0.000);S100A4(-0.000);RAP1GAP2(-0.000);PHACTR2(-0.000),LEF1(+0.001);BACH2(+0.001);MAML2(+0.001);FOXP1(+0.001);SERINC5(+0.001);FHIT(+0.001);PRKCA(+0.000);PDE3B(+0.000)
PCF11,False,0.17041923349506624,-2.0022544e-05,0.004126765,-1.8530764e-06,LEF1(-0.001);MAML2(-0.001);BACH2(-0.001);FOXP1(-0.001);SERINC5(-0.001);FHIT(-0.000);PRKCA(-0.000);PDE3B(-0.000),PLCB1(+0.000);CCL5(+0.000);AOAH(+0.000);MYO1F(+0.000);A2M(+0.000);S100A4(+0.000);PFN1(+0.000);ACTG1(+0.000)
SUGCT,False,0.09109742135964671,0.0,0.004123288,-2.0695868e-05,LEF1(-0.001);MAML2(-0.001);BACH2(-0.001);FOXP1(-0.001);SERINC5(-0.001);FHIT(-0.000);PRKCA(-0.000);PDE3B(-0.000),GNLY(+0.001);PLCB1(+0.000);CCL5(+0.000);AOAH(+0.000);MYO1F(+0.000);A2M(+0.000);S100A4(+0.000);PFN1(+0.000)
TRANK1,False,0.25693725126751343,-4.2175947e-05,0.0041214884,-1.9421333e-05,PLCB1(-0.001);CCL5(-0.000);A2M(-0.000);AOAH(-0.000);MYO1F(-0.000);S100A4(-0.000);PHACTR2(-0.000);PFN1(-0.000),LEF1(+0.001);BACH2(+0.001);MAML2(+0.001);FOXP1(+0.001);SERINC5(+0.001);FHIT(+0.001);PRKCA(+0.000);PDE3B(+0.000)
DICER1,False,0.4287739192062367,2.8751105e-05,0.0041080695,-7.0183705e-05,AOAH(-0.000);CCL5(-0.000);MYO1F(-0.000);RAP1GAP2(-0.000);PLCB1(-0.000);ACTG1(-0.000);SYNE1(-0.000);SAMD3(-0.000),LEF1(+0.001);MAML2(+0.001);BACH2(+0.001);FOXP1(+0.001);SERINC5(+0.001);CAMK4(+0.001);PDE3B(+0.000);FHIT(+0.000)
CUL4A,False,0.24903232840865727,-2.6648924e-05,0.0041042184,-5.470943e-06,CCL5(-0.001);PLCB1(-0.001);AOAH(-0.000);MYO1F(-0.000);A2M(-0.000);S100A4(-0.000);PFN1(-0.000);RAP1GAP2(-0.000),LEF1(+0.001);MAML2(+0.001);BACH2(+0.001);FOXP1(+0.001);SERINC5(+0.001);FHIT(+0.000);PRKCA(+0.000);PDE3B(+0.000)
SNRNP70,False,0.24330807392465795,-2.5030757e-05,0.004096945,0.0001238408,LEF1(-0.001);BACH2(-0.001);MAML2(-0.001);FOXP1(-0.001);SERINC5(-0.001);FHIT(-0.000);PRKCA(-0.000);PDE3B(-0.000),S100A4(+0.000);PLCB1(+0.000);A2M(+0.000);CCL5(+0.000);IL32(+0.000);PHACTR2(+0.000);MYO1F(+0.000);ACTB(+0.000)
EFR3A,False,0.29946028457722296,-1.6515143e-05,0.0040965853,-0.00012804536,CAMK4(-0.001);LEF1(-0.001);IL7R(-0.000);LTB(-0.000);BCL11B(-0.000);RPL11(-0.000);SERINC5(-0.000);PDE3B(-0.000),AOAH(+0.001);RAP1GAP2(+0.000);JAZF1(+0.000);SAMD3(+0.000);GNLY(+0.000);SYNE1(+0.000);MCTP2(+0.000);VAV3(+0.000)
ERO1B,False,0.1680204982827237,-9.461469e-06,0.0040961653,8.5493644e-05,LEF1(-0.001);MAML2(-0.001);BACH2(-0.001);FOXP1(-0.001);SERINC5(-0.001);FHIT(-0.000);PRKCA(-0.000);PDE3B(-0.000),CCL5(+0.001);PLCB1(+0.001);AOAH(+0.000);A2M(+0.000);MYO1F(+0.000);S100A4(+0.000);RAP1GAP2(+0.000);PFN1(+0.000)
SLTM,False,0.3823256828217849,-5.695537e-06,0.0040935916,-2.3790852e-05,IL32(-0.001);PHACTR2(-0.001);S100A4(-0.001);A2M(-0.000);PLCB1(-0.000);GZMK(-0.000);PFN1(-0.000);KLRG1(-0.000),LEF1(+0.001);BACH2(+0.001);MAML2(+0.000);FOXP1(+0.000);FHIT(+0.000);PRKCA(+0.000);SERINC5(+0.000);TXK(+0.000)
ACAP1,False,0.5764051681840485,-4.0010185e-05,0.0040892703,0.00023433058,BACH2(-0.000);LEF1(-0.000);MAML2(-0.000);FOXP1(-0.000);FHIT(-0.000);KCNQ5(-0.000);PRKCA(-0.000);TXK(-0.000),IL32(+0.001);S100A4(+0.001);PHACTR2(+0.001);A2M(+0.000);PLCB1(+0.000);LTB(+0.000);HLA-B(+0.000);KLRG1(+0.000)
DNAJA1,False,0.22111977321048903,-5.9499314e-05,0.004086126,-8.0429185e-05,S100A4(-0.001);PLCB1(-0.000);IL32(-0.000);A2M(-0.000);CCL5(-0.000);PFN1(-0.000);ACTB(-0.000);ACTG1(-0.000),LEF1(+0.001);BACH2(+0.001);MAML2(+0.001);FOXP1(+0.001);SERINC5(+0.000);FHIT(+0.000);PRKCA(+0.000);PDE3B(+0.000)
LRRFIP2,False,0.14294281197186937,-1.5342883e-05,0.0040851766,-5.2128384e-05,PLCB1(-0.000);AOAH(-0.000);CCL5(-0.000);MYO1F(-0.000);A2M(-0.000);RAP1GAP2(-0.000);S100A4(-0.000);ACTG1(-0.000),LEF1(+0.001);MAML2(+0.001);BACH2(+0.001);FOXP1(+0.001);SERINC5(+0.001);FHIT(+0.000);PDE3B(+0.000);CAMK4(+0.000)
GOSR1,False,0.22133784004797472,6.953983e-06,0.0040830667,-4.0943043e-05,CCL5(-0.001);PLCB1(-0.000);A2M(-0.000);S100A4(-0.000);MYO1F(-0.000);AOAH(-0.000);ACTG1(-0.000);PFN1(-0.000),LEF1(+0.001);MAML2(+0.001);BACH2(+0.001);FOXP1(+0.001);SERINC5(+0.001);FHIT(+0.000);PRKCA(+0.000);PDE3B(+0.000)
ZMYM2,False,0.3855421686746987,-4.5856454e-05,0.004080051,-1.1776e-05,LEF1(-0.001);MAML2(-0.001);BACH2(-0.001);FOXP1(-0.001);SERINC5(-0.001);FHIT(-0.000);PRKCA(-0.000);PDE3B(-0.000),CCL5(+0.001);PLCB1(+0.001);S100A4(+0.000);A2M(+0.000);PFN1(+0.000);MYO1F(+0.000);GNLY(+0.000);PHACTR2(+0.000)
DLEU1,False,0.1980592051463774,-0.00011845151,0.004079661,-0.00011160935,CCL5(-0.001);GNLY(-0.001);PLCB1(-0.001);A2M(-0.000);S100A4(-0.000);PHACTR2(-0.000);MYO1F(-0.000);CTSW(-0.000),LEF1(+0.001);BACH2(+0.001);MAML2(+0.001);FOXP1(+0.001);SERINC5(+0.001);FHIT(+0.000);PRKCA(+0.000);PDE3B(+0.000)
PATZ1,True,0.055607043558850794,0.0,0.004073125,-0.0014446155,B2M(-0.001);CCL5(-0.001);HLA-B(-0.001);ACTB(-0.000);MBNL1(-0.000);RPL13(-0.000);HLA-A(-0.000);TMSB4X(-0.000),TRAC(+0.000);TRBC1(+0.000);FOXP1(+0.000);JUN(+0.000);LEF1(+0.000);TRBC2(+0.000);CD3D(+0.000);BACH2(+0.000)
MAN1A2,False,0.3458540042523034,-8.622384e-05,0.0040729647,3.2078857e-05,LEF1(-0.001);BACH2(-0.001);MAML2(-0.001);FOXP1(-0.001);SERINC5(-0.000);FHIT(-0.000);PRKCA(-0.000);ZBTB20(-0.000),S100A4(+0.001);IL32(+0.001);PFN1(+0.000);ACTB(+0.000);ACTG1(+0.000);PHACTR2(+0.000);PLCB1(+0.000);A2M(+0.000)
MRTFB,False,0.16943793272638064,2.862318e-05,0.0040637697,-5.940171e-05,GNLY(-0.001);AOAH(-0.001);CCL5(-0.000);RAP1GAP2(-0.000);MCTP2(-0.000);JAZF1(-0.000);CTSW(-0.000);SYNE1(-0.000),LEF1(+0.001);CAMK4(+0.001);MAML2(+0.000);SERINC5(+0.000);FOXP1(+0.000);IL7R(+0.000);PDE3B(+0.000);BACH2(+0.000)
CD3D,False,0.49190426865834386,-8.568503e-05,0.0040631946,-0.00017684304,LEF1(-0.001);MAML2(-0.001);BACH2(-0.001);FOXP1(-0.001);SERINC5(-0.001);CAMK4(-0.000);FHIT(-0.000);PDE3B(-0.000),AOAH(+0.001);PLCB1(+0.001);CCL5(+0.000);MYO1F(+0.000);A2M(+0.000);RAP1GAP2(+0.000);PPP2R2B(+0.000);CTSW(+0.000)
SAT1,False,0.34928855694270294,-2.6481223e-06,0.0040564514,-0.00013786087,CCL5(-0.001);PLCB1(-0.000);S100A4(-0.000);A2M(-0.000);MYO1F(-0.000);ACTG1(-0.000);ACTB(-0.000);AOAH(-0.000),LEF1(+0.001);BACH2(+0.001);MAML2(+0.001);FOXP1(+0.001);SERINC5(+0.001);FHIT(+0.000);PRKCA(+0.000);PDE3B(+0.000)
PARN,False,0.2091260971487761,-4.9359223e-06,0.0040530884,2.2553353e-05,AOAH(-0.001);RAP1GAP2(-0.000);JAZF1(-0.000);MYO1F(-0.000);SYNE1(-0.000);SAMD3(-0.000);CCL5(-0.000);PLCB1(-0.000),LEF1(+0.001);CAMK4(+0.001);MAML2(+0.000);SERINC5(+0.000);FOXP1(+0.000);BACH2(+0.000);PDE3B(+0.000);BCL11B(+0.000)
GBP2,False,0.36428065201984416,1.1914154e-05,0.004051551,-7.085519e-05,LEF1(-0.001);CAMK4(-0.001);MAML2(-0.001);FOXP1(-0.000);SERINC5(-0.000);IL7R(-0.000);BACH2(-0.000);PDE3B(-0.000),AOAH(+0.000);RAP1GAP2(+0.000);MYO1F(+0.000);JAZF1(+0.000);SAMD3(+0.000);CCL5(+0.000);SYNE1(+0.000);DNAJC1(+0.000)
OLA1,False,0.183557760453579,-4.2115447e-05,0.004049937,1.1561418e-05,LEF1(-0.001);BACH2(-0.001);MAML2(-0.001);FOXP1(-0.001);SERINC5(-0.000);FHIT(-0.000);PRKCA(-0.000);PDE3B(-0.000),S100A4(+0.001);IL32(+0.000);PLCB1(+0.000);CCL5(+0.000);A2M(+0.000);PFN1(+0.000);ACTG1(+0.000);PHACTR2(+0.000)
HECTD1,False,0.35354086027367393,-7.6132787e-06,0.004049619,8.1105565e-05,PFN1(-0.000);ACTG1(-0.000);AOAH(-0.000);MYO1F(-0.000);ACTB(-0.000);RAP1GAP2(-0.000);PLCB1(-0.000);S100A4(-0.000),LEF1(+0.001);MAML2(+0.001);BACH2(+0.001);FOXP1(+0.001);SERINC5(+0.001);CAMK4(+0.001);PDE3B(+0.000);PRKCA(+0.000)
PPP1R21,False,0.33064384233767646,-2.1925525e-05,0.0040492583,-8.151501e-05,IL32(-0.001);PHACTR2(-0.001);LTB(-0.000);S100A4(-0.000);IL7R(-0.000);RPL11(-0.000);RPL28(-0.000);GZMK(-0.000),KCNQ5(+0.000);CD247(+0.000);AOAH(+0.000);JAZF1(+0.000);BACH2(+0.000);TXK(+0.000);SFMBT2(+0.000);TFDP2(+0.000)
LNPK,False,0.10069236220901706,-6.718155e-06,0.0040487726,-5.4291995e-05,GNLY(-0.001);AOAH(-0.001);CCL5(-0.000);PLCB1(-0.000);RAP1GAP2(-0.000);TGFBR3(-0.000);CTSW(-0.000);MYO1F(-0.000),LEF1(+0.001);MAML2(+0.001);CAMK4(+0.001);FOXP1(+0.001);BACH2(+0.001);SERINC5(+0.000);PDE3B(+0.000);FHIT(+0.000)
TBP,True,0.05233604099656544,0.0,0.0040427395,-0.0016400157,B2M(-0.001);ACTB(-0.000);IL7R(-0.000);CD247(-0.000);HLA-B(-0.000);SYNE2(-0.000);CCL5(-0.000);MBNL1(-0.000),TRAC(+0.001);TRBC1(+0.000);JUN(+0.000);HCST(+0.000);FOS(+0.000);TRBC2(+0.000);CD3D(+0.000);PFN1(+0.000)
TLE5,False,0.40762143597012485,-6.546974e-05,0.0040399022,-0.00024019531,LEF1(-0.001);CAMK4(-0.000);SERINC5(-0.000);MAML2(-0.000);BACH2(-0.000);FOXP1(-0.000);PDE3B(-0.000);FHIT(-0.000),AOAH(+0.001);PLCB1(+0.000);CCL5(+0.000);GNLY(+0.000);MYO1F(+0.000);RAP1GAP2(+0.000);CTSW(+0.000);A2M(+0.000)
RNF213,False,0.754838357956714,-0.00014602907,0.004039647,7.7313736e-05,GNLY(-0.001);CCL5(-0.001);CTSW(-0.001);TGFBR3(-0.001);AOAH(-0.001);PLCB1(-0.001);MCTP2(-0.001);PPP2R2B(-0.000),LEF1(+0.001);BACH2(+0.000);SERINC5(+0.000);FHIT(+0.000);FOXP1(+0.000);CAMK4(+0.000);MAML2(+0.000);SELL(+0.000)
APC,False,0.17995965763506516,-6.049629e-05,0.0040380056,0.00015046987,PLCB1(-0.001);AOAH(-0.001);CCL5(-0.001);A2M(-0.000);MYO1F(-0.000);CTSW(-0.000);PPP2R2B(-0.000);GNLY(-0.000),LEF1(+0.001);BACH2(+0.001);MAML2(+0.001);FOXP1(+0.001);SERINC5(+0.001);FHIT(+0.000);PDE3B(+0.000);PRKCA(+0.000)
RAB7A,False,0.28408657253448183,-1.619842e-05,0.004034198,-6.57196e-05,CCL5(-0.000);PLCB1(-0.000);AOAH(-0.000);MYO1F(-0.000);A2M(-0.000);RAP1GAP2(-0.000);GNLY(-0.000);S100A4(-0.000),LEF1(+0.001);MAML2(+0.001);BACH2(+0.001);FOXP1(+0.001);SERINC5(+0.001);FHIT(+0.000);PDE3B(+0.000);CAMK4(+0.000)
SFMBT1,False,0.258027585454942,-6.726317e-05,0.0040314244,-1.8235076e-05,LEF1(-0.001);BACH2(-0.001);MAML2(-0.001);FOXP1(-0.001);SERINC5(-0.000);FHIT(-0.000);PRKCA(-0.000);PDE3B(-0.000),S100A4(+0.001);IL32(+0.000);PLCB1(+0.000);PHACTR2(+0.000);A2M(+0.000);CCL5(+0.000);PFN1(+0.000);ACTB(+0.000)
UBE2O,False,0.18993621545003544,-2.2693987e-06,0.004030136,6.902612e-05,AOAH(-0.000);RAP1GAP2(-0.000);GNLY(-0.000);MYO1F(-0.000);CCL5(-0.000);ACTG1(-0.000);MCTP2(-0.000);TGFBR3(-0.000),LEF1(+0.001);MAML2(+0.001);CAMK4(+0.001);BACH2(+0.001);FOXP1(+0.001);SERINC5(+0.000);PDE3B(+0.000);INPP4B(+0.000)
TRMT11,False,0.1959330534808919,-2.8528251e-05,0.0040278016,0.00019844773,LEF1(-0.001);MAML2(-0.001);BACH2(-0.001);FOXP1(-0.001);SERINC5(-0.001);FHIT(-0.000);PRKCA(-0.000);PDE3B(-0.000),CCL5(+0.000);PLCB1(+0.000);S100A4(+0.000);A2M(+0.000);MYO1F(+0.000);AOAH(+0.000);ACTB(+0.000);ACTG1(+0.000)
CAPZA1,False,0.26751349288556947,9.247328e-06,0.004027172,3.5467838e-05,LEF1(-0.001);CAMK4(-0.001);MAML2(-0.001);FOXP1(-0.000);SERINC5(-0.000);BACH2(-0.000);PDE3B(-0.000);INPP4B(-0.000),AOAH(+0.001);GNLY(+0.000);RAP1GAP2(+0.000);MYO1F(+0.000);JAZF1(+0.000);MCTP2(+0.000);SAMD3(+0.000);SYNE1(+0.000)
TOP2B,False,0.29259117919642375,-2.0106858e-05,0.0040269378,-0.00022557181,AOAH(-0.001);RAP1GAP2(-0.000);MYO1F(-0.000);JAZF1(-0.000);SYNE1(-0.000);SAMD3(-0.000);CCL5(-0.000);PLCB1(-0.000),LEF1(+0.001);CAMK4(+0.001);MAML2(+0.001);FOXP1(+0.001);SERINC5(+0.000);BACH2(+0.000);PDE3B(+0.000);INPP4B(+0.000)
FOXO3,True,0.2051463773646623,-3.639047e-05,0.0040253387,-0.00036059952,LEF1(-0.001);BACH2(-0.001);MAML2(-0.001);FOXP1(-0.000);SERINC5(-0.000);ZBTB20(-0.000);DOCK10(-0.000);FHIT(-0.000),PFN1(+0.001);S100A4(+0.000);PLCB1(+0.000);IL32(+0.000);A2M(+0.000);HCST(+0.000);PHACTR2(+0.000);HLA-C(+0.000)
RPS8,False,0.8805538897672137,-0.00021474184,0.0040235324,-0.00013868437,IL7R(-0.001);LTB(-0.001);CAMK4(-0.001);BCL2(-0.000);BCL11B(-0.000);IL32(-0.000);RPL11(-0.000);RPL13(-0.000),AOAH(+0.000);JAZF1(+0.000);RAP1GAP2(+0.000);SAMD3(+0.000);CD247(+0.000);VAV3(+0.000);SYNE1(+0.000);DNAJC1(+0.000)
PPIG,False,0.38248923294989917,-3.4799144e-05,0.0040196106,-0.00022656798,AOAH(-0.001);GNLY(-0.001);CCL5(-0.000);RAP1GAP2(-0.000);MYO1F(-0.000);JAZF1(-0.000);SYNE1(-0.000);SAMD3(-0.000),LEF1(+0.001);CAMK4(+0.001);MAML2(+0.000);FOXP1(+0.000);SERINC5(+0.000);BACH2(+0.000);PDE3B(+0.000);FHIT(+0.000)
IKBKB,False,0.13972632611895547,-1.2453142e-05,0.0040153563,9.67249e-05,LEF1(-0.001);MAML2(-0.001);BACH2(-0.001);FOXP1(-0.001);SERINC5(-0.001);PDE3B(-0.000);FHIT(-0.000);PRKCA(-0.000),PLCB1(+0.000);AOAH(+0.000);MYO1F(+0.000);CCL5(+0.000);S100A4(+0.000);ACTB(+0.000);ACTG1(+0.000);PFN1(+0.000)
AOPEP,False,0.18977266532192114,1.5179867e-05,0.00400688,0.00011742455,LEF1(-0.001);MAML2(-0.001);FOXP1(-0.001);BACH2(-0.001);SERINC5(-0.001);CAMK4(-0.001);PDE3B(-0.000);FHIT(-0.000),AOAH(+0.000);CCL5(+0.000);PLCB1(+0.000);MYO1F(+0.000);RAP1GAP2(+0.000);A2M(+0.000);SYNE1(+0.000);SAMD3(+0.000)
COA1,False,0.30867360846099334,3.333757e-05,0.0040018423,-0.0001179759,AOAH(-0.000);RAP1GAP2(-0.000);MYO1F(-0.000);PLCB1(-0.000);CCL5(-0.000);SYNE1(-0.000);ACTG1(-0.000);SAMD3(-0.000),LEF1(+0.001);MAML2(+0.001);BACH2(+0.001);FOXP1(+0.001);CAMK4(+0.001);SERINC5(+0.001);PDE3B(+0.000);FHIT(+0.000)
RNF38,False,0.3951371095240691,5.3867598e-06,0.003998736,0.00021879913,LEF1(-0.001);CAMK4(-0.001);MAML2(-0.001);FOXP1(-0.001);BACH2(-0.000);SERINC5(-0.000);PDE3B(-0.000);FHIT(-0.000),AOAH(+0.001);RAP1GAP2(+0.000);CCL5(+0.000);PLCB1(+0.000);MYO1F(+0.000);SYNE1(+0.000);JAZF1(+0.000);SAMD3(+0.000)
AKAP9,False,0.6327209289647279,-4.3504435e-05,0.0039981212,0.00019369245,LEF1(-0.001);MAML2(-0.001);FOXP1(-0.001);BACH2(-0.001);SERINC5(-0.000);CAMK4(-0.000);PDE3B(-0.000);PRKCA(-0.000),ACTB(+0.000);ACTG1(+0.000);CCL5(+0.000);PFN1(+0.000);S100A4(+0.000);MYO1F(+0.000);RAP1GAP2(+0.000);AOAH(+0.000)
IFI44L,False,0.1573897399552963,4.769712e-06,0.0039975727,1.4574701e-05,PLCB1(-0.000);CCL5(-0.000);AOAH(-0.000);MYO1F(-0.000);A2M(-0.000);PFN1(-0.000);S100A4(-0.000);ACTG1(-0.000),LEF1(+0.001);MAML2(+0.001);BACH2(+0.001);FOXP1(+0.001);SERINC5(+0.001);FHIT(+0.000);PRKCA(+0.000);PDE3B(+0.000)
SPATA5,False,0.2642970070326555,-0.00014220334,0.0039866194,-0.00020537942,BACH2(-0.000);LEF1(-0.000);TXK(-0.000);CD247(-0.000);MAML2(-0.000);KCNQ5(-0.000);ZBTB20(-0.000);FOXP1(-0.000),IL32(+0.001);PHACTR2(+0.001);S100A4(+0.000);PFN1(+0.000);LTB(+0.000);GZMK(+0.000);S100A6(+0.000);RPL28(+0.000)
ZHX2,False,0.610151011284959,-0.00010579647,0.0039861533,-0.00018275554,IL7R(-0.001);PHACTR2(-0.001);LTB(-0.001);IL32(-0.001);A2M(-0.000);PLCB1(-0.000);GZMK(-0.000);CCL5(-0.000),SMC4(+0.000);KCNQ5(+0.000);IFI16(+0.000);DNMT1(+0.000);TFDP2(+0.000);TMPO(+0.000);CD247(+0.000);SCLT1(+0.000)
ZNF76,True,0.08728125170364717,0.0,0.003983908,0.0010992796,PFN1(-0.000);AOAH(-0.000);RAP1GAP2(-0.000);JAZF1(-0.000);JUN(-0.000);HLA-C(-0.000);SAMD3(-0.000);TYROBP(-0.000),B2M(+0.001);ARHGAP15(+0.001);RPL13(+0.000);LTB(+0.000);RPS2(+0.000);MBNL1(+0.000);RPL11(+0.000);EEF1A1(+0.000)
SEC24B,False,0.2936269966744807,-1.3136041e-05,0.0039808415,7.577429e-05,LEF1(-0.001);MAML2(-0.001);BACH2(-0.001);FOXP1(-0.001);SERINC5(-0.001);CAMK4(-0.000);PDE3B(-0.000);FHIT(-0.000),ACTG1(+0.000);PLCB1(+0.000);ACTB(+0.000);S100A4(+0.000);MYO1F(+0.000);PFN1(+0.000);AOAH(+0.000);CCL5(+0.000)
CDC37L1,False,0.15608133893038217,1.8710463e-05,0.003979103,-8.58799e-05,CCL5(-0.001);PLCB1(-0.001);AOAH(-0.000);GNLY(-0.000);A2M(-0.000);MYO1F(-0.000);RAP1GAP2(-0.000);TGFBR3(-0.000),LEF1(+0.001);MAML2(+0.001);BACH2(+0.001);FOXP1(+0.001);SERINC5(+0.001);FHIT(+0.000);PDE3B(+0.000);PRKCA(+0.000)
LINC01473,False,0.2977157498773374,4.646406e-05,0.003978401,-6.85376e-05,PLCB1(-0.001);A2M(-0.000);CCL5(-0.000);AOAH(-0.000);MYO1F(-0.000);S100A4(-0.000);PHACTR2(-0.000);KLRG1(-0.000),LEF1(+0.001);BACH2(+0.001);MAML2(+0.001);FOXP1(+0.001);SERINC5(+0.001);FHIT(+0.000);PRKCA(+0.000);PDE3B(+0.000)
SETDB1,False,0.09900234421850299,7.670739e-07,0.003976264,-5.7695714e-05,GNLY(-0.001);CCL5(-0.000);AOAH(-0.000);PLCB1(-0.000);MYO1F(-0.000);RAP1GAP2(-0.000);ACTG1(-0.000);CTSW(-0.000),LEF1(+0.001);MAML2(+0.001);BACH2(+0.001);FOXP1(+0.001);SERINC5(+0.001);CAMK4(+0.000);PDE3B(+0.000);FHIT(+0.000)
SELENOF,False,0.30572970615493655,-5.8342794e-06,0.003974292,7.7426936e-05,LEF1(-0.001);MAML2(-0.001);CAMK4(-0.001);FOXP1(-0.001);BACH2(-0.001);SERINC5(-0.000);PDE3B(-0.000);FHIT(-0.000),AOAH(+0.001);CCL5(+0.001);PLCB1(+0.000);RAP1GAP2(+0.000);GNLY(+0.000);MYO1F(+0.000);SYNE1(+0.000);SAMD3(+0.000)
KTN1,False,0.5104944665539989,-9.471387e-05,0.0039723483,-0.0002620442,IL32(-0.001);S100A4(-0.001);RPL11(-0.000);ACTB(-0.000);PHACTR2(-0.000);RPL28(-0.000);LTB(-0.000);RPS2(-0.000),AOAH(+0.000);TXK(+0.000);KCNQ5(+0.000);ZBTB20(+0.000);JAZF1(+0.000);BACH2(+0.000);SFMBT2(+0.000);MAML2(+0.000)
SLC7A6,False,0.35697541296407354,-9.844449e-05,0.0039623184,-0.00013454122,LEF1(-0.001);MAML2(-0.001);BACH2(-0.001);FOXP1(-0.001);SERINC5(-0.000);FHIT(-0.000);PRKCA(-0.000);PDE3B(-0.000),PFN1(+0.000);ACTG1(+0.000);S100A4(+0.000);PLCB1(+0.000);ACTB(+0.000);MYO1F(+0.000);A2M(+0.000);RAP1GAP2(+0.000)
DENND4C,False,0.22700757782260264,-3.1811425e-05,0.0039600623,-9.932966e-06,CCL5(-0.001);PLCB1(-0.000);S100A4(-0.000);A2M(-0.000);IL32(-0.000);PHACTR2(-0.000);PFN1(-0.000);MYO1F(-0.000),LEF1(+0.001);BACH2(+0.001);MAML2(+0.001);FOXP1(+0.001);SERINC5(+0.000);FHIT(+0.000);PRKCA(+0.000);PDE3B(+0.000)
RPLP0,False,0.6208362863217578,0.00012794642,0.003957503,5.4413427e-05,GNLY(-0.000);AOAH(-0.000);JAZF1(-0.000);RAP1GAP2(-0.000);MCTP2(-0.000);CTSW(-0.000);TGFBR3(-0.000);CD247(-0.000),IL7R(+0.001);LTB(+0.001);CAMK4(+0.001);BCL2(+0.000);IL32(+0.000);BCL11B(+0.000);THEMIS(+0.000);RPL11(+0.000)
PRAG1,False,0.1286049174071853,4.531601e-05,0.0039513838,-5.5903052e-05,PLCB1(-0.000);AOAH(-0.000);CCL5(-0.000);MYO1F(-0.000);ACTG1(-0.000);PFN1(-0.000);S100A4(-0.000);ACTB(-0.000),LEF1(+0.001);MAML2(+0.001);BACH2(+0.001);FOXP1(+0.001);SERINC5(+0.001);CAMK4(+0.000);PDE3B(+0.000);PRKCA(+0.000)
DIPK1A,False,0.24096385542168675,-5.7512425e-05,0.003950945,-0.00016775192,LEF1(-0.001);CAMK4(-0.001);MAML2(-0.000);SERINC5(-0.000);BACH2(-0.000);FOXP1(-0.000);PDE3B(-0.000);BCL11B(-0.000),AOAH(+0.001);GNLY(+0.000);CCL5(+0.000);RAP1GAP2(+0.000);PLCB1(+0.000);MYO1F(+0.000);MCTP2(+0.000);CTSW(+0.000)
MDN1,False,0.2583546857111705,-2.2291239e-05,0.0039505484,-0.000107924,LEF1(-0.001);BACH2(-0.001);MAML2(-0.001);FOXP1(-0.001);SERINC5(-0.000);FHIT(-0.000);PRKCA(-0.000);PDE3B(-0.000),S100A4(+0.000);PFN1(+0.000);PLCB1(+0.000);IL32(+0.000);CCL5(+0.000);PHACTR2(+0.000);A2M(+0.000);ACTG1(+0.000)
TBC1D31,False,0.09409584037507496,-4.174104e-05,0.0039464906,2.2501692e-05,IL32(-0.001);PHACTR2(-0.001);S100A4(-0.001);GZMK(-0.000);A2M(-0.000);PFN1(-0.000);LTB(-0.000);PLCB1(-0.000),BACH2(+0.000);LEF1(+0.000);MAML2(+0.000);FOXP1(+0.000);TXK(+0.000);KCNQ5(+0.000);ZBTB20(+0.000);FHIT(+0.000)
ZC3H6,False,0.2353486343564303,-5.1632527e-05,0.0039431457,0.000118368705,LEF1(-0.001);MAML2(-0.001);CAMK4(-0.001);FOXP1(-0.001);BACH2(-0.001);SERINC5(-0.000);PDE3B(-0.000);PRKCA(-0.000),AOAH(+0.000);CCL5(+0.000);RAP1GAP2(+0.000);MYO1F(+0.000);PLCB1(+0.000);SAMD3(+0.000);JAZF1(+0.000);SYNE1(+0.000)
RNF216,False,0.4667175489287466,-3.9538823e-05,0.003931628,0.00035907835,SMC4(-0.000);IFI16(-0.000);KCNQ5(-0.000);JAZF1(-0.000);TFDP2(-0.000);TOX(-0.000);DNMT1(-0.000);SCLT1(-0.000),IL7R(+0.001);LTB(+0.001);PHACTR2(+0.001);GZMK(+0.000);IL32(+0.000);CCL5(+0.000);BCL2(+0.000);A2M(+0.000)
KLRG1,False,0.11503025677370116,-0.0003603091,0.0039179167,-1.7094433e-05,CCL5(-0.001);PLCB1(-0.001);A2M(-0.001);GNLY(-0.000);PHACTR2(-0.000);S100A4(-0.000);MYO1F(-0.000);IL32(-0.000),LEF1(+0.001);BACH2(+0.001);MAML2(+0.001);FOXP1(+0.001);SERINC5(+0.000);FHIT(+0.000);PRKCA(+0.000);PDE3B(+0.000)
DNAJB6,False,0.2873575750967671,9.032942e-06,0.0039116982,3.0133013e-05,LEF1(-0.001);MAML2(-0.001);BACH2(-0.001);FOXP1(-0.001);SERINC5(-0.001);FHIT(-0.000);PDE3B(-0.000);PRKCA(-0.000),PLCB1(+0.000);AOAH(+0.000);CCL5(+0.000);MYO1F(+0.000);A2M(+0.000);RAP1GAP2(+0.000);S100A4(+0.000);NCALD(+0.000)
CLK1,False,0.19996728997437713,-1.7102973e-05,0.0039104647,-5.103092e-05,LEF1(-0.001);MAML2(-0.001);BACH2(-0.001);FOXP1(-0.001);SERINC5(-0.001);FHIT(-0.000);PRKCA(-0.000);PDE3B(-0.000),PLCB1(+0.000);PFN1(+0.000);S100A4(+0.000);MYO1F(+0.000);ACTG1(+0.000);A2M(+0.000);AOAH(+0.000);ACTB(+0.000)
NUBPL,False,0.18955459848443548,6.315972e-06,0.0039025887,-2.9004872e-05,AOAH(-0.001);GNLY(-0.000);RAP1GAP2(-0.000);MCTP2(-0.000);JAZF1(-0.000);CCL5(-0.000);SAMD3(-0.000);MYO1F(-0.000),LEF1(+0.001);CAMK4(+0.001);MAML2(+0.000);SERINC5(+0.000);FOXP1(+0.000);IL7R(+0.000);PDE3B(+0.000);BCL11B(+0.000)
SETX,False,0.34498173690236056,-4.175663e-05,0.0039014732,4.180892e-05,CCL5(-0.000);PLCB1(-0.000);AOAH(-0.000);MYO1F(-0.000);A2M(-0.000);RAP1GAP2(-0.000);S100A4(-0.000);SYNE1(-0.000),LEF1(+0.001);MAML2(+0.001);BACH2(+0.001);FOXP1(+0.001);SERINC5(+0.001);FHIT(+0.000);PDE3B(+0.000);PRKCA(+0.000)
PRKX,False,0.3328245107125334,-1.5033996e-05,0.0038997724,7.628979e-05,ACTG1(-0.000);PFN1(-0.000);ACTB(-0.000);S100A4(-0.000);GAPDH(-0.000);GNLY(-0.000);MYO1F(-0.000);CORO1A(-0.000),LEF1(+0.001);MAML2(+0.001);BACH2(+0.001);FOXP1(+0.001);CAMK4(+0.000);SERINC5(+0.000);BCL2(+0.000);INPP4B(+0.000)
IRF2,True,0.21779425393883228,-9.860529e-06,0.0038937167,-0.0007581089,ARHGAP15(-0.001);LEF1(-0.000);MBNL1(-0.000);BACH2(-0.000);B2M(-0.000);MAML2(-0.000);RIPOR2(-0.000);ZBTB20(-0.000),PFN1(+0.000);IL32(+0.000);PHACTR2(+0.000);PLCB1(+0.000);A2M(+0.000);S100A6(+0.000);FLNA(+0.000);HLA-C(+0.000)
ITPR2,False,0.33773101455596144,-1.3567376e-05,0.0038936092,1.5316096e-05,LEF1(-0.001);MAML2(-0.001);CAMK4(-0.001);FOXP1(-0.000);BACH2(-0.000);SERINC5(-0.000);PDE3B(-0.000);BCL2(-0.000),AOAH(+0.000);CCL5(+0.000);RAP1GAP2(+0.000);MYO1F(+0.000);ACTG1(+0.000);PFN1(+0.000);JAZF1(+0.000);SAMD3(+0.000)
OFD1,False,0.39044867251812687,2.8598256e-06,0.0038921307,5.910958e-05,LEF1(-0.001);CAMK4(-0.001);MAML2(-0.000);FOXP1(-0.000);SERINC5(-0.000);BACH2(-0.000);PDE3B(-0.000);BCL11B(-0.000),AOAH(+0.001);RAP1GAP2(+0.000);JAZF1(+0.000);MYO1F(+0.000);SAMD3(+0.000);CCL5(+0.000);SYNE1(+0.000);PLCB1(+0.000)
PPA2,False,0.23393119991277325,-7.904778e-06,0.0038905486,1.4924829e-05,S100A4(-0.000);IL32(-0.000);PLCB1(-0.000);PHACTR2(-0.000);PFN1(-0.000);CCL5(-0.000);A2M(-0.000);ACTB(-0.000),LEF1(+0.001);BACH2(+0.001);MAML2(+0.001);FOXP1(+0.001);SERINC5(+0.000);FHIT(+0.000);PRKCA(+0.000);PDE3B(+0.000)
PHYKPL,False,0.3368042304966473,-6.2447216e-06,0.0038898727,-8.02399e-05,IL32(-0.001);S100A4(-0.001);PHACTR2(-0.001);PLCB1(-0.000);PFN1(-0.000);A2M(-0.000);ACTB(-0.000);GZMK(-0.000),LEF1(+0.001);BACH2(+0.001);MAML2(+0.000);FOXP1(+0.000);FHIT(+0.000);SERINC5(+0.000);PRKCA(+0.000);ZBTB20(+0.000)
DDX21,False,0.3261189554598485,-8.603605e-05,0.003875229,-5.7632566e-05,IL32(-0.001);S100A4(-0.001);PHACTR2(-0.000);PLCB1(-0.000);A2M(-0.000);CCL5(-0.000);PFN1(-0.000);ACTB(-0.000),LEF1(+0.001);BACH2(+0.001);MAML2(+0.000);FOXP1(+0.000);FHIT(+0.000);SERINC5(+0.000);PRKCA(+0.000);PDE3B(+0.000)
FAM193A,False,0.24412582456522924,-4.6461596e-06,0.0038736109,6.641305e-05,PLCB1(-0.000);AOAH(-0.000);CCL5(-0.000);MYO1F(-0.000);A2M(-0.000);RAP1GAP2(-0.000);S100A4(-0.000);PFN1(-0.000),LEF1(+0.001);MAML2(+0.001);BACH2(+0.001);FOXP1(+0.001);SERINC5(+0.001);FHIT(+0.000);PDE3B(+0.000);CAMK4(+0.000)
SBF2,False,0.18170419233495066,3.7786122e-06,0.00387257,2.7256974e-05,AOAH(-0.000);GNLY(-0.000);RAP1GAP2(-0.000);MYO1F(-0.000);CCL5(-0.000);JAZF1(-0.000);SAMD3(-0.000);SYNE1(-0.000),LEF1(+0.001);MAML2(+0.001);CAMK4(+0.001);FOXP1(+0.000);BACH2(+0.000);SERINC5(+0.000);PDE3B(+0.000);IL7R(+0.000)
FAM102A,False,0.3757291609878428,-0.00014140374,0.0038717093,-0.000149203,LEF1(-0.001);MAML2(-0.001);BACH2(-0.001);FOXP1(-0.001);SERINC5(-0.000);PRKCA(-0.000);FHIT(-0.000);PDE3B(-0.000),CCL5(+0.000);PLCB1(+0.000);PFN1(+0.000);GNLY(+0.000);S100A4(+0.000);MYO1F(+0.000);ACTG1(+0.000);ACTB(+0.000)
OPTN,False,0.24843264460557163,-4.3361288e-05,0.0038695133,-2.9058147e-05,AOAH(-0.000);PLCB1(-0.000);CCL5(-0.000);RAP1GAP2(-0.000);MYO1F(-0.000);SYNE1(-0.000);SAMD3(-0.000);A2M(-0.000),LEF1(+0.001);MAML2(+0.001);BACH2(+0.001);FOXP1(+0.001);CAMK4(+0.001);SERINC5(+0.000);PDE3B(+0.000);FHIT(+0.000)
BANP,False,0.23147794799105928,4.3914678e-08,0.0038685543,6.467562e-05,PFN1(-0.000);ACTG1(-0.000);S100A4(-0.000);ACTB(-0.000);CCL5(-0.000);MYO1F(-0.000);PLCB1(-0.000);AOAH(-0.000),LEF1(+0.001);MAML2(+0.001);BACH2(+0.001);FOXP1(+0.001);SERINC5(+0.000);PDE3B(+0.000);PRKCA(+0.000);CAMK4(+0.000)
SYTL1,False,0.1856293954096931,-5.077742e-05,0.0038681368,-0.00010802172,CCL5(-0.000);AOAH(-0.000);GNLY(-0.000);RAP1GAP2(-0.000);MYO1F(-0.000);PLCB1(-0.000);CTSW(-0.000);TGFBR3(-0.000),LEF1(+0.001);MAML2(+0.001);FOXP1(+0.001);BACH2(+0.001);CAMK4(+0.001);SERINC5(+0.000);PDE3B(+0.000);PRKCA(+0.000)
NUTM2A-AS1,False,0.2308782641879736,1.7668611e-06,0.0038600338,4.928596e-05,AOAH(-0.000);PLCB1(-0.000);CCL5(-0.000);MYO1F(-0.000);RAP1GAP2(-0.000);SAMD3(-0.000);SYNE1(-0.000);ACTG1(-0.000),LEF1(+0.001);MAML2(+0.001);BACH2(+0.001);FOXP1(+0.001);CAMK4(+0.000);SERINC5(+0.000);PDE3B(+0.000);FHIT(+0.000)
S100A10,False,0.13650984026604152,-0.000114435745,0.0038553278,7.140312e-06,S100A4(-0.000);PFN1(-0.000);ACTG1(-0.000);ACTB(-0.000);PLCB1(-0.000);CCL5(-0.000);IL32(-0.000);MYO1F(-0.000),LEF1(+0.001);MAML2(+0.001);BACH2(+0.001);FOXP1(+0.001);SERINC5(+0.000);PRKCA(+0.000);FHIT(+0.000);PDE3B(+0.000)
SUMF1,False,0.34552690399607483,-8.963545e-06,0.0038490845,0.00028805452,CAMK4(-0.001);LTB(-0.000);LEF1(-0.000);IL7R(-0.000);TRAC(-0.000);IL32(-0.000);BCL11B(-0.000);BCL2(-0.000),AOAH(+0.001);GNLY(+0.000);MCTP2(+0.000);JAZF1(+0.000);RAP1GAP2(+0.000);CD247(+0.000);SYNE1(+0.000);CCL5(+0.000)
CDC27,False,0.20481927710843376,1.8153101e-05,0.003833451,-7.234994e-05,LEF1(-0.001);MAML2(-0.001);BACH2(-0.001);FOXP1(-0.001);CAMK4(-0.000);SERINC5(-0.000);PDE3B(-0.000);FHIT(-0.000),AOAH(+0.000);CCL5(+0.000);PLCB1(+0.000);MYO1F(+0.000);RAP1GAP2(+0.000);CTSW(+0.000);PPP2R2B(+0.000);SAMD3(+0.000)
GNAS,False,0.38074469825001367,-1.0483493e-05,0.0038318555,-0.00011787112,LEF1(-0.001);MAML2(-0.001);BACH2(-0.001);FOXP1(-0.001);SERINC5(-0.000);FHIT(-0.000);PDE3B(-0.000);PRKCA(-0.000),PLCB1(+0.000);AOAH(+0.000);A2M(+0.000);MYO1F(+0.000);RAP1GAP2(+0.000);CCL5(+0.000);S100A4(+0.000);PFN1(+0.000)
IGF2R,False,0.2235185084228316,-4.907808e-06,0.0038292296,7.523786e-05,IL32(-0.001);S100A4(-0.001);PHACTR2(-0.000);PFN1(-0.000);ACTB(-0.000);ACTG1(-0.000);S100A6(-0.000);TMSB4X(-0.000),BACH2(+0.000);LEF1(+0.000);MAML2(+0.000);FOXP1(+0.000);TXK(+0.000);ZBTB20(+0.000);KCNQ5(+0.000);FHIT(+0.000)
ATP11A,False,0.26625960857002673,8.116263e-06,0.003828241,-2.9758927e-05,CCL5(-0.000);GNLY(-0.000);AOAH(-0.000);MYO1F(-0.000);ACTG1(-0.000);RAP1GAP2(-0.000);ACTB(-0.000);PLCB1(-0.000),LEF1(+0.001);MAML2(+0.001);BACH2(+0.001);FOXP1(+0.001);CAMK4(+0.000);SERINC5(+0.000);PDE3B(+0.000);PRKCA(+0.000)
DPEP2,False,0.1718366679387232,-6.0621413e-05,0.0038219625,6.434947e-05,LEF1(-0.001);BACH2(-0.001);MAML2(-0.001);FOXP1(-0.001);SERINC5(-0.000);FHIT(-0.000);PRKCA(-0.000);PDE3B(-0.000),CCL5(+0.001);PLCB1(+0.001);A2M(+0.000);S100A4(+0.000);MYO1F(+0.000);PHACTR2(+0.000);AOAH(+0.000);PFN1(+0.000)
HLA-F,False,0.4045139835359538,-7.824147e-05,0.0038214698,-2.0697671e-05,CCL5(-0.001);PLCB1(-0.000);AOAH(-0.000);MYO1F(-0.000);GNLY(-0.000);A2M(-0.000);S100A4(-0.000);RAP1GAP2(-0.000),LEF1(+0.001);MAML2(+0.001);BACH2(+0.001);FOXP1(+0.001);SERINC5(+0.000);FHIT(+0.000);PRKCA(+0.000);PDE3B(+0.000)
EPHA1-AS1,False,0.04072398190045249,0.0,0.0038205078,4.665261e-05,LEF1(-0.001);MAML2(-0.000);CAMK4(-0.000);FOXP1(-0.000);BACH2(-0.000);SERINC5(-0.000);PDE3B(-0.000);INPP4B(-0.000),GNLY(+0.001);AOAH(+0.000);PRF1(+0.000);MCTP2(+0.000);CCL5(+0.000);TGFBR3(+0.000);RAP1GAP2(+0.000);CTSW(+0.000)
EML4,False,0.6430245870359266,-0.00015385148,0.003819677,-0.00012642174,IL7R(-0.001);LTB(-0.001);CAMK4(-0.001);BCL2(-0.000);BCL11B(-0.000);LEF1(-0.000);THEMIS(-0.000);RPL13(-0.000),AOAH(+0.000);RAP1GAP2(+0.000);JAZF1(+0.000);MCTP2(+0.000);SAMD3(+0.000);CD247(+0.000);IFI16(+0.000);VAV3(+0.000)
RUBCN,False,0.09633102545930326,-1.6038326e-06,0.0038167564,-7.387632e-05,CCL5(-0.001);PLCB1(-0.000);AOAH(-0.000);MYO1F(-0.000);RAP1GAP2(-0.000);ACTG1(-0.000);S100A4(-0.000);ACTB(-0.000),LEF1(+0.001);MAML2(+0.001);BACH2(+0.001);FOXP1(+0.001);SERINC5(+0.000);CAMK4(+0.000);PDE3B(+0.000);FHIT(+0.000)
BRD4,False,0.36455323556670116,-5.6478777e-05,0.0038163508,-0.000104466206,PLCB1(-0.001);CCL5(-0.001);A2M(-0.001);PHACTR2(-0.000);KLRG1(-0.000);PARP8(-0.000);IL32(-0.000);S100A4(-0.000),LEF1(+0.001);BACH2(+0.001);FOXP1(+0.000);MAML2(+0.000);FHIT(+0.000);SERINC5(+0.000);PRKCA(+0.000);PDE3B(+0.000)
PIK3R1,False,0.398081011830126,-2.2235206e-05,0.0038158244,9.746103e-06,LEF1(-0.001);BACH2(-0.001);MAML2(-0.001);FOXP1(-0.000);FHIT(-0.000);SERINC5(-0.000);PRKCA(-0.000);PDE3B(-0.000),IL32(+0.000);S100A4(+0.000);PLCB1(+0.000);A2M(+0.000);PHACTR2(+0.000);CCL5(+0.000);KLRG1(+0.000);PFN1(+0.000)
OGA,False,0.5397154227770813,-4.6819703e-05,0.0038157667,-0.00020089348,AOAH(-0.000);RAP1GAP2(-0.000);GNLY(-0.000);CCL5(-0.000);MCTP2(-0.000);ACTG1(-0.000);MYO1F(-0.000);SYNE1(-0.000),LEF1(+0.001);CAMK4(+0.001);MAML2(+0.001);FOXP1(+0.000);BACH2(+0.000);SERINC5(+0.000);BCL2(+0.000);PDE3B(+0.000)
CCDC130,False,0.10041977866215995,-9.256625e-06,0.0038157662,7.206766e-05,LEF1(-0.001);MAML2(-0.001);BACH2(-0.001);FOXP1(-0.000);SERINC5(-0.000);CAMK4(-0.000);PDE3B(-0.000);FHIT(-0.000),GNLY(+0.001);AOAH(+0.001);CCL5(+0.000);PLCB1(+0.000);MYO1F(+0.000);RAP1GAP2(+0.000);A2M(+0.000);PRF1(+0.000)
SPAG9,False,0.22008395573243203,1.4071171e-05,0.0038156856,6.0084247e-05,LEF1(-0.001);MAML2(-0.001);BACH2(-0.001);FOXP1(-0.001);SERINC5(-0.001);FHIT(-0.000);PRKCA(-0.000);PDE3B(-0.000),PLCB1(+0.000);CCL5(+0.000);A2M(+0.000);AOAH(+0.000);MYO1F(+0.000);S100A4(+0.000);RAP1GAP2(+0.000);PFN1(+0.000)
SOS2,False,0.28054298642533937,-6.9858885e-05,0.003813629,0.00010912916,AOAH(-0.000);JAZF1(-0.000);CD247(-0.000);RAP1GAP2(-0.000);MCTP2(-0.000);VAV3(-0.000);SAMD3(-0.000);TFDP2(-0.000),IL7R(+0.001);IL32(+0.001);LTB(+0.001);PHACTR2(+0.000);CAMK4(+0.000);RPL11(+0.000);RPS18(+0.000);GZMK(+0.000)
NPM1,False,0.37747369568772837,-3.5836438e-05,0.0038099715,-0.00016022107,LEF1(-0.001);MAML2(-0.001);BACH2(-0.001);FOXP1(-0.001);SERINC5(-0.000);FHIT(-0.000);PDE3B(-0.000);PRKCA(-0.000),PLCB1(+0.000);AOAH(+0.000);CCL5(+0.000);A2M(+0.000);MYO1F(+0.000);RAP1GAP2(+0.000);PFN1(+0.000);S100A4(+0.000)
EXOC1,False,0.27945265223791094,-5.328062e-05,0.003806716,6.68194e-05,BACH2(-0.000);LEF1(-0.000);MAML2(-0.000);TXK(-0.000);KCNQ5(-0.000);FOXP1(-0.000);ZBTB20(-0.000);CD247(-0.000),IL32(+0.001);PHACTR2(+0.000);S100A4(+0.000);RPL11(+0.000);LTB(+0.000);RPL28(+0.000);IL7R(+0.000);PFN1(+0.000)
EIF4ENIF1,False,0.16818404841083792,-1.1703145e-05,0.0038043887,0.00016094277,LEF1(-0.001);BACH2(-0.001);MAML2(-0.001);FOXP1(-0.001);SERINC5(-0.000);FHIT(-0.000);PRKCA(-0.000);PDE3B(-0.000),S100A4(+0.000);PLCB1(+0.000);ACTB(+0.000);IL32(+0.000);A2M(+0.000);ACTG1(+0.000);PFN1(+0.000);PHACTR2(+0.000)
STIM2,False,0.3173417652510494,-2.8994918e-05,0.00380074,-7.7246645e-05,LEF1(-0.001);MAML2(-0.001);BACH2(-0.001);FOXP1(-0.001);SERINC5(-0.000);PRKCA(-0.000);FHIT(-0.000);PDE3B(-0.000),S100A4(+0.000);PFN1(+0.000);IL32(+0.000);PLCB1(+0.000);ACTB(+0.000);ACTG1(+0.000);PHACTR2(+0.000);CCL5(+0.000)
OGT,False,0.4149266750258954,-2.637347e-05,0.0037992583,0.00013116053,LEF1(-0.001);BACH2(-0.001);FOXP1(-0.001);MAML2(-0.001);FHIT(-0.000);SERINC5(-0.000);PRKCA(-0.000);PDE3B(-0.000),PLCB1(+0.001);A2M(+0.001);CCL5(+0.001);PHACTR2(+0.000);AOAH(+0.000);KLRG1(+0.000);PARP8(+0.000);MYO1F(+0.000)
RPS24,False,0.5705718802813063,-0.0001830327,0.003795841,-8.638941e-05,CAMK4(-0.000);IL7R(-0.000);LTB(-0.000);IL32(-0.000);RPL11(-0.000);RPS2(-0.000);RPS18(-0.000);LEF1(-0.000),AOAH(+0.001);JAZF1(+0.000);RAP1GAP2(+0.000);SYNE1(+0.000);SAMD3(+0.000);VAV3(+0.000);CD247(+0.000);UTRN(+0.000)
KAT6B,False,0.4781660578967455,-1.7992234e-05,0.0037951798,0.000116125564,LEF1(-0.001);BACH2(-0.001);MAML2(-0.001);FOXP1(-0.001);SERINC5(-0.000);FHIT(-0.000);PRKCA(-0.000);PDE3B(-0.000),PLCB1(+0.000);CCL5(+0.000);S100A4(+0.000);A2M(+0.000);IL32(+0.000);PHACTR2(+0.000);ACTB(+0.000);PFN1(+0.000)
PPP1CA,False,0.21779425393883226,9.289258e-05,0.0037923423,8.721597e-05,LEF1(-0.001);MAML2(-0.001);BACH2(-0.001);FOXP1(-0.001);SERINC5(-0.000);CAMK4(-0.000);PDE3B(-0.000);PRKCA(-0.000),AOAH(+0.000);CCL5(+0.000);PLCB1(+0.000);MYO1F(+0.000);RAP1GAP2(+0.000);ACTG1(+0.000);ACTB(+0.000);A2M(+0.000)
TBC1D22A,False,0.5269585127841684,-4.333211e-05,0.0037897835,0.00013287512,GNLY(-0.001);AOAH(-0.001);MCTP2(-0.000);CTSW(-0.000);TGFBR3(-0.000);CCL5(-0.000);JAZF1(-0.000);RAP1GAP2(-0.000),IL7R(+0.000);CAMK4(+0.000);LTB(+0.000);IL32(+0.000);RPL11(+0.000);LEF1(+0.000);BCL11B(+0.000);RPS18(+0.000)
KLHL20,False,0.2865398244561958,-3.3287724e-05,0.003786789,4.168225e-05,LEF1(-0.001);MAML2(-0.001);BACH2(-0.001);FOXP1(-0.001);SERINC5(-0.000);PDE3B(-0.000);PRKCA(-0.000);CAMK4(-0.000),CCL5(+0.000);ACTG1(+0.000);PFN1(+0.000);ACTB(+0.000);S100A4(+0.000);PLCB1(+0.000);MYO1F(+0.000);AOAH(+0.000)
NFE2L2,True,0.29068309436842393,-1.0807133e-05,0.003786377,-0.00032651707,ARHGAP15(-0.001);LTB(-0.000);TC2N(-0.000);CCL5(-0.000);LEF1(-0.000);MBNL1(-0.000);FOXP1(-0.000);EML4(-0.000),PFN1(+0.000);SYNE2(+0.000);ACTG1(+0.000);PTMA(+0.000);IL32(+0.000);ITGB2(+0.000);DNMT1(+0.000);ACTB(+0.000)
CD37,False,0.294172163768195,8.919158e-06,0.0037829764,-7.5169395e-05,AOAH(-0.000);CCL5(-0.000);RAP1GAP2(-0.000);MYO1F(-0.000);ACTG1(-0.000);PLCB1(-0.000);ACTB(-0.000);SAMD3(-0.000),LEF1(+0.001);MAML2(+0.001);CAMK4(+0.001);FOXP1(+0.001);BACH2(+0.000);SERINC5(+0.000);PDE3B(+0.000);INPP4B(+0.000)
STX18-AS1,False,0.10532628250558798,1.6096146e-06,0.0037820365,1.5172459e-05,AOAH(-0.001);CCL5(-0.000);RAP1GAP2(-0.000);MCTP2(-0.000);TGFBR3(-0.000);GNLY(-0.000);MYO1F(-0.000);PLCB1(-0.000),LEF1(+0.001);CAMK4(+0.001);MAML2(+0.000);SERINC5(+0.000);FOXP1(+0.000);BACH2(+0.000);PDE3B(+0.000);FHIT(+0.000)
ZFP36L2,False,0.5699176797688492,-9.431089e-05,0.0037818223,-1.4065746e-05,AOAH(-0.001);PLCB1(-0.000);CCL5(-0.000);GNLY(-0.000);RAP1GAP2(-0.000);JAZF1(-0.000);SYNE1(-0.000);ARHGAP26(-0.000),LEF1(+0.001);CAMK4(+0.000);SERINC5(+0.000);PDE3B(+0.000);FOXP1(+0.000);FHIT(+0.000);BACH2(+0.000);MAML2(+0.000)
SFPQ,False,0.4183067110069236,-8.381019e-05,0.0037806756,2.5537079e-06,IL32(-0.000);RPL11(-0.000);CAMK4(-0.000);LTB(-0.000);EEF1A1(-0.000);IL7R(-0.000);RPS2(-0.000);RPL28(-0.000),AOAH(+0.001);JAZF1(+0.000);RAP1GAP2(+0.000);SYNE1(+0.000);CD247(+0.000);SAMD3(+0.000);UTRN(+0.000);VAV3(+0.000)
RPL31,False,0.6800959494084939,-7.841499e-05,0.003780014,-0.00011376766,LEF1(-0.001);MAML2(-0.001);BACH2(-0.001);FOXP1(-0.001);SERINC5(-0.000);CAMK4(-0.000);PDE3B(-0.000);FHIT(-0.000),AOAH(+0.000);PLCB1(+0.000);MYO1F(+0.000);RAP1GAP2(+0.000);PFN1(+0.000);ACTG1(+0.000);A2M(+0.000);CCL5(+0.000)
NDEL1,False,0.2475058605462574,1.1805555e-05,0.0037770038,-1.9398087e-05,PFN1(-0.000);S100A4(-0.000);ACTG1(-0.000);ACTB(-0.000);PLCB1(-0.000);MYO1F(-0.000);A2M(-0.000);CCL5(-0.000),LEF1(+0.001);MAML2(+0.001);BACH2(+0.001);FOXP1(+0.001);SERINC5(+0.000);PRKCA(+0.000);FHIT(+0.000);PDE3B(+0.000)
VPS53,False,0.2882298424467099,-1.8725286e-05,0.0037677516,-4.8549708e-05,LEF1(-0.001);MAML2(-0.001);BACH2(-0.001);FOXP1(-0.001);SERINC5(-0.000);CAMK4(-0.000);PDE3B(-0.000);FHIT(-0.000),CCL5(+0.000);AOAH(+0.000);PLCB1(+0.000);MYO1F(+0.000);RAP1GAP2(+0.000);PFN1(+0.000);ACTG1(+0.000);S100A4(+0.000)
ULK4,False,0.2350760508095731,-2.4113693e-05,0.0037640433,1.889138e-05,LEF1(-0.001);MAML2(-0.001);BACH2(-0.001);FOXP1(-0.001);SERINC5(-0.000);PRKCA(-0.000);FHIT(-0.000);PDE3B(-0.000),ACTG1(+0.000);S100A4(+0.000);ACTB(+0.000);PFN1(+0.000);CCL5(+0.000);MYO1F(+0.000);PLCB1(+0.000);TMSB4X(+0.000)
AGPAT3,False,0.2073270457395192,-1.8041514e-05,0.0037635441,4.641906e-05,LEF1(-0.001);BACH2(-0.001);MAML2(-0.001);FOXP1(-0.001);SERINC5(-0.000);FHIT(-0.000);PRKCA(-0.000);PDE3B(-0.000),PLCB1(+0.000);A2M(+0.000);AOAH(+0.000);MYO1F(+0.000);S100A4(+0.000);CCL5(+0.000);RAP1GAP2(+0.000);PHACTR2(+0.000)
MAPKAP1,False,0.2573733849424849,8.13423e-06,0.0037591252,-0.00017777974,LEF1(-0.001);MAML2(-0.001);BACH2(-0.001);CAMK4(-0.000);FOXP1(-0.000);SERINC5(-0.000);PDE3B(-0.000);FHIT(-0.000),AOAH(+0.000);RAP1GAP2(+0.000);PLCB1(+0.000);MYO1F(+0.000);CCL5(+0.000);PFN1(+0.000);SAMD3(+0.000);JAZF1(+0.000)
SREK1IP1,False,0.11568445728615821,-2.8013255e-05,0.0037572065,-0.00012112042,CCL5(-0.000);PLCB1(-0.000);AOAH(-0.000);GNLY(-0.000);MYO1F(-0.000);A2M(-0.000);RAP1GAP2(-0.000);CTSW(-0.000),LEF1(+0.001);MAML2(+0.001);BACH2(+0.001);FOXP1(+0.001);SERINC5(+0.000);FHIT(+0.000);CAMK4(+0.000);PDE3B(+0.000)
FANCC,False,0.10276399716513111,-3.5774687e-05,0.0037509636,2.0893471e-07,AOAH(-0.000);RAP1GAP2(-0.000);ACTG1(-0.000);MYO1F(-0.000);JAZF1(-0.000);CCL5(-0.000);SAMD3(-0.000);PFN1(-0.000),LEF1(+0.001);MAML2(+0.001);CAMK4(+0.001);FOXP1(+0.000);BACH2(+0.000);SERINC5(+0.000);IL7R(+0.000);BCL2(+0.000)
XPO1,False,0.3923022406367552,-1.7974406e-05,0.0037468325,-1.1615921e-05,BACH2(-0.000);MAML2(-0.000);LEF1(-0.000);FOXP1(-0.000);ZBTB20(-0.000);TXK(-0.000);KCNQ5(-0.000);APBA2(-0.000),IL32(+0.001);S100A4(+0.000);PHACTR2(+0.000);PFN1(+0.000);ACTB(+0.000);ACTG1(+0.000);S100A6(+0.000);RPL11(+0.000)
OSBPL3,False,0.13274818731941337,-0.00010084705,0.0037459598,1.652327e-06,GNLY(-0.000);AOAH(-0.000);CCL5(-0.000);RAP1GAP2(-0.000);MYO1F(-0.000);PLCB1(-0.000);CTSW(-0.000);MCTP2(-0.000),LEF1(+0.001);MAML2(+0.001);BACH2(+0.000);CAMK4(+0.000);FOXP1(+0.000);SERINC5(+0.000);PDE3B(+0.000);FHIT(+0.000)
TSC22D3,False,0.3889767213650984,-5.136358e-05,0.003738033,-2.3014118e-05,LEF1(-0.001);BACH2(-0.001);MAML2(-0.001);FOXP1(-0.001);SERINC5(-0.000);FHIT(-0.000);PRKCA(-0.000);PDE3B(-0.000),PLCB1(+0.001);A2M(+0.000);S100A4(+0.000);PHACTR2(+0.000);IL32(+0.000);CCL5(+0.000);PFN1(+0.000);MYO1F(+0.000)
MZT2B,False,0.20165730796489126,-0.00011973572,0.0037375824,-1.94301e-05,IL32(-0.001);IL7R(-0.000);LTB(-0.000);CAMK4(-0.000);RPL11(-0.000);PHACTR2(-0.000);RPL30(-0.000);RPS18(-0.000),AOAH(+0.000);JAZF1(+0.000);CD247(+0.000);RAP1GAP2(+0.000);MCTP2(+0.000);SAMD3(+0.000);VAV3(+0.000);KCNQ5(+0.000)
MTDH,False,0.3713678242381291,-2.4611765e-05,0.0037296729,-8.135245e-05,ACTB(-0.000);ACTG1(-0.000);PFN1(-0.000);S100A4(-0.000);CCL5(-0.000);MYO1F(-0.000);PLCB1(-0.000);TMSB4X(-0.000),LEF1(+0.001);MAML2(+0.001);BACH2(+0.001);FOXP1(+0.001);SERINC5(+0.000);CAMK4(+0.000);PDE3B(+0.000);PRKCA(+0.000)
PPCDC,False,0.06907267077359211,0.0,0.0037248894,5.5052406e-05,CCL5(-0.000);PLCB1(-0.000);AOAH(-0.000);MYO1F(-0.000);A2M(-0.000);RAP1GAP2(-0.000);GNLY(-0.000);PPP2R2B(-0.000),LEF1(+0.001);MAML2(+0.001);BACH2(+0.001);FOXP1(+0.001);SERINC5(+0.000);FHIT(+0.000);CAMK4(+0.000);PDE3B(+0.000)
TMEM131,False,0.3213214850351632,1.8621093e-05,0.0037244519,-3.902245e-05,GNLY(-0.000);CCL5(-0.000);AOAH(-0.000);MYO1F(-0.000);ACTG1(-0.000);RAP1GAP2(-0.000);PLCB1(-0.000);TGFBR3(-0.000),LEF1(+0.001);MAML2(+0.001);BACH2(+0.001);FOXP1(+0.001);SERINC5(+0.000);CAMK4(+0.000);PDE3B(+0.000);PRKCA(+0.000)
TMEM245,False,0.348906939977103,-5.585261e-06,0.0037168504,0.00016415787,AOAH(-0.000);RAP1GAP2(-0.000);JAZF1(-0.000);SAMD3(-0.000);MCTP2(-0.000);SYNE1(-0.000);VAV3(-0.000);MYO1F(-0.000),IL7R(+0.001);CAMK4(+0.001);LTB(+0.000);LEF1(+0.000);BCL2(+0.000);BCL11B(+0.000);MAML2(+0.000);INPP4B(+0.000)
DDX6,False,0.35430409420487385,-1.9160863e-07,0.0037152476,0.0001433181,CAMK4(-0.001);IL7R(-0.001);LEF1(-0.000);LTB(-0.000);BCL2(-0.000);MAML2(-0.000);BCL11B(-0.000);INPP4B(-0.000),AOAH(+0.000);RAP1GAP2(+0.000);JAZF1(+0.000);CD247(+0.000);SAMD3(+0.000);SYNE1(+0.000);DNAJC1(+0.000);VAV3(+0.000)
HAGH,False,0.23213214850351632,-4.5763216e-05,0.0037148402,0.00012944211,LEF1(-0.000);BACH2(-0.000);MAML2(-0.000);FOXP1(-0.000);FHIT(-0.000);ZBTB20(-0.000);TXK(-0.000);PRKCA(-0.000),IL32(+0.001);S100A4(+0.001);PHACTR2(+0.000);ACTB(+0.000);PFN1(+0.000);A2M(+0.000);ACTG1(+0.000);TMSB4X(+0.000)
MAP3K3,False,0.27983426920351084,-3.0146246e-05,0.0037148206,-1.1624431e-05,LEF1(-0.001);BACH2(-0.001);MAML2(-0.001);FOXP1(-0.001);SERINC5(-0.000);FHIT(-0.000);PRKCA(-0.000);PDE3B(-0.000),S100A4(+0.000);PLCB1(+0.000);A2M(+0.000);IL32(+0.000);PHACTR2(+0.000);PFN1(+0.000);MYO1F(+0.000);ACTB(+0.000)
LRRN3,False,0.13721855748787004,-9.048818e-05,0.0037013968,-3.5041856e-05,LEF1(-0.001);MAML2(-0.001);CAMK4(-0.001);FOXP1(-0.000);BACH2(-0.000);SERINC5(-0.000);PDE3B(-0.000);BCL11B(-0.000),AOAH(+0.000);RAP1GAP2(+0.000);MYO1F(+0.000);CCL5(+0.000);JAZF1(+0.000);SAMD3(+0.000);SYNE1(+0.000);PLCB1(+0.000)
LYST,False,0.15749877337403914,-6.316087e-05,0.0036975138,-1.2966434e-05,CCL5(-0.000);GNLY(-0.000);AOAH(-0.000);PLCB1(-0.000);MYO1F(-0.000);RAP1GAP2(-0.000);A2M(-0.000);PPP2R2B(-0.000),LEF1(+0.001);MAML2(+0.001);BACH2(+0.001);FOXP1(+0.001);SERINC5(+0.000);CAMK4(+0.000);PDE3B(+0.000);FHIT(+0.000)
CREM,True,0.13296625415689908,-2.0611707e-05,0.003695687,-0.000596731,CCL5(-0.001);B2M(-0.000);HLA-B(-0.000);RABGAP1L(-0.000);SKAP1(-0.000);MYO1F(-0.000);S100A4(-0.000);GNLY(-0.000),LEF1(+0.000);CCR7(+0.000);SELL(+0.000);CAMK4(+0.000);MAML2(+0.000);BACH2(+0.000);FOXP1(+0.000);PDE3B(+0.000)
USP8,False,0.23687510221883007,-3.5146204e-06,0.003694226,9.753732e-05,LEF1(-0.001);CAMK4(-0.001);MAML2(-0.000);FOXP1(-0.000);SERINC5(-0.000);BACH2(-0.000);PDE3B(-0.000);BCL11B(-0.000),AOAH(+0.001);CCL5(+0.000);RAP1GAP2(+0.000);GNLY(+0.000);JAZF1(+0.000);MYO1F(+0.000);PLCB1(+0.000);SAMD3(+0.000)
NEMF,False,0.3450907703211034,-4.6413465e-05,0.003693844,-9.182868e-05,LEF1(-0.001);CAMK4(-0.001);MAML2(-0.001);FOXP1(-0.000);BACH2(-0.000);SERINC5(-0.000);IL7R(-0.000);PDE3B(-0.000),AOAH(+0.000);RAP1GAP2(+0.000);MYO1F(+0.000);JAZF1(+0.000);SAMD3(+0.000);SYNE1(+0.000);PFN1(+0.000);ACTG1(+0.000)
NIPBL,False,0.6517472605353543,-6.280675e-05,0.0036933273,-0.00035698025,BACH2(-0.000);MAML2(-0.000);ZBTB20(-0.000);LEF1(-0.000);TXK(-0.000);FOXP1(-0.000);KCNQ5(-0.000);CD247(-0.000),IL32(+0.001);PFN1(+0.001);S100A4(+0.000);PHACTR2(+0.000);TMSB10(+0.000);ACTG1(+0.000);S100A6(+0.000);ACTB(+0.000)
NFAT5,True,0.3341329117374475,-4.2552397e-06,0.0036919033,-0.0013878196,CCL5(-0.001);SYNE2(-0.001);ACTB(-0.001);B2M(-0.000);ITGB2(-0.000);PTMA(-0.000);CD247(-0.000);IL7R(-0.000),TRAC(+0.001);TRBC1(+0.001);FOXP1(+0.000);FOS(+0.000);JUN(+0.000);LEF1(+0.000);TRBC2(+0.000);HCST(+0.000)
RBBP6,False,0.36090061603881585,8.838126e-06,0.003684148,-1.8823517e-05,CAMK4(-0.001);IL7R(-0.000);LEF1(-0.000);LTB(-0.000);BCL2(-0.000);BCL11B(-0.000);MAML2(-0.000);SERINC5(-0.000),AOAH(+0.000);RAP1GAP2(+0.000);JAZF1(+0.000);MCTP2(+0.000);SAMD3(+0.000);SYNE1(+0.000);VAV3(+0.000);CD247(+0.000)
ARNT,True,0.1262061821948427,2.3550581e-05,0.00368364,0.0016875055,TRAC(-0.000);PFN1(-0.000);TRBC1(-0.000);TRBC2(-0.000);JUN(-0.000);CD3D(-0.000);FOXP1(-0.000);LEF1(-0.000),CCL5(+0.001);B2M(+0.001);HLA-B(+0.000);MBNL1(+0.000);CYBA(+0.000);RPL13(+0.000);ACTB(+0.000);PTPRC(+0.000)
SOD1,False,0.30251322030202255,5.6199874e-06,0.0036826725,-8.3388026e-05,CCL5(-0.000);PLCB1(-0.000);MYO1F(-0.000);AOAH(-0.000);S100A4(-0.000);A2M(-0.000);ACTG1(-0.000);ACTB(-0.000),LEF1(+0.001);MAML2(+0.001);BACH2(+0.001);FOXP1(+0.001);SERINC5(+0.000);FHIT(+0.000);PRKCA(+0.000);PDE3B(+0.000)
EEF1D,False,0.4947936542550293,4.543166e-05,0.003681465,6.430048e-05,LEF1(-0.001);BACH2(-0.001);MAML2(-0.000);FOXP1(-0.000);FHIT(-0.000);SERINC5(-0.000);PRKCA(-0.000);PDE3B(-0.000),IL32(+0.000);S100A4(+0.000);PHACTR2(+0.000);PLCB1(+0.000);A2M(+0.000);CCL5(+0.000);ACTB(+0.000);PFN1(+0.000)
RNMT,False,0.19691435424957748,1.0235185e-05,0.0036793973,-6.652553e-05,CCL5(-0.000);AOAH(-0.000);PLCB1(-0.000);GNLY(-0.000);MYO1F(-0.000);RAP1GAP2(-0.000);A2M(-0.000);SYNE1(-0.000),LEF1(+0.001);MAML2(+0.001);BACH2(+0.001);FOXP1(+0.000);SERINC5(+0.000);CAMK4(+0.000);FHIT(+0.000);PDE3B(+0.000)
HNRNPDL,False,0.47653055661560273,-1.1425634e-05,0.0036793065,-0.00020966699,CCL5(-0.000);PLCB1(-0.000);AOAH(-0.000);ACTB(-0.000);ACTG1(-0.000);MYO1F(-0.000);S100A4(-0.000);RAP1GAP2(-0.000),LEF1(+0.001);MAML2(+0.001);BACH2(+0.001);FOXP1(+0.001);SERINC5(+0.000);CAMK4(+0.000);PDE3B(+0.000);FHIT(+0.000)
ELOVL5,False,0.27939813552853954,-3.664152e-05,0.0036769405,-0.00010853265,AOAH(-0.000);CCL5(-0.000);PLCB1(-0.000);MYO1F(-0.000);RAP1GAP2(-0.000);GNLY(-0.000);SYNE1(-0.000);SAMD3(-0.000),LEF1(+0.001);MAML2(+0.001);FOXP1(+0.000);BACH2(+0.000);CAMK4(+0.000);SERINC5(+0.000);PDE3B(+0.000);FHIT(+0.000)
LINC00342,False,0.32579185520361986,-4.737243e-05,0.0036667436,9.612663e-05,BACH2(-0.000);KCNQ5(-0.000);TXK(-0.000);MAML2(-0.000);ZBTB20(-0.000);LEF1(-0.000);FOXP1(-0.000);CD247(-0.000),IL32(+0.001);PHACTR2(+0.000);S100A4(+0.000);LTB(+0.000);RPL11(+0.000);IL7R(+0.000);RPL28(+0.000);ACTB(+0.000)
L3MBTL3,False,0.28266913809082483,1.445012e-05,0.0036606393,9.731908e-05,GNLY(-0.001);AOAH(-0.001);RAP1GAP2(-0.000);JAZF1(-0.000);MCTP2(-0.000);SAMD3(-0.000);TGFBR3(-0.000);SYNE1(-0.000),CAMK4(+0.000);LEF1(+0.000);IL7R(+0.000);LTB(+0.000);BCL11B(+0.000);SERINC5(+0.000);MAML2(+0.000);BCL2(+0.000)
YWHAG,False,0.12533391484489997,-6.2290133e-06,0.0036534858,-2.1915761e-05,AOAH(-0.000);CCL5(-0.000);GNLY(-0.000);RAP1GAP2(-0.000);MYO1F(-0.000);MCTP2(-0.000);TGFBR3(-0.000);PLCB1(-0.000),LEF1(+0.001);MAML2(+0.000);CAMK4(+0.000);BACH2(+0.000);FOXP1(+0.000);SERINC5(+0.000);PDE3B(+0.000);FHIT(+0.000)
NAP1L4,False,0.5525268494793656,2.635816e-05,0.003652254,-0.00031304613,AOAH(-0.001);CCL5(-0.000);RAP1GAP2(-0.000);JAZF1(-0.000);SYNE1(-0.000);CD247(-0.000);SAMD3(-0.000);MYO1F(-0.000),LEF1(+0.000);CAMK4(+0.000);TRAC(+0.000);SERINC5(+0.000);LTB(+0.000);PDE3B(+0.000);FOXP1(+0.000);BCL11B(+0.000)
POU6F1,True,0.0766504933762198,0.0,0.0036487505,0.0014110116,TRBC1(-0.000);TRAC(-0.000);JUN(-0.000);FOXP1(-0.000);FOS(-0.000);LEF1(-0.000);TRBC2(-0.000);HCST(-0.000),B2M(+0.001);CCL5(+0.001);HLA-B(+0.001);ACTB(+0.001);RPS2(+0.000);RPL13(+0.000);TMSB4X(+0.000);EEF1A1(+0.000)
DDX5,False,0.7352123425830019,-2.655371e-05,0.0036456268,-0.00017811869,GNLY(-0.001);CCL5(-0.000);AOAH(-0.000);MCTP2(-0.000);CTSW(-0.000);RAP1GAP2(-0.000);TGFBR3(-0.000);MYO1F(-0.000),LEF1(+0.001);MAML2(+0.001);FOXP1(+0.000);CAMK4(+0.000);BACH2(+0.000);SERINC5(+0.000);PDE3B(+0.000);INPP4B(+0.000)
TMEM123,False,0.40582238456086794,2.1068648e-05,0.0036426154,-0.00011004982,PHACTR2(-0.001);IL32(-0.001);A2M(-0.000);PLCB1(-0.000);IL7R(-0.000);S100A4(-0.000);LTB(-0.000);KLRG1(-0.000),LEF1(+0.000);BACH2(+0.000);FOXP1(+0.000);MAML2(+0.000);FHIT(+0.000);KCNQ5(+0.000);PRKCA(+0.000);SERINC5(+0.000)
UBXN4,False,0.38058114812189936,-2.7984237e-05,0.0036396964,0.0001059319,CAMK4(-0.001);IL7R(-0.000);LTB(-0.000);LEF1(-0.000);BCL2(-0.000);BCL11B(-0.000);MAML2(-0.000);SERINC5(-0.000),AOAH(+0.000);RAP1GAP2(+0.000);JAZF1(+0.000);GNLY(+0.000);SAMD3(+0.000);CD247(+0.000);SYNE1(+0.000);VAV3(+0.000)
SAMSN1,False,0.19516981954969198,-2.7335358e-05,0.0036385467,5.098557e-05,PFN1(-0.000);S100A4(-0.000);ACTG1(-0.000);PLCB1(-0.000);CCL5(-0.000);ACTB(-0.000);MYO1F(-0.000);A2M(-0.000),LEF1(+0.001);MAML2(+0.001);BACH2(+0.001);FOXP1(+0.001);SERINC5(+0.000);FHIT(+0.000);PRKCA(+0.000);PDE3B(+0.000)
SNX6,False,0.278689418306711,-1.4889002e-05,0.0036384752,-7.486938e-05,CCL5(-0.000);AOAH(-0.000);PLCB1(-0.000);MYO1F(-0.000);RAP1GAP2(-0.000);A2M(-0.000);PPP2R2B(-0.000);GNLY(-0.000),LEF1(+0.001);MAML2(+0.001);BACH2(+0.001);FOXP1(+0.001);SERINC5(+0.000);CAMK4(+0.000);PDE3B(+0.000);FHIT(+0.000)
RALY,False,0.410347271438696,-0.00015315606,0.0036370677,2.3575607e-05,BACH2(-0.000);KCNQ5(-0.000);LEF1(-0.000);CD247(-0.000);SMC4(-0.000);ATP10A(-0.000);MAPRE2(-0.000);TFDP2(-0.000),PHACTR2(+0.001);IL32(+0.001);IL7R(+0.001);LTB(+0.000);A2M(+0.000);GZMK(+0.000);PLCB1(+0.000);S100A4(+0.000)
SUZ12,False,0.2813062203565393,1.03790635e-05,0.0036329648,-0.00012368425,CCL5(-0.000);PLCB1(-0.000);AOAH(-0.000);A2M(-0.000);MYO1F(-0.000);RAP1GAP2(-0.000);S100A4(-0.000);NCALD(-0.000),LEF1(+0.001);BACH2(+0.001);MAML2(+0.001);FOXP1(+0.001);SERINC5(+0.000);FHIT(+0.000);PDE3B(+0.000);PRKCA(+0.000)
PAK2,False,0.29351796325573787,-2.5651134e-05,0.003627761,-7.411295e-06,AOAH(-0.000);CD247(-0.000);JAZF1(-0.000);KCNQ5(-0.000);TXK(-0.000);SFMBT2(-0.000);FNDC3B(-0.000);ZBTB20(-0.000),IL32(+0.001);PHACTR2(+0.000);LTB(+0.000);S100A4(+0.000);IL7R(+0.000);RPL11(+0.000);RPL28(+0.000);RPS18(+0.000)
NFKBIA,False,0.2061276781333479,-6.854327e-05,0.0036256765,-1.5260643e-05,CCL5(-0.000);PLCB1(-0.000);GNLY(-0.000);PFN1(-0.000);S100A4(-0.000);MYO1F(-0.000);AOAH(-0.000);ACTB(-0.000),LEF1(+0.001);MAML2(+0.001);BACH2(+0.001);FOXP1(+0.001);SERINC5(+0.000);PRKCA(+0.000);FHIT(+0.000);PDE3B(+0.000)
S100A11,False,0.2721474131821403,-8.804952e-05,0.0036213985,-2.373007e-05,CCL5(-0.000);PLCB1(-0.000);S100A4(-0.000);A2M(-0.000);MYO1F(-0.000);IL32(-0.000);PHACTR2(-0.000);ACTG1(-0.000),LEF1(+0.001);BACH2(+0.001);MAML2(+0.001);FOXP1(+0.001);SERINC5(+0.000);FHIT(+0.000);PRKCA(+0.000);PDE3B(+0.000)
USP48,False,0.31865016627596354,-5.0585575e-05,0.0036193545,0.00013072365,CD247(-0.000);KCNQ5(-0.000);JAZF1(-0.000);TFDP2(-0.000);AOAH(-0.000);MCTP2(-0.000);SFMBT2(-0.000);MAPRE2(-0.000),IL32(+0.001);IL7R(+0.001);PHACTR2(+0.001);LTB(+0.000);RPL11(+0.000);S100A4(+0.000);RPS18(+0.000);RPL28(+0.000)
EXOC6,False,0.1911355830562067,-5.6680467e-05,0.0036190497,-3.0050129e-05,LEF1(-0.001);BACH2(-0.001);MAML2(-0.001);FOXP1(-0.001);SERINC5(-0.000);FHIT(-0.000);PRKCA(-0.000);PDE3B(-0.000),PLCB1(+0.000);S100A4(+0.000);CCL5(+0.000);A2M(+0.000);IL32(+0.000);PHACTR2(+0.000);PFN1(+0.000);MYO1F(+0.000)
CHD2,False,0.6871831216267787,-4.9461483e-05,0.0036175633,0.0002194808,LEF1(-0.000);BACH2(-0.000);MAML2(-0.000);FOXP1(-0.000);FHIT(-0.000);PRKCA(-0.000);SERINC5(-0.000);ZBTB20(-0.000),IL32(+0.001);S100A4(+0.001);PHACTR2(+0.000);ACTB(+0.000);PFN1(+0.000);ACTG1(+0.000);A2M(+0.000);TMSB4X(+0.000)
ACAP2,False,0.4535790219702339,-0.00013423918,0.0036167735,-8.745961e-05,CD247(-0.000);KCNQ5(-0.000);JAZF1(-0.000);MCTP2(-0.000);TFDP2(-0.000);TXK(-0.000);SFMBT2(-0.000);AOAH(-0.000),IL32(+0.001);PHACTR2(+0.001);IL7R(+0.000);LTB(+0.000);GZMK(+0.000);S100A4(+0.000);RPL11(+0.000);RPL28(+0.000)
TTC39B,False,0.24679714332442895,-5.9806178e-05,0.0036143085,7.229903e-05,BACH2(-0.000);LEF1(-0.000);KCNQ5(-0.000);FOXP1(-0.000);MAML2(-0.000);TXK(-0.000);CD247(-0.000);ATP10A(-0.000),IL32(+0.001);PHACTR2(+0.001);S100A4(+0.000);GZMK(+0.000);LTB(+0.000);IL7R(+0.000);A2M(+0.000);RPL11(+0.000)
KIF16B,False,0.11312217194570134,-1.7718732e-05,0.0036103835,-1.2532384e-05,LEF1(-0.001);MAML2(-0.001);BACH2(-0.000);FOXP1(-0.000);CAMK4(-0.000);SERINC5(-0.000);PDE3B(-0.000);FHIT(-0.000),AOAH(+0.000);CCL5(+0.000);PLCB1(+0.000);MYO1F(+0.000);RAP1GAP2(+0.000);SYNE1(+0.000);A2M(+0.000);SAMD3(+0.000)
FBXW4,False,0.2827236548001963,7.572585e-06,0.0036071425,-3.689081e-05,PLCB1(-0.001);A2M(-0.000);PHACTR2(-0.000);S100A4(-0.000);CCL5(-0.000);MYO1F(-0.000);AOAH(-0.000);IL32(-0.000),LEF1(+0.001);BACH2(+0.001);MAML2(+0.001);FOXP1(+0.001);SERINC5(+0.000);FHIT(+0.000);PRKCA(+0.000);PDE3B(+0.000)
MGAT4A,False,0.5401515564520526,1.2399649e-05,0.0036040477,-0.0003059472,IL32(-0.001);PHACTR2(-0.000);S100A4(-0.000);A2M(-0.000);PLCB1(-0.000);HLA-B(-0.000);KLRG1(-0.000);B2M(-0.000),LEF1(+0.001);BACH2(+0.000);FOXP1(+0.000);MAML2(+0.000);FHIT(+0.000);PRKCA(+0.000);SERINC5(+0.000);KCNQ5(+0.000)
RPL23,False,0.6347380472114703,-1.6180158e-05,0.0036037422,-0.00013448989,LEF1(-0.000);BACH2(-0.000);FOXP1(-0.000);MAML2(-0.000);KCNQ5(-0.000);FHIT(-0.000);TXK(-0.000);PRKCA(-0.000),IL32(+0.001);PHACTR2(+0.001);A2M(+0.000);CCL5(+0.000);PLCB1(+0.000);GZMK(+0.000);S100A4(+0.000);GNLY(+0.000)
CWF19L2,False,0.44447473150520644,2.0520385e-05,0.0035995236,-0.00017201118,CCL5(-0.000);ACTG1(-0.000);RAP1GAP2(-0.000);AOAH(-0.000);ACTB(-0.000);MCTP2(-0.000);MYO1F(-0.000);GNLY(-0.000),LEF1(+0.001);MAML2(+0.001);CAMK4(+0.000);FOXP1(+0.000);BACH2(+0.000);SERINC5(+0.000);BCL2(+0.000);PDE3B(+0.000)
CHD9,False,0.16502207926729542,-0.000111860514,0.0035960488,7.4847914e-05,CCL5(-0.000);PLCB1(-0.000);A2M(-0.000);AOAH(-0.000);MYO1F(-0.000);GNLY(-0.000);S100A4(-0.000);CTSW(-0.000),LEF1(+0.001);BACH2(+0.001);MAML2(+0.001);FOXP1(+0.000);SERINC5(+0.000);FHIT(+0.000);PRKCA(+0.000);PDE3B(+0.000)
HCST,False,0.22782532846317397,-0.00023843783,0.0035953547,-1.9342362e-05,PLCB1(-0.000);S100A4(-0.000);CCL5(-0.000);IL32(-0.000);A2M(-0.000);PHACTR2(-0.000);PFN1(-0.000);ACTB(-0.000),LEF1(+0.001);BACH2(+0.001);MAML2(+0.001);FOXP1(+0.001);SERINC5(+0.000);FHIT(+0.000);PRKCA(+0.000);PDE3B(+0.000)
NSD2,False,0.11366733903941557,-3.6677295e-06,0.0035949026,-1.1250479e-05,AOAH(-0.000);JAZF1(-0.000);RAP1GAP2(-0.000);CD247(-0.000);SAMD3(-0.000);MCTP2(-0.000);SYNE1(-0.000);VAV3(-0.000),IL7R(+0.000);CAMK4(+0.000);LTB(+0.000);IL32(+0.000);BCL2(+0.000);BCL11B(+0.000);LEF1(+0.000);RPL11(+0.000)
EP400,False,0.25819113558305623,-2.6674115e-05,0.003593418,-5.1130282e-05,LEF1(-0.001);MAML2(-0.001);BACH2(-0.001);FOXP1(-0.000);SERINC5(-0.000);FHIT(-0.000);CAMK4(-0.000);PDE3B(-0.000),CCL5(+0.000);AOAH(+0.000);PLCB1(+0.000);MYO1F(+0.000);GNLY(+0.000);A2M(+0.000);RAP1GAP2(+0.000);SYNE1(+0.000)
PARP4,False,0.3171236984135638,-5.872701e-05,0.003592144,-2.5295236e-05,CCL5(-0.001);AOAH(-0.001);PLCB1(-0.001);GNLY(-0.000);A2M(-0.000);MYO1F(-0.000);CTSW(-0.000);PPP2R2B(-0.000),LEF1(+0.001);BACH2(+0.000);FOXP1(+0.000);MAML2(+0.000);SERINC5(+0.000);FHIT(+0.000);CAMK4(+0.000);PDE3B(+0.000)
ASH1L,False,0.6926893092732924,-2.1878726e-05,0.0035890616,-0.000266115,CD247(-0.000);AOAH(-0.000);JAZF1(-0.000);MCTP2(-0.000);RAP1GAP2(-0.000);KCNQ5(-0.000);GNLY(-0.000);TFDP2(-0.000),IL7R(+0.000);LTB(+0.000);IL32(+0.000);PHACTR2(+0.000);CAMK4(+0.000);TRAC(+0.000);BCL2(+0.000);THEMIS(+0.000)
HDAC7,False,0.21206999945483293,1.3384304e-05,0.0035886432,-2.7519965e-05,AOAH(-0.000);GNLY(-0.000);PLCB1(-0.000);CCL5(-0.000);MYO1F(-0.000);RAP1GAP2(-0.000);A2M(-0.000);SYNE1(-0.000),LEF1(+0.001);MAML2(+0.001);BACH2(+0.000);FOXP1(+0.000);SERINC5(+0.000);CAMK4(+0.000);PDE3B(+0.000);FHIT(+0.000)
SFXN1,False,0.24036417161860113,4.0893887e-05,0.0035840694,3.4719374e-06,PLCB1(-0.000);S100A4(-0.000);A2M(-0.000);CCL5(-0.000);PFN1(-0.000);PHACTR2(-0.000);IL32(-0.000);MYO1F(-0.000),LEF1(+0.001);BACH2(+0.001);MAML2(+0.001);FOXP1(+0.001);SERINC5(+0.000);FHIT(+0.000);PRKCA(+0.000);PDE3B(+0.000)
OSBPL8,False,0.5336640680368534,2.5834615e-06,0.003582851,5.384232e-05,PFN1(-0.000);ACTG1(-0.000);S100A4(-0.000);PLCB1(-0.000);ACTB(-0.000);MYO1F(-0.000);CCL5(-0.000);AOAH(-0.000),LEF1(+0.001);MAML2(+0.001);BACH2(+0.001);FOXP1(+0.001);SERINC5(+0.000);PRKCA(+0.000);PDE3B(+0.000);FHIT(+0.000)
SP140,False,0.1491032001308401,-6.6443856e-05,0.003580048,-5.603115e-05,CCL5(-0.000);PLCB1(-0.000);AOAH(-0.000);GNLY(-0.000);MYO1F(-0.000);S100A4(-0.000);A2M(-0.000);ACTG1(-0.000),LEF1(+0.001);MAML2(+0.001);BACH2(+0.001);FOXP1(+0.001);SERINC5(+0.000);FHIT(+0.000);PDE3B(+0.000);PRKCA(+0.000)
NCOA7,False,0.25508368314888513,-1.4939136e-05,0.0035777343,-4.2995085e-05,LEF1(-0.001);MAML2(-0.001);CAMK4(-0.000);BACH2(-0.000);FOXP1(-0.000);SERINC5(-0.000);BCL2(-0.000);IL7R(-0.000),AOAH(+0.000);RAP1GAP2(+0.000);ACTG1(+0.000);PFN1(+0.000);MYO1F(+0.000);ACTB(+0.000);SAMD3(+0.000);JAZF1(+0.000)
RPL18A,False,0.7973068745570518,-0.00017381953,0.0035729727,-0.00042315453,LEF1(-0.001);BACH2(-0.000);FHIT(-0.000);SERINC5(-0.000);EEF1A1(-0.000);FOXP1(-0.000);PDE3B(-0.000);SELL(-0.000),AOAH(+0.001);PLCB1(+0.001);A2M(+0.000);PARP8(+0.000);PZP(+0.000);ARHGAP26(+0.000);MYO1F(+0.000);MYBL1(+0.000)
AMBRA1,False,0.3136891457231642,-1.7361468e-05,0.0035721501,0.00013785204,LEF1(-0.001);BACH2(-0.001);FOXP1(-0.001);MAML2(-0.000);SERINC5(-0.000);FHIT(-0.000);PRKCA(-0.000);PDE3B(-0.000),PLCB1(+0.001);A2M(+0.000);CCL5(+0.000);AOAH(+0.000);MYO1F(+0.000);PHACTR2(+0.000);PARP8(+0.000);KLRG1(+0.000)
PRIM2,False,0.20100310745243416,-8.376991e-05,0.0035684,-0.00012987132,GNLY(-0.000);AOAH(-0.000);MCTP2(-0.000);JAZF1(-0.000);CD247(-0.000);RAP1GAP2(-0.000);TGFBR3(-0.000);SAMD3(-0.000),LTB(+0.000);IL32(+0.000);IL7R(+0.000);CAMK4(+0.000);TRAC(+0.000);PHACTR2(+0.000);RPL11(+0.000);RPL30(+0.000)
MYO9B,False,0.266423158698141,3.8753704e-05,0.0035630558,-0.00013188292,LEF1(-0.001);BACH2(-0.001);MAML2(-0.000);FOXP1(-0.000);FHIT(-0.000);SERINC5(-0.000);PRKCA(-0.000);PDE3B(-0.000),PLCB1(+0.001);A2M(+0.000);PHACTR2(+0.000);CCL5(+0.000);IL32(+0.000);S100A4(+0.000);KLRG1(+0.000);PARP8(+0.000)
ITGAL,False,0.31510658016682114,-0.00020704782,0.0035622595,-5.6138147e-06,AOAH(-0.000);GNLY(-0.000);MCTP2(-0.000);JAZF1(-0.000);RAP1GAP2(-0.000);TGFBR3(-0.000);CD247(-0.000);SAMD3(-0.000),IL7R(+0.000);CAMK4(+0.000);LTB(+0.000);IL32(+0.000);RPL11(+0.000);BCL11B(+0.000);RPS18(+0.000);BCL2(+0.000)
PRRC2B,False,0.4150902251540098,-5.8887785e-05,0.0035611554,-7.5822434e-05,MAML2(-0.000);BACH2(-0.000);LEF1(-0.000);ZBTB20(-0.000);FOXP1(-0.000);TXK(-0.000);KCNQ5(-0.000);PRKCA(-0.000),IL32(+0.001);S100A4(+0.000);PFN1(+0.000);ACTB(+0.000);ACTG1(+0.000);TMSB10(+0.000);PHACTR2(+0.000);TMSB4X(+0.000)
DAAM1,False,0.12184484544512895,0.0,0.0035596893,3.650003e-05,S100A4(-0.000);PLCB1(-0.000);CCL5(-0.000);PFN1(-0.000);IL32(-0.000);A2M(-0.000);PHACTR2(-0.000);ACTB(-0.000),LEF1(+0.001);BACH2(+0.001);MAML2(+0.001);FOXP1(+0.001);SERINC5(+0.000);FHIT(+0.000);PRKCA(+0.000);PDE3B(+0.000)
RTKN2,False,0.060349997274164534,-4.3266216e-05,0.003554614,2.7156134e-06,LEF1(-0.001);MAML2(-0.001);BACH2(-0.001);FOXP1(-0.001);SERINC5(-0.000);FHIT(-0.000);PRKCA(-0.000);PDE3B(-0.000),CCL5(+0.000);PLCB1(+0.000);A2M(+0.000);MYO1F(+0.000);AOAH(+0.000);S100A4(+0.000);PFN1(+0.000);GNLY(+0.000)
RPL7A,False,0.7644332988060842,-0.00019516592,0.0035481476,-0.00039098394,ACTB(-0.001);IL32(-0.000);S100A4(-0.000);RPL11(-0.000);ACTG1(-0.000);RPS2(-0.000);TMSB4X(-0.000);B2M(-0.000),AOAH(+0.000);ZBTB20(+0.000);MAML2(+0.000);JAZF1(+0.000);FOXP1(+0.000);UTRN(+0.000);BACH2(+0.000);TXK(+0.000)
LITAF,False,0.24701521016191463,-0.00014557032,0.0035433008,8.48868e-05,AOAH(-0.000);PLCB1(-0.000);CCL5(-0.000);MYO1F(-0.000);RAP1GAP2(-0.000);A2M(-0.000);SAMD3(-0.000);SYNE1(-0.000),LEF1(+0.001);MAML2(+0.001);BACH2(+0.000);FOXP1(+0.000);SERINC5(+0.000);CAMK4(+0.000);PDE3B(+0.000);FHIT(+0.000)
SRRM1,False,0.3487433898489888,-2.1098806e-05,0.0035387273,-7.885325e-05,S100A4(-0.000);PLCB1(-0.000);IL32(-0.000);A2M(-0.000);PFN1(-0.000);PHACTR2(-0.000);ACTB(-0.000);CCL5(-0.000),LEF1(+0.001);BACH2(+0.001);MAML2(+0.001);FOXP1(+0.001);SERINC5(+0.000);FHIT(+0.000);PRKCA(+0.000);PDE3B(+0.000)
GCC2,False,0.46382816333206134,-9.753052e-05,0.0035384155,-6.917118e-05,IL7R(-0.001);CAMK4(-0.000);LEF1(-0.000);BCL2(-0.000);MAML2(-0.000);LTB(-0.000);BCL11B(-0.000);INPP4B(-0.000),RAP1GAP2(+0.000);ACTG1(+0.000);AOAH(+0.000);JAZF1(+0.000);PFN1(+0.000);ACTB(+0.000);MCTP2(+0.000);SAMD3(+0.000)
RPL7,False,0.5169819549691981,-0.000107167245,0.003537759,-0.000111699825,LEF1(-0.001);CAMK4(-0.000);MAML2(-0.000);BACH2(-0.000);SERINC5(-0.000);FOXP1(-0.000);PDE3B(-0.000);FHIT(-0.000),AOAH(+0.001);PLCB1(+0.000);RAP1GAP2(+0.000);MYO1F(+0.000);JAZF1(+0.000);SYNE1(+0.000);SAMD3(+0.000);A2M(+0.000)
VSIR,False,0.2433625906340293,1.6897993e-05,0.003535295,0.00011804873,LEF1(-0.001);BACH2(-0.001);MAML2(-0.001);FOXP1(-0.001);SERINC5(-0.000);FHIT(-0.000);PRKCA(-0.000);PDE3B(-0.000),PLCB1(+0.000);A2M(+0.000);S100A4(+0.000);CCL5(+0.000);MYO1F(+0.000);AOAH(+0.000);PHACTR2(+0.000);ACTB(+0.000)
CREB3L2,True,0.13143978629449926,-4.3289085e-05,0.0035351124,-0.00036039713,CCL5(-0.001);S100A4(-0.000);IL32(-0.000);PLCB1(-0.000);ACTB(-0.000);PHACTR2(-0.000);A2M(-0.000);B2M(-0.000),LEF1(+0.001);BACH2(+0.001);MAML2(+0.000);FOXP1(+0.000);SERINC5(+0.000);FHIT(+0.000);PRKCA(+0.000);PDE3B(+0.000)
TRBC2,False,0.5605408057569645,-8.417277e-05,0.0035329598,-0.00018020667,LEF1(-0.001);CAMK4(-0.000);SERINC5(-0.000);BACH2(-0.000);MAML2(-0.000);PDE3B(-0.000);FOXP1(-0.000);FHIT(-0.000),AOAH(+0.001);CCL5(+0.000);PLCB1(+0.000);GNLY(+0.000);CTSW(+0.000);RAP1GAP2(+0.000);MYO1F(+0.000);TGFBR3(+0.000)
XBP1,True,0.25595595049882786,4.6366284e-05,0.0035314616,0.0011738377,PFN1(-0.000);TRAC(-0.000);GZMK(-0.000);PHACTR2(-0.000);TRBC2(-0.000);TRBC1(-0.000);CD3D(-0.000);IL32(-0.000),B2M(+0.001);MBNL1(+0.000);ARHGAP15(+0.000);PTPRC(+0.000);CCL5(+0.000);HLA-B(+0.000);RIPOR2(+0.000);ACTB(+0.000)
TFDP2,False,0.1953878863871777,1.9897523e-05,0.0035312665,6.173554e-05,LEF1(-0.001);MAML2(-0.001);BACH2(-0.001);FOXP1(-0.001);SERINC5(-0.000);FHIT(-0.000);PRKCA(-0.000);PDE3B(-0.000),PLCB1(+0.000);CCL5(+0.000);A2M(+0.000);S100A4(+0.000);AOAH(+0.000);MYO1F(+0.000);PFN1(+0.000);PHACTR2(+0.000)
AP2B1,False,0.28997437714659546,-2.8331515e-05,0.0035301053,-7.090922e-05,CCL5(-0.000);PLCB1(-0.000);AOAH(-0.000);MYO1F(-0.000);A2M(-0.000);S100A4(-0.000);RAP1GAP2(-0.000);ACTG1(-0.000),LEF1(+0.001);MAML2(+0.001);BACH2(+0.001);FOXP1(+0.001);SERINC5(+0.000);FHIT(+0.000);PDE3B(+0.000);PRKCA(+0.000)
UBE2H,False,0.3037125879081939,8.166233e-06,0.0035277235,-7.878867e-05,CCL5(-0.000);PLCB1(-0.000);S100A4(-0.000);A2M(-0.000);IL32(-0.000);ACTB(-0.000);PHACTR2(-0.000);ACTG1(-0.000),LEF1(+0.001);BACH2(+0.001);MAML2(+0.001);FOXP1(+0.001);SERINC5(+0.000);FHIT(+0.000);PRKCA(+0.000);PDE3B(+0.000)
RAB6A,False,0.18459357793163605,-5.031137e-05,0.00352639,-2.5263125e-05,RAP1GAP2(-0.000);ACTG1(-0.000);AOAH(-0.000);GNLY(-0.000);ACTB(-0.000);MCTP2(-0.000);JAZF1(-0.000);SAMD3(-0.000),LEF1(+0.001);CAMK4(+0.000);MAML2(+0.000);IL7R(+0.000);BCL2(+0.000);FOXP1(+0.000);BCL11B(+0.000);SERINC5(+0.000)
AL031280.1,False,0.11508477348307256,0.0,0.0035251637,4.0251063e-05,LEF1(-0.001);MAML2(-0.001);BACH2(-0.001);FOXP1(-0.001);SERINC5(-0.000);FHIT(-0.000);PDE3B(-0.000);PRKCA(-0.000),PLCB1(+0.000);AOAH(+0.000);MYO1F(+0.000);A2M(+0.000);RAP1GAP2(+0.000);S100A4(+0.000);CCL5(+0.000);PFN1(+0.000)
LARP4B,False,0.3756201275690999,-4.5092993e-06,0.0035231283,-9.005811e-06,LEF1(-0.001);MAML2(-0.001);BACH2(-0.001);FOXP1(-0.000);SERINC5(-0.000);CAMK4(-0.000);PDE3B(-0.000);PRKCA(-0.000),AOAH(+0.000);PLCB1(+0.000);CCL5(+0.000);MYO1F(+0.000);RAP1GAP2(+0.000);PFN1(+0.000);ACTG1(+0.000);A2M(+0.000)
KDM2B,False,0.22270075778226028,-5.8359497e-06,0.0035223083,-6.364669e-05,PLCB1(-0.000);S100A4(-0.000);CCL5(-0.000);A2M(-0.000);PHACTR2(-0.000);IL32(-0.000);PFN1(-0.000);MYO1F(-0.000),LEF1(+0.001);BACH2(+0.001);MAML2(+0.001);FOXP1(+0.001);SERINC5(+0.000);FHIT(+0.000);PRKCA(+0.000);PDE3B(+0.000)
DHX15,False,0.19898598920569152,-2.6984213e-05,0.0035197737,3.9145416e-05,AOAH(-0.000);JAZF1(-0.000);GNLY(-0.000);MCTP2(-0.000);RAP1GAP2(-0.000);CD247(-0.000);SAMD3(-0.000);TGFBR3(-0.000),IL7R(+0.000);LTB(+0.000);CAMK4(+0.000);IL32(+0.000);BCL2(+0.000);RPL11(+0.000);BCL11B(+0.000);RPS18(+0.000)
PSMB9,False,0.38608733576841303,-1.9995006e-05,0.0035142908,0.00014688869,AOAH(-0.001);GNLY(-0.000);RAP1GAP2(-0.000);JAZF1(-0.000);MCTP2(-0.000);SAMD3(-0.000);SYNE1(-0.000);CTSW(-0.000),CAMK4(+0.000);LEF1(+0.000);IL7R(+0.000);LTB(+0.000);BCL11B(+0.000);RPL11(+0.000);SERINC5(+0.000);PDE3B(+0.000)
PAXBP1,False,0.2316414981191736,-5.7377427e-05,0.0035140004,2.604556e-05,LEF1(-0.000);BACH2(-0.000);MAML2(-0.000);FOXP1(-0.000);FHIT(-0.000);PRKCA(-0.000);SERINC5(-0.000);ZBTB20(-0.000),IL32(+0.001);S100A4(+0.000);PHACTR2(+0.000);PLCB1(+0.000);PFN1(+0.000);A2M(+0.000);GZMK(+0.000);ACTB(+0.000)
UBR5,False,0.3212669683257918,-6.235015e-05,0.0035111327,-5.6264562e-05,BACH2(-0.000);TXK(-0.000);ZBTB20(-0.000);MAML2(-0.000);KCNQ5(-0.000);LEF1(-0.000);AOAH(-0.000);FOXP1(-0.000),IL32(+0.001);S100A4(+0.000);PHACTR2(+0.000);PFN1(+0.000);ACTB(+0.000);S100A6(+0.000);ACTG1(+0.000);RPL11(+0.000)
NR2C2,True,0.33195224336259066,-1.0499237e-05,0.0035085382,-0.00017055964,B2M(-0.001);S100A4(-0.000);CCL5(-0.000);HLA-B(-0.000);HLA-A(-0.000);LTB(-0.000);RPL11(-0.000);ACTB(-0.000),LEF1(+0.000);BACH2(+0.000);MAML2(+0.000);CCR7(+0.000);FOXP1(+0.000);SELL(+0.000);FHIT(+0.000);KCNQ5(+0.000)
KIF5B,False,0.2883933925748241,-1.5619296e-05,0.0035028292,2.7265809e-05,LEF1(-0.001);MAML2(-0.001);BACH2(-0.001);FOXP1(-0.001);SERINC5(-0.000);FHIT(-0.000);PRKCA(-0.000);PDE3B(-0.000),PLCB1(+0.000);CCL5(+0.000);AOAH(+0.000);MYO1F(+0.000);A2M(+0.000);PFN1(+0.000);S100A4(+0.000);RAP1GAP2(+0.000)
TBL1X,False,0.4108924385324102,2.1715441e-05,0.003502644,-0.00027726692,PLCB1(-0.001);A2M(-0.000);AOAH(-0.000);CCL5(-0.000);MYO1F(-0.000);PHACTR2(-0.000);S100A4(-0.000);SYNE2(-0.000),LEF1(+0.001);FOXP1(+0.001);BACH2(+0.001);MAML2(+0.001);SERINC5(+0.000);FHIT(+0.000);PRKCA(+0.000);PDE3B(+0.000)
FBXO34,False,0.13939922586272693,-1.1860203e-05,0.0034935041,2.0926518e-06,PLCB1(-0.000);CCL5(-0.000);S100A4(-0.000);A2M(-0.000);MYO1F(-0.000);PFN1(-0.000);ACTG1(-0.000);AOAH(-0.000),LEF1(+0.001);MAML2(+0.001);BACH2(+0.001);FOXP1(+0.001);SERINC5(+0.000);FHIT(+0.000);PRKCA(+0.000);PDE3B(+0.000)
TAGAP,False,0.34743498882407464,-1.0107054e-05,0.0034871306,-1.4868498e-05,ACTG1(-0.000);ACTB(-0.000);PFN1(-0.000);S100A4(-0.000);TMSB4X(-0.000);IL32(-0.000);CORO1A(-0.000);FLNA(-0.000),LEF1(+0.001);MAML2(+0.001);BACH2(+0.000);FOXP1(+0.000);SERINC5(+0.000);PRKCA(+0.000);PDE3B(+0.000);FHIT(+0.000)
MTR,False,0.22946082974431664,-4.3716394e-05,0.0034869504,2.4722474e-05,LEF1(-0.001);MAML2(-0.001);BACH2(-0.001);FOXP1(-0.000);SERINC5(-0.000);CAMK4(-0.000);PDE3B(-0.000);FHIT(-0.000),AOAH(+0.000);CCL5(+0.000);PLCB1(+0.000);MYO1F(+0.000);RAP1GAP2(+0.000);ACTG1(+0.000);PFN1(+0.000);GNLY(+0.000)
AC079781.5,False,0.3075287575641934,-3.0320836e-05,0.0034844212,0.00010992335,LEF1(-0.001);MAML2(-0.001);BACH2(-0.001);FOXP1(-0.001);SERINC5(-0.000);FHIT(-0.000);PRKCA(-0.000);PDE3B(-0.000),PLCB1(+0.000);CCL5(+0.000);A2M(+0.000);S100A4(+0.000);MYO1F(+0.000);AOAH(+0.000);ACTG1(+0.000);ACTB(+0.000)
HSP90AA1,False,0.6559450471569537,1.3260745e-05,0.0034830882,9.789468e-05,GNLY(-0.001);MCTP2(-0.000);AOAH(-0.000);TGFBR3(-0.000);CTSW(-0.000);CCL5(-0.000);JAZF1(-0.000);RAP1GAP2(-0.000),CAMK4(+0.000);IL7R(+0.000);LTB(+0.000);LEF1(+0.000);IL32(+0.000);RPL11(+0.000);BCL11B(+0.000);RPS18(+0.000)
SDCBP,False,0.3433462356212179,-3.718659e-05,0.0034819883,1.0730268e-05,LEF1(-0.001);BACH2(-0.000);MAML2(-0.000);FOXP1(-0.000);SERINC5(-0.000);FHIT(-0.000);PDE3B(-0.000);PRKCA(-0.000),PLCB1(+0.000);AOAH(+0.000);CCL5(+0.000);A2M(+0.000);MYO1F(+0.000);RAP1GAP2(+0.000);ARHGAP26(+0.000);SYNE1(+0.000)
AKAP7,False,0.20214795834923405,3.4217515e-05,0.0034767962,-6.3373795e-06,CCL5(-0.000);PLCB1(-0.000);S100A4(-0.000);MYO1F(-0.000);PFN1(-0.000);ACTG1(-0.000);AOAH(-0.000);ACTB(-0.000),LEF1(+0.001);MAML2(+0.001);BACH2(+0.001);FOXP1(+0.001);SERINC5(+0.000);FHIT(+0.000);PRKCA(+0.000);PDE3B(+0.000)
USF1,True,0.02109796652674045,0.0,0.0034735862,0.0013187265,TRAC(-0.000);TRBC1(-0.000);PFN1(-0.000);JUN(-0.000);HCST(-0.000);TRBC2(-0.000);CD3D(-0.000);FOS(-0.000),B2M(+0.001);HLA-B(+0.000);MBNL1(+0.000);CCL5(+0.000);RPL13(+0.000);ACTB(+0.000);PTPRC(+0.000);EEF1A1(+0.000)
RIC3,False,0.15428228752112522,-3.8676277e-05,0.003473109,1.1463719e-05,LEF1(-0.001);MAML2(-0.001);BACH2(-0.000);FOXP1(-0.000);SERINC5(-0.000);CAMK4(-0.000);PDE3B(-0.000);FHIT(-0.000),AOAH(+0.000);PLCB1(+0.000);MYO1F(+0.000);RAP1GAP2(+0.000);A2M(+0.000);CCL5(+0.000);SYNE1(+0.000);SAMD3(+0.000)
FAM216A,False,0.08324701521016191,0.0,0.003472586,1.9733312e-05,LEF1(-0.001);MAML2(-0.001);BACH2(-0.001);FOXP1(-0.001);SERINC5(-0.000);FHIT(-0.000);PRKCA(-0.000);PDE3B(-0.000),CCL5(+0.000);PLCB1(+0.000);AOAH(+0.000);MYO1F(+0.000);A2M(+0.000);S100A4(+0.000);PFN1(+0.000);ACTG1(+0.000)
EIF1AX,False,0.4234312816878374,-3.874089e-05,0.0034710572,-6.7463814e-05,AOAH(-0.000);CD247(-0.000);JAZF1(-0.000);MCTP2(-0.000);KCNQ5(-0.000);GNLY(-0.000);SFMBT2(-0.000);TXK(-0.000),IL32(+0.001);PHACTR2(+0.000);LTB(+0.000);IL7R(+0.000);S100A4(+0.000);RPL11(+0.000);RPL28(+0.000);RPS18(+0.000)
DECR1,False,0.2908466444965382,-6.469281e-05,0.0034681216,-8.781234e-05,IL32(-0.000);RPL11(-0.000);ACTB(-0.000);TMSB10(-0.000);RPL41(-0.000);EEF1A1(-0.000);S100A4(-0.000);RPL13A(-0.000),AOAH(+0.000);JAZF1(+0.000);UTRN(+0.000);RAP1GAP2(+0.000);SYNE1(+0.000);SAMD3(+0.000);FNDC3B(+0.000);CD247(+0.000)
DCAF10,False,0.13487433898489887,-2.104159e-05,0.0034613532,0.00010769328,LEF1(-0.001);MAML2(-0.001);BACH2(-0.001);FOXP1(-0.001);SERINC5(-0.000);FHIT(-0.000);PRKCA(-0.000);PDE3B(-0.000),CCL5(+0.000);PLCB1(+0.000);S100A4(+0.000);A2M(+0.000);MYO1F(+0.000);ACTB(+0.000);AOAH(+0.000);ACTG1(+0.000)
C15orf41,False,0.12358938014501443,-2.606778e-05,0.0034609677,-1.0902729e-05,LEF1(-0.001);MAML2(-0.001);BACH2(-0.001);FOXP1(-0.000);SERINC5(-0.000);FHIT(-0.000);PRKCA(-0.000);PDE3B(-0.000),S100A4(+0.000);PFN1(+0.000);PLCB1(+0.000);ACTG1(+0.000);ACTB(+0.000);IL32(+0.000);A2M(+0.000);CCL5(+0.000)
CAPN7,False,0.3554489451016737,-2.9091163e-05,0.0034537008,4.4959993e-06,AOAH(-0.001);RAP1GAP2(-0.000);JAZF1(-0.000);CCL5(-0.000);SAMD3(-0.000);SYNE1(-0.000);MYO1F(-0.000);GNLY(-0.000),LEF1(+0.000);CAMK4(+0.000);LTB(+0.000);IL7R(+0.000);SERINC5(+0.000);BCL11B(+0.000);PDE3B(+0.000);MAML2(+0.000)
NCK1,False,0.24096385542168677,7.129296e-06,0.0034521027,1.3084646e-05,LEF1(-0.001);MAML2(-0.001);BACH2(-0.001);FOXP1(-0.000);SERINC5(-0.000);PRKCA(-0.000);PDE3B(-0.000);FHIT(-0.000),CCL5(+0.000);PFN1(+0.000);PLCB1(+0.000);S100A4(+0.000);ACTB(+0.000);ACTG1(+0.000);MYO1F(+0.000);GNLY(+0.000)
GLCCI1,False,0.3495066237801887,-9.623304e-05,0.0034498728,-2.5017078e-05,AOAH(-0.001);CCL5(-0.000);PLCB1(-0.000);GNLY(-0.000);CTSW(-0.000);RAP1GAP2(-0.000);SYNE1(-0.000);JAZF1(-0.000),LEF1(+0.001);CAMK4(+0.000);SERINC5(+0.000);PDE3B(+0.000);FHIT(+0.000);FOXP1(+0.000);BACH2(+0.000);MAML2(+0.000)
PABPC1,False,0.758218393937742,-0.00018918584,0.0034481147,-0.00011510474,IL32(-0.000);RPL11(-0.000);LTB(-0.000);S100A4(-0.000);RPS2(-0.000);RPL41(-0.000);EEF1A1(-0.000);RPL28(-0.000),AOAH(+0.000);JAZF1(+0.000);CD247(+0.000);UTRN(+0.000);RAP1GAP2(+0.000);FNDC3B(+0.000);SAMD3(+0.000);SYNE1(+0.000)
PTPN2,False,0.27078449544785477,-3.0628835e-05,0.00344636,-1.3858946e-05,AOAH(-0.000);RAP1GAP2(-0.000);CCL5(-0.000);PLCB1(-0.000);MYO1F(-0.000);SAMD3(-0.000);JAZF1(-0.000);SYNE1(-0.000),LEF1(+0.001);MAML2(+0.000);CAMK4(+0.000);BACH2(+0.000);FOXP1(+0.000);SERINC5(+0.000);PDE3B(+0.000);FHIT(+0.000)
HNRNPLL,False,0.08248378127896198,-3.4742243e-05,0.0034450716,1.4755755e-05,CCL5(-0.000);AOAH(-0.000);PLCB1(-0.000);MYO1F(-0.000);GNLY(-0.000);TGFBR3(-0.000);RAP1GAP2(-0.000);ACTG1(-0.000),LEF1(+0.001);MAML2(+0.001);BACH2(+0.000);FOXP1(+0.000);SERINC5(+0.000);CAMK4(+0.000);PDE3B(+0.000);FHIT(+0.000)
ATAD5,False,0.10167366297770265,0.0,0.0034445806,7.325204e-06,AOAH(-0.000);JAZF1(-0.000);RAP1GAP2(-0.000);CD247(-0.000);SAMD3(-0.000);VAV3(-0.000);SYNE1(-0.000);GNLY(-0.000),IL32(+0.000);IL7R(+0.000);LTB(+0.000);CAMK4(+0.000);RPL11(+0.000);PHACTR2(+0.000);RPS18(+0.000);RPL30(+0.000)
PHF20L1,False,0.23011503025677374,-2.5022358e-05,0.0034418395,-0.0001179869,AOAH(-0.000);RAP1GAP2(-0.000);PLCB1(-0.000);CCL5(-0.000);MYO1F(-0.000);JAZF1(-0.000);SYNE1(-0.000);SAMD3(-0.000),LEF1(+0.001);CAMK4(+0.000);MAML2(+0.000);FOXP1(+0.000);SERINC5(+0.000);BACH2(+0.000);PDE3B(+0.000);FHIT(+0.000)
NACA,False,0.45674099111377636,-9.989656e-05,0.0034399338,-0.00020261636,IL32(-0.001);PHACTR2(-0.000);S100A4(-0.000);IL7R(-0.000);LTB(-0.000);RPL11(-0.000);RPL28(-0.000);A2M(-0.000),BACH2(+0.000);LEF1(+0.000);KCNQ5(+0.000);FOXP1(+0.000);MAML2(+0.000);TXK(+0.000);ZBTB20(+0.000);ATP10A(+0.000)
RPS9,False,0.7015210161914629,-0.00011359511,0.0034368034,-0.00018536199,LEF1(-0.001);MAML2(-0.001);BACH2(-0.000);CAMK4(-0.000);FOXP1(-0.000);SERINC5(-0.000);PDE3B(-0.000);PRKCA(-0.000),AOAH(+0.000);PLCB1(+0.000);RAP1GAP2(+0.000);MYO1F(+0.000);PFN1(+0.000);SAMD3(+0.000);JAZF1(+0.000);SYNE1(+0.000)
SNX4,False,0.19075396609060677,-9.192522e-05,0.0034297004,8.89862e-05,LEF1(-0.000);BACH2(-0.000);MAML2(-0.000);FOXP1(-0.000);FHIT(-0.000);SERINC5(-0.000);PRKCA(-0.000);ZBTB20(-0.000),IL32(+0.001);PHACTR2(+0.000);S100A4(+0.000);PLCB1(+0.000);A2M(+0.000);ACTB(+0.000);PFN1(+0.000);KLRG1(+0.000)
FAM13B,False,0.30938232568282176,-2.6208081e-05,0.003429385,-0.000114197836,ACTB(-0.000);ACTG1(-0.000);S100A4(-0.000);PLCB1(-0.000);PFN1(-0.000);CCL5(-0.000);MYO1F(-0.000);AOAH(-0.000),LEF1(+0.001);MAML2(+0.001);BACH2(+0.001);FOXP1(+0.001);SERINC5(+0.000);PDE3B(+0.000);PRKCA(+0.000);FHIT(+0.000)
GMCL1,False,0.11873739301095786,-1.827702e-05,0.003429091,2.9886225e-05,LEF1(-0.001);MAML2(-0.001);BACH2(-0.001);FOXP1(-0.000);SERINC5(-0.000);CAMK4(-0.000);PDE3B(-0.000);PRKCA(-0.000),ACTG1(+0.000);PFN1(+0.000);ACTB(+0.000);S100A4(+0.000);PLCB1(+0.000);MYO1F(+0.000);AOAH(+0.000);RAP1GAP2(+0.000)
AC068888.1,False,0.08586381725999018,3.572046e-06,0.0034260456,-3.1684707e-05,PLCB1(-0.000);MYO1F(-0.000);AOAH(-0.000);S100A4(-0.000);CCL5(-0.000);A2M(-0.000);PFN1(-0.000);ACTG1(-0.000),LEF1(+0.001);MAML2(+0.001);BACH2(+0.001);FOXP1(+0.001);SERINC5(+0.000);FHIT(+0.000);PRKCA(+0.000);PDE3B(+0.000)
NRDC,False,0.22793436188191682,1.8535009e-05,0.0034213576,8.175859e-05,LEF1(-0.001);MAML2(-0.001);BACH2(-0.001);FOXP1(-0.000);SERINC5(-0.000);FHIT(-0.000);PRKCA(-0.000);PDE3B(-0.000),CCL5(+0.000);PLCB1(+0.000);S100A4(+0.000);A2M(+0.000);MYO1F(+0.000);ACTG1(+0.000);ACTB(+0.000);PFN1(+0.000)
MAP2K6,False,0.1658943466172382,2.1532624e-05,0.0034204037,-1.8574141e-05,AOAH(-0.000);GNLY(-0.000);CCL5(-0.000);RAP1GAP2(-0.000);MYO1F(-0.000);PLCB1(-0.000);MCTP2(-0.000);JAZF1(-0.000),LEF1(+0.001);CAMK4(+0.000);MAML2(+0.000);FOXP1(+0.000);BACH2(+0.000);SERINC5(+0.000);PDE3B(+0.000);INPP4B(+0.000)
ATF7IP2,False,0.2501771793054572,-9.008063e-05,0.00342017,-0.00018127906,CCL5(-0.000);PHACTR2(-0.000);PLCB1(-0.000);IL32(-0.000);S100A4(-0.000);A2M(-0.000);GZMK(-0.000);KLRG1(-0.000),LEF1(+0.001);BACH2(+0.000);FOXP1(+0.000);MAML2(+0.000);FHIT(+0.000);SERINC5(+0.000);PRKCA(+0.000);PDE3B(+0.000)
ARHGAP5,False,0.19953115629940577,-2.9389248e-05,0.003416159,-4.3308297e-05,LEF1(-0.000);CAMK4(-0.000);IL7R(-0.000);MAML2(-0.000);LTB(-0.000);BCL11B(-0.000);SERINC5(-0.000);BCL2(-0.000),AOAH(+0.000);RAP1GAP2(+0.000);JAZF1(+0.000);SAMD3(+0.000);SYNE1(+0.000);CCL5(+0.000);MYO1F(+0.000);VAV3(+0.000)
MICU2,False,0.4645913972632612,-0.000109102526,0.0034125843,-7.394491e-05,LEF1(-0.000);BACH2(-0.000);MAML2(-0.000);FOXP1(-0.000);ZBTB20(-0.000);FHIT(-0.000);TXK(-0.000);PRKCA(-0.000),IL32(+0.001);PHACTR2(+0.000);S100A4(+0.000);PFN1(+0.000);PLCB1(+0.000);A2M(+0.000);ACTB(+0.000);S100A6(+0.000)
THOC1,False,0.24674262661505747,-1.3704399e-05,0.0034067144,5.124554e-05,LEF1(-0.000);BACH2(-0.000);MAML2(-0.000);FOXP1(-0.000);ZBTB20(-0.000);SERINC5(-0.000);PRKCA(-0.000);TXK(-0.000),IL32(+0.000);S100A4(+0.000);ACTB(+0.000);PFN1(+0.000);PHACTR2(+0.000);ACTG1(+0.000);TMSB4X(+0.000);CORO1A(+0.000)
TLN1,False,0.29907866761162294,-6.0100418e-05,0.0034048161,5.8069272e-05,IL32(-0.001);PHACTR2(-0.000);S100A4(-0.000);LTB(-0.000);IL7R(-0.000);GZMK(-0.000);RPL11(-0.000);RPL28(-0.000),KCNQ5(+0.000);CD247(+0.000);BACH2(+0.000);TXK(+0.000);SFMBT2(+0.000);JAZF1(+0.000);ZBTB20(+0.000);AOAH(+0.000)
ATP2B1,False,0.36073706591070165,-1.57819e-05,0.0034041312,-7.779912e-05,CCL5(-0.000);GNLY(-0.000);AOAH(-0.000);RAP1GAP2(-0.000);MYO1F(-0.000);PLCB1(-0.000);CTSW(-0.000);ACTG1(-0.000),LEF1(+0.001);MAML2(+0.001);BACH2(+0.000);FOXP1(+0.000);CAMK4(+0.000);SERINC5(+0.000);PDE3B(+0.000);PRKCA(+0.000)
COG6,False,0.1444147631248978,-1.7645818e-05,0.0034022417,-2.657951e-05,CAMK4(-0.000);LEF1(-0.000);IL7R(-0.000);LTB(-0.000);BCL11B(-0.000);IL32(-0.000);RPL11(-0.000);SERINC5(-0.000),AOAH(+0.000);JAZF1(+0.000);RAP1GAP2(+0.000);MCTP2(+0.000);SAMD3(+0.000);SYNE1(+0.000);GNLY(+0.000);CD247(+0.000)
DGLUCY,False,0.32846317396281965,-3.0618397e-05,0.0034018466,-6.370365e-05,AOAH(-0.000);CCL5(-0.000);PLCB1(-0.000);RAP1GAP2(-0.000);MYO1F(-0.000);JAZF1(-0.000);SYNE1(-0.000);SAMD3(-0.000),LEF1(+0.001);CAMK4(+0.000);MAML2(+0.000);FOXP1(+0.000);SERINC5(+0.000);BACH2(+0.000);PDE3B(+0.000);FHIT(+0.000)
SEC62,False,0.47091533555034626,-4.887442e-05,0.0034018066,-0.00012681966,IL7R(-0.000);LTB(-0.000);CAMK4(-0.000);IL32(-0.000);RPL11(-0.000);BCL11B(-0.000);RPS18(-0.000);RPL30(-0.000),AOAH(+0.000);JAZF1(+0.000);RAP1GAP2(+0.000);SAMD3(+0.000);CD247(+0.000);VAV3(+0.000);SYNE1(+0.000);FNDC3B(+0.000)
DNMT1,False,0.24069127187482967,-9.045895e-05,0.0033981947,-8.419906e-05,AOAH(-0.000);JAZF1(-0.000);CD247(-0.000);MCTP2(-0.000);RAP1GAP2(-0.000);VAV3(-0.000);GNLY(-0.000);SAMD3(-0.000),IL7R(+0.000);IL32(+0.000);LTB(+0.000);CAMK4(+0.000);PHACTR2(+0.000);RPL11(+0.000);TRAC(+0.000);RPS18(+0.000)
NT5DC1,False,0.23153246470043068,-3.4788838e-05,0.0033981306,-0.00015875495,IL7R(-0.000);CAMK4(-0.000);LTB(-0.000);LEF1(-0.000);IL32(-0.000);RPL11(-0.000);BCL11B(-0.000);RPS2(-0.000),GNLY(+0.000);AOAH(+0.000);MCTP2(+0.000);JAZF1(+0.000);TGFBR3(+0.000);RAP1GAP2(+0.000);CTSW(+0.000);SAMD3(+0.000)
KLF7,True,0.23529411764705882,2.519832e-06,0.0033972329,0.0014378418,JUN(-0.000);FOS(-0.000);TRBC1(-0.000);TRAC(-0.000);HCST(-0.000);TRBC2(-0.000);FOXP1(-0.000);ITGAL(-0.000),IL7R(+0.001);B2M(+0.001);CCL5(+0.000);SYNE2(+0.000);IL32(+0.000);RPL13(+0.000);RPS2(+0.000);EEF1A1(+0.000)
ILF3,False,0.3122717112795072,-6.6591005e-05,0.0033952969,0.00013520116,BACH2(-0.000);LEF1(-0.000);FOXP1(-0.000);MAML2(-0.000);KCNQ5(-0.000);FHIT(-0.000);TXK(-0.000);ATP10A(-0.000),IL32(+0.001);PHACTR2(+0.000);S100A4(+0.000);A2M(+0.000);IL7R(+0.000);PLCB1(+0.000);LTB(+0.000);KLRG1(+0.000)
MDM4,False,0.40593141797961074,-3.9094855e-05,0.0033931711,-6.718815e-05,IL7R(-0.001);LTB(-0.000);CAMK4(-0.000);BCL2(-0.000);IL32(-0.000);BCL11B(-0.000);RPL11(-0.000);RPL13(-0.000),AOAH(+0.000);JAZF1(+0.000);RAP1GAP2(+0.000);CD247(+0.000);SAMD3(+0.000);VAV3(+0.000);STK39(+0.000);DNAJC1(+0.000)
PSMA5,False,0.24058223845608678,-7.584877e-06,0.0033923083,3.757748e-05,CAMK4(-0.000);LEF1(-0.000);LTB(-0.000);IL32(-0.000);RPL11(-0.000);IL7R(-0.000);SERINC5(-0.000);BCL11B(-0.000),AOAH(+0.001);GNLY(+0.000);JAZF1(+0.000);RAP1GAP2(+0.000);CCL5(+0.000);SYNE1(+0.000);SAMD3(+0.000);MCTP2(+0.000)
JARID2,False,0.37104072398190047,2.400865e-05,0.0033899427,-9.500322e-05,LEF1(-0.001);MAML2(-0.001);CAMK4(-0.000);FOXP1(-0.000);BACH2(-0.000);SERINC5(-0.000);IL7R(-0.000);PDE3B(-0.000),PFN1(+0.000);AOAH(+0.000);ACTG1(+0.000);RAP1GAP2(+0.000);MYO1F(+0.000);ACTB(+0.000);CCL5(+0.000);JAZF1(+0.000)
RACK1,False,0.5827291064711335,-0.00016182922,0.0033896402,-0.00026182047,IL7R(-0.000);LTB(-0.000);CAMK4(-0.000);RPL11(-0.000);IL32(-0.000);RPS2(-0.000);RPL13(-0.000);RPS18(-0.000),AOAH(+0.000);JAZF1(+0.000);RAP1GAP2(+0.000);SAMD3(+0.000);VAV3(+0.000);SYNE1(+0.000);UTRN(+0.000);CD247(+0.000)
KIF2A,False,0.48045575969034504,-4.296233e-05,0.0033859822,-6.428159e-05,IL7R(-0.001);BCL2(-0.000);CAMK4(-0.000);LTB(-0.000);MAML2(-0.000);LEF1(-0.000);BCL11B(-0.000);ANK3(-0.000),ACTG1(+0.000);ACTB(+0.000);PFN1(+0.000);GAPDH(+0.000);RAP1GAP2(+0.000);SMC4(+0.000);IFI16(+0.000);TOX(+0.000)
ATF7IP,False,0.5744425666466774,-3.1716245e-05,0.003380989,-0.0001574574,CCL5(-0.001);PHACTR2(-0.000);IL32(-0.000);PLCB1(-0.000);A2M(-0.000);S100A4(-0.000);GZMK(-0.000);IL7R(-0.000),LEF1(+0.000);BACH2(+0.000);FOXP1(+0.000);MAML2(+0.000);FHIT(+0.000);SERINC5(+0.000);PRKCA(+0.000);KCNQ5(+0.000)
C9orf85,False,0.11672027476421523,2.362261e-06,0.00337983,-2.1089101e-05,LEF1(-0.001);MAML2(-0.000);BACH2(-0.000);FOXP1(-0.000);CAMK4(-0.000);SERINC5(-0.000);PDE3B(-0.000);FHIT(-0.000),AOAH(+0.000);CCL5(+0.000);PLCB1(+0.000);MYO1F(+0.000);RAP1GAP2(+0.000);PPP2R2B(+0.000);SAMD3(+0.000);SYNE1(+0.000)
RNF169,False,0.21986588889494632,-2.6475986e-05,0.0033749086,-5.426291e-06,S100A4(-0.000);PLCB1(-0.000);PFN1(-0.000);A2M(-0.000);IL32(-0.000);ACTG1(-0.000);ACTB(-0.000);PHACTR2(-0.000),LEF1(+0.001);BACH2(+0.001);MAML2(+0.001);FOXP1(+0.000);SERINC5(+0.000);FHIT(+0.000);PRKCA(+0.000);PDE3B(+0.000)
BRWD1,False,0.35381344382053104,-9.5062846e-05,0.0033746548,-8.52087e-05,LEF1(-0.001);BACH2(-0.000);MAML2(-0.000);FOXP1(-0.000);FHIT(-0.000);SERINC5(-0.000);PRKCA(-0.000);TXK(-0.000),IL32(+0.000);PHACTR2(+0.000);S100A4(+0.000);PLCB1(+0.000);A2M(+0.000);PFN1(+0.000);KLRG1(+0.000);CCL5(+0.000)
PDE4B,False,0.32840865725344826,-3.8162438e-05,0.0033736355,0.00022939118,LEF1(-0.001);MAML2(-0.000);FOXP1(-0.000);CAMK4(-0.000);BACH2(-0.000);SERINC5(-0.000);PDE3B(-0.000);INPP4B(-0.000),CCL5(+0.000);AOAH(+0.000);GNLY(+0.000);RAP1GAP2(+0.000);MYO1F(+0.000);ACTB(+0.000);PLCB1(+0.000);ACTG1(+0.000)
WASF2,False,0.3912664231586982,-2.9350276e-05,0.0033725924,4.858354e-06,LEF1(-0.001);BACH2(-0.001);MAML2(-0.001);FOXP1(-0.000);SERINC5(-0.000);FHIT(-0.000);PRKCA(-0.000);PDE3B(-0.000),PLCB1(+0.000);AOAH(+0.000);CCL5(+0.000);A2M(+0.000);MYO1F(+0.000);RAP1GAP2(+0.000);PARP8(+0.000);NCALD(+0.000)
BICD1,False,0.2724199967289975,6.6718308e-06,0.0033721977,7.3941075e-05,PLCB1(-0.000);A2M(-0.000);S100A4(-0.000);CCL5(-0.000);MYO1F(-0.000);PFN1(-0.000);AOAH(-0.000);PHACTR2(-0.000),LEF1(+0.001);MAML2(+0.001);BACH2(+0.001);FOXP1(+0.000);SERINC5(+0.000);FHIT(+0.000);PRKCA(+0.000);PDE3B(+0.000)
FOXK1,True,0.2452706754620291,1.7241586e-05,0.0033708042,-0.00084029627,CCL5(-0.001);PLCB1(-0.000);S100A4(-0.000);GNLY(-0.000);MYO1F(-0.000);ACTB(-0.000);CYBA(-0.000);AOAH(-0.000),LEF1(+0.001);MAML2(+0.000);FOXP1(+0.000);BACH2(+0.000);SERINC5(+0.000);FHIT(+0.000);PRKCA(+0.000);PDE3B(+0.000)
SLC44A2,False,0.21010739791746172,-3.0395799e-05,0.0033690347,-4.2629126e-05,LEF1(-0.001);MAML2(-0.001);BACH2(-0.000);FOXP1(-0.000);SERINC5(-0.000);FHIT(-0.000);CAMK4(-0.000);PDE3B(-0.000),CCL5(+0.000);PLCB1(+0.000);AOAH(+0.000);MYO1F(+0.000);A2M(+0.000);RAP1GAP2(+0.000);PPP2R2B(+0.000);CTSW(+0.000)
PTCD3,False,0.21937523851060348,-2.6649068e-05,0.0033680815,8.366104e-05,LEF1(-0.001);BACH2(-0.000);MAML2(-0.000);FOXP1(-0.000);FHIT(-0.000);SERINC5(-0.000);PRKCA(-0.000);PDE3B(-0.000),IL32(+0.000);S100A4(+0.000);PHACTR2(+0.000);PLCB1(+0.000);A2M(+0.000);KLRG1(+0.000);CCL5(+0.000);HLA-B(+0.000)
TLK2,False,0.31494303003870683,-4.344782e-06,0.0033568477,-0.0003206058,IL32(-0.001);S100A4(-0.000);PHACTR2(-0.000);IL7R(-0.000);LTB(-0.000);RPL11(-0.000);B2M(-0.000);RPL28(-0.000),BACH2(+0.000);KCNQ5(+0.000);FOXP1(+0.000);TXK(+0.000);LEF1(+0.000);MAML2(+0.000);AOAH(+0.000);GNLY(+0.000)
MEF2A,True,0.3621545003543586,-5.9175313e-06,0.0033531408,0.0011535634,HCST(-0.000);JUN(-0.000);FOS(-0.000);AOAH(-0.000);TRAC(-0.000);TRBC1(-0.000);HLA-C(-0.000);TRBC2(-0.000),IL7R(+0.000);PTMA(+0.000);RPS2(+0.000);EEF1A1(+0.000);B2M(+0.000);RPLP1(+0.000);RPL13(+0.000);LEF1(+0.000)
MTMR1,False,0.27285613040396883,-2.785774e-05,0.0033527801,2.9158916e-06,LEF1(-0.001);MAML2(-0.000);BACH2(-0.000);FOXP1(-0.000);SERINC5(-0.000);CAMK4(-0.000);PDE3B(-0.000);FHIT(-0.000),AOAH(+0.000);CCL5(+0.000);MYO1F(+0.000);PLCB1(+0.000);RAP1GAP2(+0.000);MCTP2(+0.000);TGFBR3(+0.000);A2M(+0.000)
BTBD7,False,0.24096385542168675,8.109797e-06,0.0033460346,4.6545007e-05,LEF1(-0.000);CAMK4(-0.000);SERINC5(-0.000);PDE3B(-0.000);FOXP1(-0.000);FHIT(-0.000);MAML2(-0.000);BCL11B(-0.000),AOAH(+0.001);PLCB1(+0.000);GNLY(+0.000);RAP1GAP2(+0.000);JAZF1(+0.000);CCL5(+0.000);SYNE1(+0.000);SAMD3(+0.000)
IFT140,False,0.13171236984135637,-3.0846055e-05,0.0033389106,5.9082304e-05,LEF1(-0.001);MAML2(-0.001);BACH2(-0.000);FOXP1(-0.000);SERINC5(-0.000);CAMK4(-0.000);PDE3B(-0.000);FHIT(-0.000),CCL5(+0.000);AOAH(+0.000);PLCB1(+0.000);MYO1F(+0.000);RAP1GAP2(+0.000);A2M(+0.000);ACTG1(+0.000);PFN1(+0.000)
KPNA3,False,0.09496810772501771,-2.5253179e-05,0.0033347083,2.5506113e-06,AOAH(-0.000);PLCB1(-0.000);CCL5(-0.000);MYO1F(-0.000);RAP1GAP2(-0.000);GNLY(-0.000);SAMD3(-0.000);SYNE1(-0.000),LEF1(+0.001);MAML2(+0.000);BACH2(+0.000);FOXP1(+0.000);CAMK4(+0.000);SERINC5(+0.000);PDE3B(+0.000);FHIT(+0.000)
CCDC91,False,0.5830562067273619,4.407191e-05,0.0033337192,8.230436e-05,IL32(-0.000);TMSB10(-0.000);PFN1(-0.000);ACTB(-0.000);S100A4(-0.000);RPL11(-0.000);ACTG1(-0.000);GAPDH(-0.000),AOAH(+0.000);JAZF1(+0.000);TXK(+0.000);ZBTB20(+0.000);CD247(+0.000);UTRN(+0.000);PITPNC1(+0.000);SYNE1(+0.000)
ARHGAP45,False,0.2922095622308237,-4.7533358e-05,0.003332069,-2.0946623e-05,LEF1(-0.001);BACH2(-0.000);MAML2(-0.000);FOXP1(-0.000);FHIT(-0.000);SERINC5(-0.000);PRKCA(-0.000);PDE3B(-0.000),IL32(+0.000);S100A4(+0.000);PHACTR2(+0.000);PLCB1(+0.000);A2M(+0.000);PFN1(+0.000);ACTB(+0.000);ACTG1(+0.000)
ZBTB10,False,0.16256882734558142,-2.4822817e-05,0.0033261976,1.4149417e-05,LEF1(-0.001);MAML2(-0.001);BACH2(-0.001);FOXP1(-0.000);SERINC5(-0.000);FHIT(-0.000);PRKCA(-0.000);PDE3B(-0.000),PLCB1(+0.000);AOAH(+0.000);A2M(+0.000);MYO1F(+0.000);CCL5(+0.000);S100A4(+0.000);RAP1GAP2(+0.000);PFN1(+0.000)
LARP4,False,0.07801341111050537,-6.007209e-06,0.0033246344,1.684827e-05,LEF1(-0.001);CAMK4(-0.000);MAML2(-0.000);FOXP1(-0.000);BACH2(-0.000);SERINC5(-0.000);PDE3B(-0.000);IL7R(-0.000),AOAH(+0.000);RAP1GAP2(+0.000);GNLY(+0.000);MCTP2(+0.000);CCL5(+0.000);TGFBR3(+0.000);MYO1F(+0.000);JAZF1(+0.000)
YWHAZ,False,0.48999618383034405,-1.5249653e-05,0.0033200623,-5.2784097e-05,IL7R(-0.000);LTB(-0.000);CAMK4(-0.000);IL32(-0.000);RPL11(-0.000);BCL2(-0.000);BCL11B(-0.000);RPS18(-0.000),AOAH(+0.000);JAZF1(+0.000);RAP1GAP2(+0.000);CD247(+0.000);SAMD3(+0.000);MCTP2(+0.000);VAV3(+0.000);SYNE1(+0.000)
SEPTIN7,False,0.4358610914245216,-6.9716254e-05,0.0033196118,4.610777e-05,AOAH(-0.000);RAP1GAP2(-0.000);JAZF1(-0.000);SAMD3(-0.000);CCL5(-0.000);SYNE1(-0.000);MYO1F(-0.000);PPP2R2B(-0.000),LEF1(+0.001);CAMK4(+0.000);MAML2(+0.000);IL7R(+0.000);SERINC5(+0.000);FOXP1(+0.000);LTB(+0.000);PDE3B(+0.000)
TRAPPC10,False,0.29875156735539443,-0.00010133127,0.0033193692,-9.612394e-06,MCTP2(-0.000);CD247(-0.000);KCNQ5(-0.000);JAZF1(-0.000);AOAH(-0.000);TGFBR3(-0.000);BACH2(-0.000);TXK(-0.000),IL32(+0.001);PHACTR2(+0.000);LTB(+0.000);IL7R(+0.000);S100A4(+0.000);RPL11(+0.000);GZMK(+0.000);RPL28(+0.000)
SLC30A6,False,0.13749114103472715,-7.2877456e-06,0.0033193524,0.00016261602,LEF1(-0.001);MAML2(-0.001);BACH2(-0.001);FOXP1(-0.001);SERINC5(-0.000);FHIT(-0.000);PRKCA(-0.000);PDE3B(-0.000),PLCB1(+0.000);CCL5(+0.000);A2M(+0.000);S100A4(+0.000);AOAH(+0.000);MYO1F(+0.000);ACTB(+0.000);ACTG1(+0.000)
SPPL2A,False,0.12936815133838522,-3.199754e-05,0.0033160783,-8.169074e-06,AOAH(-0.000);CCL5(-0.000);PLCB1(-0.000);RAP1GAP2(-0.000);MYO1F(-0.000);SAMD3(-0.000);SYNE1(-0.000);JAZF1(-0.000),LEF1(+0.001);MAML2(+0.000);BACH2(+0.000);FOXP1(+0.000);CAMK4(+0.000);SERINC5(+0.000);PDE3B(+0.000);FHIT(+0.000)
MYH9,False,0.55078231477948,-0.00011342936,0.0033118634,9.6676915e-05,PFN1(-0.000);S100A4(-0.000);IL32(-0.000);ACTB(-0.000);ACTG1(-0.000);GAPDH(-0.000);TMSB10(-0.000);CORO1A(-0.000),MAML2(+0.000);BACH2(+0.000);LEF1(+0.000);ZBTB20(+0.000);FOXP1(+0.000);TXK(+0.000);SERINC5(+0.000);PRKCA(+0.000)
PGAP1,False,0.06618328517690673,0.0,0.0033103358,2.529174e-05,PLCB1(-0.000);CCL5(-0.000);S100A4(-0.000);PFN1(-0.000);MYO1F(-0.000);ACTG1(-0.000);A2M(-0.000);ACTB(-0.000),LEF1(+0.001);MAML2(+0.001);BACH2(+0.001);FOXP1(+0.000);SERINC5(+0.000);FHIT(+0.000);PRKCA(+0.000);PDE3B(+0.000)
XPC,False,0.2761271329662542,-1.4223197e-05,0.0033088534,-2.9546436e-05,LEF1(-0.001);MAML2(-0.000);BACH2(-0.000);FOXP1(-0.000);SERINC5(-0.000);CAMK4(-0.000);FHIT(-0.000);PDE3B(-0.000),AOAH(+0.000);CCL5(+0.000);PLCB1(+0.000);MYO1F(+0.000);A2M(+0.000);RAP1GAP2(+0.000);GNLY(+0.000);CTSW(+0.000)
TMEM181,False,0.15842555743335335,-8.872127e-05,0.0033079335,-3.5820925e-05,AOAH(-0.000);CCL5(-0.000);RAP1GAP2(-0.000);JAZF1(-0.000);MYO1F(-0.000);MCTP2(-0.000);SYNE1(-0.000);SAMD3(-0.000),LEF1(+0.001);CAMK4(+0.000);MAML2(+0.000);FOXP1(+0.000);SERINC5(+0.000);BACH2(+0.000);PDE3B(+0.000);INPP4B(+0.000)
CXCR4,False,0.39301095785858364,-3.732416e-05,0.003307381,-7.718917e-05,PLCB1(-0.001);CCL5(-0.001);A2M(-0.001);PHACTR2(-0.000);PARP8(-0.000);KLRG1(-0.000);IL32(-0.000);GZMK(-0.000),LEF1(+0.001);BACH2(+0.000);FOXP1(+0.000);FHIT(+0.000);MAML2(+0.000);SERINC5(+0.000);PRKCA(+0.000);SELL(+0.000)
UPF2,False,0.3628087008668157,-1.9497322e-05,0.0033070915,-0.00022250555,AOAH(-0.000);CCL5(-0.000);RAP1GAP2(-0.000);GNLY(-0.000);PLCB1(-0.000);MYO1F(-0.000);SYNE1(-0.000);JAZF1(-0.000),LEF1(+0.001);CAMK4(+0.000);MAML2(+0.000);FOXP1(+0.000);BACH2(+0.000);SERINC5(+0.000);PDE3B(+0.000);FHIT(+0.000)
FAM153A,False,0.1564629558959821,-4.4221273e-05,0.0033064848,-6.483951e-05,LEF1(-0.001);MAML2(-0.000);BACH2(-0.000);FOXP1(-0.000);SERINC5(-0.000);CAMK4(-0.000);PDE3B(-0.000);FHIT(-0.000),AOAH(+0.000);PLCB1(+0.000);CCL5(+0.000);MYO1F(+0.000);RAP1GAP2(+0.000);A2M(+0.000);SYNE1(+0.000);SAMD3(+0.000)
SNW1,False,0.21512293517963257,-1.5987896e-05,0.0033054277,9.5687385e-05,CCL5(-0.000);GNLY(-0.000);PFN1(-0.000);AOAH(-0.000);PLCB1(-0.000);MYO1F(-0.000);ACTG1(-0.000);S100A4(-0.000),LEF1(+0.001);MAML2(+0.001);BACH2(+0.000);FOXP1(+0.000);SERINC5(+0.000);CAMK4(+0.000);PDE3B(+0.000);PRKCA(+0.000)
ZNF274,True,0.13732759090661287,3.156612e-05,0.0033048869,-7.942811e-05,PFN1(-0.000);PLCB1(-0.000);SYNE2(-0.000);ACTG1(-0.000);ACTB(-0.000);A2M(-0.000);IL32(-0.000);AOAH(-0.000),LEF1(+0.001);FOXP1(+0.000);MAML2(+0.000);BACH2(+0.000);ARHGAP15(+0.000);SERINC5(+0.000);PRKCA(+0.000);PDE3B(+0.000)
DOCK11,False,0.5170364716785695,-2.0961384e-06,0.003303888,-0.00018662754,LEF1(-0.001);CAMK4(-0.000);MAML2(-0.000);SERINC5(-0.000);IL7R(-0.000);BACH2(-0.000);FOXP1(-0.000);PDE3B(-0.000),GNLY(+0.001);AOAH(+0.000);MCTP2(+0.000);CCL5(+0.000);TGFBR3(+0.000);CTSW(+0.000);RAP1GAP2(+0.000);PPP2R2B(+0.000)
SCAF11,False,0.49566592160497197,5.5110104e-06,0.0033014452,-0.000108778215,AOAH(-0.000);RAP1GAP2(-0.000);MYO1F(-0.000);JAZF1(-0.000);SAMD3(-0.000);SYNE1(-0.000);ACTG1(-0.000);ACTB(-0.000),LEF1(+0.001);CAMK4(+0.000);MAML2(+0.000);FOXP1(+0.000);SERINC5(+0.000);BACH2(+0.000);PDE3B(+0.000);BCL2(+0.000)
TUBA1A,False,0.38379763397481326,-5.7632045e-05,0.0033013101,-5.88132e-05,LEF1(-0.001);CAMK4(-0.000);SERINC5(-0.000);BACH2(-0.000);FOXP1(-0.000);FHIT(-0.000);MAML2(-0.000);PDE3B(-0.000),AOAH(+0.001);PLCB1(+0.000);CCL5(+0.000);GNLY(+0.000);A2M(+0.000);MYO1F(+0.000);RAP1GAP2(+0.000);ARHGAP26(+0.000)
UBE4B,False,0.17963255737883663,-5.6996905e-05,0.0033009646,0.00015121985,AOAH(-0.000);JAZF1(-0.000);GNLY(-0.000);MCTP2(-0.000);CD247(-0.000);RAP1GAP2(-0.000);VAV3(-0.000);KCNQ5(-0.000),IL32(+0.000);IL7R(+0.000);LTB(+0.000);RPL11(+0.000);PHACTR2(+0.000);RPS18(+0.000);RPL28(+0.000);RPS2(+0.000)
USP24,False,0.31521561358556394,-4.7498248e-05,0.003296191,-0.00021788244,LEF1(-0.001);BACH2(-0.001);MAML2(-0.000);FOXP1(-0.000);SERINC5(-0.000);FHIT(-0.000);PRKCA(-0.000);PDE3B(-0.000),PFN1(+0.000);S100A4(+0.000);IL32(+0.000);PLCB1(+0.000);PHACTR2(+0.000);A2M(+0.000);MYO1F(+0.000);CCL5(+0.000)
ARID3A,True,0.058823529411764705,0.0,0.0032959317,0.0013116435,HCST(-0.000);TRAC(-0.000);PFN1(-0.000);JUN(-0.000);TRBC1(-0.000);FOS(-0.000);TRBC2(-0.000);HLA-C(-0.000),B2M(+0.001);IL7R(+0.000);MBNL1(+0.000);RPL13(+0.000);EEF1A1(+0.000);RIPOR2(+0.000);RPS2(+0.000);HLA-B(+0.000)
ZFC3H1,False,0.4476367006487489,1.3567788e-05,0.0032935918,0.00031897696,PFN1(-0.000);S100A4(-0.000);IL32(-0.000);ACTG1(-0.000);PHACTR2(-0.000);ACTB(-0.000);PLCB1(-0.000);FLNA(-0.000),LEF1(+0.001);MAML2(+0.000);BACH2(+0.000);FOXP1(+0.000);SERINC5(+0.000);ZBTB20(+0.000);PRKCA(+0.000);FHIT(+0.000)
DTNBP1,False,0.215177451889004,9.695784e-06,0.0032910057,5.2356532e-05,PFN1(-0.000);ACTG1(-0.000);MYO1F(-0.000);AOAH(-0.000);CCL5(-0.000);ACTB(-0.000);PLCB1(-0.000);S100A4(-0.000),LEF1(+0.001);MAML2(+0.001);BACH2(+0.000);FOXP1(+0.000);SERINC5(+0.000);CAMK4(+0.000);PDE3B(+0.000);PRKCA(+0.000)
MRTFA,False,0.3324428937469335,1.8620025e-05,0.003290068,-9.333033e-05,PHACTR2(-0.000);IL32(-0.000);PLCB1(-0.000);A2M(-0.000);S100A4(-0.000);GZMK(-0.000);IL7R(-0.000);KLRG1(-0.000),LEF1(+0.000);BACH2(+0.000);FOXP1(+0.000);MAML2(+0.000);FHIT(+0.000);PRKCA(+0.000);SERINC5(+0.000);KCNQ5(+0.000)
HNRNPH1,False,0.4847080630213161,4.3830696e-06,0.003288969,-9.210156e-05,IL32(-0.001);PHACTR2(-0.000);S100A4(-0.000);LTB(-0.000);IL7R(-0.000);RPL11(-0.000);RPL28(-0.000);RPS18(-0.000),BACH2(+0.000);KCNQ5(+0.000);LEF1(+0.000);CD247(+0.000);FOXP1(+0.000);TXK(+0.000);MAML2(+0.000);MCTP2(+0.000)
ZCCHC2,False,0.3142888295262498,-1.407922e-05,0.0032871708,0.00019940414,LEF1(-0.000);CAMK4(-0.000);LTB(-0.000);TRAC(-0.000);SERINC5(-0.000);BCL11B(-0.000);PDE3B(-0.000);IL7R(-0.000),AOAH(+0.001);JAZF1(+0.000);RAP1GAP2(+0.000);SYNE1(+0.000);SAMD3(+0.000);CD247(+0.000);PLCB1(+0.000);ARHGAP26(+0.000)
EIF4A2,False,0.3525050427956168,-2.3217037e-05,0.003286964,-3.1381325e-05,AOAH(-0.000);JAZF1(-0.000);CD247(-0.000);MCTP2(-0.000);UTRN(-0.000);GNLY(-0.000);RAP1GAP2(-0.000);SYNE1(-0.000),IL32(+0.000);RPL11(+0.000);S100A4(+0.000);RPS2(+0.000);RPL28(+0.000);LTB(+0.000);RPS4X(+0.000);RPS18(+0.000)
BTD,False,0.16823856512020935,-1.6806993e-05,0.0032828024,9.167465e-05,LEF1(-0.000);BACH2(-0.000);MAML2(-0.000);FOXP1(-0.000);FHIT(-0.000);KCNQ5(-0.000);TXK(-0.000);PRKCA(-0.000),IL32(+0.001);PHACTR2(+0.000);S100A4(+0.000);A2M(+0.000);PLCB1(+0.000);CCL5(+0.000);LTB(+0.000);RPL28(+0.000)
PRKD3,False,0.15619037234912503,6.348715e-06,0.0032786971,-4.83351e-06,LEF1(-0.001);MAML2(-0.000);CAMK4(-0.000);FOXP1(-0.000);BACH2(-0.000);SERINC5(-0.000);PDE3B(-0.000);BCL11B(-0.000),AOAH(+0.000);RAP1GAP2(+0.000);MYO1F(+0.000);CCL5(+0.000);JAZF1(+0.000);SAMD3(+0.000);SYNE1(+0.000);ACTG1(+0.000)
INPP4A,False,0.5233604099656545,-7.389198e-07,0.0032761008,-1.7447359e-05,LEF1(-0.001);MAML2(-0.000);CAMK4(-0.000);IL7R(-0.000);BCL2(-0.000);FOXP1(-0.000);BACH2(-0.000);SERINC5(-0.000),ACTG1(+0.000);RAP1GAP2(+0.000);PFN1(+0.000);AOAH(+0.000);ACTB(+0.000);MYO1F(+0.000);JAZF1(+0.000);SAMD3(+0.000)
RAD54L2,False,0.12609714877609987,-2.3131902e-06,0.0032726186,-7.254881e-06,LEF1(-0.001);BACH2(-0.000);MAML2(-0.000);FOXP1(-0.000);SERINC5(-0.000);FHIT(-0.000);PRKCA(-0.000);PDE3B(-0.000),S100A4(+0.000);IL32(+0.000);PHACTR2(+0.000);A2M(+0.000);PLCB1(+0.000);CCL5(+0.000);PFN1(+0.000);ACTB(+0.000)
NKG7,False,0.07185302295153465,-0.00014137758,0.0032678568,-5.758089e-07,GNLY(-0.001);CCL5(-0.000);PLCB1(-0.000);AOAH(-0.000);MYO1F(-0.000);S100A4(-0.000);PRF1(-0.000);A2M(-0.000),LEF1(+0.001);MAML2(+0.000);BACH2(+0.000);FOXP1(+0.000);SERINC5(+0.000);FHIT(+0.000);PDE3B(+0.000);PRKCA(+0.000)
DIAPH2,False,0.3681513383852151,-1.4178502e-05,0.00326785,2.378989e-05,BACH2(-0.000);MAML2(-0.000);ZBTB20(-0.000);LEF1(-0.000);TXK(-0.000);FOXP1(-0.000);KCNQ5(-0.000);SFMBT2(-0.000),IL32(+0.000);S100A4(+0.000);PFN1(+0.000);ACTB(+0.000);ACTG1(+0.000);PHACTR2(+0.000);TMSB4X(+0.000);TMSB10(+0.000)
FAM120A,False,0.27569099929128277,-8.68305e-06,0.0032672766,-0.00015017735,CCL5(-0.000);AOAH(-0.000);PLCB1(-0.000);MYO1F(-0.000);RAP1GAP2(-0.000);SYNE1(-0.000);SAMD3(-0.000);ACTG1(-0.000),LEF1(+0.001);MAML2(+0.000);FOXP1(+0.000);BACH2(+0.000);CAMK4(+0.000);SERINC5(+0.000);PDE3B(+0.000);FHIT(+0.000)
PPM1K,False,0.3048574388049937,-1.29193395e-05,0.0032666263,-7.6432734e-05,LEF1(-0.001);MAML2(-0.000);BACH2(-0.000);CAMK4(-0.000);FOXP1(-0.000);SERINC5(-0.000);PDE3B(-0.000);INPP4B(-0.000),AOAH(+0.000);RAP1GAP2(+0.000);ACTG1(+0.000);PFN1(+0.000);MYO1F(+0.000);ACTB(+0.000);SAMD3(+0.000);JAZF1(+0.000)
MSN,False,0.3557215286485308,-0.000112160924,0.0032649147,5.4967237e-05,AOAH(-0.000);RAP1GAP2(-0.000);JAZF1(-0.000);SAMD3(-0.000);SYNE1(-0.000);MYO1F(-0.000);DNAJC1(-0.000);CD247(-0.000),CAMK4(+0.000);LEF1(+0.000);IL7R(+0.000);LTB(+0.000);BCL11B(+0.000);MAML2(+0.000);BCL2(+0.000);SERINC5(+0.000)
ZC4H2,False,0.16098784277381017,-2.625872e-05,0.0032646307,4.4574932e-05,LEF1(-0.000);CAMK4(-0.000);IL7R(-0.000);MAML2(-0.000);BCL2(-0.000);LTB(-0.000);BCL11B(-0.000);SERINC5(-0.000),AOAH(+0.000);RAP1GAP2(+0.000);JAZF1(+0.000);SAMD3(+0.000);SYNE1(+0.000);MYO1F(+0.000);CCL5(+0.000);CD247(+0.000)
FTO,False,0.3667339039415581,-5.0341037e-05,0.0032593731,7.834108e-06,BACH2(-0.000);CD247(-0.000);TXK(-0.000);KCNQ5(-0.000);MAML2(-0.000);LEF1(-0.000);ZBTB20(-0.000);FOXP1(-0.000),IL32(+0.001);PHACTR2(+0.000);S100A4(+0.000);GZMK(+0.000);LTB(+0.000);RPL11(+0.000);IL7R(+0.000);RPL28(+0.000)
SCMH1,False,0.24096385542168675,-4.9935957e-06,0.0032512338,-4.4899007e-05,AOAH(-0.000);RAP1GAP2(-0.000);JAZF1(-0.000);SAMD3(-0.000);CCL5(-0.000);SYNE1(-0.000);MYO1F(-0.000);VAV3(-0.000),LEF1(+0.001);CAMK4(+0.000);MAML2(+0.000);IL7R(+0.000);SERINC5(+0.000);FOXP1(+0.000);BCL11B(+0.000);PDE3B(+0.000)
CMC1,False,0.13896309218775554,3.7172318e-05,0.0032464394,9.557385e-06,LEF1(-0.001);MAML2(-0.001);BACH2(-0.000);FOXP1(-0.000);SERINC5(-0.000);CAMK4(-0.000);PDE3B(-0.000);PRKCA(-0.000),ACTG1(+0.000);PFN1(+0.000);PLCB1(+0.000);ACTB(+0.000);MYO1F(+0.000);AOAH(+0.000);S100A4(+0.000);RAP1GAP2(+0.000)
INVS,False,0.2398735212342583,-3.0289668e-05,0.003246331,8.406166e-05,CAMK4(-0.000);IL7R(-0.000);LEF1(-0.000);LTB(-0.000);BCL2(-0.000);BCL11B(-0.000);MAML2(-0.000);INPP4B(-0.000),AOAH(+0.000);RAP1GAP2(+0.000);JAZF1(+0.000);SAMD3(+0.000);CD247(+0.000);SYNE1(+0.000);VAV3(+0.000);MCTP2(+0.000)
UBE2Q2,False,0.20242054189609118,-2.9619663e-05,0.00324601,-1.237348e-05,ACTG1(-0.000);PFN1(-0.000);ACTB(-0.000);S100A4(-0.000);MYO1F(-0.000);GAPDH(-0.000);CORO1A(-0.000);TMSB4X(-0.000),LEF1(+0.001);MAML2(+0.001);BACH2(+0.000);FOXP1(+0.000);SERINC5(+0.000);CAMK4(+0.000);PDE3B(+0.000);PRKCA(+0.000)
SEPTIN2,False,0.22826146213814538,5.5661835e-06,0.003245412,-8.1127095e-05,LEF1(-0.001);MAML2(-0.001);BACH2(-0.000);FOXP1(-0.000);SERINC5(-0.000);CAMK4(-0.000);PDE3B(-0.000);PRKCA(-0.000),PFN1(+0.000);CCL5(+0.000);ACTG1(+0.000);PLCB1(+0.000);MYO1F(+0.000);ACTB(+0.000);S100A4(+0.000);AOAH(+0.000)
NUDCD3,False,0.2858311072343674,8.2096885e-06,0.0032444373,-8.0848535e-05,GNLY(-0.000);AOAH(-0.000);CCL5(-0.000);JAZF1(-0.000);RAP1GAP2(-0.000);MCTP2(-0.000);TGFBR3(-0.000);CTSW(-0.000),LEF1(+0.000);CAMK4(+0.000);LTB(+0.000);IL7R(+0.000);SERINC5(+0.000);BCL11B(+0.000);PDE3B(+0.000);TRAC(+0.000)
ATP6V1D,False,0.126369732322957,-1.9943078e-05,0.0032439898,3.6103545e-05,PLCB1(-0.000);S100A4(-0.000);PFN1(-0.000);ACTG1(-0.000);CCL5(-0.000);MYO1F(-0.000);A2M(-0.000);ACTB(-0.000),LEF1(+0.001);MAML2(+0.001);BACH2(+0.000);FOXP1(+0.000);SERINC5(+0.000);FHIT(+0.000);PRKCA(+0.000);PDE3B(+0.000)
YME1L1,False,0.2666957422449981,1.24070275e-05,0.0032437306,1.561465e-05,LEF1(-0.001);BACH2(-0.000);MAML2(-0.000);FOXP1(-0.000);FHIT(-0.000);SERINC5(-0.000);PRKCA(-0.000);PDE3B(-0.000),PLCB1(+0.000);PHACTR2(+0.000);A2M(+0.000);IL32(+0.000);S100A4(+0.000);CCL5(+0.000);KLRG1(+0.000);GZMK(+0.000)
HSP90B1,False,0.34803467262716026,-6.4478474e-05,0.0032417348,5.756001e-05,IL32(-0.000);LTB(-0.000);RPL11(-0.000);CAMK4(-0.000);TRAC(-0.000);IL7R(-0.000);S100A4(-0.000);RPL28(-0.000),AOAH(+0.000);GNLY(+0.000);JAZF1(+0.000);CD247(+0.000);RAP1GAP2(+0.000);SAMD3(+0.000);SYNE1(+0.000);MCTP2(+0.000)
HLA-DRA,False,0.18541132857220738,-1.00453535e-05,0.0032415967,2.629945e-06,LEF1(-0.001);MAML2(-0.001);BACH2(-0.000);FOXP1(-0.000);SERINC5(-0.000);FHIT(-0.000);PDE3B(-0.000);PRKCA(-0.000),PLCB1(+0.000);AOAH(+0.000);CCL5(+0.000);MYO1F(+0.000);A2M(+0.000);RAP1GAP2(+0.000);PFN1(+0.000);S100A4(+0.000)
GGNBP2,False,0.33789456468407564,-7.1592162e-06,0.0032376177,-2.558148e-05,AOAH(-0.001);CCL5(-0.000);GNLY(-0.000);RAP1GAP2(-0.000);JAZF1(-0.000);PLCB1(-0.000);SYNE1(-0.000);MCTP2(-0.000),LEF1(+0.000);CAMK4(+0.000);SERINC5(+0.000);PDE3B(+0.000);BCL11B(+0.000);MAML2(+0.000);LTB(+0.000);FOXP1(+0.000)
MORF4L1,False,0.37981791419069955,3.0677395e-05,0.003236792,-3.705587e-05,AOAH(-0.000);RAP1GAP2(-0.000);JAZF1(-0.000);GNLY(-0.000);CD247(-0.000);SAMD3(-0.000);MCTP2(-0.000);SYNE1(-0.000),IL7R(+0.000);CAMK4(+0.000);LTB(+0.000);BCL2(+0.000);BCL11B(+0.000);LEF1(+0.000);IL32(+0.000);THEMIS(+0.000)
ATRN,False,0.10908793545221611,-6.4186042e-06,0.0032362384,-1.972742e-05,CCL5(-0.000);PLCB1(-0.000);AOAH(-0.000);MYO1F(-0.000);RAP1GAP2(-0.000);A2M(-0.000);GNLY(-0.000);ACTG1(-0.000),LEF1(+0.001);MAML2(+0.000);BACH2(+0.000);FOXP1(+0.000);SERINC5(+0.000);CAMK4(+0.000);PDE3B(+0.000);FHIT(+0.000)
SLC25A26,False,0.23763833615002997,-2.7691076e-05,0.003233784,-4.0179282e-05,LEF1(-0.001);BACH2(-0.000);MAML2(-0.000);FOXP1(-0.000);SERINC5(-0.000);FHIT(-0.000);PRKCA(-0.000);PDE3B(-0.000),PLCB1(+0.000);CCL5(+0.000);A2M(+0.000);S100A4(+0.000);PHACTR2(+0.000);IL32(+0.000);GZMK(+0.000);MYO1F(+0.000)
PURA,False,0.26347925639208425,-2.0880787e-05,0.0032305554,4.285177e-05,ACTG1(-0.000);RAP1GAP2(-0.000);AOAH(-0.000);ACTB(-0.000);PFN1(-0.000);MCTP2(-0.000);JAZF1(-0.000);SAMD3(-0.000),LEF1(+0.000);IL7R(+0.000);CAMK4(+0.000);MAML2(+0.000);BCL2(+0.000);LTB(+0.000);BCL11B(+0.000);INPP4B(+0.000)
ATXN7,False,0.2616256882734558,-4.1143565e-05,0.0032251554,-3.538469e-05,LEF1(-0.000);BACH2(-0.000);MAML2(-0.000);FOXP1(-0.000);FHIT(-0.000);SERINC5(-0.000);PRKCA(-0.000);ZBTB20(-0.000),IL32(+0.000);PHACTR2(+0.000);S100A4(+0.000);PLCB1(+0.000);A2M(+0.000);PFN1(+0.000);GZMK(+0.000);ACTB(+0.000)
AC023424.3,False,0.24979556233985717,-7.907843e-06,0.0032238099,1.181139e-05,AOAH(-0.000);RAP1GAP2(-0.000);MYO1F(-0.000);SYNE1(-0.000);PLCB1(-0.000);SAMD3(-0.000);JAZF1(-0.000);A2M(-0.000),LEF1(+0.001);MAML2(+0.000);BACH2(+0.000);CAMK4(+0.000);FOXP1(+0.000);SERINC5(+0.000);PDE3B(+0.000);FHIT(+0.000)
METTL16,False,0.20590961129586213,-3.1472326e-05,0.0032184746,5.4392174e-05,BACH2(-0.000);LEF1(-0.000);MAML2(-0.000);FOXP1(-0.000);ZBTB20(-0.000);TXK(-0.000);PRKCA(-0.000);FHIT(-0.000),IL32(+0.000);S100A4(+0.000);ACTB(+0.000);PFN1(+0.000);PHACTR2(+0.000);ACTG1(+0.000);TMSB4X(+0.000);S100A6(+0.000)
MIPEP,False,0.11170473750204438,0.0,0.003218241,-7.154848e-05,PLCB1(-0.000);CCL5(-0.000);AOAH(-0.000);MYO1F(-0.000);A2M(-0.000);S100A4(-0.000);RAP1GAP2(-0.000);ACTG1(-0.000),LEF1(+0.001);MAML2(+0.001);BACH2(+0.000);FOXP1(+0.000);SERINC5(+0.000);PDE3B(+0.000);CAMK4(+0.000);FHIT(+0.000)
IQSEC1,False,0.35692089625470214,-1.3547238e-05,0.0032179307,0.00011172733,LEF1(-0.001);BACH2(-0.000);MAML2(-0.000);FOXP1(-0.000);FHIT(-0.000);SERINC5(-0.000);PRKCA(-0.000);PDE3B(-0.000),IL32(+0.000);S100A4(+0.000);PHACTR2(+0.000);A2M(+0.000);PLCB1(+0.000);ACTB(+0.000);PFN1(+0.000);ACTG1(+0.000)
METTL8,False,0.0970942593905032,0.0,0.0032146575,-4.168889e-05,PLCB1(-0.000);A2M(-0.000);S100A4(-0.000);MYO1F(-0.000);CCL5(-0.000);AOAH(-0.000);PFN1(-0.000);ACTG1(-0.000),LEF1(+0.001);BACH2(+0.001);MAML2(+0.001);FOXP1(+0.000);SERINC5(+0.000);FHIT(+0.000);PRKCA(+0.000);PDE3B(+0.000)
OXR1,False,0.21136128223300443,3.9301135e-06,0.003214455,0.0001079529,CAMK4(-0.000);LEF1(-0.000);IL7R(-0.000);LTB(-0.000);BCL2(-0.000);BCL11B(-0.000);MAML2(-0.000);SERINC5(-0.000),AOAH(+0.000);RAP1GAP2(+0.000);JAZF1(+0.000);MCTP2(+0.000);SYNE1(+0.000);SAMD3(+0.000);CD247(+0.000);VAV3(+0.000)
AHNAK,False,0.2769994003161969,-8.927499e-05,0.0032122894,4.90875e-05,IL32(-0.000);S100A4(-0.000);RPL11(-0.000);LTB(-0.000);PHACTR2(-0.000);PFN1(-0.000);RPL28(-0.000);ACTB(-0.000),AOAH(+0.000);TXK(+0.000);CD247(+0.000);JAZF1(+0.000);KCNQ5(+0.000);ZBTB20(+0.000);SFMBT2(+0.000);FNDC3B(+0.000)
PALM2-AKAP2,False,0.05020988933107999,0.0,0.0032103842,-1.1719351e-05,LEF1(-0.001);MAML2(-0.000);BACH2(-0.000);FOXP1(-0.000);SERINC5(-0.000);CAMK4(-0.000);PDE3B(-0.000);FHIT(-0.000),AOAH(+0.000);PLCB1(+0.000);CCL5(+0.000);MYO1F(+0.000);RAP1GAP2(+0.000);A2M(+0.000);PFN1(+0.000);SYNE1(+0.000)
TOX,False,0.14098021043449818,-0.00019217102,0.0032088282,-5.1674637e-05,GNLY(-0.000);MCTP2(-0.000);RAP1GAP2(-0.000);TGFBR3(-0.000);ACTG1(-0.000);AOAH(-0.000);CCL5(-0.000);MYO1F(-0.000),LEF1(+0.001);MAML2(+0.000);CAMK4(+0.000);BACH2(+0.000);FOXP1(+0.000);SERINC5(+0.000);BCL2(+0.000);IL7R(+0.000)
ZBTB24,True,0.03614457831325301,0.0,0.0032084505,0.001336917,TRAC(-0.000);TRBC1(-0.000);HCST(-0.000);TRBC2(-0.000);CD3D(-0.000);JUN(-0.000);FOS(-0.000);RPS23(-0.000),B2M(+0.000);CD247(+0.000);CCL5(+0.000);ACTB(+0.000);SYNE2(+0.000);PTMA(+0.000);ITGB2(+0.000);PTPRC(+0.000)
MED13L,False,0.6208362863217578,-0.00010348682,0.0032062116,-0.00030987107,LEF1(-0.001);BACH2(-0.000);MAML2(-0.000);FOXP1(-0.000);FHIT(-0.000);SERINC5(-0.000);PRKCA(-0.000);ZBTB20(-0.000),IL32(+0.000);PFN1(+0.000);PHACTR2(+0.000);A2M(+0.000);PLCB1(+0.000);S100A4(+0.000);HCST(+0.000);KLRG1(+0.000)
NUP153,False,0.20699994548329062,-2.916281e-05,0.0032049182,-0.00013418114,S100A4(-0.000);PLCB1(-0.000);A2M(-0.000);ACTB(-0.000);ACTG1(-0.000);IL32(-0.000);CCL5(-0.000);MYO1F(-0.000),LEF1(+0.001);BACH2(+0.000);MAML2(+0.000);FOXP1(+0.000);SERINC5(+0.000);FHIT(+0.000);PRKCA(+0.000);PDE3B(+0.000)
SHLD1,False,0.12729651638227116,-2.2210845e-05,0.0032035683,-1.4715213e-05,LEF1(-0.001);MAML2(-0.001);BACH2(-0.000);FOXP1(-0.000);SERINC5(-0.000);PDE3B(-0.000);CAMK4(-0.000);PRKCA(-0.000),PLCB1(+0.000);CCL5(+0.000);AOAH(+0.000);GNLY(+0.000);MYO1F(+0.000);PFN1(+0.000);ACTG1(+0.000);S100A4(+0.000)
AC008892.1,False,0.25726435152374205,5.4021417e-05,0.0031974064,-0.00019271484,CCL5(-0.001);PLCB1(-0.000);A2M(-0.000);S100A4(-0.000);PHACTR2(-0.000);IL32(-0.000);KLRG1(-0.000);MYO1F(-0.000),LEF1(+0.001);BACH2(+0.000);FOXP1(+0.000);MAML2(+0.000);SERINC5(+0.000);FHIT(+0.000);PRKCA(+0.000);PDE3B(+0.000)
SLC9A9,False,0.3985171455050972,4.571764e-06,0.003196955,-0.00015449231,LEF1(-0.001);MAML2(-0.000);BACH2(-0.000);SERINC5(-0.000);CAMK4(-0.000);FOXP1(-0.000);FHIT(-0.000);PDE3B(-0.000),AOAH(+0.000);PLCB1(+0.000);CCL5(+0.000);GNLY(+0.000);MYO1F(+0.000);RAP1GAP2(+0.000);A2M(+0.000);SYNE1(+0.000)
PTPRA,False,0.48519871340565884,-0.00013691613,0.003196642,-2.3319233e-05,AOAH(-0.000);JAZF1(-0.000);CD247(-0.000);RAP1GAP2(-0.000);MCTP2(-0.000);VAV3(-0.000);SAMD3(-0.000);SYNE1(-0.000),IL7R(+0.000);LTB(+0.000);IL32(+0.000);CAMK4(+0.000);PHACTR2(+0.000);RPL11(+0.000);RPS18(+0.000);BCL2(+0.000)
RBM25,False,0.5542713841792509,-2.4098075e-05,0.0031935985,2.4648321e-05,GNLY(-0.000);AOAH(-0.000);MCTP2(-0.000);ZBTB20(-0.000);TGFBR3(-0.000);TXK(-0.000);CTSW(-0.000);MAML2(-0.000),IL32(+0.000);S100A4(+0.000);PFN1(+0.000);ACTB(+0.000);ACTG1(+0.000);RPL11(+0.000);TMSB10(+0.000);PHACTR2(+0.000)
RHBDD1,False,0.19636918715586327,1.2577845e-05,0.0031929477,2.1850732e-05,CCL5(-0.000);AOAH(-0.000);PLCB1(-0.000);GNLY(-0.000);MYO1F(-0.000);RAP1GAP2(-0.000);A2M(-0.000);ACTG1(-0.000),LEF1(+0.001);MAML2(+0.000);BACH2(+0.000);FOXP1(+0.000);SERINC5(+0.000);CAMK4(+0.000);PDE3B(+0.000);FHIT(+0.000)
FLNB,False,0.1552635882898108,-3.602921e-05,0.0031912816,4.028058e-05,LEF1(-0.001);MAML2(-0.000);BACH2(-0.000);FOXP1(-0.000);SERINC5(-0.000);FHIT(-0.000);PDE3B(-0.000);PRKCA(-0.000),CCL5(+0.000);PLCB1(+0.000);AOAH(+0.000);MYO1F(+0.000);A2M(+0.000);RAP1GAP2(+0.000);S100A4(+0.000);ACTG1(+0.000)
CDK5RAP2,False,0.18573842882843591,-7.4299816e-05,0.0031909326,4.162983e-07,AOAH(-0.000);JAZF1(-0.000);GNLY(-0.000);RAP1GAP2(-0.000);MCTP2(-0.000);CD247(-0.000);SAMD3(-0.000);SYNE1(-0.000),IL7R(+0.000);CAMK4(+0.000);LTB(+0.000);IL32(+0.000);RPL11(+0.000);BCL11B(+0.000);BCL2(+0.000);LEF1(+0.000)
TANK,False,0.21005288120809032,-6.8519043e-06,0.003187801,9.9362725e-05,GNLY(-0.000);AOAH(-0.000);CCL5(-0.000);MYO1F(-0.000);RAP1GAP2(-0.000);PLCB1(-0.000);MCTP2(-0.000);PFN1(-0.000),LEF1(+0.001);MAML2(+0.000);BACH2(+0.000);FOXP1(+0.000);CAMK4(+0.000);SERINC5(+0.000);PDE3B(+0.000);PRKCA(+0.000)
MCPH1,False,0.3353867960529902,1.1262762e-05,0.0031870352,8.1425715e-06,CAMK4(-0.000);IL7R(-0.000);LEF1(-0.000);LTB(-0.000);BCL11B(-0.000);BCL2(-0.000);MAML2(-0.000);SERINC5(-0.000),AOAH(+0.000);RAP1GAP2(+0.000);JAZF1(+0.000);CCL5(+0.000);SAMD3(+0.000);SYNE1(+0.000);GNLY(+0.000);CD247(+0.000)
FUT8,False,0.4958839884424577,-5.9267528e-05,0.0031870136,-0.00027866825,IL7R(-0.001);LTB(-0.000);CAMK4(-0.000);IL32(-0.000);BCL2(-0.000);PHACTR2(-0.000);RPL13(-0.000);RPL11(-0.000),AOAH(+0.000);JAZF1(+0.000);RAP1GAP2(+0.000);MCTP2(+0.000);VAV3(+0.000);IFI16(+0.000);SAMD3(+0.000);TFDP2(+0.000)
NAP1L1,False,0.5157280706536553,1.9633676e-06,0.0031859593,-0.00022251024,LEF1(-0.001);MAML2(-0.000);CAMK4(-0.000);BACH2(-0.000);IL7R(-0.000);BCL2(-0.000);SERINC5(-0.000);FOXP1(-0.000),ACTG1(+0.000);RAP1GAP2(+0.000);PFN1(+0.000);AOAH(+0.000);MYO1F(+0.000);SAMD3(+0.000);JAZF1(+0.000);ACTB(+0.000)
AL354696.2,False,0.05691544458376493,0.0,0.003185169,1.1470411e-05,LEF1(-0.000);CAMK4(-0.000);IL7R(-0.000);LTB(-0.000);MAML2(-0.000);SERINC5(-0.000);BCL11B(-0.000);PDE3B(-0.000),GNLY(+0.001);AOAH(+0.000);MCTP2(+0.000);TGFBR3(+0.000);RAP1GAP2(+0.000);PRF1(+0.000);JAZF1(+0.000);CCL5(+0.000)
ZNF292,False,0.5337731014555962,-6.361412e-05,0.0031736547,-0.000106036176,PHACTR2(-0.000);IL32(-0.000);CCL5(-0.000);PLCB1(-0.000);A2M(-0.000);S100A4(-0.000);GZMK(-0.000);IL7R(-0.000),LEF1(+0.000);BACH2(+0.000);FOXP1(+0.000);MAML2(+0.000);FHIT(+0.000);PRKCA(+0.000);SERINC5(+0.000);KCNQ5(+0.000)
PAN3,False,0.600719620563703,-0.00014074497,0.0031700395,0.00017879791,AOAH(-0.000);JAZF1(-0.000);GNLY(-0.000);MCTP2(-0.000);KCNQ5(-0.000);CD247(-0.000);SFMBT2(-0.000);RAP1GAP2(-0.000),IL32(+0.000);LTB(+0.000);IL7R(+0.000);RPL11(+0.000);S100A4(+0.000);PHACTR2(+0.000);RPL28(+0.000);RPS18(+0.000)
LAMTOR4,False,0.1792509404132367,-2.1951275e-05,0.00316435,-5.502849e-05,AOAH(-0.000);GNLY(-0.000);RAP1GAP2(-0.000);JAZF1(-0.000);SAMD3(-0.000);MYO1F(-0.000);SYNE1(-0.000);MCTP2(-0.000),LEF1(+0.000);CAMK4(+0.000);MAML2(+0.000);IL7R(+0.000);FOXP1(+0.000);SERINC5(+0.000);BCL2(+0.000);BACH2(+0.000)
WDR44,False,0.15951589162078178,-5.657241e-06,0.0031584338,5.698947e-06,PLCB1(-0.000);CCL5(-0.000);S100A4(-0.000);PFN1(-0.000);A2M(-0.000);MYO1F(-0.000);ACTG1(-0.000);ACTB(-0.000),LEF1(+0.001);MAML2(+0.001);BACH2(+0.000);FOXP1(+0.000);SERINC5(+0.000);FHIT(+0.000);PRKCA(+0.000);PDE3B(+0.000)
GCNT4,False,0.13024041868832797,0.0,0.0031577297,6.5089e-05,AOAH(-0.000);GNLY(-0.000);RAP1GAP2(-0.000);CCL5(-0.000);MCTP2(-0.000);CTSW(-0.000);TGFBR3(-0.000);JAZF1(-0.000),LEF1(+0.000);CAMK4(+0.000);MAML2(+0.000);SERINC5(+0.000);IL7R(+0.000);FOXP1(+0.000);PDE3B(+0.000);BACH2(+0.000)
PNISR,False,0.6071525922695308,-7.183622e-05,0.0031554177,4.6684898e-05,LEF1(-0.000);BACH2(-0.000);MAML2(-0.000);FOXP1(-0.000);FHIT(-0.000);PRKCA(-0.000);SERINC5(-0.000);ZBTB20(-0.000),IL32(+0.000);S100A4(+0.000);PHACTR2(+0.000);PLCB1(+0.000);A2M(+0.000);PFN1(+0.000);ACTB(+0.000);GZMK(+0.000)
ATP6V1G1,False,0.24270839012157225,1.7471952e-05,0.0031550098,-9.224822e-05,AOAH(-0.000);RAP1GAP2(-0.000);MYO1F(-0.000);JAZF1(-0.000);SAMD3(-0.000);SYNE1(-0.000);CCL5(-0.000);PLCB1(-0.000),LEF1(+0.001);CAMK4(+0.000);MAML2(+0.000);FOXP1(+0.000);SERINC5(+0.000);BACH2(+0.000);PDE3B(+0.000);INPP4B(+0.000)
ASXL2,False,0.3613912664231587,-3.9080865e-06,0.0031528815,9.5464575e-06,PFN1(-0.000);ACTG1(-0.000);ACTB(-0.000);S100A4(-0.000);GAPDH(-0.000);CORO1A(-0.000);TMSB4X(-0.000);FLNA(-0.000),LEF1(+0.001);MAML2(+0.001);BACH2(+0.000);FOXP1(+0.000);SERINC5(+0.000);PRKCA(+0.000);PDE3B(+0.000);INPP4B(+0.000)
ARPC5,False,0.16442239546420978,-4.2700847e-07,0.0031512952,8.341928e-05,LEF1(-0.001);BACH2(-0.000);MAML2(-0.000);FOXP1(-0.000);SERINC5(-0.000);FHIT(-0.000);PRKCA(-0.000);PDE3B(-0.000),PLCB1(+0.000);CCL5(+0.000);AOAH(+0.000);A2M(+0.000);MYO1F(+0.000);RAP1GAP2(+0.000);PARP8(+0.000);SYNE2(+0.000)
NSRP1,False,0.2991331843209944,1.7498039e-06,0.003142553,4.103784e-05,BACH2(-0.000);LEF1(-0.000);MAML2(-0.000);FOXP1(-0.000);ZBTB20(-0.000);TXK(-0.000);FHIT(-0.000);PRKCA(-0.000),IL32(+0.000);S100A4(+0.000);ACTB(+0.000);PHACTR2(+0.000);PFN1(+0.000);ACTG1(+0.000);TMSB4X(+0.000);S100A6(+0.000)
JAZF1,False,0.11841029275472933,-0.0002747827,0.0031396241,-9.533216e-06,AOAH(-0.000);RAP1GAP2(-0.000);MYO1F(-0.000);MCTP2(-0.000);CCL5(-0.000);SAMD3(-0.000);TGFBR3(-0.000);SYNE1(-0.000),LEF1(+0.001);CAMK4(+0.000);MAML2(+0.000);FOXP1(+0.000);BACH2(+0.000);SERINC5(+0.000);PDE3B(+0.000);INPP4B(+0.000)
ZNF143,True,0.14141634410946957,-1.3472691e-06,0.0031356649,0.0010394057,TRAC(-0.000);PFN1(-0.000);HCST(-0.000);TRBC1(-0.000);TRBC2(-0.000);CD3D(-0.000);JUN(-0.000);HLA-C(-0.000),B2M(+0.000);MBNL1(+0.000);CD247(+0.000);PTPRC(+0.000);RIPOR2(+0.000);ARHGAP15(+0.000);HLA-B(+0.000);DOCK10(+0.000)
ARL6IP5,False,0.41552635882898115,-2.9182718e-06,0.0031318115,0.00013979815,AOAH(-0.000);RAP1GAP2(-0.000);JAZF1(-0.000);SAMD3(-0.000);DNAJC1(-0.000);MYO1F(-0.000);SYNE1(-0.000);VAV3(-0.000),CAMK4(+0.000);LEF1(+0.000);IL7R(+0.000);LTB(+0.000);MAML2(+0.000);BCL11B(+0.000);BCL2(+0.000);SERINC5(+0.000)
BRAP,False,0.12506133129804287,0.0,0.0031267377,4.98541e-06,LEF1(-0.001);BACH2(-0.000);MAML2(-0.000);FOXP1(-0.000);SERINC5(-0.000);FHIT(-0.000);PRKCA(-0.000);PDE3B(-0.000),PLCB1(+0.000);CCL5(+0.000);A2M(+0.000);AOAH(+0.000);MYO1F(+0.000);S100A4(+0.000);PHACTR2(+0.000);GNLY(+0.000)
AL078600.1,False,0.03352777626342474,0.0,0.0031251397,-2.9419846e-06,AOAH(-0.000);CCL5(-0.000);RAP1GAP2(-0.000);CTSW(-0.000);MYO1F(-0.000);PLCB1(-0.000);SAMD3(-0.000);JAZF1(-0.000),LEF1(+0.001);MAML2(+0.000);CAMK4(+0.000);FOXP1(+0.000);BACH2(+0.000);SERINC5(+0.000);PDE3B(+0.000);PRKCA(+0.000)
ISG15,False,0.204982827236548,-6.047234e-05,0.003123057,3.325285e-05,IL32(-0.000);LTB(-0.000);IL7R(-0.000);PHACTR2(-0.000);GZMK(-0.000);RPL11(-0.000);S100A4(-0.000);CAMK4(-0.000),AOAH(+0.000);CD247(+0.000);JAZF1(+0.000);KCNQ5(+0.000);MCTP2(+0.000);SFMBT2(+0.000);TFDP2(+0.000);RAP1GAP2(+0.000)
TMCO4,False,0.11301313852695852,6.7354954e-06,0.0031180324,3.2612395e-05,S100A4(-0.000);PFN1(-0.000);ACTB(-0.000);ACTG1(-0.000);IL32(-0.000);PLCB1(-0.000);CCL5(-0.000);PHACTR2(-0.000),LEF1(+0.001);MAML2(+0.000);BACH2(+0.000);FOXP1(+0.000);SERINC5(+0.000);PRKCA(+0.000);FHIT(+0.000);PDE3B(+0.000)
HAPLN3,False,0.1924985007904923,-2.843538e-05,0.0031174854,-2.0437177e-05,LEF1(-0.001);MAML2(-0.001);BACH2(-0.000);FOXP1(-0.000);SERINC5(-0.000);PRKCA(-0.000);FHIT(-0.000);PDE3B(-0.000),S100A4(+0.000);PFN1(+0.000);CCL5(+0.000);PLCB1(+0.000);ACTG1(+0.000);ACTB(+0.000);MYO1F(+0.000);A2M(+0.000)
SNRK,False,0.35446764433298805,-5.1751605e-05,0.0031174792,-2.5359335e-05,LEF1(-0.001);MAML2(-0.000);CAMK4(-0.000);BACH2(-0.000);FOXP1(-0.000);SERINC5(-0.000);PDE3B(-0.000);INPP4B(-0.000),AOAH(+0.000);RAP1GAP2(+0.000);MYO1F(+0.000);ACTG1(+0.000);SAMD3(+0.000);JAZF1(+0.000);PFN1(+0.000);SYNE1(+0.000)
MEF2D,True,0.12189936215450035,-6.878097e-07,0.0031147017,-0.0013055655,B2M(-0.001);ACTB(-0.000);PTMA(-0.000);HLA-B(-0.000);SYNE2(-0.000);IL7R(-0.000);TMSB4X(-0.000);CCL5(-0.000),TRAC(+0.000);TRBC1(+0.000);JUN(+0.000);HCST(+0.000);FOS(+0.000);TRBC2(+0.000);CD3D(+0.000);FOXP1(+0.000)
ZNRF2,False,0.16245979392683857,1.0528346e-05,0.0031138982,6.5585766e-05,LEF1(-0.001);MAML2(-0.000);BACH2(-0.000);FOXP1(-0.000);SERINC5(-0.000);FHIT(-0.000);PRKCA(-0.000);PDE3B(-0.000),PLCB1(+0.000);CCL5(+0.000);S100A4(+0.000);A2M(+0.000);MYO1F(+0.000);PFN1(+0.000);ACTB(+0.000);ACTG1(+0.000)
EWSR1,False,0.22869759581311672,-3.710602e-06,0.0031138859,4.4852153e-05,LEF1(-0.001);CAMK4(-0.000);MAML2(-0.000);FOXP1(-0.000);SERINC5(-0.000);BACH2(-0.000);PDE3B(-0.000);BCL11B(-0.000),AOAH(+0.000);RAP1GAP2(+0.000);JAZF1(+0.000);MYO1F(+0.000);SAMD3(+0.000);CCL5(+0.000);SYNE1(+0.000);PLCB1(+0.000)
TBCK,False,0.33211579349070497,4.1083258e-05,0.0031124991,7.680492e-05,PLCB1(-0.000);S100A4(-0.000);IL32(-0.000);PHACTR2(-0.000);PFN1(-0.000);A2M(-0.000);ACTB(-0.000);MYO1F(-0.000),LEF1(+0.001);BACH2(+0.000);MAML2(+0.000);FOXP1(+0.000);SERINC5(+0.000);FHIT(+0.000);PRKCA(+0.000);PDE3B(+0.000)
SPG11,False,0.3425284849806466,-2.6553991e-05,0.0031124528,0.00031386773,LEF1(-0.001);MAML2(-0.000);BACH2(-0.000);FOXP1(-0.000);SERINC5(-0.000);PRKCA(-0.000);FHIT(-0.000);PDE3B(-0.000),ACTB(+0.000);S100A4(+0.000);ACTG1(+0.000);IL32(+0.000);PFN1(+0.000);TMSB4X(+0.000);PHACTR2(+0.000);B2M(+0.000)
MYO1F,False,0.10647113340238784,-0.00030881833,0.003111704,3.3146443e-05,CCL5(-0.000);GNLY(-0.000);PLCB1(-0.000);AOAH(-0.000);A2M(-0.000);CTSW(-0.000);TGFBR3(-0.000);RAP1GAP2(-0.000),LEF1(+0.001);MAML2(+0.000);BACH2(+0.000);FOXP1(+0.000);SERINC5(+0.000);FHIT(+0.000);PDE3B(+0.000);PRKCA(+0.000)
RBL1,False,0.15526358828981085,-5.155706e-05,0.0031088756,-2.046482e-06,LEF1(-0.001);BACH2(-0.000);MAML2(-0.000);FOXP1(-0.000);SERINC5(-0.000);FHIT(-0.000);PRKCA(-0.000);PDE3B(-0.000),S100A4(+0.000);IL32(+0.000);PLCB1(+0.000);PHACTR2(+0.000);PFN1(+0.000);A2M(+0.000);CCL5(+0.000);ACTB(+0.000)
CSK,False,0.20541896091151937,-2.5770694e-05,0.0031056597,-8.627356e-06,PLCB1(-0.000);A2M(-0.000);AOAH(-0.000);MYO1F(-0.000);S100A4(-0.000);CCL5(-0.000);PFN1(-0.000);ACTG1(-0.000),LEF1(+0.001);MAML2(+0.000);BACH2(+0.000);FOXP1(+0.000);SERINC5(+0.000);FHIT(+0.000);PRKCA(+0.000);PDE3B(+0.000)
TARSL2,False,0.2816878373221393,-1.2416596e-05,0.0031041505,2.7002132e-05,LEF1(-0.001);MAML2(-0.000);BACH2(-0.000);FOXP1(-0.000);SERINC5(-0.000);FHIT(-0.000);PRKCA(-0.000);PDE3B(-0.000),S100A4(+0.000);CCL5(+0.000);PLCB1(+0.000);PFN1(+0.000);ACTG1(+0.000);ACTB(+0.000);A2M(+0.000);MYO1F(+0.000)
THOC2,False,0.3875592869214414,-3.4338504e-05,0.0031022902,-4.0473395e-05,AOAH(-0.000);GNLY(-0.000);JAZF1(-0.000);RAP1GAP2(-0.000);MCTP2(-0.000);CD247(-0.000);SAMD3(-0.000);SYNE1(-0.000),CAMK4(+0.000);IL32(+0.000);LTB(+0.000);IL7R(+0.000);RPL11(+0.000);TRAC(+0.000);LEF1(+0.000);RPL30(+0.000)
HIBCH,False,0.24870522815242874,-9.306632e-06,0.0030981747,0.00013958444,LEF1(-0.001);BACH2(-0.000);MAML2(-0.000);FOXP1(-0.000);SERINC5(-0.000);FHIT(-0.000);PRKCA(-0.000);PDE3B(-0.000),CCL5(+0.000);PLCB1(+0.000);A2M(+0.000);S100A4(+0.000);MYO1F(+0.000);AOAH(+0.000);ACTB(+0.000);ACTG1(+0.000)
CA5B,False,0.26157117156408444,-2.3762892e-05,0.003098027,0.00016579116,LEF1(-0.001);BACH2(-0.000);MAML2(-0.000);FOXP1(-0.000);SERINC5(-0.000);FHIT(-0.000);PRKCA(-0.000);PDE3B(-0.000),PLCB1(+0.000);CCL5(+0.000);A2M(+0.000);AOAH(+0.000);MYO1F(+0.000);S100A4(+0.000);SYNE2(+0.000);PHACTR2(+0.000)
SP4,True,0.12936815133838525,-3.9548653e-05,0.003096611,-5.0901315e-05,LTB(-0.000);B2M(-0.000);S100A4(-0.000);ARHGAP15(-0.000);HLA-B(-0.000);TC2N(-0.000);RPL11(-0.000);EML4(-0.000),CCR7(+0.000);KCNQ5(+0.000);SELL(+0.000);LEF1(+0.000);BACH2(+0.000);ATP10A(+0.000);TXK(+0.000);CERS6(+0.000)
DCAF6,False,0.19953115629940577,-7.608347e-06,0.003096401,-5.7057816e-05,AOAH(-0.000);JAZF1(-0.000);RAP1GAP2(-0.000);CD247(-0.000);SAMD3(-0.000);SYNE1(-0.000);VAV3(-0.000);FAM49B(-0.000),CAMK4(+0.000);IL7R(+0.000);LTB(+0.000);IL32(+0.000);LEF1(+0.000);BCL11B(+0.000);RPL11(+0.000);BCL2(+0.000)
CREB1,True,0.23682058550945867,-1.5646856e-05,0.0030946115,-0.0011088047,IL7R(-0.001);B2M(-0.000);EEF1A1(-0.000);RPS2(-0.000);ACTB(-0.000);RPL13(-0.000);HLA-B(-0.000);RPLP1(-0.000),JUN(+0.000);FOS(+0.000);HCST(+0.000);AOAH(+0.000);TRBC1(+0.000);GNLY(+0.000);TRAC(+0.000);ITGAL(+0.000)
SEC22A,False,0.171291500845009,8.585885e-06,0.003091209,4.1742802e-05,PLCB1(-0.000);PFN1(-0.000);S100A4(-0.000);CCL5(-0.000);MYO1F(-0.000);ACTG1(-0.000);A2M(-0.000);AOAH(-0.000),LEF1(+0.001);MAML2(+0.000);BACH2(+0.000);FOXP1(+0.000);SERINC5(+0.000);FHIT(+0.000);PRKCA(+0.000);PDE3B(+0.000)
C11orf49,False,0.07256174017336313,-8.083017e-06,0.0030904668,2.4187913e-05,LEF1(-0.001);MAML2(-0.000);BACH2(-0.000);FOXP1(-0.000);SERINC5(-0.000);CAMK4(-0.000);PDE3B(-0.000);FHIT(-0.000),AOAH(+0.000);PLCB1(+0.000);MYO1F(+0.000);CCL5(+0.000);RAP1GAP2(+0.000);A2M(+0.000);SYNE1(+0.000);SAMD3(+0.000)
CRYL1,False,0.05980483018045031,0.0,0.0030892268,3.7039204e-06,AOAH(-0.000);CCL5(-0.000);RAP1GAP2(-0.000);MYO1F(-0.000);PLCB1(-0.000);ACTG1(-0.000);PPP2R2B(-0.000);SAMD3(-0.000),LEF1(+0.001);MAML2(+0.000);BACH2(+0.000);FOXP1(+0.000);CAMK4(+0.000);SERINC5(+0.000);PDE3B(+0.000);PRKCA(+0.000)
ZC3H12D,False,0.15668102273346782,-1.6740605e-05,0.0030876717,1.1664869e-05,LEF1(-0.001);BACH2(-0.000);MAML2(-0.000);FOXP1(-0.000);SERINC5(-0.000);FHIT(-0.000);PRKCA(-0.000);PDE3B(-0.000),PLCB1(+0.000);CCL5(+0.000);A2M(+0.000);AOAH(+0.000);MYO1F(+0.000);RAP1GAP2(+0.000);PZP(+0.000);PARP8(+0.000)
PIK3CB,False,0.24690617674317178,6.399435e-06,0.0030850077,-3.1684787e-05,AOAH(-0.000);RAP1GAP2(-0.000);PLCB1(-0.000);JAZF1(-0.000);MYO1F(-0.000);SAMD3(-0.000);SYNE1(-0.000);CCL5(-0.000),LEF1(+0.001);CAMK4(+0.000);MAML2(+0.000);FOXP1(+0.000);SERINC5(+0.000);BACH2(+0.000);PDE3B(+0.000);BCL11B(+0.000)
AUTS2,False,0.0571335114212506,-0.00017009882,0.0030839974,4.8177176e-06,GNLY(-0.000);AOAH(-0.000);MCTP2(-0.000);RAP1GAP2(-0.000);TGFBR3(-0.000);JAZF1(-0.000);SAMD3(-0.000);SYNE1(-0.000),CAMK4(+0.000);LEF1(+0.000);IL7R(+0.000);LTB(+0.000);BCL11B(+0.000);BCL2(+0.000);MAML2(+0.000);SERINC5(+0.000)
GAPVD1,False,0.19773210489014886,-1.2166596e-06,0.0030823632,-1.558431e-05,AOAH(-0.000);RAP1GAP2(-0.000);MYO1F(-0.000);PLCB1(-0.000);CCL5(-0.000);SAMD3(-0.000);SYNE1(-0.000);JAZF1(-0.000),LEF1(+0.001);MAML2(+0.000);BACH2(+0.000);FOXP1(+0.000);CAMK4(+0.000);SERINC5(+0.000);PDE3B(+0.000);FHIT(+0.000)
CNTRL,False,0.4173254102382381,-0.00016405997,0.003082343,0.00012065895,LEF1(-0.000);SMC4(-0.000);HNRNPA2B1(-0.000);GAPDH(-0.000);ACTG1(-0.000);LGALS1(-0.000);SELL(-0.000);FHIT(-0.000),PLCB1(+0.001);CCL5(+0.000);A2M(+0.000);PHACTR2(+0.000);PARP8(+0.000);IL7R(+0.000);GZMK(+0.000);AOAH(+0.000)
NSD3,False,0.5780951861745626,2.3309934e-05,0.0030808793,-3.607735e-06,PFN1(-0.000);ACTB(-0.000);ACTG1(-0.000);S100A4(-0.000);GAPDH(-0.000);MYO1F(-0.000);CCL5(-0.000);CORO1A(-0.000),LEF1(+0.001);MAML2(+0.001);BACH2(+0.000);FOXP1(+0.000);SERINC5(+0.000);PRKCA(+0.000);PDE3B(+0.000);CAMK4(+0.000)
CDK13,False,0.4732595540533174,-1.4870148e-05,0.0030787683,9.965344e-05,LEF1(-0.001);MAML2(-0.000);BACH2(-0.000);FOXP1(-0.000);SERINC5(-0.000);FHIT(-0.000);PRKCA(-0.000);PDE3B(-0.000),CCL5(+0.000);PLCB1(+0.000);AOAH(+0.000);A2M(+0.000);MYO1F(+0.000);GNLY(+0.000);CTSW(+0.000);S100A4(+0.000)
EVA1C,False,0.07207108978902033,-8.193235e-05,0.0030786423,-2.3311202e-05,GNLY(-0.000);CCL5(-0.000);AOAH(-0.000);PLCB1(-0.000);CTSW(-0.000);MYO1F(-0.000);A2M(-0.000);RAP1GAP2(-0.000),LEF1(+0.001);MAML2(+0.000);BACH2(+0.000);FOXP1(+0.000);SERINC5(+0.000);CAMK4(+0.000);FHIT(+0.000);PDE3B(+0.000)
GPBP1L1,False,0.16164204328626727,-2.3431747e-05,0.003077859,1.874052e-05,AOAH(-0.000);CCL5(-0.000);PLCB1(-0.000);RAP1GAP2(-0.000);MYO1F(-0.000);JAZF1(-0.000);SAMD3(-0.000);SYNE1(-0.000),LEF1(+0.001);MAML2(+0.000);CAMK4(+0.000);BACH2(+0.000);FOXP1(+0.000);SERINC5(+0.000);PDE3B(+0.000);FHIT(+0.000)
RPL13A,False,0.9476094422940634,-0.00029921476,0.003077609,-0.00026930153,IL32(-0.000);RPL11(-0.000);RPS2(-0.000);EEF1A1(-0.000);RPL41(-0.000);ACTB(-0.000);LTB(-0.000);S100A4(-0.000),AOAH(+0.000);JAZF1(+0.000);UTRN(+0.000);SAMD3(+0.000);RAP1GAP2(+0.000);FNDC3B(+0.000);ARHGAP26(+0.000);SYNE1(+0.000)
CYLD,False,0.6172927002126153,4.771608e-05,0.0030774325,-0.00010077991,ACTG1(-0.000);ACTB(-0.000);RAP1GAP2(-0.000);PFN1(-0.000);GAPDH(-0.000);AOAH(-0.000);JAZF1(-0.000);IFI16(-0.000),IL7R(+0.000);CAMK4(+0.000);BCL2(+0.000);LEF1(+0.000);MAML2(+0.000);LTB(+0.000);BCL11B(+0.000);FOXP1(+0.000)
NUFIP2,False,0.2459793926838576,-4.071729e-05,0.0030768989,-5.5203756e-05,CD247(-0.000);KCNQ5(-0.000);JAZF1(-0.000);AOAH(-0.000);TFDP2(-0.000);SFMBT2(-0.000);TXK(-0.000);MAPRE2(-0.000),IL32(+0.000);IL7R(+0.000);LTB(+0.000);PHACTR2(+0.000);RPL11(+0.000);S100A4(+0.000);RPL28(+0.000);RPL30(+0.000)
TAGLN2,False,0.14479638009049772,4.6653564e-05,0.0030746802,4.9933256e-05,LEF1(-0.001);MAML2(-0.000);BACH2(-0.000);FOXP1(-0.000);SERINC5(-0.000);CAMK4(-0.000);PDE3B(-0.000);FHIT(-0.000),CCL5(+0.000);AOAH(+0.000);PLCB1(+0.000);MYO1F(+0.000);RAP1GAP2(+0.000);PPP2R2B(+0.000);ACTG1(+0.000);SAMD3(+0.000)
ASAP1,False,0.33195224336259066,-1.1593089e-05,0.0030739491,-0.00018873463,AOAH(-0.000);RAP1GAP2(-0.000);JAZF1(-0.000);CCL5(-0.000);SAMD3(-0.000);SYNE1(-0.000);CD247(-0.000);MYO1F(-0.000),LEF1(+0.000);CAMK4(+0.000);MAML2(+0.000);IL7R(+0.000);FOXP1(+0.000);LTB(+0.000);BCL2(+0.000);SERINC5(+0.000)
HCLS1,False,0.3203401842664777,-4.6144192e-05,0.0030715798,-7.7791046e-05,IL32(-0.000);S100A4(-0.000);PHACTR2(-0.000);LTB(-0.000);RPL11(-0.000);IL7R(-0.000);RPL28(-0.000);RPS18(-0.000),AOAH(+0.000);KCNQ5(+0.000);TXK(+0.000);CD247(+0.000);JAZF1(+0.000);SFMBT2(+0.000);BACH2(+0.000);ZBTB20(+0.000)
ZKSCAN1,True,0.13967180940958404,-8.767313e-06,0.003069383,-8.804665e-05,CCL5(-0.000);MYO1F(-0.000);AOAH(-0.000);S100A4(-0.000);RABGAP1L(-0.000);RAP1GAP2(-0.000);GNLY(-0.000);PLCB1(-0.000),LEF1(+0.001);MAML2(+0.000);BACH2(+0.000);CCR7(+0.000);CAMK4(+0.000);IL7R(+0.000);FOXP1(+0.000);PDE3B(+0.000)
XRN2,False,0.3558850787766451,-3.868449e-06,0.0030678757,-9.190361e-05,LEF1(-0.000);BACH2(-0.000);MAML2(-0.000);FOXP1(-0.000);TXK(-0.000);FHIT(-0.000);ZBTB20(-0.000);KCNQ5(-0.000),IL32(+0.000);PHACTR2(+0.000);S100A4(+0.000);A2M(+0.000);PFN1(+0.000);PLCB1(+0.000);S100A6(+0.000);KLRG1(+0.000)
LINC00513,False,0.34770757237093175,-5.702102e-05,0.003067191,5.3014355e-05,IL7R(-0.000);LTB(-0.000);CAMK4(-0.000);BCL2(-0.000);IL32(-0.000);BCL11B(-0.000);TRAC(-0.000);LEF1(-0.000),AOAH(+0.000);JAZF1(+0.000);RAP1GAP2(+0.000);CD247(+0.000);SAMD3(+0.000);SYNE1(+0.000);VAV3(+0.000);STK39(+0.000)
TYW1,False,0.29646186556179466,1.8746701e-05,0.0030661537,-4.5945282e-05,PLCB1(-0.000);AOAH(-0.000);CCL5(-0.000);A2M(-0.000);MYO1F(-0.000);RAP1GAP2(-0.000);GNLY(-0.000);SYNE1(-0.000),LEF1(+0.001);BACH2(+0.000);MAML2(+0.000);FOXP1(+0.000);SERINC5(+0.000);FHIT(+0.000);PDE3B(+0.000);PRKCA(+0.000)
PCNX2,False,0.2430354903778008,-0.00010611358,0.003064398,-6.831348e-05,IL32(-0.000);PHACTR2(-0.000);IL7R(-0.000);A2M(-0.000);LTB(-0.000);PLCB1(-0.000);S100A4(-0.000);GZMK(-0.000),BACH2(+0.000);LEF1(+0.000);KCNQ5(+0.000);FOXP1(+0.000);FHIT(+0.000);ATP10A(+0.000);CD247(+0.000);MAML2(+0.000)
ANO6,False,0.17412636973232298,-2.5631257e-06,0.0030623807,2.596069e-05,AOAH(-0.000);PLCB1(-0.000);CCL5(-0.000);MYO1F(-0.000);GNLY(-0.000);RAP1GAP2(-0.000);A2M(-0.000);SAMD3(-0.000),LEF1(+0.001);MAML2(+0.000);BACH2(+0.000);FOXP1(+0.000);SERINC5(+0.000);CAMK4(+0.000);PDE3B(+0.000);FHIT(+0.000)
GALNT7,False,0.13939922586272693,-4.339749e-06,0.0030603558,8.030075e-05,LEF1(-0.000);BACH2(-0.000);MAML2(-0.000);FOXP1(-0.000);FHIT(-0.000);SERINC5(-0.000);PRKCA(-0.000);ZBTB20(-0.000),IL32(+0.000);S100A4(+0.000);PHACTR2(+0.000);ACTB(+0.000);A2M(+0.000);PLCB1(+0.000);PFN1(+0.000);ACTG1(+0.000)
PNN,False,0.2614076214359702,-4.1600583e-06,0.0030601444,6.023282e-05,LEF1(-0.001);MAML2(-0.000);BACH2(-0.000);FOXP1(-0.000);SERINC5(-0.000);FHIT(-0.000);PRKCA(-0.000);PDE3B(-0.000),CCL5(+0.000);PLCB1(+0.000);S100A4(+0.000);A2M(+0.000);MYO1F(+0.000);ACTG1(+0.000);ACTB(+0.000);PFN1(+0.000)
ZNF337-AS1,False,0.15090225154009704,0.0,0.0030598086,8.6762535e-05,LEF1(-0.001);MAML2(-0.000);BACH2(-0.000);FOXP1(-0.000);SERINC5(-0.000);FHIT(-0.000);PRKCA(-0.000);PDE3B(-0.000),CCL5(+0.000);PLCB1(+0.000);S100A4(+0.000);A2M(+0.000);ACTB(+0.000);MYO1F(+0.000);ACTG1(+0.000);PFN1(+0.000)
GABPB1,False,0.12560649839175708,0.0,0.003054514,2.2732298e-05,AOAH(-0.000);RAP1GAP2(-0.000);MYO1F(-0.000);CCL5(-0.000);ACTG1(-0.000);PLCB1(-0.000);PFN1(-0.000);SAMD3(-0.000),LEF1(+0.001);MAML2(+0.000);BACH2(+0.000);FOXP1(+0.000);CAMK4(+0.000);SERINC5(+0.000);PDE3B(+0.000);PRKCA(+0.000)
IRAK1BP1,False,0.088807719566047,0.0,0.0030526153,1.382435e-05,LEF1(-0.001);MAML2(-0.000);BACH2(-0.000);FOXP1(-0.000);SERINC5(-0.000);FHIT(-0.000);PRKCA(-0.000);PDE3B(-0.000),PLCB1(+0.000);AOAH(+0.000);CCL5(+0.000);A2M(+0.000);MYO1F(+0.000);S100A4(+0.000);RAP1GAP2(+0.000);PFN1(+0.000)
ZNF407,False,0.42048737938178055,-1.2302341e-05,0.0030525334,-0.0001333367,LEF1(-0.000);MAML2(-0.000);BACH2(-0.000);FOXP1(-0.000);SERINC5(-0.000);ZBTB20(-0.000);PRKCA(-0.000);INPP4B(-0.000),PFN1(+0.000);ACTG1(+0.000);ACTB(+0.000);S100A4(+0.000);GAPDH(+0.000);IL32(+0.000);CORO1A(+0.000);TMSB10(+0.000)
APPBP2,False,0.22891566265060243,5.3890653e-07,0.0030503827,-1.5472677e-05,PLCB1(-0.000);CCL5(-0.000);A2M(-0.000);S100A4(-0.000);PHACTR2(-0.000);MYO1F(-0.000);AOAH(-0.000);IL32(-0.000),LEF1(+0.001);BACH2(+0.000);MAML2(+0.000);FOXP1(+0.000);SERINC5(+0.000);FHIT(+0.000);PRKCA(+0.000);PDE3B(+0.000)
MAP3K14,False,0.16235076050809574,-1.3300345e-05,0.0030402488,-4.5436158e-05,AOAH(-0.000);CCL5(-0.000);GNLY(-0.000);PLCB1(-0.000);MYO1F(-0.000);RAP1GAP2(-0.000);A2M(-0.000);SYNE1(-0.000),LEF1(+0.001);MAML2(+0.000);BACH2(+0.000);FOXP1(+0.000);SERINC5(+0.000);CAMK4(+0.000);PDE3B(+0.000);FHIT(+0.000)
SPIN1,False,0.10499918224935945,0.0,0.0030391084,9.396682e-05,LEF1(-0.000);BACH2(-0.000);MAML2(-0.000);FOXP1(-0.000);FHIT(-0.000);SERINC5(-0.000);PRKCA(-0.000);ZBTB20(-0.000),IL32(+0.000);S100A4(+0.000);PHACTR2(+0.000);A2M(+0.000);PLCB1(+0.000);ACTB(+0.000);PFN1(+0.000);ACTG1(+0.000)
CCAR1,False,0.3238292536662487,-1.2781733e-06,0.003038911,-3.1698222e-05,CAMK4(-0.000);LEF1(-0.000);IL7R(-0.000);LTB(-0.000);BCL11B(-0.000);MAML2(-0.000);SERINC5(-0.000);BCL2(-0.000),AOAH(+0.000);RAP1GAP2(+0.000);JAZF1(+0.000);SAMD3(+0.000);SYNE1(+0.000);MYO1F(+0.000);DNAJC1(+0.000);GNLY(+0.000)
FBXO11,False,0.35784768031401626,-0.000108188106,0.0030379572,-2.221853e-06,LEF1(-0.000);BACH2(-0.000);MAML2(-0.000);FOXP1(-0.000);FHIT(-0.000);TXK(-0.000);ZBTB20(-0.000);PRKCA(-0.000),IL32(+0.000);PHACTR2(+0.000);S100A4(+0.000);PLCB1(+0.000);A2M(+0.000);GZMK(+0.000);CCL5(+0.000);PFN1(+0.000)
TLE4,False,0.4155263588289811,-9.9418095e-05,0.0030334874,-3.6986436e-05,LEF1(-0.000);BACH2(-0.000);MAML2(-0.000);FOXP1(-0.000);FHIT(-0.000);ZBTB20(-0.000);PRKCA(-0.000);SERINC5(-0.000),IL32(+0.000);S100A4(+0.000);PHACTR2(+0.000);PFN1(+0.000);PLCB1(+0.000);A2M(+0.000);ACTB(+0.000);ACTG1(+0.000)
AL359220.1,False,0.14321539551872647,-1.693857e-05,0.0030330042,4.152401e-05,LEF1(-0.001);CAMK4(-0.000);MAML2(-0.000);FOXP1(-0.000);BACH2(-0.000);SERINC5(-0.000);PDE3B(-0.000);INPP4B(-0.000),AOAH(+0.000);RAP1GAP2(+0.000);MYO1F(+0.000);PLCB1(+0.000);JAZF1(+0.000);SAMD3(+0.000);SYNE1(+0.000);NCALD(+0.000)
DISC1,False,0.32862672409093385,-8.659709e-05,0.0030320934,6.7297544e-05,LEF1(-0.001);BACH2(-0.000);MAML2(-0.000);FOXP1(-0.000);SERINC5(-0.000);FHIT(-0.000);PRKCA(-0.000);PDE3B(-0.000),CCL5(+0.000);PLCB1(+0.000);A2M(+0.000);S100A4(+0.000);MYO1F(+0.000);AOAH(+0.000);ACTG1(+0.000);ACTB(+0.000)
NBN,False,0.10952406912718748,-4.348706e-05,0.0030320496,-0.000109699125,AOAH(-0.000);RAP1GAP2(-0.000);CCL5(-0.000);MYO1F(-0.000);JAZF1(-0.000);SAMD3(-0.000);SYNE1(-0.000);PLCB1(-0.000),LEF1(+0.001);CAMK4(+0.000);MAML2(+0.000);FOXP1(+0.000);SERINC5(+0.000);BACH2(+0.000);PDE3B(+0.000);INPP4B(+0.000)
PIP5K1A,False,0.17259990186992316,-2.3757714e-06,0.003031419,-4.146036e-05,IL7R(-0.000);LTB(-0.000);CAMK4(-0.000);BCL2(-0.000);IL32(-0.000);BCL11B(-0.000);RPL11(-0.000);PHACTR2(-0.000),GNLY(+0.000);MCTP2(+0.000);AOAH(+0.000);JAZF1(+0.000);RAP1GAP2(+0.000);TGFBR3(+0.000);CD247(+0.000);SAMD3(+0.000)
STAU1,False,0.2000218066837486,-6.903602e-06,0.003028724,2.3383009e-05,LEF1(-0.001);MAML2(-0.000);CAMK4(-0.000);BACH2(-0.000);FOXP1(-0.000);SERINC5(-0.000);PDE3B(-0.000);FHIT(-0.000),GNLY(+0.001);CCL5(+0.000);AOAH(+0.000);PLCB1(+0.000);MYO1F(+0.000);RAP1GAP2(+0.000);TGFBR3(+0.000);CTSW(+0.000)
RANBP2,False,0.37076814043504336,-5.3258194e-05,0.0030263856,-0.00021262869,AOAH(-0.000);CD247(-0.000);JAZF1(-0.000);GNLY(-0.000);CCL5(-0.000);MCTP2(-0.000);RAP1GAP2(-0.000);CTSW(-0.000),IL32(+0.000);TRAC(+0.000);LTB(+0.000);CAMK4(+0.000);RPL11(+0.000);IL7R(+0.000);TMSB10(+0.000);PHACTR2(+0.000)
PDCD4,False,0.399116829308183,-2.9457451e-05,0.0030255562,-7.955022e-05,IL32(-0.000);PHACTR2(-0.000);S100A4(-0.000);A2M(-0.000);PLCB1(-0.000);KLRG1(-0.000);CCL5(-0.000);GZMK(-0.000),LEF1(+0.000);BACH2(+0.000);MAML2(+0.000);FOXP1(+0.000);FHIT(+0.000);SERINC5(+0.000);PRKCA(+0.000);PDE3B(+0.000)
RTF1,False,0.20645477838957643,-3.1383403e-05,0.0030240784,-4.0214785e-05,CCL5(-0.000);PLCB1(-0.000);GNLY(-0.000);S100A4(-0.000);MYO1F(-0.000);PFN1(-0.000);ACTG1(-0.000);ACTB(-0.000),LEF1(+0.001);MAML2(+0.000);BACH2(+0.000);FOXP1(+0.000);SERINC5(+0.000);FHIT(+0.000);PRKCA(+0.000);PDE3B(+0.000)
C19orf25,False,0.16867469879518074,-1.9547093e-05,0.0030176842,0.00015877404,LEF1(-0.001);BACH2(-0.000);FOXP1(-0.000);MAML2(-0.000);FHIT(-0.000);SERINC5(-0.000);PRKCA(-0.000);PDE3B(-0.000),PLCB1(+0.000);A2M(+0.000);PHACTR2(+0.000);IL32(+0.000);S100A4(+0.000);CCL5(+0.000);KLRG1(+0.000);GZMK(+0.000)
SEL1L3,False,0.15700812298969632,-2.5260835e-05,0.0030174917,-1.0093106e-05,AOAH(-0.000);CCL5(-0.000);PLCB1(-0.000);RAP1GAP2(-0.000);JAZF1(-0.000);MYO1F(-0.000);SYNE1(-0.000);SAMD3(-0.000),LEF1(+0.001);CAMK4(+0.000);SERINC5(+0.000);MAML2(+0.000);FOXP1(+0.000);BACH2(+0.000);PDE3B(+0.000);FHIT(+0.000)
CRYBG1,False,0.38047211470315656,2.6592612e-05,0.0030134355,-4.8597572e-05,CCL5(-0.000);AOAH(-0.000);PLCB1(-0.000);GNLY(-0.000);MYO1F(-0.000);RAP1GAP2(-0.000);PPP2R2B(-0.000);CTSW(-0.000),LEF1(+0.001);MAML2(+0.000);FOXP1(+0.000);BACH2(+0.000);SERINC5(+0.000);CAMK4(+0.000);PDE3B(+0.000);FHIT(+0.000)
RB1CC1,False,0.2586272692580276,5.98505e-06,0.0030104162,-4.315184e-05,IL32(-0.000);PHACTR2(-0.000);S100A4(-0.000);IL7R(-0.000);LTB(-0.000);RPL11(-0.000);RPL28(-0.000);A2M(-0.000),BACH2(+0.000);LEF1(+0.000);MAML2(+0.000);FOXP1(+0.000);TXK(+0.000);KCNQ5(+0.000);ZBTB20(+0.000);CD247(+0.000)
PDSS2,False,0.2755819658725399,-9.167172e-06,0.0030080718,8.889456e-05,IL7R(-0.000);CAMK4(-0.000);LTB(-0.000);BCL2(-0.000);LEF1(-0.000);BCL11B(-0.000);IL32(-0.000);TRAC(-0.000),AOAH(+0.000);RAP1GAP2(+0.000);JAZF1(+0.000);CD247(+0.000);SAMD3(+0.000);MCTP2(+0.000);SYNE1(+0.000);VAV3(+0.000)
SDCCAG8,False,0.2549746497301423,-5.0649745e-05,0.0030040864,-0.000106176674,LEF1(-0.001);MAML2(-0.000);BACH2(-0.000);FOXP1(-0.000);CAMK4(-0.000);SERINC5(-0.000);PDE3B(-0.000);INPP4B(-0.000),ACTG1(+0.000);PFN1(+0.000);AOAH(+0.000);GNLY(+0.000);MYO1F(+0.000);RAP1GAP2(+0.000);CCL5(+0.000);ACTB(+0.000)
PPHLN1,False,0.3132530120481928,-2.373871e-05,0.003001215,-1.0394237e-05,LEF1(-0.001);MAML2(-0.000);BACH2(-0.000);FOXP1(-0.000);SERINC5(-0.000);CAMK4(-0.000);FHIT(-0.000);PDE3B(-0.000),CCL5(+0.000);PLCB1(+0.000);AOAH(+0.000);CTSW(+0.000);MYO1F(+0.000);GNLY(+0.000);A2M(+0.000);RAP1GAP2(+0.000)
MBTPS1,False,0.24041868832797256,-2.0782687e-05,0.0030012086,1.8971114e-05,CAMK4(-0.000);IL7R(-0.000);LTB(-0.000);LEF1(-0.000);BCL2(-0.000);BCL11B(-0.000);IL32(-0.000);MAML2(-0.000),AOAH(+0.000);RAP1GAP2(+0.000);JAZF1(+0.000);MCTP2(+0.000);SAMD3(+0.000);CD247(+0.000);SYNE1(+0.000);VAV3(+0.000)
ATF2,True,0.14703156517472607,9.940569e-06,0.0030010608,0.00029517864,LEF1(-0.001);MAML2(-0.000);BACH2(-0.000);FOXP1(-0.000);SERINC5(-0.000);FHIT(-0.000);PRKCA(-0.000);PDE3B(-0.000),CCL5(+0.000);ACTB(+0.000);PLCB1(+0.000);S100A4(+0.000);B2M(+0.000);GNLY(+0.000);HLA-B(+0.000);MYO1F(+0.000)
INO80D,False,0.20547347762089085,-2.2541087e-06,0.002994854,-9.964932e-05,CCL5(-0.000);PLCB1(-0.000);AOAH(-0.000);A2M(-0.000);MYO1F(-0.000);PZP(-0.000);PARP8(-0.000);RAP1GAP2(-0.000),LEF1(+0.001);BACH2(+0.000);FOXP1(+0.000);MAML2(+0.000);SERINC5(+0.000);FHIT(+0.000);PRKCA(+0.000);PDE3B(+0.000)
SEMA5A,False,0.07179850624216323,0.0,0.0029944861,-2.8465434e-05,PLCB1(-0.000);CCL5(-0.000);PFN1(-0.000);ACTG1(-0.000);ACTB(-0.000);S100A4(-0.000);MYO1F(-0.000);AOAH(-0.000),LEF1(+0.001);MAML2(+0.000);BACH2(+0.000);FOXP1(+0.000);SERINC5(+0.000);PDE3B(+0.000);PRKCA(+0.000);CAMK4(+0.000)
TRMT10B,False,0.17161860110123753,-1.6390484e-05,0.0029937727,4.6924415e-05,LEF1(-0.001);MAML2(-0.000);BACH2(-0.000);FOXP1(-0.000);SERINC5(-0.000);CAMK4(-0.000);PDE3B(-0.000);PRKCA(-0.000),CCL5(+0.000);AOAH(+0.000);PLCB1(+0.000);MYO1F(+0.000);GNLY(+0.000);ACTG1(+0.000);RAP1GAP2(+0.000);PFN1(+0.000)
ARFGAP3,False,0.11006923622090171,-3.0108813e-05,0.0029859764,1.1168758e-05,GNLY(-0.001);CCL5(-0.000);PLCB1(-0.000);AOAH(-0.000);TGFBR3(-0.000);PRF1(-0.000);CTSW(-0.000);MYO1F(-0.000),LEF1(+0.001);MAML2(+0.000);BACH2(+0.000);FOXP1(+0.000);SERINC5(+0.000);FHIT(+0.000);CAMK4(+0.000);PDE3B(+0.000)
N4BP1,False,0.29624379872430895,4.0172395e-06,0.002984618,8.128594e-05,PHACTR2(-0.000);IL32(-0.000);PLCB1(-0.000);A2M(-0.000);S100A4(-0.000);CCL5(-0.000);IL7R(-0.000);KLRG1(-0.000),LEF1(+0.000);BACH2(+0.000);FOXP1(+0.000);FHIT(+0.000);MAML2(+0.000);KCNQ5(+0.000);PRKCA(+0.000);SERINC5(+0.000)
STX12,False,0.15580875538352504,-4.8406823e-06,0.0029706315,-6.595881e-05,AOAH(-0.000);CCL5(-0.000);PLCB1(-0.000);MYO1F(-0.000);RAP1GAP2(-0.000);ACTG1(-0.000);ACTB(-0.000);PFN1(-0.000),LEF1(+0.001);MAML2(+0.000);BACH2(+0.000);FOXP1(+0.000);SERINC5(+0.000);CAMK4(+0.000);PDE3B(+0.000);PRKCA(+0.000)
DIRC3,False,0.13749114103472715,1.5846757e-05,0.0029702461,4.2246284e-06,AOAH(-0.000);GNLY(-0.000);CCL5(-0.000);MYO1F(-0.000);RAP1GAP2(-0.000);ACTG1(-0.000);PLCB1(-0.000);PFN1(-0.000),LEF1(+0.001);MAML2(+0.000);BACH2(+0.000);FOXP1(+0.000);CAMK4(+0.000);SERINC5(+0.000);PDE3B(+0.000);PRKCA(+0.000)
PARP6,False,0.1293136346290138,0.0,0.0029632107,9.480064e-06,S100A4(-0.000);PFN1(-0.000);ACTG1(-0.000);ACTB(-0.000);CCL5(-0.000);PLCB1(-0.000);IL32(-0.000);MYO1F(-0.000),LEF1(+0.001);MAML2(+0.000);BACH2(+0.000);FOXP1(+0.000);SERINC5(+0.000);PRKCA(+0.000);FHIT(+0.000);PDE3B(+0.000)
HERC6,False,0.07387014119827727,6.794878e-06,0.002962765,2.5585234e-05,LEF1(-0.001);MAML2(-0.000);CAMK4(-0.000);FOXP1(-0.000);BACH2(-0.000);SERINC5(-0.000);PDE3B(-0.000);PRKCA(-0.000),AOAH(+0.000);CCL5(+0.000);GNLY(+0.000);RAP1GAP2(+0.000);CTSW(+0.000);MYO1F(+0.000);PLCB1(+0.000);TGFBR3(+0.000)
RPL34-AS1,False,0.14048956005015537,-2.5272726e-05,0.0029610475,1.2995239e-05,LEF1(-0.001);MAML2(-0.000);BACH2(-0.000);FOXP1(-0.000);SERINC5(-0.000);FHIT(-0.000);PDE3B(-0.000);PRKCA(-0.000),PLCB1(+0.000);AOAH(+0.000);CCL5(+0.000);A2M(+0.000);MYO1F(+0.000);RAP1GAP2(+0.000);GNLY(+0.000);SYNE1(+0.000)
PPP1R16B,False,0.26097148776099877,2.8538287e-07,0.002957797,1.6342661e-05,S100A4(-0.000);CCL5(-0.000);PFN1(-0.000);PLCB1(-0.000);ACTG1(-0.000);A2M(-0.000);ACTB(-0.000);MYO1F(-0.000),LEF1(+0.001);MAML2(+0.000);BACH2(+0.000);FOXP1(+0.000);SERINC5(+0.000);FHIT(+0.000);PRKCA(+0.000);PDE3B(+0.000)
AC002460.2,False,0.11508477348307257,4.2406096e-05,0.0029556826,3.412305e-05,PFN1(-0.000);PLCB1(-0.000);ACTG1(-0.000);S100A4(-0.000);MYO1F(-0.000);AOAH(-0.000);ACTB(-0.000);RAP1GAP2(-0.000),LEF1(+0.001);MAML2(+0.000);BACH2(+0.000);FOXP1(+0.000);SERINC5(+0.000);PDE3B(+0.000);PRKCA(+0.000);FHIT(+0.000)
ICOS,False,0.2969525159461375,-2.1381482e-05,0.0029548283,-0.00010921573,IL32(-0.000);S100A4(-0.000);ACTB(-0.000);RPL11(-0.000);PHACTR2(-0.000);ACTG1(-0.000);PFN1(-0.000);TMSB4X(-0.000),BACH2(+0.000);TXK(+0.000);AOAH(+0.000);ZBTB20(+0.000);MAML2(+0.000);KCNQ5(+0.000);FOXP1(+0.000);SFMBT2(+0.000)
PAM,False,0.1875919969470643,-0.00012288908,0.0029532514,-2.1005756e-06,AOAH(-0.000);GNLY(-0.000);CCL5(-0.000);RAP1GAP2(-0.000);JAZF1(-0.000);MYO1F(-0.000);MCTP2(-0.000);TGFBR3(-0.000),LEF1(+0.000);CAMK4(+0.000);MAML2(+0.000);SERINC5(+0.000);FOXP1(+0.000);BACH2(+0.000);PDE3B(+0.000);BCL11B(+0.000)
UHRF2,False,0.24679714332442895,-6.887818e-05,0.0029500388,-6.3831336e-05,BACH2(-0.000);LEF1(-0.000);MAML2(-0.000);FOXP1(-0.000);ZBTB20(-0.000);TXK(-0.000);KCNQ5(-0.000);FHIT(-0.000),IL32(+0.000);S100A4(+0.000);PHACTR2(+0.000);PFN1(+0.000);ACTB(+0.000);ACTG1(+0.000);S100A6(+0.000);RPL28(+0.000)
RIF1,False,0.2666412255356267,-1.8713623e-05,0.0029496553,-2.3536872e-05,LEF1(-0.001);MAML2(-0.000);BACH2(-0.000);FOXP1(-0.000);SERINC5(-0.000);FHIT(-0.000);PRKCA(-0.000);PDE3B(-0.000),PLCB1(+0.000);CCL5(+0.000);AOAH(+0.000);A2M(+0.000);MYO1F(+0.000);S100A4(+0.000);PFN1(+0.000);RAP1GAP2(+0.000)
GART,False,0.1115411873739301,-2.2049892e-06,0.002948372,-2.3926507e-06,CCL5(-0.000);AOAH(-0.000);GNLY(-0.000);PLCB1(-0.000);MYO1F(-0.000);RAP1GAP2(-0.000);CTSW(-0.000);TGFBR3(-0.000),LEF1(+0.001);MAML2(+0.000);BACH2(+0.000);FOXP1(+0.000);SERINC5(+0.000);CAMK4(+0.000);PDE3B(+0.000);FHIT(+0.000)
RPS6KC1,False,0.1857384288284359,-1.3041711e-05,0.0029449966,4.6117704e-05,MYO1F(-0.000);ACTG1(-0.000);AOAH(-0.000);PFN1(-0.000);PLCB1(-0.000);CCL5(-0.000);RAP1GAP2(-0.000);S100A4(-0.000),LEF1(+0.001);MAML2(+0.000);BACH2(+0.000);FOXP1(+0.000);SERINC5(+0.000);CAMK4(+0.000);PDE3B(+0.000);PRKCA(+0.000)
ZBTB1,False,0.13841792509404133,-2.7778753e-05,0.00294402,3.163324e-05,CCL5(-0.000);PLCB1(-0.000);A2M(-0.000);S100A4(-0.000);MYO1F(-0.000);PFN1(-0.000);AOAH(-0.000);PHACTR2(-0.000),LEF1(+0.001);MAML2(+0.000);BACH2(+0.000);FOXP1(+0.000);SERINC5(+0.000);FHIT(+0.000);PRKCA(+0.000);PDE3B(+0.000)
IL10RA,False,0.24548874229951478,-1.9716126e-05,0.0029427628,-7.789365e-06,CAMK4(-0.000);LEF1(-0.000);IL7R(-0.000);LTB(-0.000);BCL11B(-0.000);SERINC5(-0.000);BCL2(-0.000);MAML2(-0.000),AOAH(+0.000);JAZF1(+0.000);RAP1GAP2(+0.000);MCTP2(+0.000);SAMD3(+0.000);SYNE1(+0.000);CD247(+0.000);TGFBR3(+0.000)
CTSS,False,0.42364934852532304,-2.655125e-05,0.002940512,-9.748111e-05,GNLY(-0.000);CCL5(-0.000);AOAH(-0.000);MCTP2(-0.000);TGFBR3(-0.000);CTSW(-0.000);RAP1GAP2(-0.000);JAZF1(-0.000),LEF1(+0.000);CAMK4(+0.000);MAML2(+0.000);SERINC5(+0.000);FOXP1(+0.000);PDE3B(+0.000);BACH2(+0.000);IL7R(+0.000)
GBP5,False,0.18203129259117917,-6.856458e-05,0.0029382703,-3.1526122e-06,IL7R(-0.000);LTB(-0.000);CAMK4(-0.000);BCL2(-0.000);IL32(-0.000);BCL11B(-0.000);PHACTR2(-0.000);THEMIS(-0.000),AOAH(+0.000);JAZF1(+0.000);CD247(+0.000);RAP1GAP2(+0.000);IFI16(+0.000);SAMD3(+0.000);TFDP2(+0.000);STK39(+0.000)
VRK2,False,0.1356375729160988,1.14966724e-07,0.0029379139,-4.042167e-06,LEF1(-0.001);MAML2(-0.000);BACH2(-0.000);FOXP1(-0.000);SERINC5(-0.000);FHIT(-0.000);PRKCA(-0.000);PDE3B(-0.000),PLCB1(+0.000);A2M(+0.000);S100A4(+0.000);CCL5(+0.000);MYO1F(+0.000);AOAH(+0.000);PFN1(+0.000);ACTG1(+0.000)
NVL,False,0.10161914626833124,-1.7081014e-05,0.0029377341,-4.3802407e-05,LEF1(-0.001);MAML2(-0.000);BACH2(-0.000);FOXP1(-0.000);SERINC5(-0.000);CAMK4(-0.000);PDE3B(-0.000);FHIT(-0.000),GNLY(+0.000);CCL5(+0.000);AOAH(+0.000);PLCB1(+0.000);MYO1F(+0.000);CTSW(+0.000);RAP1GAP2(+0.000);A2M(+0.000)
PGK1,False,0.23049664722237367,-6.158013e-05,0.0029307962,-0.00013472085,IL32(-0.000);IL7R(-0.000);PHACTR2(-0.000);LTB(-0.000);RPL11(-0.000);S100A4(-0.000);RPS18(-0.000);GZMK(-0.000),AOAH(+0.000);JAZF1(+0.000);KCNQ5(+0.000);CD247(+0.000);MCTP2(+0.000);TFDP2(+0.000);SFMBT2(+0.000);VAV3(+0.000)
ATG7,False,0.37387559286921446,-4.8218964e-05,0.0029301525,-7.194046e-05,CD247(-0.000);MCTP2(-0.000);KCNQ5(-0.000);GNLY(-0.000);JAZF1(-0.000);SMC4(-0.000);TFDP2(-0.000);MAPRE2(-0.000),IL7R(+0.000);IL32(+0.000);LTB(+0.000);PHACTR2(+0.000);A2M(+0.000);BCL2(+0.000);GZMK(+0.000);CAMK4(+0.000)
ENOSF1,False,0.2329498991440877,-7.055626e-05,0.0029297268,-0.000105551066,KCNQ5(-0.000);CD247(-0.000);BACH2(-0.000);TXK(-0.000);SFMBT2(-0.000);ATP10A(-0.000);JAZF1(-0.000);MAPRE2(-0.000),IL32(+0.000);PHACTR2(+0.000);LTB(+0.000);S100A4(+0.000);IL7R(+0.000);GZMK(+0.000);A2M(+0.000);RPL11(+0.000)
RBBP4,False,0.18055934143815083,-9.22605e-06,0.002929572,2.2227061e-05,LEF1(-0.001);CAMK4(-0.000);MAML2(-0.000);FOXP1(-0.000);SERINC5(-0.000);BACH2(-0.000);PDE3B(-0.000);FHIT(-0.000),AOAH(+0.000);CCL5(+0.000);PLCB1(+0.000);RAP1GAP2(+0.000);MYO1F(+0.000);JAZF1(+0.000);SYNE1(+0.000);SAMD3(+0.000)
TTBK2,False,0.17467153682603717,-2.340143e-05,0.0029273098,-7.4705444e-05,AOAH(-0.000);PLCB1(-0.000);CCL5(-0.000);MYO1F(-0.000);A2M(-0.000);RAP1GAP2(-0.000);SYNE1(-0.000);GNLY(-0.000),LEF1(+0.001);MAML2(+0.000);FOXP1(+0.000);BACH2(+0.000);SERINC5(+0.000);CAMK4(+0.000);PDE3B(+0.000);FHIT(+0.000)
STAU2,False,0.27863490159733956,-0.0001087123,0.0029264672,-0.00016874126,CD247(-0.000);KCNQ5(-0.000);AOAH(-0.000);TXK(-0.000);JAZF1(-0.000);SFMBT2(-0.000);TFDP2(-0.000);MAPRE2(-0.000),IL32(+0.000);PHACTR2(+0.000);LTB(+0.000);IL7R(+0.000);S100A4(+0.000);GZMK(+0.000);TRAC(+0.000);RPL11(+0.000)
CD3G,False,0.3750204437660143,7.099003e-06,0.0029253592,-0.00023414704,ACTB(-0.000);CCL5(-0.000);ACTG1(-0.000);S100A4(-0.000);PLCB1(-0.000);PFN1(-0.000);MYO1F(-0.000);AOAH(-0.000),LEF1(+0.001);MAML2(+0.000);FOXP1(+0.000);BACH2(+0.000);SERINC5(+0.000);PDE3B(+0.000);PRKCA(+0.000);CAMK4(+0.000)
ACYP2,False,0.27639971651311124,-2.3907403e-05,0.0029239508,0.00016942232,LEF1(-0.001);MAML2(-0.000);CAMK4(-0.000);FOXP1(-0.000);BACH2(-0.000);SERINC5(-0.000);PDE3B(-0.000);BCL2(-0.000),AOAH(+0.000);ACTB(+0.000);ACTG1(+0.000);RAP1GAP2(+0.000);MYO1F(+0.000);PFN1(+0.000);SAMD3(+0.000);JAZF1(+0.000)
ZMYM4,False,0.327481873194134,1.0567082e-05,0.002923808,-0.00016391138,GNLY(-0.000);CCL5(-0.000);AOAH(-0.000);ACTB(-0.000);ACTG1(-0.000);RAP1GAP2(-0.000);MYO1F(-0.000);SAMD3(-0.000),LEF1(+0.000);MAML2(+0.000);CAMK4(+0.000);FOXP1(+0.000);BACH2(+0.000);SERINC5(+0.000);BCL2(+0.000);PDE3B(+0.000)
RSRC2,False,0.2022569917679769,-1.0818362e-05,0.002919931,-2.0229696e-05,LEF1(-0.001);MAML2(-0.000);BACH2(-0.000);FOXP1(-0.000);SERINC5(-0.000);CAMK4(-0.000);PDE3B(-0.000);FHIT(-0.000),AOAH(+0.000);CCL5(+0.000);PLCB1(+0.000);MYO1F(+0.000);RAP1GAP2(+0.000);GNLY(+0.000);A2M(+0.000);SYNE1(+0.000)
ERC1,False,0.5082047647603991,-3.3643944e-05,0.0029196355,2.679098e-05,CD247(-0.000);KCNQ5(-0.000);JAZF1(-0.000);AOAH(-0.000);MCTP2(-0.000);TFDP2(-0.000);SFMBT2(-0.000);MAPRE2(-0.000),IL32(+0.000);PHACTR2(+0.000);IL7R(+0.000);LTB(+0.000);S100A4(+0.000);RPL11(+0.000);RPL28(+0.000);RPS18(+0.000)
MICU1,False,0.1886278144251213,-7.3393308e-06,0.0029196006,3.2118216e-05,LEF1(-0.001);MAML2(-0.000);BACH2(-0.000);FOXP1(-0.000);SERINC5(-0.000);FHIT(-0.000);PRKCA(-0.000);PDE3B(-0.000),PLCB1(+0.000);CCL5(+0.000);MYO1F(+0.000);AOAH(+0.000);S100A4(+0.000);PFN1(+0.000);ACTG1(+0.000);A2M(+0.000)
RNPC3,False,0.317668865507278,-1.1932473e-06,0.002919259,0.0001423729,LEF1(-0.000);CAMK4(-0.000);MAML2(-0.000);SERINC5(-0.000);PDE3B(-0.000);IL7R(-0.000);FOXP1(-0.000);BCL11B(-0.000),AOAH(+0.000);RAP1GAP2(+0.000);CCL5(+0.000);JAZF1(+0.000);GNLY(+0.000);SYNE1(+0.000);SAMD3(+0.000);MCTP2(+0.000)
MBTD1,False,0.28228752112522487,1.5092208e-05,0.0029147544,-8.465081e-05,CCL5(-0.000);PLCB1(-0.000);ACTB(-0.000);ACTG1(-0.000);MYO1F(-0.000);AOAH(-0.000);S100A4(-0.000);PFN1(-0.000),LEF1(+0.001);MAML2(+0.000);BACH2(+0.000);FOXP1(+0.000);SERINC5(+0.000);CAMK4(+0.000);PDE3B(+0.000);PRKCA(+0.000)
CBFB,False,0.27481873194134004,-2.3550787e-05,0.002907806,0.000103185106,BACH2(-0.000);LEF1(-0.000);FOXP1(-0.000);KCNQ5(-0.000);MAML2(-0.000);FHIT(-0.000);TXK(-0.000);ATP10A(-0.000),IL32(+0.000);PHACTR2(+0.000);IL7R(+0.000);S100A4(+0.000);A2M(+0.000);LTB(+0.000);PLCB1(+0.000);GZMK(+0.000)
USP10,False,0.29820640026168016,1.1441815e-05,0.0029048512,1.879239e-05,CCL5(-0.000);PLCB1(-0.000);AOAH(-0.000);PFN1(-0.000);MYO1F(-0.000);GNLY(-0.000);ACTG1(-0.000);ACTB(-0.000),LEF1(+0.001);MAML2(+0.000);BACH2(+0.000);FOXP1(+0.000);SERINC5(+0.000);CAMK4(+0.000);PDE3B(+0.000);PRKCA(+0.000)
RMND5B,False,0.11742899198604373,0.0,0.0028956411,4.061595e-05,LEF1(-0.001);MAML2(-0.000);BACH2(-0.000);FOXP1(-0.000);SERINC5(-0.000);PRKCA(-0.000);PDE3B(-0.000);FHIT(-0.000),ACTG1(+0.000);S100A4(+0.000);PFN1(+0.000);ACTB(+0.000);PLCB1(+0.000);CCL5(+0.000);MYO1F(+0.000);AOAH(+0.000)
EMSY,False,0.1823038761380363,-1.1478426e-05,0.0028913014,0.00015438211,LEF1(-0.001);MAML2(-0.000);BACH2(-0.000);FOXP1(-0.000);SERINC5(-0.000);FHIT(-0.000);PRKCA(-0.000);PDE3B(-0.000),PLCB1(+0.000);CCL5(+0.000);S100A4(+0.000);A2M(+0.000);ACTB(+0.000);MYO1F(+0.000);ACTG1(+0.000);AOAH(+0.000)
YIPF4,False,0.257645968489342,1.3902235e-05,0.0028866604,2.0314785e-05,AOAH(-0.000);CCL5(-0.000);PLCB1(-0.000);RAP1GAP2(-0.000);MYO1F(-0.000);SYNE1(-0.000);SAMD3(-0.000);JAZF1(-0.000),LEF1(+0.001);MAML2(+0.000);BACH2(+0.000);CAMK4(+0.000);FOXP1(+0.000);SERINC5(+0.000);PDE3B(+0.000);FHIT(+0.000)
RBL2,False,0.590797579458104,-4.816943e-05,0.0028841582,-8.410675e-05,LEF1(-0.001);BACH2(-0.000);MAML2(-0.000);FOXP1(-0.000);SERINC5(-0.000);FHIT(-0.000);PRKCA(-0.000);PDE3B(-0.000),PLCB1(+0.000);CCL5(+0.000);A2M(+0.000);S100A4(+0.000);MYO1F(+0.000);PFN1(+0.000);AOAH(+0.000);PHACTR2(+0.000)
YLPM1,False,0.2741645314288829,-2.0577525e-05,0.0028838317,-2.1540971e-05,CAMK4(-0.000);IL7R(-0.000);LEF1(-0.000);LTB(-0.000);BCL11B(-0.000);BCL2(-0.000);RPL11(-0.000);SERINC5(-0.000),AOAH(+0.000);RAP1GAP2(+0.000);JAZF1(+0.000);SAMD3(+0.000);SYNE1(+0.000);CD247(+0.000);VAV3(+0.000);FAM49B(+0.000)
CPNE8,False,0.14463282996238347,-4.995789e-06,0.00288359,-2.9974404e-05,CCL5(-0.000);PLCB1(-0.000);S100A4(-0.000);PFN1(-0.000);A2M(-0.000);ACTB(-0.000);MYO1F(-0.000);ACTG1(-0.000),LEF1(+0.001);MAML2(+0.000);BACH2(+0.000);FOXP1(+0.000);SERINC5(+0.000);FHIT(+0.000);PRKCA(+0.000);PDE3B(+0.000)
ATF6,True,0.2787439350160824,-4.0619332e-05,0.002882449,-0.00068465935,CCL5(-0.000);B2M(-0.000);HLA-B(-0.000);ARHGAP15(-0.000);LTB(-0.000);S100A4(-0.000);MBNL1(-0.000);TC2N(-0.000),SELL(+0.000);LEF1(+0.000);CCR7(+0.000);PFN1(+0.000);BACH2(+0.000);FOXP1(+0.000);FHIT(+0.000);MAML2(+0.000)
GNG2,False,0.4315542713841793,-0.00014295339,0.0028803346,-1.722495e-05,CCL5(-0.000);GNLY(-0.000);CTSW(-0.000);TGFBR3(-0.000);MCTP2(-0.000);AOAH(-0.000);MYO1F(-0.000);PPP2R2B(-0.000),LEF1(+0.001);MAML2(+0.000);BACH2(+0.000);FOXP1(+0.000);SERINC5(+0.000);CAMK4(+0.000);PDE3B(+0.000);FHIT(+0.000)
BTAF1,False,0.2965163822711661,-3.1989857e-05,0.0028795318,2.1735881e-05,LEF1(-0.000);BACH2(-0.000);MAML2(-0.000);FOXP1(-0.000);FHIT(-0.000);SERINC5(-0.000);PRKCA(-0.000);PDE3B(-0.000),PLCB1(+0.000);IL32(+0.000);PHACTR2(+0.000);S100A4(+0.000);A2M(+0.000);CCL5(+0.000);KLRG1(+0.000);PFN1(+0.000)
NIN,False,0.33996619964018976,-2.201884e-05,0.002878383,-0.00013229002,BACH2(-0.000);TXK(-0.000);KCNQ5(-0.000);LEF1(-0.000);CD247(-0.000);MAML2(-0.000);ZBTB20(-0.000);FOXP1(-0.000),IL32(+0.000);PHACTR2(+0.000);S100A4(+0.000);LTB(+0.000);GZMK(+0.000);A2M(+0.000);PFN1(+0.000);IL7R(+0.000)
TMEM59,False,0.29951480128659436,-1.4361811e-05,0.0028776089,0.00010156019,LEF1(-0.000);BACH2(-0.000);FOXP1(-0.000);FHIT(-0.000);SERINC5(-0.000);MAML2(-0.000);SELL(-0.000);PDE3B(-0.000),CCL5(+0.001);PLCB1(+0.000);AOAH(+0.000);A2M(+0.000);CTSW(+0.000);GNLY(+0.000);TGFBR3(+0.000);MYO1F(+0.000)
ZNF277,False,0.18661069617837867,-2.346878e-05,0.0028769956,-3.5001558e-05,LEF1(-0.001);MAML2(-0.000);BACH2(-0.000);FOXP1(-0.000);SERINC5(-0.000);PRKCA(-0.000);FHIT(-0.000);PDE3B(-0.000),PFN1(+0.000);S100A4(+0.000);PLCB1(+0.000);ACTG1(+0.000);ACTB(+0.000);IL32(+0.000);A2M(+0.000);MYO1F(+0.000)
CBL,False,0.20803576296134768,-3.8515645e-05,0.002876787,-6.308036e-05,LEF1(-0.001);BACH2(-0.000);MAML2(-0.000);FOXP1(-0.000);FHIT(-0.000);SERINC5(-0.000);PRKCA(-0.000);PDE3B(-0.000),PLCB1(+0.000);A2M(+0.000);PHACTR2(+0.000);CCL5(+0.000);IL32(+0.000);S100A4(+0.000);KLRG1(+0.000);MYO1F(+0.000)
CCDC12,False,0.17205473477620892,-4.1042254e-05,0.0028763446,-7.328195e-05,PLCB1(-0.000);CCL5(-0.000);A2M(-0.000);S100A4(-0.000);PHACTR2(-0.000);IL32(-0.000);MYO1F(-0.000);KLRG1(-0.000),LEF1(+0.001);BACH2(+0.000);MAML2(+0.000);FOXP1(+0.000);SERINC5(+0.000);FHIT(+0.000);PRKCA(+0.000);PDE3B(+0.000)
IRS2,False,0.0851551000381617,-2.4005516e-05,0.002871568,-2.7717293e-05,LEF1(-0.001);CAMK4(-0.000);MAML2(-0.000);FOXP1(-0.000);SERINC5(-0.000);BACH2(-0.000);PDE3B(-0.000);BCL11B(-0.000),AOAH(+0.000);RAP1GAP2(+0.000);CCL5(+0.000);MYO1F(+0.000);PLCB1(+0.000);JAZF1(+0.000);SAMD3(+0.000);SYNE1(+0.000)
MSH3,False,0.230932780897345,-1.8740306e-05,0.0028705103,-3.1376658e-05,GNLY(-0.000);AOAH(-0.000);MCTP2(-0.000);CD247(-0.000);JAZF1(-0.000);RAP1GAP2(-0.000);KCNQ5(-0.000);TGFBR3(-0.000),IL7R(+0.000);IL32(+0.000);LTB(+0.000);PHACTR2(+0.000);CAMK4(+0.000);RPL11(+0.000);RPL30(+0.000);RPS18(+0.000)
RBM17,False,0.26004470370168464,-1.991248e-05,0.0028703422,0.00019240612,AOAH(-0.000);JAZF1(-0.000);RAP1GAP2(-0.000);MCTP2(-0.000);SAMD3(-0.000);VAV3(-0.000);CD247(-0.000);SYNE1(-0.000),IL7R(+0.000);LTB(+0.000);CAMK4(+0.000);IL32(+0.000);BCL2(+0.000);RPL11(+0.000);RPL13(+0.000);RPS18(+0.000)
FOCAD,False,0.2529575314833997,-7.2281186e-06,0.0028702845,0.00036818202,LEF1(-0.001);BACH2(-0.000);FOXP1(-0.000);MAML2(-0.000);SERINC5(-0.000);FHIT(-0.000);PRKCA(-0.000);PDE3B(-0.000),A2M(+0.000);S100A4(+0.000);ACTB(+0.000);CCL5(+0.000);PLCB1(+0.000);SYNE2(+0.000);B2M(+0.000);ACTG1(+0.000)
TCTN3,False,0.07490595867633429,2.526928e-06,0.002868776,-1.0086878e-05,PLCB1(-0.000);CCL5(-0.000);AOAH(-0.000);A2M(-0.000);MYO1F(-0.000);GNLY(-0.000);S100A4(-0.000);RAP1GAP2(-0.000),LEF1(+0.001);MAML2(+0.000);BACH2(+0.000);FOXP1(+0.000);SERINC5(+0.000);FHIT(+0.000);PRKCA(+0.000);PDE3B(+0.000)
FAM107B,False,0.45128932017663415,-2.7700107e-05,0.0028664407,-0.00011578821,LEF1(-0.001);MAML2(-0.000);CAMK4(-0.000);BACH2(-0.000);SERINC5(-0.000);FOXP1(-0.000);PDE3B(-0.000);FHIT(-0.000),AOAH(+0.000);PLCB1(+0.000);RAP1GAP2(+0.000);MYO1F(+0.000);SAMD3(+0.000);JAZF1(+0.000);SYNE1(+0.000);A2M(+0.000)
SNX29,False,0.44611023278634904,-2.7521955e-05,0.00286559,-0.00020198205,AOAH(-0.000);CCL5(-0.000);JAZF1(-0.000);PLCB1(-0.000);SYNE1(-0.000);RAP1GAP2(-0.000);CD247(-0.000);SAMD3(-0.000),LEF1(+0.000);CAMK4(+0.000);TRAC(+0.000);IL32(+0.000);TMSB10(+0.000);LTB(+0.000);RPL11(+0.000);CD3D(+0.000)
ATF1,True,0.08444638281633321,-3.4622914e-05,0.0028521596,-0.0011103635,B2M(-0.000);CCL5(-0.000);MBNL1(-0.000);CD247(-0.000);PTPRC(-0.000);RIPOR2(-0.000);HLA-B(-0.000);CELF2(-0.000),TRAC(+0.000);PFN1(+0.000);TRBC1(+0.000);TRBC2(+0.000);CD3D(+0.000);HCST(+0.000);JUN(+0.000);TMSB10(+0.000)
TGFB1,False,0.33511421250613316,-0.00012698099,0.0028505297,-0.00014358838,S100A4(-0.000);IL32(-0.000);ACTB(-0.000);PHACTR2(-0.000);ACTG1(-0.000);PFN1(-0.000);A2M(-0.000);PLCB1(-0.000),LEF1(+0.000);BACH2(+0.000);MAML2(+0.000);FOXP1(+0.000);SERINC5(+0.000);FHIT(+0.000);PRKCA(+0.000);ZBTB20(+0.000)
RAB11A,False,0.433462356212179,-4.0464696e-05,0.0028479386,-4.584455e-05,LEF1(-0.000);BACH2(-0.000);MAML2(-0.000);FOXP1(-0.000);FHIT(-0.000);SERINC5(-0.000);PRKCA(-0.000);ZBTB20(-0.000),S100A4(+0.000);IL32(+0.000);PFN1(+0.000);ACTG1(+0.000);ACTB(+0.000);PHACTR2(+0.000);A2M(+0.000);TMSB4X(+0.000)
RELL1,False,0.09262388922204656,7.087325e-06,0.002844132,7.901962e-06,AOAH(-0.000);CCL5(-0.000);PLCB1(-0.000);MYO1F(-0.000);RAP1GAP2(-0.000);CTSW(-0.000);SAMD3(-0.000);SYNE1(-0.000),LEF1(+0.001);MAML2(+0.000);BACH2(+0.000);FOXP1(+0.000);SERINC5(+0.000);CAMK4(+0.000);PDE3B(+0.000);FHIT(+0.000)
TIAM1,False,0.29727961620236604,3.3260305e-05,0.0028436538,-2.3165174e-05,PLCB1(-0.000);A2M(-0.000);CCL5(-0.000);PHACTR2(-0.000);AOAH(-0.000);PARP8(-0.000);KLRG1(-0.000);MYO1F(-0.000),LEF1(+0.001);BACH2(+0.000);FOXP1(+0.000);MAML2(+0.000);FHIT(+0.000);SERINC5(+0.000);PRKCA(+0.000);PDE3B(+0.000)
NBAS,False,0.27067546202911197,-1.6673896e-05,0.0028434822,7.0381386e-05,LEF1(-0.001);BACH2(-0.000);MAML2(-0.000);FOXP1(-0.000);SERINC5(-0.000);FHIT(-0.000);PRKCA(-0.000);PDE3B(-0.000),PLCB1(+0.000);A2M(+0.000);CCL5(+0.000);AOAH(+0.000);S100A4(+0.000);MYO1F(+0.000);PHACTR2(+0.000);KLRG1(+0.000)
EIF5B,False,0.3810717985062422,-2.4790113e-06,0.0028429711,5.311105e-05,LEF1(-0.000);MAML2(-0.000);BACH2(-0.000);FOXP1(-0.000);SERINC5(-0.000);PRKCA(-0.000);PDE3B(-0.000);INPP4B(-0.000),ACTB(+0.000);ACTG1(+0.000);PFN1(+0.000);S100A4(+0.000);TMSB4X(+0.000);IL32(+0.000);CORO1A(+0.000);GAPDH(+0.000)
MAPRE2,False,0.27345581420705445,-1.6139575e-06,0.0028398482,-8.815009e-05,S100A4(-0.000);ACTG1(-0.000);ACTB(-0.000);PFN1(-0.000);IL32(-0.000);TMSB4X(-0.000);PLCB1(-0.000);MYO1F(-0.000),LEF1(+0.001);MAML2(+0.000);BACH2(+0.000);FOXP1(+0.000);SERINC5(+0.000);FHIT(+0.000);PRKCA(+0.000);PDE3B(+0.000)
XPO6,False,0.41432699122280986,4.5539884e-05,0.002839379,-6.9731934e-05,ACTG1(-0.000);ACTB(-0.000);S100A4(-0.000);CCL5(-0.000);PFN1(-0.000);PLCB1(-0.000);MYO1F(-0.000);RAP1GAP2(-0.000),LEF1(+0.001);MAML2(+0.000);BACH2(+0.000);FOXP1(+0.000);SERINC5(+0.000);PRKCA(+0.000);PDE3B(+0.000);FHIT(+0.000)
FAM169A,False,0.09485907430627488,-8.751621e-06,0.0028390782,-5.9208025e-05,S100A4(-0.000);IL32(-0.000);PHACTR2(-0.000);PLCB1(-0.000);A2M(-0.000);PFN1(-0.000);CCL5(-0.000);ACTB(-0.000),LEF1(+0.000);BACH2(+0.000);MAML2(+0.000);FOXP1(+0.000);SERINC5(+0.000);FHIT(+0.000);PRKCA(+0.000);PDE3B(+0.000)
PTPN1,False,0.23594831815951595,-1.3404627e-06,0.0028377753,-4.188599e-05,LEF1(-0.001);MAML2(-0.000);BACH2(-0.000);FOXP1(-0.000);CAMK4(-0.000);SERINC5(-0.000);PDE3B(-0.000);PRKCA(-0.000),AOAH(+0.000);CCL5(+0.000);RAP1GAP2(+0.000);MYO1F(+0.000);PLCB1(+0.000);GNLY(+0.000);PFN1(+0.000);ACTG1(+0.000)
SAMD3,False,0.20263860873357684,-0.0002456662,0.002836605,0.00013853902,AOAH(-0.000);CCL5(-0.000);PLCB1(-0.000);CTSW(-0.000);RAP1GAP2(-0.000);MYO1F(-0.000);PPP2R2B(-0.000);JAZF1(-0.000),LEF1(+0.000);CAMK4(+0.000);SERINC5(+0.000);MAML2(+0.000);BACH2(+0.000);PDE3B(+0.000);FOXP1(+0.000);FHIT(+0.000)
ADCY9,False,0.10014719511530285,-4.9566745e-05,0.0028360046,0.00013937803,PLCB1(-0.000);A2M(-0.000);GNLY(-0.000);CCL5(-0.000);AOAH(-0.000);MYO1F(-0.000);PHACTR2(-0.000);S100A4(-0.000),LEF1(+0.001);BACH2(+0.000);MAML2(+0.000);FOXP1(+0.000);SERINC5(+0.000);FHIT(+0.000);PRKCA(+0.000);PDE3B(+0.000)
UBE2E1,False,0.216594886332661,-4.371796e-05,0.0028347725,-1.1350732e-05,BACH2(-0.000);LEF1(-0.000);MAML2(-0.000);TXK(-0.000);FOXP1(-0.000);ZBTB20(-0.000);KCNQ5(-0.000);CD247(-0.000),IL32(+0.000);S100A4(+0.000);PHACTR2(+0.000);PFN1(+0.000);ACTB(+0.000);RPL11(+0.000);RPL28(+0.000);S100A6(+0.000)
LZIC,False,0.047756637409365976,0.0,0.0028311678,2.4858291e-05,AOAH(-0.000);GNLY(-0.000);CCL5(-0.000);MCTP2(-0.000);TGFBR3(-0.000);RAP1GAP2(-0.000);CTSW(-0.000);JAZF1(-0.000),LEF1(+0.000);CAMK4(+0.000);MAML2(+0.000);SERINC5(+0.000);FOXP1(+0.000);BACH2(+0.000);PDE3B(+0.000);BCL11B(+0.000)
PTBP3,False,0.19026331570626404,-1.4374446e-05,0.0028294658,-3.4128065e-05,AOAH(-0.000);GNLY(-0.000);CCL5(-0.000);RAP1GAP2(-0.000);PLCB1(-0.000);JAZF1(-0.000);MYO1F(-0.000);SYNE1(-0.000),LEF1(+0.000);CAMK4(+0.000);MAML2(+0.000);SERINC5(+0.000);FOXP1(+0.000);BACH2(+0.000);PDE3B(+0.000);FHIT(+0.000)
PHACTR4,False,0.21337840047974704,-5.636944e-05,0.0028283058,-3.0850842e-05,BACH2(-0.000);MAML2(-0.000);LEF1(-0.000);TXK(-0.000);ZBTB20(-0.000);FOXP1(-0.000);KCNQ5(-0.000);CD247(-0.000),IL32(+0.000);PHACTR2(+0.000);S100A4(+0.000);PFN1(+0.000);RPL11(+0.000);RPL28(+0.000);ACTB(+0.000);S100A6(+0.000)
ACVR1C,False,0.10696178378673063,0.0,0.0028269507,-4.3074015e-05,AOAH(-0.000);RAP1GAP2(-0.000);GNLY(-0.000);JAZF1(-0.000);SAMD3(-0.000);SYNE1(-0.000);DNAJC1(-0.000);MYO1F(-0.000),CAMK4(+0.000);LEF1(+0.000);IL7R(+0.000);MAML2(+0.000);BCL2(+0.000);LTB(+0.000);BCL11B(+0.000);SERINC5(+0.000)
USP9X,False,0.38123534863435643,8.610365e-06,0.0028241414,-0.00015856186,IL32(-0.000);IL7R(-0.000);PHACTR2(-0.000);LTB(-0.000);RPL11(-0.000);S100A4(-0.000);RPS18(-0.000);RPL28(-0.000),KCNQ5(+0.000);JAZF1(+0.000);CD247(+0.000);TFDP2(+0.000);BACH2(+0.000);ATP10A(+0.000);SFMBT2(+0.000);PLCG2(+0.000)
TFCP2,True,0.24145450580602956,8.4622e-06,0.002821754,0.00034673032,PFN1(-0.000);CTSW(-0.000);ACTG1(-0.000);SYNE2(-0.000);TGFBR3(-0.000);FLNA(-0.000);MCTP2(-0.000);PPP2R2B(-0.000),ARHGAP15(+0.000);LTB(+0.000);LEF1(+0.000);MBNL1(+0.000);RIPOR2(+0.000);B2M(+0.000);MAML2(+0.000);TC2N(+0.000)
PAPOLA,False,0.18786458049392138,-1.3368603e-05,0.0028203854,-0.00011336205,LEF1(-0.000);BACH2(-0.000);MAML2(-0.000);FOXP1(-0.000);ZBTB20(-0.000);TXK(-0.000);FHIT(-0.000);SERINC5(-0.000),IL32(+0.000);S100A4(+0.000);PFN1(+0.000);PHACTR2(+0.000);ACTB(+0.000);ACTG1(+0.000);S100A6(+0.000);PLCB1(+0.000)
SMARCB1,False,0.10091042904650274,8.6474745e-07,0.0028174107,3.1140553e-05,AOAH(-0.000);PLCB1(-0.000);MYO1F(-0.000);GNLY(-0.000);RAP1GAP2(-0.000);CCL5(-0.000);A2M(-0.000);ACTG1(-0.000),LEF1(+0.001);MAML2(+0.000);BACH2(+0.000);FOXP1(+0.000);SERINC5(+0.000);CAMK4(+0.000);PDE3B(+0.000);FHIT(+0.000)
PPP1R12A,False,0.5068418470261136,-2.6054031e-05,0.0028145118,-0.00015558283,AOAH(-0.000);GNLY(-0.000);CD247(-0.000);JAZF1(-0.000);RAP1GAP2(-0.000);MCTP2(-0.000);SAMD3(-0.000);SYNE1(-0.000),IL32(+0.000);LTB(+0.000);CAMK4(+0.000);TRAC(+0.000);IL7R(+0.000);RPL11(+0.000);RPL30(+0.000);PHACTR2(+0.000)
DDX46,False,0.3567573461265878,-2.2996139e-05,0.0028127604,0.00011248494,AOAH(-0.000);JAZF1(-0.000);TXK(-0.000);CD247(-0.000);KCNQ5(-0.000);ZBTB20(-0.000);SFMBT2(-0.000);FNDC3B(-0.000),IL32(+0.000);S100A4(+0.000);RPL11(+0.000);ACTB(+0.000);PHACTR2(+0.000);RPL28(+0.000);LTB(+0.000);RPS2(+0.000)
AMD1,False,0.26724090933871225,-1.628429e-07,0.002810134,-7.147121e-05,LEF1(-0.001);BACH2(-0.000);MAML2(-0.000);FOXP1(-0.000);SERINC5(-0.000);CAMK4(-0.000);FHIT(-0.000);PDE3B(-0.000),AOAH(+0.000);PLCB1(+0.000);A2M(+0.000);MYO1F(+0.000);CCL5(+0.000);RAP1GAP2(+0.000);SYNE1(+0.000);ARHGAP26(+0.000)
AC087854.1,False,0.19506078613094915,-2.8709645e-05,0.0028095553,-2.8123553e-05,PLCB1(-0.000);AOAH(-0.000);CCL5(-0.000);A2M(-0.000);MYO1F(-0.000);GNLY(-0.000);RAP1GAP2(-0.000);SYNE1(-0.000),LEF1(+0.001);MAML2(+0.000);BACH2(+0.000);FOXP1(+0.000);SERINC5(+0.000);FHIT(+0.000);CAMK4(+0.000);PDE3B(+0.000)
MYO1D,False,0.0966036090061604,-1.91058e-05,0.0027986676,3.4239172e-05,AOAH(-0.000);GNLY(-0.000);PLCB1(-0.000);MYO1F(-0.000);RAP1GAP2(-0.000);CCL5(-0.000);SAMD3(-0.000);JAZF1(-0.000),LEF1(+0.001);MAML2(+0.000);BACH2(+0.000);FOXP1(+0.000);CAMK4(+0.000);SERINC5(+0.000);PDE3B(+0.000);FHIT(+0.000)
DIS3L2,False,0.2844681895000818,2.0506592e-05,0.0027974139,3.538247e-05,PLCB1(-0.000);A2M(-0.000);MYO1F(-0.000);S100A4(-0.000);CCL5(-0.000);AOAH(-0.000);PFN1(-0.000);ACTG1(-0.000),LEF1(+0.001);MAML2(+0.000);BACH2(+0.000);FOXP1(+0.000);SERINC5(+0.000);FHIT(+0.000);PRKCA(+0.000);PDE3B(+0.000)
ST3GAL5,False,0.21506841847026115,-1.210304e-05,0.0027954234,-8.725003e-06,S100A4(-0.000);IL32(-0.000);ACTB(-0.000);PFN1(-0.000);ACTG1(-0.000);TMSB4X(-0.000);PHACTR2(-0.000);CORO1A(-0.000),MAML2(+0.000);LEF1(+0.000);BACH2(+0.000);FOXP1(+0.000);ZBTB20(+0.000);SERINC5(+0.000);TXK(+0.000);PRKCA(+0.000)
ME2,False,0.1894455650656926,-6.2160984e-06,0.0027953985,-7.0421294e-05,PLCB1(-0.000);S100A4(-0.000);CCL5(-0.000);MYO1F(-0.000);ACTG1(-0.000);ACTB(-0.000);PFN1(-0.000);A2M(-0.000),LEF1(+0.001);MAML2(+0.000);BACH2(+0.000);FOXP1(+0.000);SERINC5(+0.000);FHIT(+0.000);PRKCA(+0.000);PDE3B(+0.000)
TBC1D15,False,0.36673390394155814,-3.6191355e-05,0.002790524,-1.0228026e-05,AOAH(-0.000);RAP1GAP2(-0.000);JAZF1(-0.000);CD247(-0.000);SAMD3(-0.000);VAV3(-0.000);SYNE1(-0.000);STK39(-0.000),IL7R(+0.000);CAMK4(+0.000);LTB(+0.000);BCL2(+0.000);BCL11B(+0.000);LEF1(+0.000);IL32(+0.000);THEMIS(+0.000)
TBC1D32,False,0.15575423867415367,-2.35547e-05,0.0027866217,2.2431695e-05,AOAH(-0.000);JAZF1(-0.000);GNLY(-0.000);CD247(-0.000);RAP1GAP2(-0.000);MCTP2(-0.000);VAV3(-0.000);SAMD3(-0.000),IL32(+0.000);IL7R(+0.000);LTB(+0.000);CAMK4(+0.000);PHACTR2(+0.000);RPL11(+0.000);RPS18(+0.000);RPL30(+0.000)
MARK3,False,0.4051136673390394,-1.8524563e-05,0.002786074,-0.00017277028,IL7R(-0.000);LTB(-0.000);CAMK4(-0.000);IL32(-0.000);RPL11(-0.000);BCL2(-0.000);BCL11B(-0.000);RPL13(-0.000),AOAH(+0.000);JAZF1(+0.000);RAP1GAP2(+0.000);MCTP2(+0.000);SAMD3(+0.000);VAV3(+0.000);CD247(+0.000);TYROBP(+0.000)
STK17A,False,0.32524668810990565,2.8528908e-05,0.0027849025,-0.0001022835,S100A4(-0.000);IL32(-0.000);ACTB(-0.000);ACTG1(-0.000);PFN1(-0.000);PHACTR2(-0.000);PLCB1(-0.000);A2M(-0.000),LEF1(+0.000);BACH2(+0.000);MAML2(+0.000);FOXP1(+0.000);SERINC5(+0.000);FHIT(+0.000);PRKCA(+0.000);PDE3B(+0.000)
SRSF7,False,0.5102763997165132,-2.729273e-05,0.0027827502,-1.6679294e-05,GNLY(-0.000);AOAH(-0.000);MCTP2(-0.000);JAZF1(-0.000);CD247(-0.000);TGFBR3(-0.000);RAP1GAP2(-0.000);KCNQ5(-0.000),IL32(+0.000);IL7R(+0.000);LTB(+0.000);PHACTR2(+0.000);CAMK4(+0.000);RPL11(+0.000);TRAC(+0.000);RPL30(+0.000)
CARMIL1,False,0.2316414981191736,-5.6926245e-05,0.0027819022,3.3372655e-06,LEF1(-0.001);BACH2(-0.000);MAML2(-0.000);FOXP1(-0.000);SERINC5(-0.000);FHIT(-0.000);PRKCA(-0.000);PDE3B(-0.000),PLCB1(+0.000);A2M(+0.000);CCL5(+0.000);S100A4(+0.000);PHACTR2(+0.000);IL32(+0.000);MYO1F(+0.000);PFN1(+0.000)
ZFP36L1,False,0.20803576296134765,-2.6038062e-05,0.0027800056,-1.2502892e-05,IL32(-0.000);S100A4(-0.000);PFN1(-0.000);ACTB(-0.000);PHACTR2(-0.000);ACTG1(-0.000);TMSB4X(-0.000);S100A6(-0.000),LEF1(+0.000);BACH2(+0.000);MAML2(+0.000);FOXP1(+0.000);ZBTB20(+0.000);SERINC5(+0.000);FHIT(+0.000);PRKCA(+0.000)
SAP130,False,0.0995475113122172,1.0770307e-06,0.0027784053,5.8974158e-05,GNLY(-0.000);AOAH(-0.000);MYO1F(-0.000);RAP1GAP2(-0.000);PLCB1(-0.000);CCL5(-0.000);A2M(-0.000);PFN1(-0.000),LEF1(+0.001);MAML2(+0.000);BACH2(+0.000);FOXP1(+0.000);SERINC5(+0.000);CAMK4(+0.000);PDE3B(+0.000);FHIT(+0.000)
IDNK,False,0.050482472877937085,0.0,0.002775619,1.19258e-05,LEF1(-0.000);BACH2(-0.000);MAML2(-0.000);FOXP1(-0.000);FHIT(-0.000);TXK(-0.000);KCNQ5(-0.000);ZBTB20(-0.000),IL32(+0.000);PHACTR2(+0.000);S100A4(+0.000);A2M(+0.000);PLCB1(+0.000);PFN1(+0.000);GZMK(+0.000);LTB(+0.000)
MNAT1,False,0.2052554107834051,-1.5859523e-05,0.002774919,-5.9815222e-05,LEF1(-0.001);MAML2(-0.000);BACH2(-0.000);FOXP1(-0.000);SERINC5(-0.000);FHIT(-0.000);PDE3B(-0.000);PRKCA(-0.000),PLCB1(+0.000);CCL5(+0.000);MYO1F(+0.000);PFN1(+0.000);AOAH(+0.000);S100A4(+0.000);ACTG1(+0.000);A2M(+0.000)
PSPC1,False,0.3038761380363081,-5.8798258e-05,0.0027726605,0.00011864771,LEF1(-0.000);BACH2(-0.000);FOXP1(-0.000);FHIT(-0.000);MAML2(-0.000);SERINC5(-0.000);PRKCA(-0.000);SELL(-0.000),PLCB1(+0.000);PHACTR2(+0.000);A2M(+0.000);CCL5(+0.000);IL32(+0.000);GZMK(+0.000);IL7R(+0.000);KLRG1(+0.000)
RABGAP1,False,0.20950771411437608,-2.281742e-05,0.002770819,-1.4710666e-05,LEF1(-0.001);BACH2(-0.000);MAML2(-0.000);FOXP1(-0.000);SERINC5(-0.000);FHIT(-0.000);PRKCA(-0.000);PDE3B(-0.000),CCL5(+0.000);PLCB1(+0.000);GNLY(+0.000);A2M(+0.000);S100A4(+0.000);PHACTR2(+0.000);IL32(+0.000);GZMK(+0.000)
MAPK14,False,0.30294935397699396,4.339085e-05,0.0027706441,-1.2329168e-05,CAMK4(-0.000);LEF1(-0.000);LTB(-0.000);IL7R(-0.000);BCL11B(-0.000);RPL11(-0.000);SERINC5(-0.000);IL32(-0.000),AOAH(+0.000);JAZF1(+0.000);RAP1GAP2(+0.000);SAMD3(+0.000);SYNE1(+0.000);CD247(+0.000);DNAJC1(+0.000);GNLY(+0.000)
ZNF708,True,0.1529738864962111,6.094588e-06,0.0027667324,0.00022481856,LEF1(-0.000);BACH2(-0.000);CCR7(-0.000);MAML2(-0.000);SELL(-0.000);FOXP1(-0.000);FHIT(-0.000);PRKCA(-0.000),CCL5(+0.000);S100A4(+0.000);B2M(+0.000);HLA-B(+0.000);LTB(+0.000);HLA-A(+0.000);PLCB1(+0.000);A2M(+0.000)
MECP2,False,0.26871286049174076,-1.7819264e-05,0.0027666576,-0.00024112614,CCL5(-0.000);AOAH(-0.000);PLCB1(-0.000);MYO1F(-0.000);RAP1GAP2(-0.000);A2M(-0.000);SYNE1(-0.000);NCALD(-0.000),LEF1(+0.001);MAML2(+0.000);FOXP1(+0.000);BACH2(+0.000);SERINC5(+0.000);CAMK4(+0.000);PDE3B(+0.000);FHIT(+0.000)
DDHD1,False,0.19195333369677806,-5.5042337e-06,0.0027631607,3.5983216e-05,LEF1(-0.000);CAMK4(-0.000);IL7R(-0.000);MAML2(-0.000);LTB(-0.000);BCL2(-0.000);BCL11B(-0.000);SERINC5(-0.000),AOAH(+0.000);RAP1GAP2(+0.000);JAZF1(+0.000);SAMD3(+0.000);SYNE1(+0.000);MYO1F(+0.000);CD247(+0.000);DNAJC1(+0.000)
SLC39A11,False,0.22711661124134552,3.0346678e-06,0.0027597062,-2.121711e-05,LEF1(-0.001);MAML2(-0.000);BACH2(-0.000);FOXP1(-0.000);SERINC5(-0.000);CAMK4(-0.000);FHIT(-0.000);PDE3B(-0.000),AOAH(+0.000);PLCB1(+0.000);CCL5(+0.000);MYO1F(+0.000);A2M(+0.000);GNLY(+0.000);RAP1GAP2(+0.000);SYNE1(+0.000)
LCORL,False,0.15335550346181107,-4.6369016e-05,0.0027587893,-7.174267e-06,AOAH(-0.000);JAZF1(-0.000);MCTP2(-0.000);CD247(-0.000);GNLY(-0.000);RAP1GAP2(-0.000);UTRN(-0.000);SYNE1(-0.000),IL32(+0.000);RPL11(+0.000);LTB(+0.000);RPL28(+0.000);TMSB10(+0.000);S100A4(+0.000);CAMK4(+0.000);EEF1A1(+0.000)
TPT1,False,0.6689200239873523,-0.00013122932,0.0027547828,-0.00041164533,IL32(-0.000);S100A4(-0.000);B2M(-0.000);ACTB(-0.000);PHACTR2(-0.000);HLA-B(-0.000);TMSB4X(-0.000);RPL11(-0.000),LEF1(+0.000);BACH2(+0.000);FOXP1(+0.000);MAML2(+0.000);FHIT(+0.000);PRKCA(+0.000);SERINC5(+0.000);ZBTB20(+0.000)
SLC16A7,False,0.25775500190808487,-2.3365697e-05,0.002746939,0.00017113575,LEF1(-0.001);BACH2(-0.000);MAML2(-0.000);FOXP1(-0.000);SERINC5(-0.000);FHIT(-0.000);PRKCA(-0.000);PDE3B(-0.000),PLCB1(+0.000);A2M(+0.000);S100A4(+0.000);CCL5(+0.000);MYO1F(+0.000);AOAH(+0.000);PHACTR2(+0.000);IL32(+0.000)
SECISBP2,False,0.429700703265551,-2.6970272e-05,0.0027469364,-2.938534e-05,LEF1(-0.000);CAMK4(-0.000);IL7R(-0.000);LTB(-0.000);BCL11B(-0.000);MAML2(-0.000);SERINC5(-0.000);PDE3B(-0.000),AOAH(+0.000);JAZF1(+0.000);RAP1GAP2(+0.000);SAMD3(+0.000);SYNE1(+0.000);MYO1F(+0.000);DNAJC1(+0.000);MYBL1(+0.000)
ARRDC5,False,0.15090225154009704,-1.7321318e-05,0.0027428214,-1.9080317e-05,LEF1(-0.001);MAML2(-0.000);BACH2(-0.000);FOXP1(-0.000);CAMK4(-0.000);SERINC5(-0.000);PDE3B(-0.000);PRKCA(-0.000),AOAH(+0.000);CCL5(+0.000);MYO1F(+0.000);RAP1GAP2(+0.000);PLCB1(+0.000);ACTG1(+0.000);PFN1(+0.000);ACTB(+0.000)
TNFSF8,False,0.34105653382761814,3.4001103e-05,0.0027403247,-8.923046e-05,IL32(-0.000);PHACTR2(-0.000);S100A4(-0.000);PLCB1(-0.000);A2M(-0.000);PFN1(-0.000);CCL5(-0.000);ACTB(-0.000),LEF1(+0.000);BACH2(+0.000);MAML2(+0.000);FOXP1(+0.000);SERINC5(+0.000);FHIT(+0.000);PRKCA(+0.000);PDE3B(+0.000)
STT3B,False,0.47887477511857407,-3.3710745e-05,0.0027391918,-2.8178612e-05,LEF1(-0.000);MAML2(-0.000);BACH2(-0.000);CAMK4(-0.000);SERINC5(-0.000);FOXP1(-0.000);PDE3B(-0.000);INPP4B(-0.000),CCL5(+0.000);AOAH(+0.000);RAP1GAP2(+0.000);MYO1F(+0.000);ACTG1(+0.000);PPP2R2B(+0.000);SYNE1(+0.000);SAMD3(+0.000)
KIAA1109,False,0.38363408384669895,-2.072307e-05,0.0027390684,-0.00010001947,S100A4(-0.000);IL32(-0.000);ACTB(-0.000);ACTG1(-0.000);PFN1(-0.000);PHACTR2(-0.000);TMSB4X(-0.000);CCL5(-0.000),LEF1(+0.000);MAML2(+0.000);BACH2(+0.000);FOXP1(+0.000);SERINC5(+0.000);PRKCA(+0.000);FHIT(+0.000);ZBTB20(+0.000)
ELK3,True,0.16752984789838085,-2.9192439e-05,0.002738005,-0.00023824222,LTB(-0.000);ARHGAP15(-0.000);B2M(-0.000);RPL11(-0.000);RPL13(-0.000);S100A4(-0.000);RPL13A(-0.000);HLA-B(-0.000),KCNQ5(+0.000);ATP10A(+0.000);SFMBT2(+0.000);JAZF1(+0.000);MAPRE2(+0.000);AOAH(+0.000);CCR7(+0.000);TXK(+0.000)
ATXN10,False,0.39235675734612663,-5.318297e-05,0.0027365382,-5.878106e-05,BACH2(-0.000);LEF1(-0.000);KCNQ5(-0.000);CD247(-0.000);TXK(-0.000);MAML2(-0.000);FOXP1(-0.000);ATP10A(-0.000),IL32(+0.000);PHACTR2(+0.000);GZMK(+0.000);S100A4(+0.000);LTB(+0.000);CCL5(+0.000);A2M(+0.000);IL7R(+0.000)
ASCC1,False,0.11410347271438696,-4.1016237e-06,0.0027306436,4.762212e-06,AOAH(-0.000);RAP1GAP2(-0.000);CCL5(-0.000);MYO1F(-0.000);ACTG1(-0.000);PLCB1(-0.000);SAMD3(-0.000);SYNE1(-0.000),LEF1(+0.000);MAML2(+0.000);CAMK4(+0.000);BACH2(+0.000);FOXP1(+0.000);SERINC5(+0.000);PDE3B(+0.000);INPP4B(+0.000)
PRMT9,False,0.1676933980264951,1.9523184e-05,0.002730072,1.3624211e-05,ACTG1(-0.000);PFN1(-0.000);ACTB(-0.000);S100A4(-0.000);MYO1F(-0.000);CCL5(-0.000);RAP1GAP2(-0.000);GAPDH(-0.000),LEF1(+0.000);MAML2(+0.000);BACH2(+0.000);FOXP1(+0.000);SERINC5(+0.000);CAMK4(+0.000);PDE3B(+0.000);PRKCA(+0.000)
GPCPD1,False,0.3744752766723001,6.5691675e-06,0.0027290408,0.00020245646,LEF1(-0.001);MAML2(-0.000);BACH2(-0.000);FOXP1(-0.000);SERINC5(-0.000);FHIT(-0.000);PDE3B(-0.000);PRKCA(-0.000),ACTB(+0.000);ACTG1(+0.000);S100A4(+0.000);MYO1F(+0.000);AOAH(+0.000);PLCB1(+0.000);A2M(+0.000);RAP1GAP2(+0.000)
NUCB2,False,0.27961620236602525,-5.2814703e-05,0.0027242678,6.797034e-05,LEF1(-0.001);MAML2(-0.000);BACH2(-0.000);FOXP1(-0.000);SERINC5(-0.000);FHIT(-0.000);PRKCA(-0.000);PDE3B(-0.000),PLCB1(+0.000);A2M(+0.000);CCL5(+0.000);S100A4(+0.000);MYO1F(+0.000);AOAH(+0.000);ACTG1(+0.000);PFN1(+0.000)
PPARA,True,0.027040287848225483,0.0,0.0027238107,0.0010881452,HCST(-0.000);PFN1(-0.000);TRAC(-0.000);JUN(-0.000);FOS(-0.000);TRBC1(-0.000);HLA-C(-0.000);TRBC2(-0.000),IL7R(+0.000);B2M(+0.000);LEF1(+0.000);MBNL1(+0.000);RPL13(+0.000);TXK(+0.000);DOCK10(+0.000);EEF1A1(+0.000)
ZNF280D,False,0.17112795071689474,1.9848027e-05,0.002723326,-2.3987109e-06,ACTG1(-0.000);PFN1(-0.000);ACTB(-0.000);S100A4(-0.000);CCL5(-0.000);MYO1F(-0.000);RAP1GAP2(-0.000);AOAH(-0.000),LEF1(+0.000);MAML2(+0.000);BACH2(+0.000);FOXP1(+0.000);SERINC5(+0.000);CAMK4(+0.000);PDE3B(+0.000);PRKCA(+0.000)
COX6C,False,0.3126533282451071,3.8768812e-05,0.0027224151,5.387564e-05,GNLY(-0.000);BACH2(-0.000);TXK(-0.000);AOAH(-0.000);ZBTB20(-0.000);KCNQ5(-0.000);MCTP2(-0.000);MAML2(-0.000),IL32(+0.000);S100A4(+0.000);PHACTR2(+0.000);RPL11(+0.000);ACTB(+0.000);RPL28(+0.000);LTB(+0.000);PFN1(+0.000)
TET2,False,0.16256882734558142,-1.1269244e-06,0.002721153,-8.6261294e-05,LEF1(-0.001);MAML2(-0.000);BACH2(-0.000);FOXP1(-0.000);SERINC5(-0.000);CAMK4(-0.000);PDE3B(-0.000);FHIT(-0.000),AOAH(+0.000);PLCB1(+0.000);MYO1F(+0.000);RAP1GAP2(+0.000);PFN1(+0.000);A2M(+0.000);ACTG1(+0.000);S100A4(+0.000)
CHD1,False,0.4466553998800633,-2.108528e-05,0.0027209641,-6.117229e-05,LEF1(-0.000);MAML2(-0.000);BACH2(-0.000);FOXP1(-0.000);CAMK4(-0.000);SERINC5(-0.000);PDE3B(-0.000);INPP4B(-0.000),PFN1(+0.000);ACTG1(+0.000);AOAH(+0.000);RAP1GAP2(+0.000);MYO1F(+0.000);ACTB(+0.000);S100A4(+0.000);PLCB1(+0.000)
ANTXR2,False,0.15744425666466771,-1.7211376e-05,0.0027200861,0.0001358802,LEF1(-0.001);MAML2(-0.000);FOXP1(-0.000);BACH2(-0.000);SERINC5(-0.000);CAMK4(-0.000);PDE3B(-0.000);FHIT(-0.000),AOAH(+0.000);PLCB1(+0.000);CCL5(+0.000);GNLY(+0.000);MYO1F(+0.000);RAP1GAP2(+0.000);A2M(+0.000);SYNE1(+0.000)
HPCAL1,False,0.3330425775500191,-5.4855962e-05,0.0027182393,-7.6477445e-06,IL7R(-0.000);LTB(-0.000);CAMK4(-0.000);IL32(-0.000);BCL2(-0.000);PHACTR2(-0.000);RPL11(-0.000);BCL11B(-0.000),AOAH(+0.000);JAZF1(+0.000);RAP1GAP2(+0.000);MCTP2(+0.000);CD247(+0.000);SAMD3(+0.000);VAV3(+0.000);SYNE1(+0.000)
ANKRD26,False,0.16305947772992424,-2.5312402e-05,0.0027135394,-2.166372e-05,LEF1(-0.001);MAML2(-0.000);BACH2(-0.000);FOXP1(-0.000);SERINC5(-0.000);FHIT(-0.000);PRKCA(-0.000);PDE3B(-0.000),S100A4(+0.000);PLCB1(+0.000);CCL5(+0.000);PFN1(+0.000);IL32(+0.000);A2M(+0.000);PHACTR2(+0.000);ACTB(+0.000)
COMMD1,False,0.30632938995802217,-9.029847e-06,0.0027104376,1.6729107e-05,CAMK4(-0.000);IL7R(-0.000);LEF1(-0.000);LTB(-0.000);BCL11B(-0.000);IL32(-0.000);BCL2(-0.000);RPL11(-0.000),AOAH(+0.000);RAP1GAP2(+0.000);JAZF1(+0.000);SAMD3(+0.000);SYNE1(+0.000);GNLY(+0.000);CD247(+0.000);VAV3(+0.000)
MED27,False,0.2964618655617947,3.2813344e-07,0.0027074304,-9.675322e-05,IL32(-0.000);S100A4(-0.000);PHACTR2(-0.000);A2M(-0.000);PLCB1(-0.000);KLRG1(-0.000);ACTB(-0.000);PFN1(-0.000),LEF1(+0.000);BACH2(+0.000);MAML2(+0.000);FOXP1(+0.000);FHIT(+0.000);PRKCA(+0.000);SERINC5(+0.000);TXK(+0.000)
SPOP,False,0.21986588889494632,-1.6294147e-05,0.002706931,-1.9981338e-05,CAMK4(-0.000);IL7R(-0.000);LEF1(-0.000);LTB(-0.000);BCL2(-0.000);BCL11B(-0.000);MAML2(-0.000);INPP4B(-0.000),AOAH(+0.000);RAP1GAP2(+0.000);MCTP2(+0.000);JAZF1(+0.000);SAMD3(+0.000);SYNE1(+0.000);VAV3(+0.000);TGFBR3(+0.000)
ATP2C1,False,0.20067600719620562,2.6438802e-06,0.0027065466,1.8961131e-05,CCL5(-0.000);AOAH(-0.000);PLCB1(-0.000);MYO1F(-0.000);RAP1GAP2(-0.000);PFN1(-0.000);ACTG1(-0.000);S100A4(-0.000),LEF1(+0.001);MAML2(+0.000);BACH2(+0.000);FOXP1(+0.000);SERINC5(+0.000);CAMK4(+0.000);PDE3B(+0.000);PRKCA(+0.000)
CBX3,False,0.3073106907267078,-3.399796e-05,0.0027058274,-0.00010378427,IL32(-0.000);S100A4(-0.000);PHACTR2(-0.000);RPL11(-0.000);ACTB(-0.000);LTB(-0.000);RPL28(-0.000);PFN1(-0.000),BACH2(+0.000);LEF1(+0.000);MAML2(+0.000);FOXP1(+0.000);TXK(+0.000);ZBTB20(+0.000);KCNQ5(+0.000);APBA2(+0.000)
PLPP1,False,0.18693779643460726,-3.38761e-05,0.002701247,1.3814833e-05,LEF1(-0.001);MAML2(-0.000);BACH2(-0.000);FOXP1(-0.000);SERINC5(-0.000);FHIT(-0.000);PDE3B(-0.000);CAMK4(-0.000),CCL5(+0.000);PLCB1(+0.000);AOAH(+0.000);GNLY(+0.000);MYO1F(+0.000);CTSW(+0.000);A2M(+0.000);RAP1GAP2(+0.000)
EFL1,False,0.07136237256719186,-4.913072e-06,0.0027007398,3.4929122e-05,LEF1(-0.001);MAML2(-0.000);BACH2(-0.000);FOXP1(-0.000);SERINC5(-0.000);CAMK4(-0.000);PDE3B(-0.000);FHIT(-0.000),AOAH(+0.000);CCL5(+0.000);PLCB1(+0.000);MYO1F(+0.000);RAP1GAP2(+0.000);A2M(+0.000);SYNE1(+0.000);NCALD(+0.000)
REV3L,False,0.35217794253938833,3.232552e-07,0.002697307,7.936372e-05,IL7R(-0.000);LTB(-0.000);PHACTR2(-0.000);IL32(-0.000);GZMK(-0.000);CAMK4(-0.000);BCL2(-0.000);RPS18(-0.000),CD247(+0.000);JAZF1(+0.000);RAP1GAP2(+0.000);TFDP2(+0.000);KCNQ5(+0.000);MAPRE2(+0.000);MCTP2(+0.000);VAV3(+0.000)
VKORC1L1,False,0.0807392465790765,0.0,0.0026972794,2.0790463e-07,ACTG1(-0.000);CCL5(-0.000);PFN1(-0.000);ACTB(-0.000);S100A4(-0.000);MYO1F(-0.000);RAP1GAP2(-0.000);PLCB1(-0.000),LEF1(+0.000);MAML2(+0.000);BACH2(+0.000);FOXP1(+0.000);SERINC5(+0.000);CAMK4(+0.000);PDE3B(+0.000);PRKCA(+0.000)
ZC3H14,False,0.11682930818295809,-1.8032453e-06,0.0026960417,-4.8172464e-05,PLCB1(-0.000);IL32(-0.000);PHACTR2(-0.000);S100A4(-0.000);A2M(-0.000);CCL5(-0.000);KLRG1(-0.000);GZMK(-0.000),LEF1(+0.000);BACH2(+0.000);MAML2(+0.000);FOXP1(+0.000);FHIT(+0.000);SERINC5(+0.000);PRKCA(+0.000);PDE3B(+0.000)
GPSM2,False,0.122499045957586,0.0,0.0026884666,5.07884e-07,PLCB1(-0.000);CCL5(-0.000);A2M(-0.000);AOAH(-0.000);GNLY(-0.000);MYO1F(-0.000);S100A4(-0.000);PHACTR2(-0.000),LEF1(+0.001);BACH2(+0.000);MAML2(+0.000);FOXP1(+0.000);SERINC5(+0.000);FHIT(+0.000);PRKCA(+0.000);PDE3B(+0.000)
YPEL2,False,0.10734340075233059,2.1881706e-05,0.0026871457,-4.6780362e-05,CCL5(-0.000);PLCB1(-0.000);MYO1F(-0.000);AOAH(-0.000);S100A4(-0.000);A2M(-0.000);PFN1(-0.000);ACTG1(-0.000),LEF1(+0.001);MAML2(+0.000);BACH2(+0.000);FOXP1(+0.000);SERINC5(+0.000);FHIT(+0.000);PRKCA(+0.000);PDE3B(+0.000)
STAT1,True,0.5288665976121681,-3.5974146e-05,0.002684642,3.527701e-05,ZBTB20(-0.000);MAML2(-0.000);BACH2(-0.000);LEF1(-0.000);FOXP1(-0.000);TXK(-0.000);GNLY(-0.000);MBNL1(-0.000),IL32(+0.000);PFN1(+0.000);S100A4(+0.000);ACTG1(+0.000);ACTB(+0.000);PHACTR2(+0.000);TMSB10(+0.000);S100A6(+0.000)
ELF4,True,0.06629231859564957,0.0,0.0026835112,-0.0004904229,B2M(-0.000);MBNL1(-0.000);PTPRC(-0.000);ARHGAP15(-0.000);SKAP1(-0.000);HLA-B(-0.000);RIPOR2(-0.000);PRKCH(-0.000),IL7R(+0.000);GZMK(+0.000);CAMK4(+0.000);IL32(+0.000);BCL2(+0.000);PHACTR2(+0.000);CCR7(+0.000);THEMIS(+0.000)
NUP107,False,0.2581366188736848,-2.672497e-05,0.0026806577,-0.00011215215,LEF1(-0.000);MAML2(-0.000);BACH2(-0.000);FOXP1(-0.000);SERINC5(-0.000);PRKCA(-0.000);ZBTB20(-0.000);FHIT(-0.000),PFN1(+0.000);S100A4(+0.000);IL32(+0.000);ACTB(+0.000);ACTG1(+0.000);PHACTR2(+0.000);GAPDH(+0.000);PLCB1(+0.000)
RORA,True,0.5709534972469062,-0.00012354464,0.0026787126,-0.00020406701,AOAH(-0.000);PLCB1(-0.000);CCL5(-0.000);SYNE1(-0.000);GNLY(-0.000);A2M(-0.000);SYNE2(-0.000);RAP1GAP2(-0.000),LEF1(+0.000);CAMK4(+0.000);SERINC5(+0.000);FOXP1(+0.000);RPL11(+0.000);TRAC(+0.000);FHIT(+0.000);LTB(+0.000)
MAGED1,False,0.3037671046175653,-2.7800399e-05,0.0026733822,1.6641268e-05,LEF1(-0.001);MAML2(-0.000);BACH2(-0.000);FOXP1(-0.000);SERINC5(-0.000);CAMK4(-0.000);PDE3B(-0.000);FHIT(-0.000),AOAH(+0.000);PLCB1(+0.000);CCL5(+0.000);MYO1F(+0.000);RAP1GAP2(+0.000);GNLY(+0.000);A2M(+0.000);SYNE1(+0.000)
SERBP1,False,0.379109196968871,-3.529584e-07,0.0026727694,2.9719145e-05,LEF1(-0.001);BACH2(-0.000);FOXP1(-0.000);MAML2(-0.000);SERINC5(-0.000);FHIT(-0.000);PRKCA(-0.000);PDE3B(-0.000),PLCB1(+0.000);A2M(+0.000);AOAH(+0.000);CCL5(+0.000);MYO1F(+0.000);PARP8(+0.000);PHACTR2(+0.000);PZP(+0.000)
NSUN3,False,0.11628414108924386,-9.704491e-06,0.0026652713,-5.3515614e-06,AOAH(-0.000);GNLY(-0.000);RAP1GAP2(-0.000);CCL5(-0.000);MCTP2(-0.000);TGFBR3(-0.000);MYO1F(-0.000);PLCB1(-0.000),LEF1(+0.000);MAML2(+0.000);CAMK4(+0.000);FOXP1(+0.000);BACH2(+0.000);SERINC5(+0.000);PDE3B(+0.000);INPP4B(+0.000)
MGAT5,False,0.3980810118301259,-9.965382e-06,0.002663308,0.00021290744,LEF1(-0.000);BACH2(-0.000);FOXP1(-0.000);SERINC5(-0.000);FHIT(-0.000);MAML2(-0.000);PRKCA(-0.000);PDE3B(-0.000),CCL5(+0.000);PLCB1(+0.000);AOAH(+0.000);A2M(+0.000);GNLY(+0.000);PARP8(+0.000);SYNE2(+0.000);MYO1F(+0.000)
FARS2,False,0.38810445401515575,-5.2074814e-05,0.0026616445,-0.000220431,LEF1(-0.000);CAMK4(-0.000);MAML2(-0.000);IL7R(-0.000);BACH2(-0.000);BCL2(-0.000);SERINC5(-0.000);BCL11B(-0.000),AOAH(+0.000);RAP1GAP2(+0.000);PFN1(+0.000);MYO1F(+0.000);JAZF1(+0.000);SAMD3(+0.000);ACTG1(+0.000);SYNE1(+0.000)
BMPR2,False,0.23589380145014452,-9.951197e-06,0.002659857,-5.8202062e-05,S100A4(-0.000);IL32(-0.000);PLCB1(-0.000);PHACTR2(-0.000);A2M(-0.000);KLRG1(-0.000);GZMK(-0.000);PFN1(-0.000),LEF1(+0.000);BACH2(+0.000);MAML2(+0.000);FOXP1(+0.000);FHIT(+0.000);SERINC5(+0.000);PRKCA(+0.000);PDE3B(+0.000)
ANO10,False,0.12140871177015755,-4.1749818e-06,0.0026552672,3.4463933e-06,LEF1(-0.001);MAML2(-0.000);BACH2(-0.000);FOXP1(-0.000);CAMK4(-0.000);SERINC5(-0.000);PDE3B(-0.000);FHIT(-0.000),AOAH(+0.000);CCL5(+0.000);PLCB1(+0.000);MYO1F(+0.000);RAP1GAP2(+0.000);A2M(+0.000);SYNE1(+0.000);SAMD3(+0.000)
DENND1B,False,0.258681785967399,3.2445078e-05,0.002653492,7.2473675e-05,LEF1(-0.000);MAML2(-0.000);CAMK4(-0.000);FOXP1(-0.000);BACH2(-0.000);SERINC5(-0.000);PDE3B(-0.000);PRKCA(-0.000),AOAH(+0.000);RAP1GAP2(+0.000);CCL5(+0.000);MYO1F(+0.000);PLCB1(+0.000);GNLY(+0.000);JAZF1(+0.000);SAMD3(+0.000)
BIN2,False,0.34748950553344604,8.628761e-06,0.0026511906,-7.8228195e-06,LEF1(-0.001);BACH2(-0.000);MAML2(-0.000);FOXP1(-0.000);SERINC5(-0.000);FHIT(-0.000);PRKCA(-0.000);PDE3B(-0.000),PLCB1(+0.000);A2M(+0.000);S100A4(+0.000);PHACTR2(+0.000);IL32(+0.000);MYO1F(+0.000);PFN1(+0.000);KLRG1(+0.000)
PARP15,False,0.21921168838248925,-3.7171668e-07,0.002650736,4.3829295e-05,IL7R(-0.000);LTB(-0.000);IL32(-0.000);CAMK4(-0.000);RPL11(-0.000);PHACTR2(-0.000);TRAC(-0.000);RPL30(-0.000),AOAH(+0.000);JAZF1(+0.000);CD247(+0.000);GNLY(+0.000);RAP1GAP2(+0.000);MCTP2(+0.000);SAMD3(+0.000);VAV3(+0.000)
SMARCAL1,False,0.1549364880335823,-3.6015333e-06,0.0026491424,9.8980476e-05,LEF1(-0.000);BACH2(-0.000);MAML2(-0.000);FOXP1(-0.000);SERINC5(-0.000);FHIT(-0.000);PRKCA(-0.000);PDE3B(-0.000),S100A4(+0.000);IL32(+0.000);ACTB(+0.000);PHACTR2(+0.000);ACTG1(+0.000);PFN1(+0.000);A2M(+0.000);PLCB1(+0.000)
MARK2,False,0.1941885187810064,2.1846558e-06,0.0026479946,-9.82289e-05,S100A4(-0.000);PLCB1(-0.000);ACTB(-0.000);A2M(-0.000);CCL5(-0.000);ACTG1(-0.000);PFN1(-0.000);IL32(-0.000),LEF1(+0.001);MAML2(+0.000);BACH2(+0.000);FOXP1(+0.000);SERINC5(+0.000);FHIT(+0.000);PRKCA(+0.000);PDE3B(+0.000)
PAFAH1B1,False,0.40445946682658235,-2.330768e-05,0.0026444232,-0.00013984322,MAML2(-0.000);ZBTB20(-0.000);BACH2(-0.000);TXK(-0.000);GNLY(-0.000);LEF1(-0.000);FOXP1(-0.000);PITPNC1(-0.000),IL32(+0.000);PFN1(+0.000);S100A4(+0.000);ACTB(+0.000);ACTG1(+0.000);TMSB10(+0.000);GAPDH(+0.000);CORO1A(+0.000)
NT5C3A,False,0.2652237910919697,-1.9106996e-05,0.0026439107,1.9596242e-05,PLCB1(-0.000);PHACTR2(-0.000);IL32(-0.000);A2M(-0.000);S100A4(-0.000);KLRG1(-0.000);PARP8(-0.000);PZP(-0.000),LEF1(+0.000);BACH2(+0.000);MAML2(+0.000);FOXP1(+0.000);FHIT(+0.000);SERINC5(+0.000);PRKCA(+0.000);PDE3B(+0.000)
ANKS3,False,0.0685275036798779,0.0,0.0026387984,3.9123894e-05,GNLY(-0.000);AOAH(-0.000);MCTP2(-0.000);RAP1GAP2(-0.000);JAZF1(-0.000);TGFBR3(-0.000);SAMD3(-0.000);SYNE1(-0.000),CAMK4(+0.000);LEF1(+0.000);IL7R(+0.000);LTB(+0.000);BCL11B(+0.000);BCL2(+0.000);SERINC5(+0.000);MAML2(+0.000)
LINC00476,False,0.13329335441312762,-1.376267e-05,0.0026376327,7.6820135e-05,LEF1(-0.000);MAML2(-0.000);CAMK4(-0.000);FOXP1(-0.000);BACH2(-0.000);SERINC5(-0.000);PDE3B(-0.000);INPP4B(-0.000),AOAH(+0.000);RAP1GAP2(+0.000);MYO1F(+0.000);JAZF1(+0.000);SAMD3(+0.000);SYNE1(+0.000);PLCB1(+0.000);ACTG1(+0.000)
PKM,False,0.24347162405277223,-2.6892732e-05,0.0026366226,-0.00011920855,ACTG1(-0.000);ACTB(-0.000);RAP1GAP2(-0.000);AOAH(-0.000);GNLY(-0.000);MYO1F(-0.000);PFN1(-0.000);CCL5(-0.000),LEF1(+0.000);MAML2(+0.000);CAMK4(+0.000);FOXP1(+0.000);BCL2(+0.000);BACH2(+0.000);SERINC5(+0.000);IL7R(+0.000)
GOLGA8A,False,0.35217794253938833,2.1651018e-05,0.002634062,-2.3455576e-05,AOAH(-0.000);CD247(-0.000);KCNQ5(-0.000);JAZF1(-0.000);SFMBT2(-0.000);TXK(-0.000);TFDP2(-0.000);FNDC3B(-0.000),IL32(+0.000);LTB(+0.000);IL7R(+0.000);PHACTR2(+0.000);S100A4(+0.000);RPL11(+0.000);RPL28(+0.000);RPL30(+0.000)
RSRP1,False,0.42888295262497955,-2.2505143e-05,0.0026303327,-3.2507243e-05,S100A4(-0.000);ACTB(-0.000);ACTG1(-0.000);PFN1(-0.000);IL32(-0.000);TMSB4X(-0.000);CORO1A(-0.000);GAPDH(-0.000),LEF1(+0.000);MAML2(+0.000);BACH2(+0.000);FOXP1(+0.000);SERINC5(+0.000);PRKCA(+0.000);FHIT(+0.000);ZBTB20(+0.000)
PDS5B,False,0.27285613040396883,-3.030639e-05,0.002627615,-0.00012098819,AOAH(-0.000);GNLY(-0.000);RAP1GAP2(-0.000);JAZF1(-0.000);MCTP2(-0.000);CD247(-0.000);SAMD3(-0.000);SYNE1(-0.000),CAMK4(+0.000);IL7R(+0.000);LEF1(+0.000);LTB(+0.000);BCL2(+0.000);BCL11B(+0.000);MAML2(+0.000);INPP4B(+0.000)
NFKBIZ,False,0.3563757291609879,-5.9237427e-05,0.0026275485,-0.00019978767,IL7R(-0.000);LEF1(-0.000);CAMK4(-0.000);LTB(-0.000);BCL11B(-0.000);MAML2(-0.000);BCL2(-0.000);SERINC5(-0.000),AOAH(+0.000);RAP1GAP2(+0.000);JAZF1(+0.000);SAMD3(+0.000);MYO1F(+0.000);SYNE1(+0.000);VAV3(+0.000);DNAJC1(+0.000)
TRIT1,False,0.08924385324101838,0.0,0.0026264563,0.000103860024,LEF1(-0.001);BACH2(-0.000);MAML2(-0.000);FOXP1(-0.000);SERINC5(-0.000);FHIT(-0.000);PRKCA(-0.000);PDE3B(-0.000),PLCB1(+0.000);CCL5(+0.000);A2M(+0.000);S100A4(+0.000);MYO1F(+0.000);AOAH(+0.000);ACTB(+0.000);PHACTR2(+0.000)
UBE3C,False,0.33767649784659004,-1.786213e-05,0.0026256861,-3.3638084e-05,LEF1(-0.000);MAML2(-0.000);BACH2(-0.000);FOXP1(-0.000);SERINC5(-0.000);FHIT(-0.000);PRKCA(-0.000);PDE3B(-0.000),S100A4(+0.000);PFN1(+0.000);IL32(+0.000);PLCB1(+0.000);PHACTR2(+0.000);ACTB(+0.000);ACTG1(+0.000);A2M(+0.000)
HTT,False,0.27623616638499704,-1.6900462e-05,0.0026237152,-4.865192e-05,MAML2(-0.000);LEF1(-0.000);BACH2(-0.000);FOXP1(-0.000);ZBTB20(-0.000);TXK(-0.000);SERINC5(-0.000);PRKCA(-0.000),S100A4(+0.000);ACTG1(+0.000);PFN1(+0.000);ACTB(+0.000);IL32(+0.000);TMSB4X(+0.000);TMSB10(+0.000);CORO1A(+0.000)
SNX27,False,0.09425939050318922,3.7673772e-06,0.0026220214,-3.3830347e-05,AOAH(-0.000);CCL5(-0.000);PLCB1(-0.000);MYO1F(-0.000);RAP1GAP2(-0.000);A2M(-0.000);PPP2R2B(-0.000);SYNE1(-0.000),LEF1(+0.001);MAML2(+0.000);BACH2(+0.000);FOXP1(+0.000);SERINC5(+0.000);CAMK4(+0.000);PDE3B(+0.000);FHIT(+0.000)
SH3KBP1,False,0.5577059368696505,4.4524655e-05,0.0026211443,0.00016830607,IL32(-0.000);LTB(-0.000);IL7R(-0.000);PHACTR2(-0.000);TRAC(-0.000);CAMK4(-0.000);RPL11(-0.000);S100A4(-0.000),AOAH(+0.000);CD247(+0.000);JAZF1(+0.000);KCNQ5(+0.000);GNLY(+0.000);SFMBT2(+0.000);TXK(+0.000);MCTP2(+0.000)
KLHL5,False,0.22820694542877393,2.9162367e-05,0.002621074,-0.00011846767,ACTG1(-0.000);ACTB(-0.000);CCL5(-0.000);RAP1GAP2(-0.000);MYO1F(-0.000);AOAH(-0.000);GNLY(-0.000);PFN1(-0.000),LEF1(+0.000);MAML2(+0.000);FOXP1(+0.000);CAMK4(+0.000);BACH2(+0.000);SERINC5(+0.000);BCL2(+0.000);PDE3B(+0.000)
N4BP2,False,0.23943738755928692,-3.1381427e-05,0.0026203918,8.2940016e-05,AOAH(-0.000);JAZF1(-0.000);MCTP2(-0.000);CD247(-0.000);RAP1GAP2(-0.000);VAV3(-0.000);SAMD3(-0.000);GNLY(-0.000),IL32(+0.000);LTB(+0.000);IL7R(+0.000);RPL11(+0.000);PHACTR2(+0.000);RPS18(+0.000);RPS2(+0.000);RPL28(+0.000)
PCBP2,False,0.2617892384015701,-6.263779e-05,0.0026191364,0.00017023896,IL32(-0.000);TMSB10(-0.000);PFN1(-0.000);TRAC(-0.000);CAMK4(-0.000);RPL11(-0.000);GAPDH(-0.000);VIM(-0.000),AOAH(+0.000);GNLY(+0.000);CCL5(+0.000);JAZF1(+0.000);SYNE1(+0.000);CD247(+0.000);MCTP2(+0.000);UTRN(+0.000)
VPS35L,False,0.18268549310363627,-1.8990488e-05,0.0026157496,6.1832914e-05,LEF1(-0.000);CAMK4(-0.000);SERINC5(-0.000);MAML2(-0.000);FOXP1(-0.000);PDE3B(-0.000);BACH2(-0.000);FHIT(-0.000),AOAH(+0.000);GNLY(+0.000);CCL5(+0.000);PLCB1(+0.000);RAP1GAP2(+0.000);JAZF1(+0.000);SYNE1(+0.000);MYO1F(+0.000)
ELMOD3,False,0.09943847789347435,-3.4763568e-06,0.002614649,-6.19847e-07,CCL5(-0.000);AOAH(-0.000);PLCB1(-0.000);MYO1F(-0.000);RAP1GAP2(-0.000);PFN1(-0.000);ACTG1(-0.000);A2M(-0.000),LEF1(+0.001);MAML2(+0.000);BACH2(+0.000);FOXP1(+0.000);SERINC5(+0.000);CAMK4(+0.000);PDE3B(+0.000);FHIT(+0.000)
STK10,False,0.5302840320558252,-8.0441e-05,0.0026114562,-0.00012218028,GNLY(-0.000);MCTP2(-0.000);AOAH(-0.000);CCL5(-0.000);TGFBR3(-0.000);CTSW(-0.000);JAZF1(-0.000);CD247(-0.000),IL7R(+0.000);CAMK4(+0.000);IL32(+0.000);LTB(+0.000);TRAC(+0.000);PHACTR2(+0.000);BCL2(+0.000);RPL11(+0.000)
SMG7,False,0.17870577331952245,-8.462713e-06,0.0026077516,-1.3391007e-05,LEF1(-0.000);MAML2(-0.000);CAMK4(-0.000);BACH2(-0.000);FOXP1(-0.000);SERINC5(-0.000);PDE3B(-0.000);FHIT(-0.000),AOAH(+0.000);CCL5(+0.000);PLCB1(+0.000);RAP1GAP2(+0.000);MYO1F(+0.000);SYNE1(+0.000);JAZF1(+0.000);SAMD3(+0.000)
ZAP70,False,0.2799978193316251,-3.710666e-05,0.0026053088,9.4575626e-05,PFN1(-0.000);S100A4(-0.000);ACTG1(-0.000);ACTB(-0.000);IL32(-0.000);FLNA(-0.000);PLCB1(-0.000);TMSB4X(-0.000),LEF1(+0.000);MAML2(+0.000);BACH2(+0.000);FOXP1(+0.000);SERINC5(+0.000);PRKCA(+0.000);FHIT(+0.000);ZBTB20(+0.000)
PPP1R12B,False,0.1763615548165513,-1.568358e-05,0.002604579,-0.000116928044,CAMK4(-0.000);IL7R(-0.000);LEF1(-0.000);LTB(-0.000);BCL11B(-0.000);BCL2(-0.000);RPL11(-0.000);MAML2(-0.000),AOAH(+0.000);RAP1GAP2(+0.000);JAZF1(+0.000);SAMD3(+0.000);SYNE1(+0.000);VAV3(+0.000);MYO1F(+0.000);CD247(+0.000)
WDR26,False,0.27056642861036906,8.402387e-06,0.002603555,8.144914e-05,LEF1(-0.000);CAMK4(-0.000);MAML2(-0.000);FOXP1(-0.000);SERINC5(-0.000);BACH2(-0.000);PDE3B(-0.000);FHIT(-0.000),AOAH(+0.000);CCL5(+0.000);RAP1GAP2(+0.000);PLCB1(+0.000);MYO1F(+0.000);SYNE1(+0.000);JAZF1(+0.000);SAMD3(+0.000)
APOL6,False,0.3196314670446492,-3.7643476e-05,0.0026026424,-0.000112623704,AOAH(-0.000);RAP1GAP2(-0.000);PLCB1(-0.000);MYO1F(-0.000);SYNE1(-0.000);SAMD3(-0.000);JAZF1(-0.000);NCALD(-0.000),LEF1(+0.000);MAML2(+0.000);CAMK4(+0.000);FOXP1(+0.000);BACH2(+0.000);SERINC5(+0.000);PDE3B(+0.000);FHIT(+0.000)
TMC8,False,0.6606334841628961,-6.3936877e-06,0.0026001637,7.161779e-05,LEF1(-0.000);BACH2(-0.000);FOXP1(-0.000);MAML2(-0.000);FHIT(-0.000);PRKCA(-0.000);SERINC5(-0.000);KCNQ5(-0.000),IL32(+0.000);A2M(+0.000);PHACTR2(+0.000);PLCB1(+0.000);S100A4(+0.000);KLRG1(+0.000);IL7R(+0.000);PZP(+0.000)
FAM135A,False,0.07675952679496266,-1.256767e-05,0.002598521,4.6387056e-05,LEF1(-0.000);CAMK4(-0.000);MAML2(-0.000);SERINC5(-0.000);FOXP1(-0.000);IL7R(-0.000);PDE3B(-0.000);BCL11B(-0.000),AOAH(+0.000);RAP1GAP2(+0.000);CCL5(+0.000);JAZF1(+0.000);SAMD3(+0.000);SYNE1(+0.000);MYO1F(+0.000);CTSW(+0.000)
BCOR,False,0.07414272474513439,0.0,0.0025932502,2.8307082e-05,PLCB1(-0.000);CCL5(-0.000);AOAH(-0.000);MYO1F(-0.000);A2M(-0.000);RAP1GAP2(-0.000);S100A4(-0.000);PFN1(-0.000),LEF1(+0.001);MAML2(+0.000);BACH2(+0.000);FOXP1(+0.000);SERINC5(+0.000);FHIT(+0.000);PDE3B(+0.000);PRKCA(+0.000)
RAB40C,False,0.073706591070163,0.0,0.0025922596,1.3516433e-05,LEF1(-0.001);MAML2(-0.000);BACH2(-0.000);FOXP1(-0.000);SERINC5(-0.000);CAMK4(-0.000);PDE3B(-0.000);FHIT(-0.000),CCL5(+0.000);AOAH(+0.000);PLCB1(+0.000);MYO1F(+0.000);CTSW(+0.000);RAP1GAP2(+0.000);A2M(+0.000);PPP2R2B(+0.000)
SEC31A,False,0.17232731832306603,-2.0632806e-05,0.0025874893,-4.369346e-05,IL32(-0.000);PHACTR2(-0.000);S100A4(-0.000);PLCB1(-0.000);A2M(-0.000);PFN1(-0.000);CCL5(-0.000);KLRG1(-0.000),LEF1(+0.000);BACH2(+0.000);MAML2(+0.000);FOXP1(+0.000);FHIT(+0.000);SERINC5(+0.000);PRKCA(+0.000);PDE3B(+0.000)
RAD21,False,0.20792672954260483,-6.0062703e-05,0.0025857645,-8.921456e-06,AOAH(-0.000);GNLY(-0.000);RAP1GAP2(-0.000);MCTP2(-0.000);JAZF1(-0.000);SAMD3(-0.000);SYNE1(-0.000);CD247(-0.000),IL7R(+0.000);CAMK4(+0.000);LTB(+0.000);LEF1(+0.000);BCL2(+0.000);BCL11B(+0.000);MAML2(+0.000);INPP4B(+0.000)
MIR181A1HG,False,0.15291936978683968,-1.5582222e-05,0.0025821165,2.7927616e-05,LEF1(-0.001);MAML2(-0.000);BACH2(-0.000);FOXP1(-0.000);SERINC5(-0.000);CAMK4(-0.000);PDE3B(-0.000);PRKCA(-0.000),CCL5(+0.000);PLCB1(+0.000);PFN1(+0.000);AOAH(+0.000);MYO1F(+0.000);ACTB(+0.000);ACTG1(+0.000);S100A4(+0.000)
LPXN,False,0.23611186828763017,-5.2158143e-06,0.0025801118,3.1112835e-05,PLCB1(-0.000);CCL5(-0.000);S100A4(-0.000);PFN1(-0.000);A2M(-0.000);PHACTR2(-0.000);IL32(-0.000);MYO1F(-0.000),LEF1(+0.000);MAML2(+0.000);BACH2(+0.000);FOXP1(+0.000);SERINC5(+0.000);FHIT(+0.000);PRKCA(+0.000);PDE3B(+0.000)
STX8,False,0.31227171127950715,-6.951646e-05,0.0025779628,-0.00022037726,AOAH(-0.000);CCL5(-0.000);ACTB(-0.000);RAP1GAP2(-0.000);MYO1F(-0.000);ACTG1(-0.000);PLCB1(-0.000);SYNE1(-0.000),LEF1(+0.000);MAML2(+0.000);FOXP1(+0.000);BACH2(+0.000);CAMK4(+0.000);SERINC5(+0.000);PDE3B(+0.000);PRKCA(+0.000)
ELK4,True,0.19255301749986375,1.2236763e-05,0.0025773041,0.0010122414,PFN1(-0.000);TRAC(-0.000);HCST(-0.000);TMSB10(-0.000);TRBC2(-0.000);MYL6(-0.000);HLA-C(-0.000);TRBC1(-0.000),B2M(+0.000);ARHGAP15(+0.000);MBNL1(+0.000);CCL5(+0.000);RIPOR2(+0.000);LEF1(+0.000);TXK(+0.000);MAML2(+0.000)
NSUN6,False,0.14610478111541186,-2.4927613e-06,0.002576625,-1.0772427e-05,AOAH(-0.000);RAP1GAP2(-0.000);JAZF1(-0.000);CCL5(-0.000);MYO1F(-0.000);SAMD3(-0.000);SYNE1(-0.000);ACTG1(-0.000),LEF1(+0.000);CAMK4(+0.000);MAML2(+0.000);IL7R(+0.000);FOXP1(+0.000);BCL2(+0.000);SERINC5(+0.000);BCL11B(+0.000)
BABAM2,False,0.3702229733413292,-8.534129e-05,0.0025717376,-0.0001400524,TXK(-0.000);ZBTB20(-0.000);BACH2(-0.000);MAML2(-0.000);AOAH(-0.000);KCNQ5(-0.000);SFMBT2(-0.000);CD247(-0.000),IL32(+0.000);S100A4(+0.000);PFN1(+0.000);ACTG1(+0.000);ACTB(+0.000);TMSB10(+0.000);S100A6(+0.000);PHACTR2(+0.000)
PRH1,False,0.2628250558796271,-3.7741459e-06,0.0025716256,0.00013039807,AOAH(-0.000);JAZF1(-0.000);GNLY(-0.000);RAP1GAP2(-0.000);MCTP2(-0.000);CD247(-0.000);SAMD3(-0.000);VAV3(-0.000),IL7R(+0.000);LTB(+0.000);IL32(+0.000);CAMK4(+0.000);RPL11(+0.000);BCL2(+0.000);BCL11B(+0.000);RPS18(+0.000)
WDR43,False,0.27329226407894025,-4.8447214e-06,0.0025686463,-1.4518191e-05,PLCB1(-0.000);S100A4(-0.000);A2M(-0.000);IL32(-0.000);PHACTR2(-0.000);CCL5(-0.000);PFN1(-0.000);MYO1F(-0.000),LEF1(+0.000);BACH2(+0.000);MAML2(+0.000);FOXP1(+0.000);SERINC5(+0.000);FHIT(+0.000);PRKCA(+0.000);PDE3B(+0.000)
EHMT1,False,0.36591615330098676,-1.8918538e-05,0.0025686433,8.688344e-05,ACTG1(-0.000);PFN1(-0.000);ACTB(-0.000);RAP1GAP2(-0.000);MYO1F(-0.000);AOAH(-0.000);S100A4(-0.000);GNLY(-0.000),LEF1(+0.000);MAML2(+0.000);BACH2(+0.000);FOXP1(+0.000);CAMK4(+0.000);SERINC5(+0.000);BCL2(+0.000);PDE3B(+0.000)
APOLD1,False,0.12882298424467098,0.0,0.0025663646,5.570435e-06,LEF1(-0.000);BACH2(-0.000);MAML2(-0.000);FOXP1(-0.000);SERINC5(-0.000);FHIT(-0.000);PRKCA(-0.000);PDE3B(-0.000),PLCB1(+0.000);S100A4(+0.000);PHACTR2(+0.000);IL32(+0.000);PFN1(+0.000);A2M(+0.000);CCL5(+0.000);ACTB(+0.000)
POLR1C,False,0.09131548819713241,-9.956097e-06,0.0025661453,2.7541382e-05,LEF1(-0.000);MAML2(-0.000);BACH2(-0.000);FOXP1(-0.000);SERINC5(-0.000);CAMK4(-0.000);PDE3B(-0.000);FHIT(-0.000),GNLY(+0.000);CCL5(+0.000);AOAH(+0.000);PLCB1(+0.000);MYO1F(+0.000);RAP1GAP2(+0.000);A2M(+0.000);PPP2R2B(+0.000)
DGKZ,False,0.3402387831870468,1.4906887e-05,0.0025641334,0.0002644577,LEF1(-0.001);MAML2(-0.000);FOXP1(-0.000);BACH2(-0.000);SERINC5(-0.000);CAMK4(-0.000);PDE3B(-0.000);FHIT(-0.000),AOAH(+0.000);PLCB1(+0.000);MYO1F(+0.000);RAP1GAP2(+0.000);A2M(+0.000);ACTB(+0.000);SYNE1(+0.000);NCALD(+0.000)
CCDC138,False,0.055279943302622266,-1.9571102e-05,0.0025623492,1.1661823e-05,LEF1(-0.001);MAML2(-0.000);BACH2(-0.000);FOXP1(-0.000);SERINC5(-0.000);FHIT(-0.000);PRKCA(-0.000);PDE3B(-0.000),PLCB1(+0.000);S100A4(+0.000);A2M(+0.000);MYO1F(+0.000);PFN1(+0.000);ACTG1(+0.000);AOAH(+0.000);CCL5(+0.000)
DNAJC1,False,0.1903178324156354,-6.352766e-05,0.0025594952,-4.398854e-05,GNLY(-0.000);AOAH(-0.000);MCTP2(-0.000);PRF1(-0.000);TGFBR3(-0.000);TXK(-0.000);ZBTB20(-0.000);CTSW(-0.000),IL32(+0.000);S100A4(+0.000);PHACTR2(+0.000);PFN1(+0.000);ACTB(+0.000);RPL11(+0.000);RPL28(+0.000);S100A6(+0.000)
KIFAP3,False,0.12636973232295698,-2.315649e-05,0.0025572951,-4.609552e-05,CCL5(-0.000);PLCB1(-0.000);AOAH(-0.000);MYO1F(-0.000);A2M(-0.000);S100A4(-0.000);RAP1GAP2(-0.000);ACTG1(-0.000),LEF1(+0.001);MAML2(+0.000);BACH2(+0.000);FOXP1(+0.000);SERINC5(+0.000);FHIT(+0.000);PRKCA(+0.000);PDE3B(+0.000)
CHD8,False,0.1971324210870632,-2.1503026e-06,0.0025559524,-7.9981044e-05,LEF1(-0.000);MAML2(-0.000);CAMK4(-0.000);BACH2(-0.000);FOXP1(-0.000);SERINC5(-0.000);PDE3B(-0.000);IL7R(-0.000),AOAH(+0.000);RAP1GAP2(+0.000);PFN1(+0.000);MYO1F(+0.000);CCL5(+0.000);ACTG1(+0.000);PLCB1(+0.000);JAZF1(+0.000)
PCSK7,False,0.48192771084337344,9.016379e-06,0.0025557547,0.00024072897,PFN1(-0.000);ACTG1(-0.000);AOAH(-0.000);RAP1GAP2(-0.000);MYO1F(-0.000);SAMD3(-0.000);JAZF1(-0.000);ACTB(-0.000),LEF1(+0.000);MAML2(+0.000);CAMK4(+0.000);IL7R(+0.000);BACH2(+0.000);BCL2(+0.000);SERINC5(+0.000);FOXP1(+0.000)
HIVEP3,False,0.135146922531756,-9.3983406e-05,0.0025555692,1.2144962e-05,GNLY(-0.001);CCL5(-0.000);PLCB1(-0.000);AOAH(-0.000);CTSW(-0.000);TGFBR3(-0.000);A2M(-0.000);MYO1F(-0.000),LEF1(+0.000);BACH2(+0.000);MAML2(+0.000);FOXP1(+0.000);SERINC5(+0.000);FHIT(+0.000);PDE3B(+0.000);PRKCA(+0.000)
DIS3L,False,0.10238238019953116,-1.1179538e-06,0.0025530714,2.1975588e-05,LEF1(-0.000);MAML2(-0.000);BACH2(-0.000);FOXP1(-0.000);SERINC5(-0.000);FHIT(-0.000);PDE3B(-0.000);PRKCA(-0.000),GNLY(+0.000);CCL5(+0.000);PLCB1(+0.000);ACTG1(+0.000);S100A4(+0.000);MYO1F(+0.000);AOAH(+0.000);ACTB(+0.000)
TMEM87A,False,0.2924821457776809,1.2706817e-06,0.0025504981,1.2773792e-05,LEF1(-0.000);MAML2(-0.000);CAMK4(-0.000);FOXP1(-0.000);BACH2(-0.000);SERINC5(-0.000);PDE3B(-0.000);FHIT(-0.000),AOAH(+0.000);CCL5(+0.000);PLCB1(+0.000);RAP1GAP2(+0.000);MYO1F(+0.000);JAZF1(+0.000);SAMD3(+0.000);SYNE1(+0.000)
XRCC5,False,0.5853459085209618,-2.8798851e-05,0.0025475204,-4.6878544e-05,ACTB(-0.000);ACTG1(-0.000);PFN1(-0.000);S100A4(-0.000);TMSB4X(-0.000);CORO1A(-0.000);GAPDH(-0.000);CCL5(-0.000),LEF1(+0.000);MAML2(+0.000);BACH2(+0.000);FOXP1(+0.000);SERINC5(+0.000);PRKCA(+0.000);PDE3B(+0.000);INPP4B(+0.000)
COPA,False,0.18868233113449273,4.5468882e-06,0.0025474343,3.99494e-05,LEF1(-0.000);MAML2(-0.000);CAMK4(-0.000);BACH2(-0.000);FOXP1(-0.000);SERINC5(-0.000);PDE3B(-0.000);FHIT(-0.000),AOAH(+0.000);PLCB1(+0.000);RAP1GAP2(+0.000);MYO1F(+0.000);SYNE1(+0.000);SAMD3(+0.000);JAZF1(+0.000);A2M(+0.000)
CD6,False,0.528703047484054,-4.0557643e-05,0.0025403448,-0.0001732655,PHACTR2(-0.000);IL32(-0.000);PLCB1(-0.000);A2M(-0.000);S100A4(-0.000);CCL5(-0.000);IL7R(-0.000);KLRG1(-0.000),LEF1(+0.000);BACH2(+0.000);FOXP1(+0.000);MAML2(+0.000);FHIT(+0.000);PRKCA(+0.000);SERINC5(+0.000);KCNQ5(+0.000)
STAG2,False,0.4835086954151448,-1.9756259e-05,0.0025392224,-6.304841e-05,LEF1(-0.000);MAML2(-0.000);BACH2(-0.000);FOXP1(-0.000);SERINC5(-0.000);PRKCA(-0.000);FHIT(-0.000);PDE3B(-0.000),PFN1(+0.000);S100A4(+0.000);ACTG1(+0.000);ACTB(+0.000);IL32(+0.000);PLCB1(+0.000);PHACTR2(+0.000);CCL5(+0.000)
PRPF40A,False,0.33685874720601866,-3.342163e-05,0.0025374647,8.5788546e-05,IL32(-0.000);LTB(-0.000);IL7R(-0.000);PHACTR2(-0.000);CAMK4(-0.000);RPL11(-0.000);GZMK(-0.000);RPS18(-0.000),AOAH(+0.000);CD247(+0.000);JAZF1(+0.000);MCTP2(+0.000);RAP1GAP2(+0.000);VAV3(+0.000);SAMD3(+0.000);TFDP2(+0.000)
ATP8B1,False,0.20045794035871994,-1.3238525e-05,0.002534812,-2.036758e-06,LEF1(-0.000);MAML2(-0.000);CAMK4(-0.000);FOXP1(-0.000);BACH2(-0.000);SERINC5(-0.000);BCL2(-0.000);PDE3B(-0.000),AOAH(+0.000);RAP1GAP2(+0.000);ACTG1(+0.000);PFN1(+0.000);MYO1F(+0.000);ACTB(+0.000);JAZF1(+0.000);SAMD3(+0.000)
TRIM56,False,0.2844136727907104,-6.085133e-06,0.0025347054,0.0003070059,LEF1(-0.000);BACH2(-0.000);FOXP1(-0.000);MAML2(-0.000);SERINC5(-0.000);FHIT(-0.000);PRKCA(-0.000);PDE3B(-0.000),CCL5(+0.000);S100A4(+0.000);IL32(+0.000);ACTB(+0.000);PHACTR2(+0.000);PLCB1(+0.000);B2M(+0.000);HLA-B(+0.000)
SIK2,False,0.11126860382707299,-5.1256957e-06,0.0025345867,-4.0223254e-05,AOAH(-0.000);RAP1GAP2(-0.000);JAZF1(-0.000);GNLY(-0.000);CCL5(-0.000);SAMD3(-0.000);SYNE1(-0.000);MYO1F(-0.000),LEF1(+0.000);CAMK4(+0.000);MAML2(+0.000);SERINC5(+0.000);FOXP1(+0.000);PDE3B(+0.000);IL7R(+0.000);BACH2(+0.000)
ZYG11B,False,0.08798996892547567,-1.4340666e-05,0.002532642,-2.1436894e-05,LEF1(-0.000);MAML2(-0.000);BACH2(-0.000);FOXP1(-0.000);SERINC5(-0.000);CAMK4(-0.000);PDE3B(-0.000);FHIT(-0.000),AOAH(+0.000);MYO1F(+0.000);RAP1GAP2(+0.000);PLCB1(+0.000);A2M(+0.000);SYNE1(+0.000);SAMD3(+0.000);CCL5(+0.000)
URGCP,False,0.22259172436351743,-2.1491207e-05,0.0025288535,3.5167304e-05,LEF1(-0.000);MAML2(-0.000);BACH2(-0.000);FOXP1(-0.000);CAMK4(-0.000);SERINC5(-0.000);PDE3B(-0.000);INPP4B(-0.000),ACTG1(+0.000);ACTB(+0.000);PFN1(+0.000);S100A4(+0.000);CCL5(+0.000);MYO1F(+0.000);RAP1GAP2(+0.000);AOAH(+0.000)
YWHAB,False,0.35234149266750264,-8.8550994e-05,0.0025288025,0.000115709016,IL32(-0.000);LTB(-0.000);S100A4(-0.000);RPL11(-0.000);PHACTR2(-0.000);TRAC(-0.000);RPL28(-0.000);TMSB10(-0.000),AOAH(+0.000);CD247(+0.000);JAZF1(+0.000);TXK(+0.000);KCNQ5(+0.000);SFMBT2(+0.000);FNDC3B(+0.000);ZBTB20(+0.000)
SREK1,False,0.23311344927220193,-2.2745862e-05,0.0025267066,3.416019e-05,AOAH(-0.000);RAP1GAP2(-0.000);ACTG1(-0.000);PFN1(-0.000);MYO1F(-0.000);JAZF1(-0.000);ACTB(-0.000);SAMD3(-0.000),LEF1(+0.000);MAML2(+0.000);CAMK4(+0.000);IL7R(+0.000);BCL2(+0.000);FOXP1(+0.000);SERINC5(+0.000);BACH2(+0.000)
TCF7L2,True,0.06084064765850733,0.0,0.0025259831,-0.0004797737,ACTB(-0.000);SYNE2(-0.000);B2M(-0.000);CD247(-0.000);PTMA(-0.000);TMSB4X(-0.000);ACTG1(-0.000);HLA-B(-0.000),TRAC(+0.000);TRBC1(+0.000);FOXP1(+0.000);FOS(+0.000);LEF1(+0.000);LTB(+0.000);JUN(+0.000);MAML2(+0.000)
TAX1BP1,False,0.3680968216758436,-5.405258e-05,0.002522651,-8.163611e-05,CD247(-0.000);JAZF1(-0.000);RAP1GAP2(-0.000);MCTP2(-0.000);SMC4(-0.000);TOX(-0.000);TFDP2(-0.000);VAV3(-0.000),IL7R(+0.000);LTB(+0.000);PHACTR2(+0.000);BCL2(+0.000);CAMK4(+0.000);GZMK(+0.000);IL32(+0.000);THEMIS(+0.000)
MCL1,False,0.2676770430136837,-4.1526375e-05,0.0025222334,-0.00010079543,IL32(-0.000);IL7R(-0.000);LTB(-0.000);RPL11(-0.000);PHACTR2(-0.000);CAMK4(-0.000);RPL30(-0.000);RPS18(-0.000),AOAH(+0.000);JAZF1(+0.000);MCTP2(+0.000);CD247(+0.000);GNLY(+0.000);KCNQ5(+0.000);RAP1GAP2(+0.000);FNDC3B(+0.000)
NAA16,False,0.3010957858583656,-4.292508e-05,0.002519366,-7.998636e-05,LEF1(-0.000);MAML2(-0.000);BACH2(-0.000);FOXP1(-0.000);SERINC5(-0.000);CAMK4(-0.000);PDE3B(-0.000);FHIT(-0.000),CCL5(+0.000);AOAH(+0.000);PLCB1(+0.000);MYO1F(+0.000);RAP1GAP2(+0.000);CTSW(+0.000);A2M(+0.000);PPP2R2B(+0.000)
MLLT10,False,0.3590470479201875,3.3656681e-06,0.0025176702,-7.641898e-05,IL32(-0.000);PHACTR2(-0.000);S100A4(-0.000);IL7R(-0.000);LTB(-0.000);A2M(-0.000);RPL11(-0.000);PLCB1(-0.000),BACH2(+0.000);LEF1(+0.000);FOXP1(+0.000);KCNQ5(+0.000);MAML2(+0.000);TXK(+0.000);ATP10A(+0.000);FHIT(+0.000)
ICAM2,False,0.20650929509894786,-1.3453181e-05,0.0025152904,5.4798793e-06,LEF1(-0.000);MAML2(-0.000);CAMK4(-0.000);BACH2(-0.000);FOXP1(-0.000);SERINC5(-0.000);PDE3B(-0.000);INPP4B(-0.000),AOAH(+0.000);RAP1GAP2(+0.000);MYO1F(+0.000);ACTG1(+0.000);CCL5(+0.000);SAMD3(+0.000);PFN1(+0.000);JAZF1(+0.000)
TMTC3,False,0.08739028512239,0.0,0.0025122445,1.4425869e-05,AOAH(-0.000);RAP1GAP2(-0.000);MYO1F(-0.000);JAZF1(-0.000);ACTG1(-0.000);SAMD3(-0.000);PFN1(-0.000);SYNE1(-0.000),LEF1(+0.000);MAML2(+0.000);CAMK4(+0.000);FOXP1(+0.000);BACH2(+0.000);SERINC5(+0.000);IL7R(+0.000);PDE3B(+0.000)
YARS,False,0.14730414872158318,-3.4833905e-05,0.0025121984,-3.028189e-05,PHACTR2(-0.000);IL32(-0.000);IL7R(-0.000);LTB(-0.000);PLCB1(-0.000);A2M(-0.000);GZMK(-0.000);S100A4(-0.000),BACH2(+0.000);LEF1(+0.000);KCNQ5(+0.000);CD247(+0.000);ATP10A(+0.000);FOXP1(+0.000);TFDP2(+0.000);SMC4(+0.000)
UBL3,False,0.18726489669083576,-2.2869872e-05,0.0025107958,-4.0187435e-05,LEF1(-0.000);BACH2(-0.000);MAML2(-0.000);FOXP1(-0.000);SERINC5(-0.000);FHIT(-0.000);PRKCA(-0.000);PDE3B(-0.000),PLCB1(+0.000);CCL5(+0.000);A2M(+0.000);S100A4(+0.000);PHACTR2(+0.000);MYO1F(+0.000);IL32(+0.000);KLRG1(+0.000)
SESN1,False,0.22728016136945972,-7.5492885e-06,0.0025087714,1.4022184e-05,AOAH(-0.000);GNLY(-0.000);TXK(-0.000);ZBTB20(-0.000);KCNQ5(-0.000);BACH2(-0.000);JAZF1(-0.000);CD247(-0.000),IL32(+0.000);S100A4(+0.000);ACTB(+0.000);PHACTR2(+0.000);PFN1(+0.000);RPL11(+0.000);RPL28(+0.000);ACTG1(+0.000)
WWP2,False,0.21081611513929022,-6.2130953e-06,0.0025080102,-7.449021e-05,CCL5(-0.000);GNLY(-0.000);AOAH(-0.000);PLCB1(-0.000);MYO1F(-0.000);RAP1GAP2(-0.000);ACTG1(-0.000);SYNE1(-0.000),LEF1(+0.000);MAML2(+0.000);BACH2(+0.000);FOXP1(+0.000);CAMK4(+0.000);SERINC5(+0.000);PDE3B(+0.000);FHIT(+0.000)
CD52,False,0.6808046666303224,-0.00018060111,0.0025064226,-4.5257253e-05,IL32(-0.000);S100A4(-0.000);ACTB(-0.000);PFN1(-0.000);ACTG1(-0.000);RPL11(-0.000);GAPDH(-0.000);PHACTR2(-0.000),AOAH(+0.000);ZBTB20(+0.000);MAML2(+0.000);TXK(+0.000);BACH2(+0.000);FOXP1(+0.000);JAZF1(+0.000);CD247(+0.000)
ZER1,False,0.24303549037780078,1.0181563e-05,0.0025041138,8.5060565e-05,GAPDH(-0.000);ACTG1(-0.000);IFI16(-0.000);SMC4(-0.000);RAP1GAP2(-0.000);PFN1(-0.000);JAZF1(-0.000);TOX(-0.000),IL7R(+0.000);LTB(+0.000);BCL2(+0.000);CAMK4(+0.000);BCL11B(+0.000);THEMIS(+0.000);MAML2(+0.000);ARHGAP15(+0.000)
BAZ2B,False,0.19151720002180667,-3.7753496e-05,0.0025013383,2.4992642e-05,AOAH(-0.000);JAZF1(-0.000);GNLY(-0.000);RAP1GAP2(-0.000);CD247(-0.000);SAMD3(-0.000);SYNE1(-0.000);VAV3(-0.000),IL7R(+0.000);CAMK4(+0.000);LTB(+0.000);IL32(+0.000);RPL11(+0.000);BCL11B(+0.000);RPL30(+0.000);LEF1(+0.000)
WARS2-AS1,False,0.12827781715095676,-1.8729244e-05,0.0024987964,-5.912919e-05,LEF1(-0.000);MAML2(-0.000);BACH2(-0.000);FOXP1(-0.000);SERINC5(-0.000);CAMK4(-0.000);PDE3B(-0.000);FHIT(-0.000),GNLY(+0.000);AOAH(+0.000);CCL5(+0.000);PLCB1(+0.000);MYO1F(+0.000);RAP1GAP2(+0.000);PFN1(+0.000);A2M(+0.000)
EIF2AK2,False,0.12364389685438587,-3.1466254e-05,0.0024981434,2.492523e-05,AOAH(-0.000);JAZF1(-0.000);RAP1GAP2(-0.000);SAMD3(-0.000);SYNE1(-0.000);CD247(-0.000);GNLY(-0.000);VAV3(-0.000),CAMK4(+0.000);IL7R(+0.000);LTB(+0.000);IL32(+0.000);LEF1(+0.000);RPL11(+0.000);BCL11B(+0.000);BCL2(+0.000)
AMPD3,False,0.09180613858147522,0.0,0.0024973652,4.1936155e-06,AOAH(-0.000);GNLY(-0.000);RAP1GAP2(-0.000);JAZF1(-0.000);MCTP2(-0.000);SAMD3(-0.000);SYNE1(-0.000);CD247(-0.000),CAMK4(+0.000);IL7R(+0.000);LTB(+0.000);LEF1(+0.000);BCL11B(+0.000);BCL2(+0.000);MAML2(+0.000);SERINC5(+0.000)
ARHGEF1,False,0.41579894237583825,1.1655853e-05,0.0024971736,0.00016754854,IL32(-0.000);TMSB10(-0.000);PFN1(-0.000);S100A4(-0.000);RPL11(-0.000);TRAC(-0.000);LTB(-0.000);RPL28(-0.000),AOAH(+0.000);CD247(+0.000);JAZF1(+0.000);TXK(+0.000);SFMBT2(+0.000);ZBTB20(+0.000);SYNE1(+0.000);KCNQ5(+0.000)
MTFR1,False,0.30289483726762256,-4.4536126e-05,0.0024958262,-0.000100597674,MAML2(-0.000);LEF1(-0.000);BCL2(-0.000);IL7R(-0.000);BACH2(-0.000);FOXP1(-0.000);CAMK4(-0.000);INPP4B(-0.000),ACTG1(+0.000);PFN1(+0.000);ACTB(+0.000);GAPDH(+0.000);S100A4(+0.000);CORO1A(+0.000);MYL6(+0.000);TMSB10(+0.000)
CASC4,False,0.22259172436351743,-4.1655185e-06,0.0024905298,6.6313325e-05,LEF1(-0.000);MAML2(-0.000);BACH2(-0.000);FOXP1(-0.000);SERINC5(-0.000);CAMK4(-0.000);PDE3B(-0.000);PRKCA(-0.000),ACTG1(+0.000);ACTB(+0.000);AOAH(+0.000);MYO1F(+0.000);RAP1GAP2(+0.000);PFN1(+0.000);CCL5(+0.000);S100A4(+0.000)
PPIB,False,0.23076923076923078,-7.216887e-05,0.002486432,-1.4174804e-05,PLCB1(-0.000);AOAH(-0.000);A2M(-0.000);CCL5(-0.000);MYO1F(-0.000);S100A4(-0.000);PFN1(-0.000);ACTB(-0.000),LEF1(+0.001);MAML2(+0.000);BACH2(+0.000);FOXP1(+0.000);SERINC5(+0.000);FHIT(+0.000);PRKCA(+0.000);PDE3B(+0.000)
GLMN,False,0.1310581693288993,-4.5712102e-05,0.0024862522,4.1473955e-05,BACH2(-0.000);LEF1(-0.000);MAML2(-0.000);FOXP1(-0.000);TXK(-0.000);ZBTB20(-0.000);KCNQ5(-0.000);FHIT(-0.000),IL32(+0.000);S100A4(+0.000);PHACTR2(+0.000);ACTB(+0.000);PFN1(+0.000);ACTG1(+0.000);GZMK(+0.000);S100A6(+0.000)
PSMB8,False,0.21926620509186068,-5.179872e-05,0.002483227,5.2619675e-05,AOAH(-0.000);RAP1GAP2(-0.000);CCL5(-0.000);GNLY(-0.000);MYO1F(-0.000);JAZF1(-0.000);SAMD3(-0.000);CTSW(-0.000),LEF1(+0.000);CAMK4(+0.000);MAML2(+0.000);SERINC5(+0.000);BACH2(+0.000);FOXP1(+0.000);IL7R(+0.000);PDE3B(+0.000)
MTF2,False,0.15673553944283924,-7.0517837e-07,0.0024796696,0.00013537021,LEF1(-0.000);MAML2(-0.000);BACH2(-0.000);FOXP1(-0.000);SERINC5(-0.000);FHIT(-0.000);PRKCA(-0.000);PDE3B(-0.000),S100A4(+0.000);ACTB(+0.000);IL32(+0.000);CCL5(+0.000);PLCB1(+0.000);ACTG1(+0.000);PHACTR2(+0.000);A2M(+0.000)
IL27RA,False,0.27296516382271163,1.0082228e-08,0.0024792876,-4.781711e-05,LEF1(-0.001);MAML2(-0.000);BACH2(-0.000);FOXP1(-0.000);SERINC5(-0.000);FHIT(-0.000);PDE3B(-0.000);PRKCA(-0.000),AOAH(+0.000);PLCB1(+0.000);A2M(+0.000);MYO1F(+0.000);RAP1GAP2(+0.000);SYNE1(+0.000);PFN1(+0.000);SAMD3(+0.000)
SNX1,False,0.25115848007414276,-5.4431644e-06,0.0024790235,0.0001418287,BACH2(-0.000);LEF1(-0.000);MAML2(-0.000);FOXP1(-0.000);ZBTB20(-0.000);TXK(-0.000);FHIT(-0.000);PRKCA(-0.000),IL32(+0.000);S100A4(+0.000);PHACTR2(+0.000);ACTB(+0.000);PFN1(+0.000);RPL11(+0.000);ACTG1(+0.000);RPL28(+0.000)
SH3BGRL,False,0.27312871395082594,-1.9231107e-05,0.0024784768,6.8962334e-05,MAML2(-0.000);LEF1(-0.000);BACH2(-0.000);FOXP1(-0.000);ZBTB20(-0.000);SERINC5(-0.000);PRKCA(-0.000);FHIT(-0.000),S100A4(+0.000);ACTB(+0.000);IL32(+0.000);ACTG1(+0.000);PFN1(+0.000);TMSB4X(+0.000);CORO1A(+0.000);PHACTR2(+0.000)
EYA3,False,0.16731178106089517,1.9116262e-06,0.002477486,0.00015123266,LEF1(-0.000);CAMK4(-0.000);SERINC5(-0.000);FOXP1(-0.000);MAML2(-0.000);PDE3B(-0.000);BCL11B(-0.000);TRAC(-0.000),GNLY(+0.000);AOAH(+0.000);CCL5(+0.000);RAP1GAP2(+0.000);JAZF1(+0.000);MCTP2(+0.000);TGFBR3(+0.000);SYNE1(+0.000)
CNOT10,False,0.1403260099220411,-6.061814e-06,0.002475016,3.9366463e-05,AOAH(-0.000);RAP1GAP2(-0.000);MYO1F(-0.000);CCL5(-0.000);PLCB1(-0.000);JAZF1(-0.000);SAMD3(-0.000);SYNE1(-0.000),LEF1(+0.000);MAML2(+0.000);CAMK4(+0.000);BACH2(+0.000);FOXP1(+0.000);SERINC5(+0.000);PDE3B(+0.000);FHIT(+0.000)
GLE1,False,0.07577822602627707,0.0,0.0024746214,-2.435231e-05,LEF1(-0.000);MAML2(-0.000);BACH2(-0.000);FOXP1(-0.000);CAMK4(-0.000);SERINC5(-0.000);PDE3B(-0.000);PRKCA(-0.000),AOAH(+0.000);RAP1GAP2(+0.000);MYO1F(+0.000);PLCB1(+0.000);PFN1(+0.000);ACTG1(+0.000);SAMD3(+0.000);CCL5(+0.000)
DSE,False,0.05756964509622199,0.0,0.002474134,7.3974e-05,LEF1(-0.000);MAML2(-0.000);FOXP1(-0.000);BACH2(-0.000);CAMK4(-0.000);SERINC5(-0.000);PDE3B(-0.000);FHIT(-0.000),CCL5(+0.000);AOAH(+0.000);RAP1GAP2(+0.000);PLCB1(+0.000);MYO1F(+0.000);CTSW(+0.000);TGFBR3(+0.000);MCTP2(+0.000)
RBM3,False,0.2103799814643188,-1.8707997e-05,0.0024716875,3.2294374e-06,AOAH(-0.000);PLCB1(-0.000);CCL5(-0.000);RAP1GAP2(-0.000);MYO1F(-0.000);GNLY(-0.000);SYNE1(-0.000);SAMD3(-0.000),LEF1(+0.000);MAML2(+0.000);CAMK4(+0.000);BACH2(+0.000);FOXP1(+0.000);SERINC5(+0.000);PDE3B(+0.000);FHIT(+0.000)
FBXO28,False,0.12489778116992858,-2.5194347e-05,0.0024700167,5.5415e-06,LEF1(-0.000);BACH2(-0.000);MAML2(-0.000);FOXP1(-0.000);SERINC5(-0.000);FHIT(-0.000);PRKCA(-0.000);PDE3B(-0.000),PLCB1(+0.000);CCL5(+0.000);A2M(+0.000);AOAH(+0.000);MYO1F(+0.000);PHACTR2(+0.000);S100A4(+0.000);PARP8(+0.000)
URI1,False,0.4523796543640626,-2.6365225e-05,0.0024668204,-6.8966525e-05,LEF1(-0.000);MAML2(-0.000);BACH2(-0.000);FOXP1(-0.000);BCL2(-0.000);SERINC5(-0.000);CAMK4(-0.000);INPP4B(-0.000),ACTG1(+0.000);PFN1(+0.000);ACTB(+0.000);S100A4(+0.000);GAPDH(+0.000);CORO1A(+0.000);FLNA(+0.000);TMSB4X(+0.000)
GLUD1,False,0.218666521288775,-5.0694925e-06,0.0024666048,-1.3553658e-05,IL7R(-0.000);CAMK4(-0.000);LTB(-0.000);LEF1(-0.000);BCL2(-0.000);BCL11B(-0.000);MAML2(-0.000);INPP4B(-0.000),AOAH(+0.000);RAP1GAP2(+0.000);JAZF1(+0.000);SAMD3(+0.000);CD247(+0.000);SYNE1(+0.000);MCTP2(+0.000);VAV3(+0.000)
PZP,False,0.08237474786021914,-0.00016814585,0.0024647948,-5.61394e-06,CCL5(-0.000);AOAH(-0.000);GNLY(-0.000);PLCB1(-0.000);MYO1F(-0.000);RAP1GAP2(-0.000);A2M(-0.000);SYNE1(-0.000),LEF1(+0.000);MAML2(+0.000);BACH2(+0.000);FOXP1(+0.000);SERINC5(+0.000);CAMK4(+0.000);PDE3B(+0.000);FHIT(+0.000)
FAM133B,False,0.35097857493321705,-2.1499478e-05,0.002463088,0.0001433926,LEF1(-0.000);BACH2(-0.000);MAML2(-0.000);FOXP1(-0.000);FHIT(-0.000);SERINC5(-0.000);PRKCA(-0.000);ZBTB20(-0.000),IL32(+0.000);S100A4(+0.000);PHACTR2(+0.000);A2M(+0.000);ACTB(+0.000);PLCB1(+0.000);PFN1(+0.000);ACTG1(+0.000)
RPRD1A,False,0.2428174235403151,-1.9178877e-05,0.0024597847,0.000102973354,AOAH(-0.000);RAP1GAP2(-0.000);JAZF1(-0.000);MCTP2(-0.000);SAMD3(-0.000);VAV3(-0.000);SYNE1(-0.000);GNLY(-0.000),IL7R(+0.000);CAMK4(+0.000);LTB(+0.000);LEF1(+0.000);BCL2(+0.000);BCL11B(+0.000);MAML2(+0.000);INPP4B(+0.000)
MAN1A1,False,0.12942266804775665,-0.00013404439,0.0024586862,-1.19533115e-05,CCL5(-0.000);PLCB1(-0.000);A2M(-0.000);PHACTR2(-0.000);S100A4(-0.000);GNLY(-0.000);IL32(-0.000);KLRG1(-0.000),LEF1(+0.000);BACH2(+0.000);MAML2(+0.000);FOXP1(+0.000);FHIT(+0.000);SERINC5(+0.000);PRKCA(+0.000);PDE3B(+0.000)
SIAH2,False,0.23851060349997277,-1.2893111e-05,0.0024542976,0.00014691056,LEF1(-0.000);CAMK4(-0.000);IL7R(-0.000);LTB(-0.000);MAML2(-0.000);BCL11B(-0.000);SERINC5(-0.000);FOXP1(-0.000),AOAH(+0.000);RAP1GAP2(+0.000);JAZF1(+0.000);SAMD3(+0.000);SYNE1(+0.000);CD247(+0.000);MYO1F(+0.000);DNAJC1(+0.000)
UBE2D2,False,0.4808918933653166,5.6899313e-05,0.0024535512,-5.2747302e-05,PLCB1(-0.000);S100A4(-0.000);A2M(-0.000);ACTB(-0.000);ACTG1(-0.000);PFN1(-0.000);MYO1F(-0.000);CCL5(-0.000),LEF1(+0.000);MAML2(+0.000);BACH2(+0.000);FOXP1(+0.000);SERINC5(+0.000);FHIT(+0.000);PRKCA(+0.000);PDE3B(+0.000)
LRRC28,False,0.072670773592106,0.0,0.0024528378,3.9135317e-05,CCL5(-0.000);AOAH(-0.000);PLCB1(-0.000);MYO1F(-0.000);GNLY(-0.000);CTSW(-0.000);RAP1GAP2(-0.000);A2M(-0.000),LEF1(+0.000);MAML2(+0.000);BACH2(+0.000);FOXP1(+0.000);SERINC5(+0.000);CAMK4(+0.000);PDE3B(+0.000);FHIT(+0.000)
RNF34,False,0.2953170146649949,-9.421871e-06,0.0024502424,0.00014773005,PLCB1(-0.000);A2M(-0.000);PFN1(-0.000);PHACTR2(-0.000);S100A4(-0.000);IL32(-0.000);MYO1F(-0.000);AOAH(-0.000),LEF1(+0.000);BACH2(+0.000);MAML2(+0.000);FOXP1(+0.000);SERINC5(+0.000);FHIT(+0.000);PRKCA(+0.000);PDE3B(+0.000)
SLC38A9,False,0.1419069944938124,1.8352726e-07,0.002448698,0.00010777013,PFN1(-0.000);S100A4(-0.000);PLCB1(-0.000);A2M(-0.000);PHACTR2(-0.000);IL32(-0.000);MYO1F(-0.000);CCL5(-0.000),LEF1(+0.000);MAML2(+0.000);BACH2(+0.000);FOXP1(+0.000);SERINC5(+0.000);FHIT(+0.000);PRKCA(+0.000);PDE3B(+0.000)
RALGAPA2,False,0.34879790655836007,-4.226388e-05,0.0024480622,-5.847989e-05,LEF1(-0.000);CAMK4(-0.000);MAML2(-0.000);IL7R(-0.000);BCL2(-0.000);BCL11B(-0.000);FOXP1(-0.000);SERINC5(-0.000),AOAH(+0.000);RAP1GAP2(+0.000);ACTG1(+0.000);JAZF1(+0.000);SAMD3(+0.000);MYO1F(+0.000);PFN1(+0.000);SYNE1(+0.000)
GBF1,False,0.24750586054625745,-5.9697263e-06,0.0024480259,1.625129e-05,LEF1(-0.000);BACH2(-0.000);MAML2(-0.000);FOXP1(-0.000);SERINC5(-0.000);FHIT(-0.000);PRKCA(-0.000);PDE3B(-0.000),PLCB1(+0.000);CCL5(+0.000);AOAH(+0.000);A2M(+0.000);MYO1F(+0.000);PARP8(+0.000);GNLY(+0.000);PZP(+0.000)
MFHAS1,False,0.167420814479638,-3.067743e-05,0.0024478657,0.00010130937,CAMK4(-0.000);IL7R(-0.000);LTB(-0.000);IL32(-0.000);LEF1(-0.000);TRAC(-0.000);BCL11B(-0.000);BCL2(-0.000),AOAH(+0.000);MCTP2(+0.000);JAZF1(+0.000);RAP1GAP2(+0.000);TGFBR3(+0.000);CCL5(+0.000);GNLY(+0.000);CD247(+0.000)
DIP2C,False,0.06351196641770704,1.411247e-05,0.0024457257,-2.3865266e-05,GNLY(-0.000);AOAH(-0.000);CCL5(-0.000);PLCB1(-0.000);NKG7(-0.000);MYO1F(-0.000);RAP1GAP2(-0.000);TGFBR3(-0.000),LEF1(+0.000);MAML2(+0.000);BACH2(+0.000);FOXP1(+0.000);SERINC5(+0.000);CAMK4(+0.000);PDE3B(+0.000);FHIT(+0.000)
G3BP1,False,0.19026331570626398,-1.6442484e-05,0.002444841,-8.889604e-06,LEF1(-0.000);MAML2(-0.000);BACH2(-0.000);CAMK4(-0.000);FOXP1(-0.000);SERINC5(-0.000);PDE3B(-0.000);FHIT(-0.000),AOAH(+0.000);CCL5(+0.000);PLCB1(+0.000);GNLY(+0.000);RAP1GAP2(+0.000);MYO1F(+0.000);CTSW(+0.000);TGFBR3(+0.000)
EXOC5,False,0.1268603827072998,0.0,0.0024421748,-1.0322795e-05,PLCB1(-0.000);S100A4(-0.000);A2M(-0.000);CCL5(-0.000);PFN1(-0.000);PHACTR2(-0.000);MYO1F(-0.000);IL32(-0.000),LEF1(+0.000);BACH2(+0.000);MAML2(+0.000);FOXP1(+0.000);SERINC5(+0.000);FHIT(+0.000);PRKCA(+0.000);PDE3B(+0.000)
UVRAG,False,0.3692416725726435,9.049595e-06,0.0024412028,-5.091317e-05,LEF1(-0.000);MAML2(-0.000);BACH2(-0.000);FOXP1(-0.000);CAMK4(-0.000);SERINC5(-0.000);PDE3B(-0.000);PRKCA(-0.000),AOAH(+0.000);PFN1(+0.000);PLCB1(+0.000);RAP1GAP2(+0.000);MYO1F(+0.000);ACTG1(+0.000);SAMD3(+0.000);ACTB(+0.000)
PTK2B,False,0.2985880172272801,3.6776546e-05,0.0024398696,2.9857358e-05,LEF1(-0.000);MAML2(-0.000);BACH2(-0.000);FOXP1(-0.000);CAMK4(-0.000);SERINC5(-0.000);PDE3B(-0.000);PRKCA(-0.000),AOAH(+0.000);ACTG1(+0.000);RAP1GAP2(+0.000);MYO1F(+0.000);ACTB(+0.000);PFN1(+0.000);PLCB1(+0.000);S100A4(+0.000)
ADTRP,False,0.14168892765632668,0.0,0.0024396046,6.335795e-06,LEF1(-0.000);MAML2(-0.000);BACH2(-0.000);FOXP1(-0.000);SERINC5(-0.000);FHIT(-0.000);PRKCA(-0.000);PDE3B(-0.000),CCL5(+0.000);PLCB1(+0.000);GNLY(+0.000);S100A4(+0.000);PFN1(+0.000);A2M(+0.000);MYO1F(+0.000);ACTB(+0.000)
SH3BGRL3,False,0.24074578858420106,-0.0001509197,0.0024382817,1.6433693e-05,PLCB1(-0.000);CCL5(-0.000);S100A4(-0.000);A2M(-0.000);PHACTR2(-0.000);IL32(-0.000);PFN1(-0.000);MYO1F(-0.000),LEF1(+0.000);BACH2(+0.000);MAML2(+0.000);FOXP1(+0.000);SERINC5(+0.000);FHIT(+0.000);PRKCA(+0.000);PDE3B(+0.000)
EDAR,False,0.1678569481546094,1.1389044e-05,0.0024341387,-7.777069e-05,IL32(-0.000);S100A4(-0.000);PHACTR2(-0.000);ACTB(-0.000);PFN1(-0.000);ACTG1(-0.000);RPL11(-0.000);RPL28(-0.000),GNLY(+0.000);BACH2(+0.000);MAML2(+0.000);MCTP2(+0.000);LEF1(+0.000);FOXP1(+0.000);ZBTB20(+0.000);TXK(+0.000)
CAP1,False,0.23513056751894457,-3.022376e-06,0.0024333433,1.7581902e-05,LEF1(-0.000);CAMK4(-0.000);MAML2(-0.000);SERINC5(-0.000);PDE3B(-0.000);FOXP1(-0.000);IL7R(-0.000);BCL11B(-0.000),AOAH(+0.000);RAP1GAP2(+0.000);CCL5(+0.000);JAZF1(+0.000);GNLY(+0.000);SAMD3(+0.000);SYNE1(+0.000);MYO1F(+0.000)
SLC38A2,False,0.25132203020225696,-5.9917194e-05,0.00243299,4.5203673e-05,ACTG1(-0.000);PFN1(-0.000);ACTB(-0.000);GAPDH(-0.000);S100A4(-0.000);CORO1A(-0.000);FLNA(-0.000);MYL6(-0.000),MAML2(+0.000);LEF1(+0.000);BCL2(+0.000);IL7R(+0.000);BACH2(+0.000);CAMK4(+0.000);FOXP1(+0.000);INPP4B(+0.000)
NLRC5,False,0.39295644114921224,-1.5072245e-06,0.0024323699,0.00010211511,LEF1(-0.000);MAML2(-0.000);BACH2(-0.000);FOXP1(-0.000);SERINC5(-0.000);FHIT(-0.000);PRKCA(-0.000);PDE3B(-0.000),PLCB1(+0.000);S100A4(+0.000);A2M(+0.000);ACTB(+0.000);CCL5(+0.000);PFN1(+0.000);IL32(+0.000);ACTG1(+0.000)
ZFAND6,False,0.21435970124843268,-2.3685701e-05,0.0024309228,5.6077206e-05,AOAH(-0.000);GNLY(-0.000);MCTP2(-0.000);RAP1GAP2(-0.000);JAZF1(-0.000);TGFBR3(-0.000);SAMD3(-0.000);SYNE1(-0.000),LEF1(+0.000);CAMK4(+0.000);IL7R(+0.000);LTB(+0.000);RPL11(+0.000);BCL11B(+0.000);SERINC5(+0.000);PDE3B(+0.000)
SELPLG,False,0.32208471896636315,2.4527753e-05,0.0024258306,-8.012153e-05,LEF1(-0.000);MAML2(-0.000);BACH2(-0.000);FOXP1(-0.000);SERINC5(-0.000);PRKCA(-0.000);FHIT(-0.000);ZBTB20(-0.000),PFN1(+0.000);S100A4(+0.000);ACTB(+0.000);ACTG1(+0.000);IL32(+0.000);PLCB1(+0.000);PHACTR2(+0.000);CORO1A(+0.000)
PRDM4,True,0.05320830834650821,0.0,0.002425656,-0.0010098882,B2M(-0.000);MBNL1(-0.000);IL7R(-0.000);RPL13(-0.000);HLA-B(-0.000);RIPOR2(-0.000);EEF1A1(-0.000);CCL5(-0.000),TRAC(+0.000);HCST(+0.000);PFN1(+0.000);TRBC1(+0.000);JUN(+0.000);TRBC2(+0.000);FOS(+0.000);CD3D(+0.000)
HACD3,False,0.16643951371095242,9.574266e-06,0.0024244203,-2.3712284e-05,AOAH(-0.000);GNLY(-0.000);RAP1GAP2(-0.000);JAZF1(-0.000);CCL5(-0.000);MCTP2(-0.000);SAMD3(-0.000);SYNE1(-0.000),CAMK4(+0.000);IL7R(+0.000);LEF1(+0.000);LTB(+0.000);BCL2(+0.000);BCL11B(+0.000);MAML2(+0.000);SERINC5(+0.000)
ADGRE5,False,0.4516709371422341,4.1124378e-07,0.0024219176,0.00027470232,IL32(-0.000);TRAC(-0.000);LTB(-0.000);CAMK4(-0.000);TMSB10(-0.000);CD3D(-0.000);TRBC2(-0.000);S100A6(-0.000),AOAH(+0.000);CD247(+0.000);JAZF1(+0.000);TXK(+0.000);SFMBT2(+0.000);KCNQ5(+0.000);SYNE1(+0.000);ZFAND3(+0.000)
DGCR2,False,0.2816333206127678,-1.0511984e-06,0.0024218454,-9.500419e-05,AOAH(-0.000);CCL5(-0.000);PLCB1(-0.000);RAP1GAP2(-0.000);GNLY(-0.000);MYO1F(-0.000);JAZF1(-0.000);SYNE1(-0.000),LEF1(+0.000);CAMK4(+0.000);MAML2(+0.000);FOXP1(+0.000);SERINC5(+0.000);BACH2(+0.000);PDE3B(+0.000);FHIT(+0.000)
PACSIN2,False,0.24118192225917243,-4.6184832e-05,0.0024203244,0.0001250059,LEF1(-0.000);BACH2(-0.000);FOXP1(-0.000);FHIT(-0.000);MAML2(-0.000);PRKCA(-0.000);KCNQ5(-0.000);SERINC5(-0.000),PHACTR2(+0.000);PLCB1(+0.000);A2M(+0.000);IL32(+0.000);IL7R(+0.000);GZMK(+0.000);CCL5(+0.000);KLRG1(+0.000)
HP1BP3,False,0.3329880608406477,-2.1031268e-05,0.0024149048,-1.0569333e-05,LEF1(-0.000);CAMK4(-0.000);SERINC5(-0.000);MAML2(-0.000);FOXP1(-0.000);BACH2(-0.000);PDE3B(-0.000);FHIT(-0.000),CCL5(+0.000);AOAH(+0.000);GNLY(+0.000);PLCB1(+0.000);CTSW(+0.000);MYO1F(+0.000);RAP1GAP2(+0.000);PPP2R2B(+0.000)
CCDC77,False,0.05566156026822221,0.0,0.0024124545,2.767814e-06,AOAH(-0.000);RAP1GAP2(-0.000);MYO1F(-0.000);PLCB1(-0.000);CCL5(-0.000);SAMD3(-0.000);ACTG1(-0.000);PFN1(-0.000),LEF1(+0.000);MAML2(+0.000);BACH2(+0.000);FOXP1(+0.000);CAMK4(+0.000);SERINC5(+0.000);PDE3B(+0.000);PRKCA(+0.000)
NAA35,False,0.24478002507768634,1.2348829e-05,0.0024092216,4.0813586e-05,S100A4(-0.000);IL32(-0.000);PFN1(-0.000);ACTB(-0.000);ACTG1(-0.000);PHACTR2(-0.000);PLCB1(-0.000);A2M(-0.000),LEF1(+0.000);MAML2(+0.000);BACH2(+0.000);FOXP1(+0.000);SERINC5(+0.000);PRKCA(+0.000);FHIT(+0.000);ZBTB20(+0.000)
ZNF654,False,0.2203565392792891,-2.0622827e-05,0.0024091501,9.3137416e-05,BACH2(-0.000);KCNQ5(-0.000);TXK(-0.000);MAML2(-0.000);LEF1(-0.000);FOXP1(-0.000);ZBTB20(-0.000);SFMBT2(-0.000),IL32(+0.000);S100A4(+0.000);PHACTR2(+0.000);RPL11(+0.000);LTB(+0.000);IL7R(+0.000);RPL28(+0.000);ACTB(+0.000)
LCOR,False,0.33053480891893366,-1.9073577e-05,0.002408643,-0.00012988172,CCL5(-0.000);AOAH(-0.000);GNLY(-0.000);PLCB1(-0.000);MYO1F(-0.000);A2M(-0.000);RAP1GAP2(-0.000);CTSW(-0.000),LEF1(+0.000);MAML2(+0.000);FOXP1(+0.000);BACH2(+0.000);SERINC5(+0.000);CAMK4(+0.000);FHIT(+0.000);PDE3B(+0.000)
RAB11FIP3,False,0.10472659870250234,-4.2494466e-06,0.0024080272,5.1747327e-05,S100A4(-0.000);IL32(-0.000);PLCB1(-0.000);PFN1(-0.000);PHACTR2(-0.000);A2M(-0.000);CCL5(-0.000);ACTG1(-0.000),LEF1(+0.000);BACH2(+0.000);MAML2(+0.000);FOXP1(+0.000);SERINC5(+0.000);FHIT(+0.000);PRKCA(+0.000);PDE3B(+0.000)
LIPA,False,0.13193043667884208,0.0,0.0024011238,5.668833e-05,S100A4(-0.000);A2M(-0.000);PLCB1(-0.000);PFN1(-0.000);MYO1F(-0.000);PHACTR2(-0.000);IL32(-0.000);ACTG1(-0.000),LEF1(+0.000);BACH2(+0.000);MAML2(+0.000);FOXP1(+0.000);SERINC5(+0.000);FHIT(+0.000);PRKCA(+0.000);PDE3B(+0.000)
VTA1,False,0.2503407294335714,1.5469734e-06,0.0023997587,0.00018338293,PHACTR2(-0.000);IL32(-0.000);IL7R(-0.000);LTB(-0.000);A2M(-0.000);PLCB1(-0.000);TRAC(-0.000);GZMK(-0.000),CD247(+0.000);KCNQ5(+0.000);SMC4(+0.000);MAPRE2(+0.000);BACH2(+0.000);ATP10A(+0.000);TFDP2(+0.000);SCLT1(+0.000)
SMG6,False,0.39573679332715483,-5.4437158e-05,0.0023977663,4.6695175e-05,SMC4(-0.000);IFI16(-0.000);CD247(-0.000);KCNQ5(-0.000);DNMT1(-0.000);TFDP2(-0.000);JAZF1(-0.000);SCLT1(-0.000),IL7R(+0.000);LTB(+0.000);PHACTR2(+0.000);IL32(+0.000);BCL2(+0.000);A2M(+0.000);CAMK4(+0.000);PLCB1(+0.000)
CPLX2,False,0.08482799978193316,0.0,0.002397008,9.635034e-06,PLCB1(-0.000);MYO1F(-0.000);S100A4(-0.000);A2M(-0.000);CCL5(-0.000);AOAH(-0.000);PFN1(-0.000);ACTG1(-0.000),LEF1(+0.000);MAML2(+0.000);BACH2(+0.000);FOXP1(+0.000);SERINC5(+0.000);FHIT(+0.000);PRKCA(+0.000);PDE3B(+0.000)
SLC25A13,False,0.09556779152810337,-1.00768675e-05,0.002395348,-1.9374149e-05,AOAH(-0.000);CCL5(-0.000);PLCB1(-0.000);RAP1GAP2(-0.000);MYO1F(-0.000);CTSW(-0.000);JAZF1(-0.000);SAMD3(-0.000),LEF1(+0.000);CAMK4(+0.000);MAML2(+0.000);FOXP1(+0.000);SERINC5(+0.000);BACH2(+0.000);PDE3B(+0.000);FHIT(+0.000)
PPP2R2B,False,0.03598102818513874,-0.00020035218,0.0023906364,2.5379797e-05,GNLY(-0.000);AOAH(-0.000);CCL5(-0.000);TGFBR3(-0.000);MCTP2(-0.000);CTSW(-0.000);PLCB1(-0.000);RAP1GAP2(-0.000),LEF1(+0.000);CAMK4(+0.000);MAML2(+0.000);BACH2(+0.000);SERINC5(+0.000);FOXP1(+0.000);PDE3B(+0.000);FHIT(+0.000)
VPS45,False,0.10968761925530177,-6.7080286e-06,0.002388975,-9.911749e-06,LEF1(-0.000);CAMK4(-0.000);SERINC5(-0.000);PDE3B(-0.000);MAML2(-0.000);BCL11B(-0.000);FOXP1(-0.000);IL7R(-0.000),AOAH(+0.000);GNLY(+0.000);CCL5(+0.000);RAP1GAP2(+0.000);CTSW(+0.000);JAZF1(+0.000);PLCB1(+0.000);MCTP2(+0.000)
DYNC1H1,False,0.33206127678133346,8.904269e-06,0.0023878664,-4.4213895e-05,IL32(-0.000);PHACTR2(-0.000);IL7R(-0.000);LTB(-0.000);S100A4(-0.000);A2M(-0.000);GZMK(-0.000);RPL11(-0.000),KCNQ5(+0.000);BACH2(+0.000);LEF1(+0.000);TXK(+0.000);CD247(+0.000);ATP10A(+0.000);SFMBT2(+0.000);WWOX(+0.000)
PAPOLG,False,0.13634629013792726,-6.4158226e-06,0.0023843783,4.0224102e-05,LEF1(-0.000);MAML2(-0.000);BACH2(-0.000);FOXP1(-0.000);SERINC5(-0.000);PRKCA(-0.000);FHIT(-0.000);PDE3B(-0.000),S100A4(+0.000);ACTB(+0.000);ACTG1(+0.000);PFN1(+0.000);IL32(+0.000);CCL5(+0.000);PLCB1(+0.000);TMSB4X(+0.000)
CCDC141,False,0.14997546748078286,2.9246705e-05,0.002380809,-4.305868e-05,S100A4(-0.000);IL32(-0.000);PFN1(-0.000);ACTB(-0.000);PHACTR2(-0.000);PLCB1(-0.000);ACTG1(-0.000);A2M(-0.000),LEF1(+0.000);BACH2(+0.000);MAML2(+0.000);FOXP1(+0.000);SERINC5(+0.000);FHIT(+0.000);PRKCA(+0.000);PDE3B(+0.000)
CALM1,False,0.5919969470642753,9.185075e-05,0.0023797362,-2.5792628e-05,LEF1(-0.000);BACH2(-0.000);MAML2(-0.000);FOXP1(-0.000);FHIT(-0.000);SERINC5(-0.000);PRKCA(-0.000);PDE3B(-0.000),A2M(+0.000);PLCB1(+0.000);PHACTR2(+0.000);IL32(+0.000);KLRG1(+0.000);S100A4(+0.000);PZP(+0.000);PARP8(+0.000)
CRTC1,False,0.228479528975631,1.8299812e-05,0.0023781569,-0.000120512974,CCL5(-0.000);S100A4(-0.000);PLCB1(-0.000);ACTB(-0.000);ACTG1(-0.000);MYO1F(-0.000);A2M(-0.000);PFN1(-0.000),LEF1(+0.000);MAML2(+0.000);BACH2(+0.000);FOXP1(+0.000);SERINC5(+0.000);FHIT(+0.000);PRKCA(+0.000);PDE3B(+0.000)
YPEL5,False,0.46012102709480457,-2.4471783e-05,0.0023738346,-0.00023833195,IL7R(-0.000);CAMK4(-0.000);LEF1(-0.000);LTB(-0.000);BCL11B(-0.000);RPL13(-0.000);BCL2(-0.000);RPL11(-0.000),GNLY(+0.000);AOAH(+0.000);MCTP2(+0.000);RAP1GAP2(+0.000);TGFBR3(+0.000);JAZF1(+0.000);CTSW(+0.000);SAMD3(+0.000)
FBXL20,False,0.3683148885133294,-4.0783227e-05,0.002373684,1.2275239e-05,JAZF1(-0.000);AOAH(-0.000);RAP1GAP2(-0.000);CD247(-0.000);VAV3(-0.000);TFDP2(-0.000);IFI16(-0.000);TYROBP(-0.000),IL7R(+0.000);LTB(+0.000);IL32(+0.000);CAMK4(+0.000);PHACTR2(+0.000);BCL2(+0.000);RPL11(+0.000);THEMIS(+0.000)
SLC20A2,False,0.21245161642043286,8.321211e-06,0.0023730106,-0.00014266247,CCL5(-0.000);S100A4(-0.000);PLCB1(-0.000);IL32(-0.000);A2M(-0.000);ACTB(-0.000);PHACTR2(-0.000);ACTG1(-0.000),LEF1(+0.000);BACH2(+0.000);MAML2(+0.000);FOXP1(+0.000);SERINC5(+0.000);FHIT(+0.000);PRKCA(+0.000);PDE3B(+0.000)
TMCC1,False,0.22864307910374532,-4.1458866e-06,0.0023720227,5.9819904e-05,PFN1(-0.000);S100A4(-0.000);IL32(-0.000);ACTB(-0.000);ACTG1(-0.000);PHACTR2(-0.000);GAPDH(-0.000);CORO1A(-0.000),LEF1(+0.000);MAML2(+0.000);BACH2(+0.000);FOXP1(+0.000);SERINC5(+0.000);ZBTB20(+0.000);PRKCA(+0.000);FHIT(+0.000)
ARHGAP35,False,0.10499918224935945,-2.6849186e-05,0.0023694562,7.1063175e-07,CCL5(-0.000);PLCB1(-0.000);S100A4(-0.000);A2M(-0.000);PFN1(-0.000);MYO1F(-0.000);ACTG1(-0.000);ACTB(-0.000),LEF1(+0.000);MAML2(+0.000);BACH2(+0.000);FOXP1(+0.000);SERINC5(+0.000);FHIT(+0.000);PRKCA(+0.000);PDE3B(+0.000)
INO80,False,0.19582402006214905,-8.153214e-06,0.0023674837,-7.883754e-05,CAMK4(-0.000);LEF1(-0.000);LTB(-0.000);IL7R(-0.000);RPL11(-0.000);IL32(-0.000);BCL11B(-0.000);SERINC5(-0.000),AOAH(+0.000);GNLY(+0.000);MCTP2(+0.000);JAZF1(+0.000);RAP1GAP2(+0.000);TGFBR3(+0.000);CTSW(+0.000);CCL5(+0.000)
SLC7A1,False,0.11802867578912937,1.8028326e-06,0.0023660595,2.7623722e-05,LEF1(-0.000);BACH2(-0.000);MAML2(-0.000);FOXP1(-0.000);FHIT(-0.000);SERINC5(-0.000);PRKCA(-0.000);PDE3B(-0.000),PLCB1(+0.000);S100A4(+0.000);IL32(+0.000);A2M(+0.000);PHACTR2(+0.000);CCL5(+0.000);PFN1(+0.000);KLRG1(+0.000)
GPSM3,False,0.2228097912010031,-2.314469e-05,0.0023634997,-9.221726e-05,CCL5(-0.000);PLCB1(-0.000);A2M(-0.000);S100A4(-0.000);MYO1F(-0.000);AOAH(-0.000);PHACTR2(-0.000);IL32(-0.000),LEF1(+0.000);BACH2(+0.000);MAML2(+0.000);FOXP1(+0.000);SERINC5(+0.000);FHIT(+0.000);PRKCA(+0.000);PDE3B(+0.000)
RASGRP2,False,0.42702938450635125,-3.2919987e-05,0.0023625281,-6.570636e-05,IL32(-0.000);LTB(-0.000);IL7R(-0.000);RPL11(-0.000);CAMK4(-0.000);PHACTR2(-0.000);RPS18(-0.000);RPS2(-0.000),AOAH(+0.000);JAZF1(+0.000);CD247(+0.000);RAP1GAP2(+0.000);SAMD3(+0.000);VAV3(+0.000);FNDC3B(+0.000);SYNE1(+0.000)
FBXW11,False,0.2018208580930055,-1.918062e-06,0.002361788,-1.1528699e-05,IL32(-0.000);S100A4(-0.000);PHACTR2(-0.000);A2M(-0.000);CCL5(-0.000);PLCB1(-0.000);PFN1(-0.000);KLRG1(-0.000),LEF1(+0.000);BACH2(+0.000);MAML2(+0.000);FOXP1(+0.000);FHIT(+0.000);SERINC5(+0.000);PRKCA(+0.000);TXK(+0.000)
UBE2D3,False,0.4384233767649784,2.6062223e-06,0.0023600399,-8.610547e-05,CCL5(-0.000);PLCB1(-0.000);A2M(-0.000);AOAH(-0.000);GNLY(-0.000);PARP8(-0.000);CTSW(-0.000);PZP(-0.000),LEF1(+0.000);SELL(+0.000);FHIT(+0.000);GAPDH(+0.000);BACH2(+0.000);SERINC5(+0.000);FOXP1(+0.000);SMC4(+0.000)
RNF19A,False,0.2689854440385978,-4.314651e-05,0.0023595714,3.0760555e-05,PFN1(-0.000);ACTG1(-0.000);S100A4(-0.000);CCL5(-0.000);ACTB(-0.000);MYO1F(-0.000);PLCB1(-0.000);RAP1GAP2(-0.000),LEF1(+0.000);MAML2(+0.000);BACH2(+0.000);FOXP1(+0.000);SERINC5(+0.000);PRKCA(+0.000);PDE3B(+0.000);FHIT(+0.000)
GLYR1,False,0.196205637027749,-4.782133e-08,0.0023573874,9.367123e-05,IL32(-0.000);S100A4(-0.000);PHACTR2(-0.000);PFN1(-0.000);A2M(-0.000);PLCB1(-0.000);ACTG1(-0.000);ACTB(-0.000),LEF1(+0.000);BACH2(+0.000);MAML2(+0.000);FOXP1(+0.000);SERINC5(+0.000);FHIT(+0.000);PRKCA(+0.000);ZBTB20(+0.000)
MLLT6,False,0.2741100147195116,-1.0709834e-06,0.0023530724,-5.8743466e-05,LEF1(-0.000);CAMK4(-0.000);IL7R(-0.000);LTB(-0.000);MAML2(-0.000);BCL11B(-0.000);BCL2(-0.000);SERINC5(-0.000),AOAH(+0.000);MCTP2(+0.000);RAP1GAP2(+0.000);TGFBR3(+0.000);CCL5(+0.000);JAZF1(+0.000);CTSW(+0.000);SAMD3(+0.000)
RETREG1,False,0.3614457831325302,-8.444619e-05,0.0023528493,-0.00012691476,LEF1(-0.000);BACH2(-0.000);MAML2(-0.000);FOXP1(-0.000);FHIT(-0.000);SERINC5(-0.000);PRKCA(-0.000);PDE3B(-0.000),PLCB1(+0.000);A2M(+0.000);CCL5(+0.000);AOAH(+0.000);MYO1F(+0.000);PZP(+0.000);GNLY(+0.000);KLRG1(+0.000)
NR1D2,True,0.15531810499918228,2.7133647e-05,0.002349434,0.0007127035,JUN(-0.000);TRBC1(-0.000);PFN1(-0.000);TRAC(-0.000);FOXP1(-0.000);FOS(-0.000);TRBC2(-0.000);GNLY(-0.000),B2M(+0.000);IL7R(+0.000);HLA-B(+0.000);RPL13(+0.000);RPS2(+0.000);CCL5(+0.000);ARHGAP15(+0.000);EEF1A1(+0.000)
PYHIN1,False,0.2785258681785967,-0.00014219031,0.0023492838,7.912785e-05,GNLY(-0.000);PLCB1(-0.000);CCL5(-0.000);A2M(-0.000);AOAH(-0.000);CTSW(-0.000);TGFBR3(-0.000);MYO1F(-0.000),LEF1(+0.000);BACH2(+0.000);MAML2(+0.000);FOXP1(+0.000);SERINC5(+0.000);FHIT(+0.000);PRKCA(+0.000);PDE3B(+0.000)
TAF15,False,0.4562503407294336,-4.131114e-06,0.0023490714,-4.7397538e-05,GNLY(-0.000);AOAH(-0.000);MCTP2(-0.000);CCL5(-0.000);TGFBR3(-0.000);CTSW(-0.000);JAZF1(-0.000);CD247(-0.000),IL32(+0.000);S100A4(+0.000);RPL11(+0.000);PFN1(+0.000);TMSB10(+0.000);ACTB(+0.000);RPL28(+0.000);LTB(+0.000)
MAPK8IP3,False,0.19680532083083466,-1.0959944e-05,0.0023478405,-2.5741983e-05,S100A4(-0.000);CCL5(-0.000);IL32(-0.000);PFN1(-0.000);PLCB1(-0.000);ACTB(-0.000);ACTG1(-0.000);PHACTR2(-0.000),LEF1(+0.000);MAML2(+0.000);BACH2(+0.000);FOXP1(+0.000);SERINC5(+0.000);FHIT(+0.000);PRKCA(+0.000);PDE3B(+0.000)
FCHSD2,False,0.5204710243689692,-1.2926111e-05,0.0023463606,-0.0003551622,IL7R(-0.000);LTB(-0.000);A2M(-0.000);PHACTR2(-0.000);PLCB1(-0.000);BCL2(-0.000);CCL5(-0.000);B2M(-0.000),GAPDH(+0.000);SMC4(+0.000);PFN1(+0.000);DNMT1(+0.000);IFI16(+0.000);TMPO(+0.000);DEK(+0.000);SRSF10(+0.000)
ZXDC,False,0.23687510221883007,4.581021e-06,0.0023445264,-6.352542e-05,CCL5(-0.000);AOAH(-0.000);PLCB1(-0.000);MYO1F(-0.000);RAP1GAP2(-0.000);ACTG1(-0.000);SYNE1(-0.000);SAMD3(-0.000),LEF1(+0.000);MAML2(+0.000);BACH2(+0.000);FOXP1(+0.000);SERINC5(+0.000);CAMK4(+0.000);PDE3B(+0.000);PRKCA(+0.000)
PELI2,False,0.16823856512020938,-5.132163e-05,0.0023418409,-1.1346904e-05,LEF1(-0.000);BACH2(-0.000);MAML2(-0.000);FOXP1(-0.000);FHIT(-0.000);SERINC5(-0.000);PRKCA(-0.000);ZBTB20(-0.000),IL32(+0.000);S100A4(+0.000);PHACTR2(+0.000);PLCB1(+0.000);PFN1(+0.000);A2M(+0.000);ACTB(+0.000);CCL5(+0.000)
GLIPR2,False,0.08155699721964782,-4.616725e-05,0.0023415221,-3.4801633e-06,AOAH(-0.000);RAP1GAP2(-0.000);MYO1F(-0.000);CCL5(-0.000);JAZF1(-0.000);ACTG1(-0.000);SAMD3(-0.000);GNLY(-0.000),LEF1(+0.000);MAML2(+0.000);CAMK4(+0.000);FOXP1(+0.000);BACH2(+0.000);SERINC5(+0.000);PDE3B(+0.000);INPP4B(+0.000)
R3HDM1,False,0.2357302513220302,-1.0951589e-05,0.002339382,0.0001010015,LEF1(-0.000);BACH2(-0.000);MAML2(-0.000);FOXP1(-0.000);SERINC5(-0.000);FHIT(-0.000);PRKCA(-0.000);PDE3B(-0.000),S100A4(+0.000);IL32(+0.000);ACTB(+0.000);PHACTR2(+0.000);PFN1(+0.000);ACTG1(+0.000);PLCB1(+0.000);A2M(+0.000)
SSB,False,0.18214032600992208,-3.6856916e-05,0.0023392565,6.9723756e-05,PFN1(-0.000);S100A4(-0.000);IL32(-0.000);ACTB(-0.000);ACTG1(-0.000);PHACTR2(-0.000);GAPDH(-0.000);TMSB10(-0.000),MAML2(+0.000);LEF1(+0.000);BACH2(+0.000);FOXP1(+0.000);ZBTB20(+0.000);TXK(+0.000);SERINC5(+0.000);PRKCA(+0.000)
RPS6KA2,False,0.0985662105435316,-1.4988746e-06,0.002338649,4.12619e-05,PLCB1(-0.000);CCL5(-0.000);A2M(-0.000);AOAH(-0.000);MYO1F(-0.000);CTSW(-0.000);S100A4(-0.000);PFN1(-0.000),LEF1(+0.000);MAML2(+0.000);BACH2(+0.000);FOXP1(+0.000);SERINC5(+0.000);FHIT(+0.000);PRKCA(+0.000);PDE3B(+0.000)
PHF3,False,0.38428828435915613,-3.7138398e-05,0.0023328105,-0.00018935563,LEF1(-0.000);BACH2(-0.000);MAML2(-0.000);FOXP1(-0.000);SERINC5(-0.000);FHIT(-0.000);PRKCA(-0.000);PDE3B(-0.000),PLCB1(+0.000);A2M(+0.000);MYO1F(+0.000);PFN1(+0.000);AOAH(+0.000);CCL5(+0.000);GNLY(+0.000);S100A4(+0.000)
SNED1,False,0.15689908957095353,-3.1826956e-05,0.0023324632,1.5372729e-05,CAMK4(-0.000);LTB(-0.000);IL32(-0.000);IL7R(-0.000);RPL11(-0.000);LEF1(-0.000);RPS18(-0.000);TRAC(-0.000),AOAH(+0.000);JAZF1(+0.000);RAP1GAP2(+0.000);MCTP2(+0.000);CD247(+0.000);SAMD3(+0.000);SYNE1(+0.000);TGFBR3(+0.000)
NCALD,False,0.18159515891620778,-0.00016881972,0.0023320052,-1.050363e-05,AOAH(-0.000);CCL5(-0.000);RAP1GAP2(-0.000);MYO1F(-0.000);TGFBR3(-0.000);PLCB1(-0.000);MCTP2(-0.000);CTSW(-0.000),LEF1(+0.000);MAML2(+0.000);CAMK4(+0.000);FOXP1(+0.000);BACH2(+0.000);SERINC5(+0.000);PDE3B(+0.000);PRKCA(+0.000)
NR2C1,True,0.11355830562067273,1.8293699e-06,0.0023312895,-0.000105353574,CCL5(-0.000);S100A4(-0.000);PLCB1(-0.000);A2M(-0.000);ACTB(-0.000);MYO1F(-0.000);IL32(-0.000);PHACTR2(-0.000),LEF1(+0.000);BACH2(+0.000);MAML2(+0.000);FOXP1(+0.000);SERINC5(+0.000);FHIT(+0.000);PRKCA(+0.000);PDE3B(+0.000)
CD27,False,0.3949190426865834,1.9181294e-05,0.002325578,-0.00020936296,IL32(-0.000);ACTB(-0.000);S100A4(-0.000);ACTG1(-0.000);PHACTR2(-0.000);TMSB4X(-0.000);PFN1(-0.000);B2M(-0.000),LEF1(+0.000);BACH2(+0.000);MAML2(+0.000);FOXP1(+0.000);ZBTB20(+0.000);PRKCA(+0.000);FHIT(+0.000);SERINC5(+0.000)
RPP38,False,0.12636973232295698,-3.4135657e-05,0.0023243765,9.426226e-06,AOAH(-0.000);MCTP2(-0.000);JAZF1(-0.000);RAP1GAP2(-0.000);GNLY(-0.000);CD247(-0.000);TGFBR3(-0.000);SAMD3(-0.000),IL7R(+0.000);LTB(+0.000);IL32(+0.000);CAMK4(+0.000);RPL11(+0.000);PHACTR2(+0.000);RPS18(+0.000);BCL2(+0.000)
KLHDC10,False,0.1139399225862727,-6.030397e-06,0.002319618,3.2626067e-05,AOAH(-0.000);CCL5(-0.000);PLCB1(-0.000);RAP1GAP2(-0.000);MYO1F(-0.000);MCTP2(-0.000);CTSW(-0.000);GNLY(-0.000),LEF1(+0.000);MAML2(+0.000);CAMK4(+0.000);BACH2(+0.000);FOXP1(+0.000);SERINC5(+0.000);PDE3B(+0.000);FHIT(+0.000)
PIGX,False,0.12277162950444312,0.0,0.0023176798,2.18995e-06,IL32(-0.000);LTB(-0.000);IL7R(-0.000);CAMK4(-0.000);RPL11(-0.000);RPS18(-0.000);RPL30(-0.000);TRAC(-0.000),AOAH(+0.000);JAZF1(+0.000);MCTP2(+0.000);RAP1GAP2(+0.000);CD247(+0.000);GNLY(+0.000);SAMD3(+0.000);SYNE1(+0.000)
EIF3H,False,0.33860328190590416,2.5519435e-06,0.0023130465,-0.000110704656,CCL5(-0.000);PLCB1(-0.000);A2M(-0.000);AOAH(-0.000);GNLY(-0.000);MYO1F(-0.000);PARP8(-0.000);CTSW(-0.000),LEF1(+0.000);BACH2(+0.000);FOXP1(+0.000);MAML2(+0.000);SERINC5(+0.000);FHIT(+0.000);PRKCA(+0.000);PDE3B(+0.000)
ABHD18,False,0.2571553181049992,-8.665596e-06,0.002312616,3.9503837e-05,CAMK4(-0.000);LEF1(-0.000);LTB(-0.000);IL7R(-0.000);BCL11B(-0.000);IL32(-0.000);RPL11(-0.000);TRAC(-0.000),AOAH(+0.000);JAZF1(+0.000);RAP1GAP2(+0.000);SAMD3(+0.000);SYNE1(+0.000);CD247(+0.000);VAV3(+0.000);UTRN(+0.000)
DLG2,False,0.14288829526249794,-4.6577912e-05,0.002310658,0.00011022742,LEF1(-0.000);MAML2(-0.000);BACH2(-0.000);FOXP1(-0.000);SERINC5(-0.000);PRKCA(-0.000);FHIT(-0.000);PDE3B(-0.000),ACTB(+0.000);S100A4(+0.000);PFN1(+0.000);ACTG1(+0.000);IL32(+0.000);PLCB1(+0.000);PHACTR2(+0.000);TMSB4X(+0.000)
ATP1A1,False,0.4204873793817805,1.36696135e-05,0.0023083063,7.179898e-05,PFN1(-0.000);ACTB(-0.000);S100A4(-0.000);ACTG1(-0.000);IL32(-0.000);PLCB1(-0.000);PHACTR2(-0.000);GAPDH(-0.000),LEF1(+0.000);MAML2(+0.000);BACH2(+0.000);FOXP1(+0.000);SERINC5(+0.000);PRKCA(+0.000);FHIT(+0.000);PDE3B(+0.000)
CAMTA1,False,0.14703156517472607,-7.4682666e-06,0.0023074136,6.2116545e-05,LEF1(-0.000);MAML2(-0.000);BACH2(-0.000);FOXP1(-0.000);SERINC5(-0.000);FHIT(-0.000);PDE3B(-0.000);CAMK4(-0.000),AOAH(+0.000);MYO1F(+0.000);CCL5(+0.000);PLCB1(+0.000);S100A4(+0.000);ACTG1(+0.000);A2M(+0.000);ACTB(+0.000)
VSIG1,False,0.12380744698250014,0.0,0.0023064867,1.2215521e-05,LEF1(-0.000);BACH2(-0.000);MAML2(-0.000);FOXP1(-0.000);FHIT(-0.000);SERINC5(-0.000);PRKCA(-0.000);ZBTB20(-0.000),S100A4(+0.000);IL32(+0.000);PHACTR2(+0.000);PFN1(+0.000);A2M(+0.000);PLCB1(+0.000);ACTB(+0.000);ACTG1(+0.000)
TRIP12,False,0.43504334078395035,-4.0649697e-06,0.0023035964,-0.00011416083,LEF1(-0.000);BACH2(-0.000);MAML2(-0.000);FOXP1(-0.000);SERINC5(-0.000);FHIT(-0.000);PRKCA(-0.000);PDE3B(-0.000),S100A4(+0.000);PFN1(+0.000);PLCB1(+0.000);IL32(+0.000);A2M(+0.000);PHACTR2(+0.000);ACTG1(+0.000);MYO1F(+0.000)
MTREX,False,0.2739464645913973,-3.935623e-06,0.002301037,1.995608e-05,IL32(-0.000);LTB(-0.000);IL7R(-0.000);CAMK4(-0.000);RPL11(-0.000);PHACTR2(-0.000);TRAC(-0.000);RPL30(-0.000),AOAH(+0.000);JAZF1(+0.000);CD247(+0.000);RAP1GAP2(+0.000);SAMD3(+0.000);VAV3(+0.000);SYNE1(+0.000);MCTP2(+0.000)
PPP6R2,False,0.35735702992967344,-4.8809925e-05,0.0023005004,-0.0002326008,CD247(-0.000);KCNQ5(-0.000);TXK(-0.000);BACH2(-0.000);SFMBT2(-0.000);ZBTB20(-0.000);LEF1(-0.000);WWOX(-0.000),IL32(+0.000);PHACTR2(+0.000);LTB(+0.000);S100A4(+0.000);IL7R(+0.000);A2M(+0.000);TRAC(+0.000);S100A6(+0.000)
RPL36,False,0.7541296407348853,-5.1260104e-05,0.0022990638,-0.000376885,LEF1(-0.000);BACH2(-0.000);FHIT(-0.000);SERINC5(-0.000);MAML2(-0.000);SELL(-0.000);PRKCA(-0.000);FOXP1(-0.000),PLCB1(+0.000);A2M(+0.000);AOAH(+0.000);HCST(+0.000);PARP8(+0.000);PZP(+0.000);PHACTR2(+0.000);MYO1F(+0.000)
TAF3,False,0.42866488578749384,1.3290193e-05,0.0022967998,-0.00019003541,PLCB1(-0.000);CCL5(-0.000);A2M(-0.000);AOAH(-0.000);PARP8(-0.000);SYNE2(-0.000);PZP(-0.000);MYO1F(-0.000),LEF1(+0.000);BACH2(+0.000);FOXP1(+0.000);FHIT(+0.000);SERINC5(+0.000);MAML2(+0.000);PRKCA(+0.000);SELL(+0.000)
EIF4B,False,0.29613476530556615,-6.532046e-06,0.0022954436,-2.7878777e-05,CD247(-0.000);AOAH(-0.000);JAZF1(-0.000);KCNQ5(-0.000);TXK(-0.000);SFMBT2(-0.000);TFDP2(-0.000);VAV3(-0.000),IL32(+0.000);PHACTR2(+0.000);LTB(+0.000);IL7R(+0.000);S100A4(+0.000);RPL11(+0.000);RPL28(+0.000);RPS18(+0.000)
SCAF8,False,0.4289919860437224,-8.301952e-06,0.0022934326,-4.2804062e-05,LEF1(-0.000);MAML2(-0.000);CAMK4(-0.000);BACH2(-0.000);FOXP1(-0.000);SERINC5(-0.000);PDE3B(-0.000);FHIT(-0.000),CCL5(+0.000);AOAH(+0.000);GNLY(+0.000);PLCB1(+0.000);MYO1F(+0.000);RAP1GAP2(+0.000);PPP2R2B(+0.000);CTSW(+0.000)
KIDINS220,False,0.2591724363517418,-1.8803019e-05,0.0022930952,-7.701917e-05,CCL5(-0.000);PLCB1(-0.000);A2M(-0.000);PHACTR2(-0.000);GZMK(-0.000);GNLY(-0.000);PARP8(-0.000);IL32(-0.000),LEF1(+0.000);BACH2(+0.000);FOXP1(+0.000);FHIT(+0.000);SERINC5(+0.000);MAML2(+0.000);SELL(+0.000);PRKCA(+0.000)
DSTYK,False,0.14561413073106907,-1.2394747e-05,0.0022921956,6.575762e-06,LEF1(-0.000);CAMK4(-0.000);IL7R(-0.000);MAML2(-0.000);SERINC5(-0.000);LTB(-0.000);BCL11B(-0.000);PDE3B(-0.000),AOAH(+0.000);RAP1GAP2(+0.000);JAZF1(+0.000);SAMD3(+0.000);SYNE1(+0.000);MYO1F(+0.000);GNLY(+0.000);CCL5(+0.000)
INPP5B,False,0.07648694324810555,0.0,0.0022898188,-1.0082949e-05,LEF1(-0.000);BACH2(-0.000);MAML2(-0.000);FOXP1(-0.000);SERINC5(-0.000);FHIT(-0.000);PRKCA(-0.000);PDE3B(-0.000),PLCB1(+0.000);A2M(+0.000);S100A4(+0.000);CCL5(+0.000);IL32(+0.000);PHACTR2(+0.000);PFN1(+0.000);MYO1F(+0.000)
PSMB1,False,0.19129913318432099,-5.7063153e-06,0.0022876281,-7.715435e-05,LEF1(-0.000);CAMK4(-0.000);MAML2(-0.000);BACH2(-0.000);SERINC5(-0.000);FOXP1(-0.000);PDE3B(-0.000);FHIT(-0.000),AOAH(+0.000);GNLY(+0.000);PLCB1(+0.000);RAP1GAP2(+0.000);CCL5(+0.000);MYO1F(+0.000);JAZF1(+0.000);SAMD3(+0.000)
PPP2R5C,False,0.6864198876955787,-7.219328e-05,0.0022850216,-0.00039420725,CCL5(-0.001);GNLY(-0.000);PLCB1(-0.000);AOAH(-0.000);CTSW(-0.000);A2M(-0.000);SYNE2(-0.000);TGFBR3(-0.000),LEF1(+0.000);FOXP1(+0.000);FHIT(+0.000);BACH2(+0.000);SERINC5(+0.000);SELL(+0.000);TRAC(+0.000);PDE3B(+0.000)
ZCCHC10,False,0.06569263479256393,-6.123114e-06,0.0022847685,-4.210935e-06,LEF1(-0.000);BACH2(-0.000);MAML2(-0.000);FOXP1(-0.000);SERINC5(-0.000);FHIT(-0.000);PRKCA(-0.000);PDE3B(-0.000),S100A4(+0.000);IL32(+0.000);PLCB1(+0.000);A2M(+0.000);PHACTR2(+0.000);PFN1(+0.000);ACTB(+0.000);ACTG1(+0.000)
ARID5A,True,0.14288829526249794,-1.9877247e-05,0.0022843725,-0.00060302636,B2M(-0.000);CCL5(-0.000);HLA-B(-0.000);MBNL1(-0.000);SKAP1(-0.000);PTPRC(-0.000);CELF2(-0.000);ARHGAP15(-0.000),LEF1(+0.000);TRAC(+0.000);FOXP1(+0.000);CAMK4(+0.000);SELL(+0.000);PFN1(+0.000);TRBC1(+0.000);PDE3B(+0.000)
FOSB,False,0.2554653001144851,-1.7195376e-05,0.002284291,-2.0209862e-05,LEF1(-0.000);MAML2(-0.000);BACH2(-0.000);CAMK4(-0.000);FOXP1(-0.000);SERINC5(-0.000);PDE3B(-0.000);INPP4B(-0.000),CCL5(+0.000);GNLY(+0.000);AOAH(+0.000);ACTG1(+0.000);RAP1GAP2(+0.000);MYO1F(+0.000);PFN1(+0.000);ACTB(+0.000)
MCFD2,False,0.13405658834432752,0.0,0.0022829012,7.549057e-05,PFN1(-0.000);S100A4(-0.000);ACTG1(-0.000);ACTB(-0.000);PLCB1(-0.000);IL32(-0.000);GNLY(-0.000);MYO1F(-0.000),LEF1(+0.000);MAML2(+0.000);BACH2(+0.000);FOXP1(+0.000);SERINC5(+0.000);PRKCA(+0.000);FHIT(+0.000);PDE3B(+0.000)
MARCH6,False,0.391375456577441,-4.7174804e-06,0.0022783284,0.00021250432,AOAH(-0.000);GNLY(-0.000);MCTP2(-0.000);CCL5(-0.000);TGFBR3(-0.000);CTSW(-0.000);PLCB1(-0.000);RAP1GAP2(-0.000),LEF1(+0.000);CAMK4(+0.000);SERINC5(+0.000);BACH2(+0.000);MAML2(+0.000);FHIT(+0.000);PDE3B(+0.000);FOXP1(+0.000)
MYLIP,False,0.26996674480728344,-5.1709135e-06,0.0022763787,6.654095e-05,AOAH(-0.000);RAP1GAP2(-0.000);MYO1F(-0.000);JAZF1(-0.000);SAMD3(-0.000);SYNE1(-0.000);PLCB1(-0.000);ARHGAP26(-0.000),LEF1(+0.000);CAMK4(+0.000);MAML2(+0.000);SERINC5(+0.000);BACH2(+0.000);FOXP1(+0.000);PDE3B(+0.000);IL7R(+0.000)
CARF,False,0.12636973232295698,0.0,0.0022742508,7.702336e-05,LEF1(-0.000);MAML2(-0.000);FOXP1(-0.000);BACH2(-0.000);SERINC5(-0.000);CAMK4(-0.000);PDE3B(-0.000);PRKCA(-0.000),AOAH(+0.000);PLCB1(+0.000);CCL5(+0.000);MYO1F(+0.000);RAP1GAP2(+0.000);ACTB(+0.000);ACTG1(+0.000);PFN1(+0.000)
USO1,False,0.21354195060786132,-2.280133e-05,0.0022730315,-3.499392e-05,IL32(-0.000);PHACTR2(-0.000);LTB(-0.000);IL7R(-0.000);S100A4(-0.000);RPL11(-0.000);RPL28(-0.000);RPS18(-0.000),KCNQ5(+0.000);CD247(+0.000);JAZF1(+0.000);AOAH(+0.000);TXK(+0.000);BACH2(+0.000);SFMBT2(+0.000);TFDP2(+0.000)
MSRA,False,0.2369841356375729,3.1616416e-06,0.0022718175,4.0199135e-05,PFN1(-0.000);ACTG1(-0.000);ACTB(-0.000);GAPDH(-0.000);CORO1A(-0.000);S100A4(-0.000);MYL6(-0.000);PTMA(-0.000),MAML2(+0.000);LEF1(+0.000);BCL2(+0.000);IL7R(+0.000);CAMK4(+0.000);FOXP1(+0.000);BACH2(+0.000);INPP4B(+0.000)
CD38,False,0.07354304094204873,0.0,0.002267758,4.1742886e-05,AOAH(-0.000);JAZF1(-0.000);CD247(-0.000);MCTP2(-0.000);KCNQ5(-0.000);SFMBT2(-0.000);RAP1GAP2(-0.000);VAV3(-0.000),IL32(+0.000);LTB(+0.000);IL7R(+0.000);PHACTR2(+0.000);RPL11(+0.000);S100A4(+0.000);RPL28(+0.000);RPS18(+0.000)
MPRIP,False,0.2669138090824838,-3.8043134e-05,0.002266375,9.840443e-05,PHACTR2(-0.000);IL32(-0.000);GZMK(-0.000);A2M(-0.000);LTB(-0.000);IL7R(-0.000);PLCB1(-0.000);CCL5(-0.000),BACH2(+0.000);LEF1(+0.000);KCNQ5(+0.000);CD247(+0.000);TXK(+0.000);ATP10A(+0.000);SMC4(+0.000);FHIT(+0.000)
CHCHD2,False,0.26789510985116943,-2.7572823e-05,0.0022659774,-2.5943423e-06,GNLY(-0.000);CCL5(-0.000);AOAH(-0.000);CTSW(-0.000);MCTP2(-0.000);RAP1GAP2(-0.000);TGFBR3(-0.000);PPP2R2B(-0.000),LEF1(+0.000);CAMK4(+0.000);MAML2(+0.000);SERINC5(+0.000);FOXP1(+0.000);BACH2(+0.000);PDE3B(+0.000);IL7R(+0.000)
ARL6IP6,False,0.14179796107506953,9.624493e-06,0.0022650042,0.00010330259,LEF1(-0.000);MAML2(-0.000);BACH2(-0.000);FOXP1(-0.000);SERINC5(-0.000);CAMK4(-0.000);PDE3B(-0.000);FHIT(-0.000),CCL5(+0.000);PLCB1(+0.000);AOAH(+0.000);MYO1F(+0.000);ACTB(+0.000);S100A4(+0.000);RAP1GAP2(+0.000);A2M(+0.000)
MAP4K3-DT,False,0.1069072670773592,-1.26717505e-05,0.0022644547,6.058387e-05,LEF1(-0.000);MAML2(-0.000);BACH2(-0.000);FOXP1(-0.000);SERINC5(-0.000);CAMK4(-0.000);PDE3B(-0.000);FHIT(-0.000),AOAH(+0.000);PLCB1(+0.000);CCL5(+0.000);MYO1F(+0.000);RAP1GAP2(+0.000);A2M(+0.000);SYNE1(+0.000);NCALD(+0.000)
NUP160,False,0.2693125442948264,-1.4404485e-05,0.0022634643,0.00014813828,BACH2(-0.000);MAML2(-0.000);LEF1(-0.000);FOXP1(-0.000);ZBTB20(-0.000);TXK(-0.000);KCNQ5(-0.000);PRKCA(-0.000),IL32(+0.000);S100A4(+0.000);ACTB(+0.000);ACTG1(+0.000);PHACTR2(+0.000);TMSB4X(+0.000);PFN1(+0.000);RPL11(+0.000)
USP25,False,0.40598593468898214,-1.2308702e-05,0.0022633402,-0.00015831363,IL32(-0.000);S100A4(-0.000);PHACTR2(-0.000);A2M(-0.000);PLCB1(-0.000);HLA-B(-0.000);KLRG1(-0.000);ACTB(-0.000),LEF1(+0.000);BACH2(+0.000);FOXP1(+0.000);MAML2(+0.000);FHIT(+0.000);PRKCA(+0.000);SERINC5(+0.000);KCNQ5(+0.000)
RAC2,False,0.28457722291882465,-8.572509e-05,0.0022584007,3.9838276e-05,ACTG1(-0.000);PFN1(-0.000);ACTB(-0.000);RAP1GAP2(-0.000);GAPDH(-0.000);AOAH(-0.000);MYO1F(-0.000);JAZF1(-0.000),LEF1(+0.000);MAML2(+0.000);CAMK4(+0.000);IL7R(+0.000);BCL2(+0.000);FOXP1(+0.000);BACH2(+0.000);INPP4B(+0.000)
DGKD,False,0.3770920787221284,-2.0476995e-05,0.0022578058,8.9518304e-05,PLCB1(-0.000);A2M(-0.000);PHACTR2(-0.000);IL32(-0.000);S100A4(-0.000);KLRG1(-0.000);CCL5(-0.000);PARP8(-0.000),LEF1(+0.000);BACH2(+0.000);MAML2(+0.000);FOXP1(+0.000);FHIT(+0.000);SERINC5(+0.000);PRKCA(+0.000);PDE3B(+0.000)
TYROBP,False,0.1308401024914136,-0.00013880263,0.0022576747,9.3643735e-05,GNLY(-0.000);AOAH(-0.000);RAP1GAP2(-0.000);JAZF1(-0.000);MCTP2(-0.000);TGFBR3(-0.000);SAMD3(-0.000);CTSW(-0.000),IL7R(+0.000);CAMK4(+0.000);LTB(+0.000);LEF1(+0.000);BCL2(+0.000);BCL11B(+0.000);MAML2(+0.000);INPP4B(+0.000)
RAB2A,False,0.32802704028784824,-4.537167e-05,0.0022568214,-5.1253508e-05,AOAH(-0.000);GNLY(-0.000);CCL5(-0.000);CTSW(-0.000);JAZF1(-0.000);RAP1GAP2(-0.000);SYNE1(-0.000);SAMD3(-0.000),LEF1(+0.000);CAMK4(+0.000);LTB(+0.000);TRAC(+0.000);IL32(+0.000);SERINC5(+0.000);IL7R(+0.000);BCL11B(+0.000)
MAP4,False,0.19685983754020608,-3.542273e-05,0.0022561392,0.00012475972,GNLY(-0.000);CCL5(-0.000);AOAH(-0.000);TGFBR3(-0.000);PLCB1(-0.000);MYO1F(-0.000);CTSW(-0.000);MCTP2(-0.000),LEF1(+0.000);MAML2(+0.000);BACH2(+0.000);FOXP1(+0.000);SERINC5(+0.000);CAMK4(+0.000);PDE3B(+0.000);FHIT(+0.000)
ELP2,False,0.3056751894455651,-1.2014417e-05,0.002255741,-4.926673e-05,LEF1(-0.000);BACH2(-0.000);MAML2(-0.000);FOXP1(-0.000);SERINC5(-0.000);FHIT(-0.000);PRKCA(-0.000);PDE3B(-0.000),PLCB1(+0.000);A2M(+0.000);S100A4(+0.000);PHACTR2(+0.000);IL32(+0.000);PFN1(+0.000);MYO1F(+0.000);KLRG1(+0.000)
MACO1,False,0.1834487270348362,-5.67163e-06,0.002255421,0.00011571365,IL32(-0.000);LTB(-0.000);IL7R(-0.000);CAMK4(-0.000);PHACTR2(-0.000);TRAC(-0.000);RPL11(-0.000);RPL30(-0.000),AOAH(+0.000);CD247(+0.000);JAZF1(+0.000);RAP1GAP2(+0.000);KCNQ5(+0.000);SAMD3(+0.000);VAV3(+0.000);SYNE1(+0.000)
CUL3,False,0.4395682276617784,-3.2569173e-05,0.0022466818,0.0001971248,PHACTR2(-0.000);PLCB1(-0.000);IL32(-0.000);GZMK(-0.000);A2M(-0.000);CCL5(-0.000);LTB(-0.000);IL7R(-0.000),LEF1(+0.000);BACH2(+0.000);CD247(+0.000);KCNQ5(+0.000);SMC4(+0.000);FHIT(+0.000);ATP10A(+0.000);MAPRE2(+0.000)
PHF14,False,0.44654636646132045,-3.0105208e-05,0.0022462453,-0.00010822296,BACH2(-0.000);LEF1(-0.000);MAML2(-0.000);FOXP1(-0.000);TXK(-0.000);ZBTB20(-0.000);KCNQ5(-0.000);FHIT(-0.000),IL32(+0.000);S100A4(+0.000);PHACTR2(+0.000);PFN1(+0.000);A2M(+0.000);PLCB1(+0.000);S100A6(+0.000);GZMK(+0.000)
ZNF800,False,0.18699231314397866,-1.492692e-05,0.002243479,-1.727862e-07,LEF1(-0.000);MAML2(-0.000);BACH2(-0.000);FOXP1(-0.000);SERINC5(-0.000);FHIT(-0.000);PRKCA(-0.000);PDE3B(-0.000),S100A4(+0.000);ACTG1(+0.000);PFN1(+0.000);ACTB(+0.000);IL32(+0.000);MYO1F(+0.000);A2M(+0.000);PLCB1(+0.000)
PRDM2,False,0.43493430736520744,-5.402479e-06,0.0022423547,3.9721293e-05,AOAH(-0.000);RAP1GAP2(-0.000);MYO1F(-0.000);JAZF1(-0.000);SAMD3(-0.000);SYNE1(-0.000);PLCB1(-0.000);GNLY(-0.000),LEF1(+0.000);CAMK4(+0.000);MAML2(+0.000);SERINC5(+0.000);BACH2(+0.000);FOXP1(+0.000);PDE3B(+0.000);BCL11B(+0.000)
HMGN1,False,0.19478820258409205,-2.3441238e-05,0.0022392438,-4.806027e-05,ACTG1(-0.000);ACTB(-0.000);S100A4(-0.000);PFN1(-0.000);MYO1F(-0.000);CCL5(-0.000);RAP1GAP2(-0.000);TMSB4X(-0.000),LEF1(+0.000);MAML2(+0.000);BACH2(+0.000);FOXP1(+0.000);SERINC5(+0.000);CAMK4(+0.000);PDE3B(+0.000);PRKCA(+0.000)
PLAG1,True,0.0876083519598757,0.0,0.0022378534,-0.000191645,IL7R(-0.000);CCR7(-0.000);SELL(-0.000);SYNE2(-0.000);LEF1(-0.000);BCL11B(-0.000);CERS6(-0.000);CAMK4(-0.000),FOS(+0.000);CHST11(+0.000);HCST(+0.000);S100A4(+0.000);EML4(+0.000);ARHGAP15(+0.000);MYO1F(+0.000);RABGAP1L(+0.000)
POC5,False,0.08962547020661833,0.0,0.0022348615,4.1801584e-05,LEF1(-0.000);BACH2(-0.000);MAML2(-0.000);FOXP1(-0.000);SERINC5(-0.000);FHIT(-0.000);PRKCA(-0.000);PDE3B(-0.000),CCL5(+0.000);PLCB1(+0.000);A2M(+0.000);S100A4(+0.000);PHACTR2(+0.000);MYO1F(+0.000);IL32(+0.000);AOAH(+0.000)
UBR3,False,0.4084937033200676,8.521421e-06,0.0022331781,7.647189e-05,PLCB1(-0.000);CCL5(-0.000);PHACTR2(-0.000);A2M(-0.000);PFN1(-0.000);S100A4(-0.000);MYO1F(-0.000);AOAH(-0.000),LEF1(+0.000);BACH2(+0.000);MAML2(+0.000);FOXP1(+0.000);SERINC5(+0.000);FHIT(+0.000);PRKCA(+0.000);PDE3B(+0.000)
BHLHE40,True,0.02186120045794036,-1.8237534e-10,0.0022315963,-0.00028274354,CCL5(-0.000);B2M(-0.000);ARHGAP15(-0.000);S100A4(-0.000);CHST11(-0.000);LTB(-0.000);EML4(-0.000);HLA-B(-0.000),CCR7(+0.000);SELL(+0.000);LEF1(+0.000);IL7R(+0.000);MAML2(+0.000);BACH2(+0.000);PFN1(+0.000);KCNQ5(+0.000)
DOK6,False,0.07059913863599195,0.0,0.002224462,1.0037519e-05,CCL5(-0.000);GNLY(-0.000);PLCB1(-0.000);S100A4(-0.000);PFN1(-0.000);MYO1F(-0.000);ACTG1(-0.000);A2M(-0.000),LEF1(+0.000);MAML2(+0.000);BACH2(+0.000);FOXP1(+0.000);SERINC5(+0.000);FHIT(+0.000);PRKCA(+0.000);PDE3B(+0.000)
PSTPIP2,False,0.14359701248432646,1.8423109e-06,0.0022232702,-2.065898e-05,IL32(-0.000);IL7R(-0.000);LTB(-0.000);PHACTR2(-0.000);RPL11(-0.000);CAMK4(-0.000);RPS18(-0.000);RPL28(-0.000),AOAH(+0.000);JAZF1(+0.000);CD247(+0.000);RAP1GAP2(+0.000);KCNQ5(+0.000);MCTP2(+0.000);VAV3(+0.000);TFDP2(+0.000)
HSPA9,False,0.2844681895000818,-6.6043413e-06,0.0022227494,-0.00010857199,S100A4(-0.000);CCL5(-0.000);ACTB(-0.000);IL32(-0.000);PLCB1(-0.000);ACTG1(-0.000);A2M(-0.000);PFN1(-0.000),LEF1(+0.000);BACH2(+0.000);MAML2(+0.000);FOXP1(+0.000);SERINC5(+0.000);FHIT(+0.000);PRKCA(+0.000);PDE3B(+0.000)
ZNF236,False,0.17532573733849427,-1.7543203e-05,0.0022220707,0.00017489414,LEF1(-0.000);BACH2(-0.000);FOXP1(-0.000);MAML2(-0.000);FHIT(-0.000);PRKCA(-0.000);SERINC5(-0.000);KCNQ5(-0.000),IL32(+0.000);PHACTR2(+0.000);S100A4(+0.000);PLCB1(+0.000);A2M(+0.000);ACTB(+0.000);B2M(+0.000);HLA-B(+0.000)
HMG20A,False,0.11617510767050102,9.436075e-07,0.0022181266,2.0463976e-05,GNLY(-0.000);AOAH(-0.000);RAP1GAP2(-0.000);ACTG1(-0.000);CCL5(-0.000);MYO1F(-0.000);TGFBR3(-0.000);PFN1(-0.000),LEF1(+0.000);MAML2(+0.000);BACH2(+0.000);FOXP1(+0.000);CAMK4(+0.000);SERINC5(+0.000);PDE3B(+0.000);INPP4B(+0.000)
RNF115,False,0.1776699558414654,7.43263e-06,0.0022174958,8.664141e-05,LEF1(-0.000);MAML2(-0.000);BACH2(-0.000);FOXP1(-0.000);SERINC5(-0.000);CAMK4(-0.000);BCL2(-0.000);PDE3B(-0.000),ACTB(+0.000);ACTG1(+0.000);PFN1(+0.000);S100A4(+0.000);TMSB4X(+0.000);CORO1A(+0.000);GAPDH(+0.000);MYO1F(+0.000)
HSPBAP1,False,0.1473586654309546,0.0,0.002217154,-0.00014072315,PLCB1(-0.000);CCL5(-0.000);A2M(-0.000);PHACTR2(-0.000);IL32(-0.000);S100A4(-0.000);KLRG1(-0.000);PARP8(-0.000),LEF1(+0.000);BACH2(+0.000);FOXP1(+0.000);MAML2(+0.000);FHIT(+0.000);SERINC5(+0.000);PRKCA(+0.000);PDE3B(+0.000)
COMMD10,False,0.3329335441312763,-1.1596467e-05,0.0022171426,6.4952415e-05,PHACTR2(-0.000);IL32(-0.000);IL7R(-0.000);A2M(-0.000);LTB(-0.000);PLCB1(-0.000);GZMK(-0.000);KLRG1(-0.000),BACH2(+0.000);LEF1(+0.000);KCNQ5(+0.000);CD247(+0.000);SMC4(+0.000);MAPRE2(+0.000);ATP10A(+0.000);TFDP2(+0.000)
NFX1,False,0.1910810663468353,-1.5455274e-05,0.0022160062,-2.0494028e-05,LEF1(-0.000);BACH2(-0.000);MAML2(-0.000);FOXP1(-0.000);FHIT(-0.000);SERINC5(-0.000);PRKCA(-0.000);ZBTB20(-0.000),IL32(+0.000);S100A4(+0.000);PHACTR2(+0.000);PLCB1(+0.000);A2M(+0.000);CCL5(+0.000);PFN1(+0.000);ACTB(+0.000)
BRIP1,False,0.03325519271656763,0.0,0.0022150748,-2.3889128e-05,BACH2(-0.000);LEF1(-0.000);TXK(-0.000);KCNQ5(-0.000);MAML2(-0.000);FOXP1(-0.000);MCTP2(-0.000);ZBTB20(-0.000),IL32(+0.000);PHACTR2(+0.000);S100A4(+0.000);GZMK(+0.000);LTB(+0.000);IL7R(+0.000);RPL28(+0.000);RPL11(+0.000)
SERP1,False,0.2099438477893474,-1.1547849e-05,0.002214929,2.7562185e-06,CCL5(-0.000);PLCB1(-0.000);S100A4(-0.000);A2M(-0.000);MYO1F(-0.000);PFN1(-0.000);AOAH(-0.000);PHACTR2(-0.000),LEF1(+0.000);MAML2(+0.000);BACH2(+0.000);FOXP1(+0.000);SERINC5(+0.000);FHIT(+0.000);PRKCA(+0.000);PDE3B(+0.000)
TBRG1,False,0.2750367987788257,-1.3460923e-05,0.0022128567,9.927682e-05,LEF1(-0.000);MAML2(-0.000);BACH2(-0.000);FOXP1(-0.000);SERINC5(-0.000);PRKCA(-0.000);FHIT(-0.000);ZBTB20(-0.000),S100A4(+0.000);ACTB(+0.000);IL32(+0.000);ACTG1(+0.000);PFN1(+0.000);TMSB4X(+0.000);PHACTR2(+0.000);CORO1A(+0.000)
AL157938.2,False,0.23289538243471627,3.0119956e-08,0.0022111894,5.13105e-05,IL32(-0.000);S100A4(-0.000);PHACTR2(-0.000);PFN1(-0.000);PLCB1(-0.000);A2M(-0.000);CCL5(-0.000);ACTB(-0.000),LEF1(+0.000);BACH2(+0.000);MAML2(+0.000);FOXP1(+0.000);SERINC5(+0.000);FHIT(+0.000);PRKCA(+0.000);ZBTB20(+0.000)
KIAA0355,False,0.3083465082047647,-2.800086e-05,0.0022085493,-5.6698584e-05,LEF1(-0.000);MAML2(-0.000);BACH2(-0.000);FOXP1(-0.000);CAMK4(-0.000);SERINC5(-0.000);PDE3B(-0.000);PRKCA(-0.000),AOAH(+0.000);GNLY(+0.000);PFN1(+0.000);MYO1F(+0.000);ACTG1(+0.000);RAP1GAP2(+0.000);CCL5(+0.000);PLCB1(+0.000)
SMYD3,False,0.40745788584201054,-2.5533509e-05,0.0022041001,2.0362855e-05,AOAH(-0.000);CCL5(-0.000);MCTP2(-0.000);GNLY(-0.000);CTSW(-0.000);TGFBR3(-0.000);JAZF1(-0.000);RAP1GAP2(-0.000),CAMK4(+0.000);IL32(+0.000);RPL11(+0.000);LEF1(+0.000);LTB(+0.000);IL7R(+0.000);EEF1A1(+0.000);RPS2(+0.000)
PPP1R13B,False,0.12413454723872867,-2.656168e-06,0.002201767,3.0072563e-06,S100A4(-0.000);PFN1(-0.000);IL32(-0.000);ACTB(-0.000);ACTG1(-0.000);PHACTR2(-0.000);CCL5(-0.000);PLCB1(-0.000),LEF1(+0.000);MAML2(+0.000);BACH2(+0.000);FOXP1(+0.000);SERINC5(+0.000);PRKCA(+0.000);FHIT(+0.000);PDE3B(+0.000)
WAKMAR2,False,0.07141688927656327,-2.0043015e-05,0.0022000724,-2.057887e-05,LEF1(-0.000);CAMK4(-0.000);MAML2(-0.000);IL7R(-0.000);SERINC5(-0.000);FOXP1(-0.000);BCL11B(-0.000);PDE3B(-0.000),AOAH(+0.000);RAP1GAP2(+0.000);GNLY(+0.000);JAZF1(+0.000);MCTP2(+0.000);SAMD3(+0.000);CCL5(+0.000);MYO1F(+0.000)
CDK7,False,0.061331298042850126,0.0,0.0021996023,-2.023237e-06,AOAH(-0.000);CCL5(-0.000);MYO1F(-0.000);RAP1GAP2(-0.000);ACTG1(-0.000);PLCB1(-0.000);PFN1(-0.000);ACTB(-0.000),LEF1(+0.000);MAML2(+0.000);BACH2(+0.000);FOXP1(+0.000);SERINC5(+0.000);CAMK4(+0.000);PDE3B(+0.000);PRKCA(+0.000)
ITGA4,False,0.5246142942811973,5.6755202e-06,0.0021986677,0.00021573249,AOAH(-0.000);MCTP2(-0.000);JAZF1(-0.000);GNLY(-0.000);RAP1GAP2(-0.000);TGFBR3(-0.000);CTSW(-0.000);TYROBP(-0.000),IL7R(+0.000);LTB(+0.000);CAMK4(+0.000);IL32(+0.000);RPL11(+0.000);RPS2(+0.000);RPL13(+0.000);RPS18(+0.000)
DIAPH1,False,0.31794144905413513,5.1068044e-05,0.0021960211,2.384408e-05,LEF1(-0.000);MAML2(-0.000);BACH2(-0.000);CAMK4(-0.000);FOXP1(-0.000);SERINC5(-0.000);PDE3B(-0.000);FHIT(-0.000),AOAH(+0.000);RAP1GAP2(+0.000);MYO1F(+0.000);SYNE1(+0.000);SAMD3(+0.000);JAZF1(+0.000);A2M(+0.000);PLCB1(+0.000)
TTC21B,False,0.08144796380090497,-3.8881124e-05,0.0021955515,3.77729e-05,LEF1(-0.000);BACH2(-0.000);MAML2(-0.000);FOXP1(-0.000);FHIT(-0.000);TXK(-0.000);PRKCA(-0.000);SERINC5(-0.000),IL32(+0.000);S100A4(+0.000);PHACTR2(+0.000);A2M(+0.000);PLCB1(+0.000);CCL5(+0.000);GZMK(+0.000);PFN1(+0.000)
TRPC4AP,False,0.23845608679060132,-1.780756e-05,0.002190794,0.00011377263,LEF1(-0.000);BACH2(-0.000);FOXP1(-0.000);MAML2(-0.000);FHIT(-0.000);SERINC5(-0.000);PRKCA(-0.000);PDE3B(-0.000),IL32(+0.000);PLCB1(+0.000);PHACTR2(+0.000);S100A4(+0.000);A2M(+0.000);CCL5(+0.000);ACTB(+0.000);KLRG1(+0.000)
HSPA8,False,0.48999618383034405,-7.7199424e-05,0.0021889638,-0.00013363888,IL32(-0.000);RPL11(-0.000);RPS2(-0.000);EEF1A1(-0.000);LTB(-0.000);IL7R(-0.000);RPS18(-0.000);CAMK4(-0.000),AOAH(+0.000);JAZF1(+0.000);MCTP2(+0.000);RAP1GAP2(+0.000);GNLY(+0.000);UTRN(+0.000);SAMD3(+0.000);SYNE1(+0.000)
SEC63,False,0.21899362154500357,-1.8811112e-05,0.002188506,7.690037e-05,AOAH(-0.000);JAZF1(-0.000);RAP1GAP2(-0.000);SAMD3(-0.000);CD247(-0.000);DNAJC1(-0.000);GNLY(-0.000);VAV3(-0.000),IL7R(+0.000);LTB(+0.000);CAMK4(+0.000);LEF1(+0.000);BCL11B(+0.000);BCL2(+0.000);IL32(+0.000);RPL11(+0.000)
FANCD2,False,0.07136237256719184,0.0,0.0021879196,-6.979395e-05,AOAH(-0.000);MCTP2(-0.000);RAP1GAP2(-0.000);TGFBR3(-0.000);JAZF1(-0.000);CCL5(-0.000);SAMD3(-0.000);SYNE1(-0.000),LEF1(+0.000);CAMK4(+0.000);IL7R(+0.000);MAML2(+0.000);BCL2(+0.000);LTB(+0.000);SERINC5(+0.000);FOXP1(+0.000)
MAP3K2,False,0.34460011993676065,-1.6356462e-05,0.0021862816,6.92881e-05,ACTG1(-0.000);RAP1GAP2(-0.000);PFN1(-0.000);ACTB(-0.000);JAZF1(-0.000);AOAH(-0.000);TOX(-0.000);SAMD3(-0.000),IL7R(+0.000);CAMK4(+0.000);BCL2(+0.000);LEF1(+0.000);MAML2(+0.000);LTB(+0.000);BCL11B(+0.000);INPP4B(+0.000)
TUT7,False,0.14436024641552636,5.7692296e-06,0.0021849275,-1.4450787e-06,LEF1(-0.000);BACH2(-0.000);MAML2(-0.000);FOXP1(-0.000);SERINC5(-0.000);FHIT(-0.000);PRKCA(-0.000);PDE3B(-0.000),PLCB1(+0.000);CCL5(+0.000);S100A4(+0.000);A2M(+0.000);MYO1F(+0.000);PFN1(+0.000);PHACTR2(+0.000);IL32(+0.000)
CLTC,False,0.14163441094695522,-1.8963792e-05,0.0021846683,-3.054949e-05,IL32(-0.000);S100A4(-0.000);PHACTR2(-0.000);PLCB1(-0.000);A2M(-0.000);PFN1(-0.000);ACTB(-0.000);CCL5(-0.000),LEF1(+0.000);BACH2(+0.000);MAML2(+0.000);FOXP1(+0.000);FHIT(+0.000);SERINC5(+0.000);PRKCA(+0.000);ZBTB20(+0.000)
PUM1,False,0.3861418524777845,-5.5324217e-05,0.0021831507,-9.742345e-05,LEF1(-0.000);BACH2(-0.000);FHIT(-0.000);FOXP1(-0.000);MAML2(-0.000);SERINC5(-0.000);PRKCA(-0.000);SELL(-0.000),PLCB1(+0.000);A2M(+0.000);PHACTR2(+0.000);IL32(+0.000);GZMK(+0.000);CCL5(+0.000);PARP8(+0.000);KLRG1(+0.000)
ZNF169,False,0.060131930436678846,0.0,0.0021829375,-4.915469e-05,CCL5(-0.000);PLCB1(-0.000);A2M(-0.000);S100A4(-0.000);MYO1F(-0.000);PHACTR2(-0.000);AOAH(-0.000);IL32(-0.000),LEF1(+0.000);BACH2(+0.000);MAML2(+0.000);FOXP1(+0.000);SERINC5(+0.000);FHIT(+0.000);PRKCA(+0.000);PDE3B(+0.000)
SENP5,False,0.2095077141143761,-1.4423639e-06,0.0021816108,0.00015347994,PLCB1(-0.000);A2M(-0.000);CCL5(-0.000);MYO1F(-0.000);S100A4(-0.000);PFN1(-0.000);AOAH(-0.000);RAP1GAP2(-0.000),LEF1(+0.000);BACH2(+0.000);MAML2(+0.000);FOXP1(+0.000);SERINC5(+0.000);FHIT(+0.000);PRKCA(+0.000);PDE3B(+0.000)
RNH1,False,0.2071089789020335,-1.1327105e-05,0.0021806727,-5.1988227e-06,GNLY(-0.000);AOAH(-0.000);CCL5(-0.000);JAZF1(-0.000);RAP1GAP2(-0.000);CTSW(-0.000);SAMD3(-0.000);MCTP2(-0.000),CAMK4(+0.000);LEF1(+0.000);IL7R(+0.000);LTB(+0.000);BCL11B(+0.000);IL32(+0.000);RPL11(+0.000);SERINC5(+0.000)
TBC1D14,False,0.17270893528866602,-8.37708e-08,0.0021721595,6.986103e-05,LEF1(-0.000);MAML2(-0.000);BACH2(-0.000);FOXP1(-0.000);SERINC5(-0.000);FHIT(-0.000);PRKCA(-0.000);PDE3B(-0.000),CCL5(+0.000);PLCB1(+0.000);A2M(+0.000);S100A4(+0.000);MYO1F(+0.000);AOAH(+0.000);ACTG1(+0.000);ACTB(+0.000)
SIPA1L1,False,0.40451398353595375,-7.0856855e-05,0.00217008,3.066933e-05,PLCB1(-0.000);CCL5(-0.000);A2M(-0.000);PHACTR2(-0.000);GZMK(-0.000);IL7R(-0.000);PARP8(-0.000);LTB(-0.000),LEF1(+0.000);BACH2(+0.000);SMC4(+0.000);FHIT(+0.000);SELL(+0.000);HNRNPA2B1(+0.000);FOXP1(+0.000);SERINC5(+0.000)
STRN3,False,0.2120154827454615,1.0171101e-05,0.002169868,1.775524e-05,PLCB1(-0.000);A2M(-0.000);S100A4(-0.000);PHACTR2(-0.000);MYO1F(-0.000);PFN1(-0.000);IL32(-0.000);CCL5(-0.000),LEF1(+0.000);BACH2(+0.000);MAML2(+0.000);FOXP1(+0.000);SERINC5(+0.000);FHIT(+0.000);PRKCA(+0.000);PDE3B(+0.000)
RSBN1,False,0.3606280324919588,-1.2878569e-05,0.002169371,-0.00013735778,IL32(-0.000);LTB(-0.000);RPL11(-0.000);IL7R(-0.000);PHACTR2(-0.000);S100A4(-0.000);RPL28(-0.000);RPS18(-0.000),GNLY(+0.000);AOAH(+0.000);MCTP2(+0.000);JAZF1(+0.000);TGFBR3(+0.000);CD247(+0.000);KCNQ5(+0.000);VAV3(+0.000)
ADAM10,False,0.3808537316687566,-3.7240914e-06,0.002168361,1.8040437e-05,LEF1(-0.000);MAML2(-0.000);FOXP1(-0.000);BACH2(-0.000);SERINC5(-0.000);CAMK4(-0.000);PDE3B(-0.000);INPP4B(-0.000),ACTB(+0.000);PFN1(+0.000);ACTG1(+0.000);GAPDH(+0.000);S100A4(+0.000);CORO1A(+0.000);MYO1F(+0.000);PTMA(+0.000)
PRKAR1B,False,0.15755329008341057,-1.8834162e-05,0.0021664943,-3.773066e-05,LEF1(-0.000);MAML2(-0.000);CAMK4(-0.000);BACH2(-0.000);FOXP1(-0.000);SERINC5(-0.000);PDE3B(-0.000);INPP4B(-0.000),AOAH(+0.000);RAP1GAP2(+0.000);MYO1F(+0.000);PFN1(+0.000);ACTG1(+0.000);PLCB1(+0.000);SAMD3(+0.000);ACTB(+0.000)
TTC14,False,0.37060459030692916,3.484018e-06,0.0021661501,-1.5089429e-05,IL7R(-0.000);CAMK4(-0.000);LTB(-0.000);BCL2(-0.000);LEF1(-0.000);BCL11B(-0.000);IL32(-0.000);MAML2(-0.000),AOAH(+0.000);RAP1GAP2(+0.000);JAZF1(+0.000);SAMD3(+0.000);CD247(+0.000);SYNE1(+0.000);VAV3(+0.000);DNAJC1(+0.000)
UBR1,False,0.364662268985444,-9.805295e-06,0.002162817,0.000120286815,LEF1(-0.000);MAML2(-0.000);BACH2(-0.000);FOXP1(-0.000);SERINC5(-0.000);PRKCA(-0.000);FHIT(-0.000);PDE3B(-0.000),ACTB(+0.000);S100A4(+0.000);ACTG1(+0.000);PFN1(+0.000);IL32(+0.000);TMSB4X(+0.000);PLCB1(+0.000);CORO1A(+0.000)
TRMT1L,False,0.07218012320776318,0.0,0.002162094,1.8304278e-05,IL32(-0.000);S100A4(-0.000);PHACTR2(-0.000);PLCB1(-0.000);PFN1(-0.000);A2M(-0.000);GZMK(-0.000);ACTB(-0.000),LEF1(+0.000);BACH2(+0.000);MAML2(+0.000);FOXP1(+0.000);FHIT(+0.000);SERINC5(+0.000);PRKCA(+0.000);ZBTB20(+0.000)
DENND1A,False,0.3451998037398462,-1.2610895e-05,0.002161785,6.109073e-05,LEF1(-0.000);MAML2(-0.000);BACH2(-0.000);FOXP1(-0.000);SERINC5(-0.000);CAMK4(-0.000);PDE3B(-0.000);FHIT(-0.000),CCL5(+0.000);GNLY(+0.000);AOAH(+0.000);PLCB1(+0.000);MYO1F(+0.000);RAP1GAP2(+0.000);A2M(+0.000);CTSW(+0.000)
PDE8A,False,0.2473968271275146,3.2154078e-06,0.0021615915,9.718098e-05,GNLY(-0.001);CCL5(-0.000);TGFBR3(-0.000);MCTP2(-0.000);PLCB1(-0.000);AOAH(-0.000);CTSW(-0.000);A2M(-0.000),LEF1(+0.000);BACH2(+0.000);MAML2(+0.000);SERINC5(+0.000);FOXP1(+0.000);FHIT(+0.000);PDE3B(+0.000);CAMK4(+0.000)
ZRANB2,False,0.47091533555034626,1.8347791e-05,0.002161331,-0.00017071584,CCL5(-0.000);GNLY(-0.000);AOAH(-0.000);PLCB1(-0.000);MYO1F(-0.000);CTSW(-0.000);RAP1GAP2(-0.000);TGFBR3(-0.000),LEF1(+0.000);MAML2(+0.000);FOXP1(+0.000);BACH2(+0.000);CAMK4(+0.000);SERINC5(+0.000);PDE3B(+0.000);PRKCA(+0.000)
GPATCH2L,False,0.16126042632066728,-4.570389e-06,0.0021604893,2.3501623e-05,LEF1(-0.000);CAMK4(-0.000);MAML2(-0.000);FOXP1(-0.000);SERINC5(-0.000);BACH2(-0.000);PDE3B(-0.000);IL7R(-0.000),AOAH(+0.000);RAP1GAP2(+0.000);CCL5(+0.000);JAZF1(+0.000);MYO1F(+0.000);SAMD3(+0.000);SYNE1(+0.000);PLCB1(+0.000)
BRD9,False,0.3130894619200786,-5.631047e-06,0.0021563838,9.690226e-06,AOAH(-0.000);RAP1GAP2(-0.000);JAZF1(-0.000);CCL5(-0.000);SAMD3(-0.000);SYNE1(-0.000);PLCB1(-0.000);MYO1F(-0.000),LEF1(+0.000);CAMK4(+0.000);SERINC5(+0.000);MAML2(+0.000);PDE3B(+0.000);IL7R(+0.000);BCL11B(+0.000);FOXP1(+0.000)
SPTAN1,False,0.28948372676225265,-4.4269775e-05,0.0021561245,-0.0001843299,IL32(-0.000);ACTB(-0.000);S100A4(-0.000);ACTG1(-0.000);RPL11(-0.000);TMSB4X(-0.000);RPL28(-0.000);B2M(-0.000),AOAH(+0.000);BACH2(+0.000);MAML2(+0.000);ZBTB20(+0.000);TXK(+0.000);FOXP1(+0.000);KCNQ5(+0.000);LEF1(+0.000)
KLC1,False,0.34192880117756086,-1.50501855e-05,0.0021557333,-0.000110063396,LEF1(-0.000);MAML2(-0.000);CAMK4(-0.000);BACH2(-0.000);FOXP1(-0.000);IL7R(-0.000);SERINC5(-0.000);BCL2(-0.000),ACTG1(+0.000);RAP1GAP2(+0.000);PFN1(+0.000);AOAH(+0.000);MYO1F(+0.000);MCTP2(+0.000);ACTB(+0.000);SAMD3(+0.000)
ERAP2,False,0.5024259935670284,-3.439822e-05,0.0021556723,-0.00018884974,LEF1(-0.000);MAML2(-0.000);CAMK4(-0.000);BACH2(-0.000);SERINC5(-0.000);FOXP1(-0.000);IL7R(-0.000);PDE3B(-0.000),GNLY(+0.000);AOAH(+0.000);RAP1GAP2(+0.000);TGFBR3(+0.000);CTSW(+0.000);MCTP2(+0.000);MYO1F(+0.000);PFN1(+0.000)
UBASH3B,False,0.3716404077849861,-1.3474734e-05,0.0021553277,-3.9196944e-05,AOAH(-0.000);RAP1GAP2(-0.000);JAZF1(-0.000);SAMD3(-0.000);CD247(-0.000);SYNE1(-0.000);VAV3(-0.000);DNAJC1(-0.000),CAMK4(+0.000);IL7R(+0.000);LEF1(+0.000);LTB(+0.000);BCL2(+0.000);BCL11B(+0.000);MAML2(+0.000);INPP4B(+0.000)
YWHAE,False,0.14888513329335443,-1.5593645e-05,0.0021550308,-7.66982e-05,LEF1(-0.000);MAML2(-0.000);CAMK4(-0.000);BACH2(-0.000);SERINC5(-0.000);FOXP1(-0.000);PDE3B(-0.000);FHIT(-0.000),AOAH(+0.000);PLCB1(+0.000);GNLY(+0.000);RAP1GAP2(+0.000);MYO1F(+0.000);CCL5(+0.000);JAZF1(+0.000);SAMD3(+0.000)
TAOK3,False,0.5368260371803959,-1.2556573e-05,0.0021546725,0.0001503142,MCTP2(-0.000);FOXP1(-0.000);BACH2(-0.000);LEF1(-0.000);MAML2(-0.000);TGFBR3(-0.000);TYROBP(-0.000);APBA2(-0.000),IL32(+0.000);PHACTR2(+0.000);S100A4(+0.000);IL7R(+0.000);RPL11(+0.000);RPS2(+0.000);RPS4X(+0.000);RPS18(+0.000)
CCDC7,False,0.3880499373057842,6.4889905e-06,0.0021541237,2.7543168e-05,GNLY(-0.000);CCL5(-0.000);PLCB1(-0.000);AOAH(-0.000);A2M(-0.000);MYO1F(-0.000);PARP8(-0.000);CTSW(-0.000),LEF1(+0.000);BACH2(+0.000);SERINC5(+0.000);FOXP1(+0.000);FHIT(+0.000);MAML2(+0.000);PDE3B(+0.000);PRKCA(+0.000)
DAP3,False,0.14294281197186937,6.152839e-06,0.002151754,-1.2698636e-06,GNLY(-0.000);AOAH(-0.000);RAP1GAP2(-0.000);CCL5(-0.000);MYO1F(-0.000);PLCB1(-0.000);MCTP2(-0.000);TGFBR3(-0.000),LEF1(+0.000);MAML2(+0.000);CAMK4(+0.000);BACH2(+0.000);FOXP1(+0.000);SERINC5(+0.000);PDE3B(+0.000);PRKCA(+0.000)
RPL24,False,0.4494902687673773,-4.6750203e-05,0.0021511859,-8.643728e-05,CCL5(-0.000);PLCB1(-0.000);A2M(-0.000);AOAH(-0.000);GNLY(-0.000);PHACTR2(-0.000);PARP8(-0.000);CTSW(-0.000),LEF1(+0.000);BACH2(+0.000);FOXP1(+0.000);MAML2(+0.000);SERINC5(+0.000);FHIT(+0.000);PRKCA(+0.000);PDE3B(+0.000)
AC008771.1,False,0.06618328517690672,0.0,0.0021504408,-3.9239697e-07,PLCB1(-0.000);PFN1(-0.000);S100A4(-0.000);ACTG1(-0.000);ACTB(-0.000);MYO1F(-0.000);A2M(-0.000);CCL5(-0.000),LEF1(+0.000);MAML2(+0.000);BACH2(+0.000);FOXP1(+0.000);SERINC5(+0.000);FHIT(+0.000);PRKCA(+0.000);PDE3B(+0.000)
PITPNA,False,0.10772501771793054,1.4301028e-07,0.0021503977,0.000104363324,LEF1(-0.000);BACH2(-0.000);MAML2(-0.000);FOXP1(-0.000);SERINC5(-0.000);FHIT(-0.000);PRKCA(-0.000);PDE3B(-0.000),S100A4(+0.000);IL32(+0.000);PHACTR2(+0.000);PLCB1(+0.000);A2M(+0.000);ACTB(+0.000);CCL5(+0.000);ACTG1(+0.000)
PIK3C2A,False,0.22477239273837432,-1.7780405e-05,0.0021499258,9.162844e-05,AOAH(-0.000);PLCB1(-0.000);MYO1F(-0.000);A2M(-0.000);RAP1GAP2(-0.000);SYNE1(-0.000);SAMD3(-0.000);ARHGAP26(-0.000),LEF1(+0.000);MAML2(+0.000);BACH2(+0.000);SERINC5(+0.000);FOXP1(+0.000);CAMK4(+0.000);FHIT(+0.000);PDE3B(+0.000)
RAF1,False,0.2881753257373385,1.1235106e-05,0.0021491363,-1.9398423e-05,CCL5(-0.000);PLCB1(-0.000);A2M(-0.000);AOAH(-0.000);CTSW(-0.000);MYO1F(-0.000);PPP2R2B(-0.000);PARP8(-0.000),LEF1(+0.000);BACH2(+0.000);FOXP1(+0.000);MAML2(+0.000);SERINC5(+0.000);FHIT(+0.000);PRKCA(+0.000);PDE3B(+0.000)
LLGL2,False,0.08139344709153357,-3.6126443e-05,0.0021472059,4.8459162e-05,PLCB1(-0.000);S100A4(-0.000);CCL5(-0.000);PFN1(-0.000);A2M(-0.000);MYO1F(-0.000);ACTG1(-0.000);IL32(-0.000),LEF1(+0.000);MAML2(+0.000);BACH2(+0.000);FOXP1(+0.000);SERINC5(+0.000);FHIT(+0.000);PRKCA(+0.000);PDE3B(+0.000)
SLC30A9,False,0.23818350324374424,1.1339372e-05,0.0021465665,-5.6818182e-05,PLCB1(-0.000);CCL5(-0.000);A2M(-0.000);AOAH(-0.000);MYO1F(-0.000);S100A4(-0.000);PHACTR2(-0.000);PFN1(-0.000),LEF1(+0.000);BACH2(+0.000);MAML2(+0.000);FOXP1(+0.000);SERINC5(+0.000);FHIT(+0.000);PRKCA(+0.000);PDE3B(+0.000)
SMC1A,False,0.22951534645368807,-6.1039e-05,0.00214605,-0.00020494623,LEF1(-0.000);BACH2(-0.000);MAML2(-0.000);FOXP1(-0.000);FHIT(-0.000);SERINC5(-0.000);TXK(-0.000);PRKCA(-0.000),IL32(+0.000);PHACTR2(+0.000);A2M(+0.000);PLCB1(+0.000);S100A4(+0.000);PFN1(+0.000);KLRG1(+0.000);HCST(+0.000)
ADNP,False,0.3613912664231587,-6.034045e-06,0.0021456964,-0.00025612762,IL7R(-0.000);IL32(-0.000);LTB(-0.000);RPL11(-0.000);PHACTR2(-0.000);RPL13(-0.000);RPS2(-0.000);RPS18(-0.000),AOAH(+0.000);MCTP2(+0.000);JAZF1(+0.000);RAP1GAP2(+0.000);GNLY(+0.000);VAV3(+0.000);TFDP2(+0.000);TGFBR3(+0.000)
TMEM175,False,0.10238238019953116,0.0,0.002145136,8.32843e-06,CAMK4(-0.000);LEF1(-0.000);IL7R(-0.000);LTB(-0.000);BCL2(-0.000);BCL11B(-0.000);MAML2(-0.000);SERINC5(-0.000),AOAH(+0.000);GNLY(+0.000);MCTP2(+0.000);RAP1GAP2(+0.000);JAZF1(+0.000);TGFBR3(+0.000);SAMD3(+0.000);SYNE1(+0.000)
PPP2R3C,False,0.12871395082592815,3.3698777e-06,0.0021448212,-2.871078e-05,LEF1(-0.000);BACH2(-0.000);MAML2(-0.000);FOXP1(-0.000);SERINC5(-0.000);FHIT(-0.000);PRKCA(-0.000);PDE3B(-0.000),PLCB1(+0.000);CCL5(+0.000);A2M(+0.000);AOAH(+0.000);GNLY(+0.000);MYO1F(+0.000);PARP8(+0.000);PHACTR2(+0.000)
IFT88,False,0.11573897399552963,0.0,0.0021441355,1.9143978e-05,LEF1(-0.000);MAML2(-0.000);BACH2(-0.000);FOXP1(-0.000);SERINC5(-0.000);CAMK4(-0.000);PDE3B(-0.000);FHIT(-0.000),AOAH(+0.000);PLCB1(+0.000);CCL5(+0.000);MYO1F(+0.000);RAP1GAP2(+0.000);A2M(+0.000);SYNE1(+0.000);SAMD3(+0.000)
TBC1D19,False,0.08739028512239,-1.9422905e-05,0.002143769,-5.767676e-05,AOAH(-0.000);CCL5(-0.000);GNLY(-0.000);PLCB1(-0.000);RAP1GAP2(-0.000);MYO1F(-0.000);CTSW(-0.000);MCTP2(-0.000),LEF1(+0.000);MAML2(+0.000);CAMK4(+0.000);FOXP1(+0.000);BACH2(+0.000);SERINC5(+0.000);PDE3B(+0.000);FHIT(+0.000)
EIF3G,False,0.19816823856512022,-2.9098594e-05,0.0021423833,8.4732375e-05,IL32(-0.000);TMSB10(-0.000);RPL11(-0.000);PFN1(-0.000);S100A4(-0.000);TRAC(-0.000);ACTB(-0.000);RPL28(-0.000),AOAH(+0.000);JAZF1(+0.000);CCL5(+0.000);GNLY(+0.000);MCTP2(+0.000);CD247(+0.000);TXK(+0.000);UTRN(+0.000)
PDIA3,False,0.33446001199367614,-1.1630546e-05,0.0021405213,0.00014541646,IL32(-0.000);LTB(-0.000);PHACTR2(-0.000);IL7R(-0.000);S100A4(-0.000);TRAC(-0.000);RPL11(-0.000);GZMK(-0.000),CD247(+0.000);AOAH(+0.000);KCNQ5(+0.000);JAZF1(+0.000);TXK(+0.000);SFMBT2(+0.000);TFDP2(+0.000);MAPRE2(+0.000)
IQGAP1,False,0.359755765142016,1.2244948e-06,0.002140402,0.00016971254,GNLY(-0.000);BACH2(-0.000);KCNQ5(-0.000);MCTP2(-0.000);LEF1(-0.000);FOXP1(-0.000);MAML2(-0.000);TXK(-0.000),IL32(+0.000);S100A4(+0.000);PHACTR2(+0.000);LTB(+0.000);IL7R(+0.000);RPL11(+0.000);RPL28(+0.000);HLA-B(+0.000)
SKAP1-AS1,False,0.12604263206672847,-8.033905e-06,0.0021379793,-3.6239282e-05,AOAH(-0.000);CCL5(-0.000);PLCB1(-0.000);MYO1F(-0.000);RAP1GAP2(-0.000);SYNE1(-0.000);SAMD3(-0.000);PPP2R2B(-0.000),LEF1(+0.000);MAML2(+0.000);BACH2(+0.000);FOXP1(+0.000);CAMK4(+0.000);SERINC5(+0.000);PDE3B(+0.000);FHIT(+0.000)
FAM162A,False,0.10189172981518835,0.0,0.002137764,2.9901985e-05,LEF1(-0.000);BACH2(-0.000);MAML2(-0.000);FOXP1(-0.000);SERINC5(-0.000);FHIT(-0.000);PRKCA(-0.000);PDE3B(-0.000),PLCB1(+0.000);CCL5(+0.000);A2M(+0.000);S100A4(+0.000);MYO1F(+0.000);AOAH(+0.000);GNLY(+0.000);PHACTR2(+0.000)
SCFD1,False,0.29433571389630925,-2.9084009e-05,0.0021315513,6.8909794e-05,AOAH(-0.000);JAZF1(-0.000);RAP1GAP2(-0.000);CD247(-0.000);SAMD3(-0.000);VAV3(-0.000);SYNE1(-0.000);MCTP2(-0.000),IL7R(+0.000);LTB(+0.000);IL32(+0.000);CAMK4(+0.000);RPL11(+0.000);PHACTR2(+0.000);RPS18(+0.000);RPS2(+0.000)
ITGB3BP,False,0.08493703320067601,-1.2229881e-05,0.0021239908,-2.5293257e-06,LEF1(-0.000);MAML2(-0.000);BACH2(-0.000);FOXP1(-0.000);SERINC5(-0.000);CAMK4(-0.000);FHIT(-0.000);PDE3B(-0.000),GNLY(+0.000);CCL5(+0.000);AOAH(+0.000);PLCB1(+0.000);MYO1F(+0.000);RAP1GAP2(+0.000);A2M(+0.000);TGFBR3(+0.000)
MIATNB,False,0.24990459575860005,-2.0704672e-05,0.0021227866,-6.4019864e-06,IL7R(-0.000);PHACTR2(-0.000);IL32(-0.000);LTB(-0.000);A2M(-0.000);PLCB1(-0.000);GZMK(-0.000);CCL5(-0.000),KCNQ5(+0.000);SMC4(+0.000);CD247(+0.000);BACH2(+0.000);TFDP2(+0.000);IFI16(+0.000);SCLT1(+0.000);DNMT1(+0.000)
HNRNPL,False,0.17325410238238023,-1.4063855e-05,0.0021212066,-3.6190144e-05,AOAH(-0.000);PLCB1(-0.000);CCL5(-0.000);RAP1GAP2(-0.000);MYO1F(-0.000);GNLY(-0.000);SYNE1(-0.000);SAMD3(-0.000),LEF1(+0.000);MAML2(+0.000);BACH2(+0.000);FOXP1(+0.000);CAMK4(+0.000);SERINC5(+0.000);PDE3B(+0.000);FHIT(+0.000)
ABL1,False,0.10832470152101621,5.0070103e-06,0.002120759,-3.5540736e-05,LEF1(-0.000);MAML2(-0.000);CAMK4(-0.000);BACH2(-0.000);FOXP1(-0.000);SERINC5(-0.000);IL7R(-0.000);BCL2(-0.000),AOAH(+0.000);GNLY(+0.000);RAP1GAP2(+0.000);CCL5(+0.000);ACTG1(+0.000);MYO1F(+0.000);PFN1(+0.000);CTSW(+0.000)
MRPL1,False,0.0778498609823911,-8.425545e-06,0.0021191142,-5.8008744e-05,IL32(-0.000);S100A4(-0.000);PHACTR2(-0.000);PLCB1(-0.000);ACTB(-0.000);CCL5(-0.000);PFN1(-0.000);A2M(-0.000),LEF1(+0.000);BACH2(+0.000);MAML2(+0.000);FOXP1(+0.000);FHIT(+0.000);SERINC5(+0.000);PRKCA(+0.000);PDE3B(+0.000)
CYP20A1,False,0.24554325900888627,4.5574905e-07,0.002117296,-0.00021934601,CCL5(-0.000);S100A4(-0.000);ACTB(-0.000);ACTG1(-0.000);PLCB1(-0.000);TMSB4X(-0.000);B2M(-0.000);IL32(-0.000),LEF1(+0.000);MAML2(+0.000);BACH2(+0.000);FOXP1(+0.000);SERINC5(+0.000);FHIT(+0.000);PRKCA(+0.000);PDE3B(+0.000)
MBD5,False,0.5077141143760564,1.1060897e-05,0.0021172515,-0.00020420633,CCL5(-0.000);PLCB1(-0.000);A2M(-0.000);S100A4(-0.000);PHACTR2(-0.000);IL32(-0.000);SYNE2(-0.000);KLRG1(-0.000),LEF1(+0.000);BACH2(+0.000);FOXP1(+0.000);MAML2(+0.000);SERINC5(+0.000);FHIT(+0.000);PRKCA(+0.000);PDE3B(+0.000)
TSPAN14,False,0.3392574824183612,-6.443791e-06,0.0021170543,4.2873144e-05,PFN1(-0.000);ACTB(-0.000);ACTG1(-0.000);S100A4(-0.000);IL32(-0.000);GAPDH(-0.000);CORO1A(-0.000);TMSB4X(-0.000),MAML2(+0.000);LEF1(+0.000);BACH2(+0.000);FOXP1(+0.000);ZBTB20(+0.000);SERINC5(+0.000);TXK(+0.000);PRKCA(+0.000)
AL163932.1,False,0.10341819767758818,-3.4476725e-05,0.002115198,2.5738853e-05,LEF1(-0.000);MAML2(-0.000);BACH2(-0.000);FOXP1(-0.000);SERINC5(-0.000);FHIT(-0.000);PDE3B(-0.000);CAMK4(-0.000),CCL5(+0.000);PLCB1(+0.000);AOAH(+0.000);GNLY(+0.000);MYO1F(+0.000);NKG7(+0.000);S100A4(+0.000);A2M(+0.000)
PPP4R3B,False,0.2929727961620237,-2.1155425e-05,0.0021139244,-4.6962425e-05,AOAH(-0.000);RAP1GAP2(-0.000);JAZF1(-0.000);SAMD3(-0.000);SYNE1(-0.000);CCL5(-0.000);MYO1F(-0.000);VAV3(-0.000),LEF1(+0.000);CAMK4(+0.000);MAML2(+0.000);IL7R(+0.000);SERINC5(+0.000);FOXP1(+0.000);PDE3B(+0.000);BCL11B(+0.000)
COTL1,False,0.28615820749059584,-3.278468e-05,0.0021075567,2.9327033e-05,ACTG1(-0.000);ACTB(-0.000);GAPDH(-0.000);MCTP2(-0.000);PFN1(-0.000);SMC4(-0.000);GNLY(-0.000);IFI16(-0.000),IL7R(+0.000);BCL2(+0.000);LTB(+0.000);CAMK4(+0.000);MAML2(+0.000);BCL11B(+0.000);ANK3(+0.000);INPP4B(+0.000)
ANP32A,False,0.19309818459357792,1.1942171e-05,0.0021070368,-5.2846164e-05,LEF1(-0.000);MAML2(-0.000);BACH2(-0.000);FOXP1(-0.000);SERINC5(-0.000);CAMK4(-0.000);PDE3B(-0.000);PRKCA(-0.000),PFN1(+0.000);PLCB1(+0.000);CCL5(+0.000);AOAH(+0.000);MYO1F(+0.000);ACTG1(+0.000);S100A4(+0.000);ACTB(+0.000)
SLC35D1,False,0.11841029275472932,0.0,0.002106623,3.7548987e-05,PLCB1(-0.000);S100A4(-0.000);A2M(-0.000);PFN1(-0.000);CCL5(-0.000);IL32(-0.000);PHACTR2(-0.000);MYO1F(-0.000),LEF1(+0.000);BACH2(+0.000);MAML2(+0.000);FOXP1(+0.000);SERINC5(+0.000);FHIT(+0.000);PRKCA(+0.000);PDE3B(+0.000)
GBE1,False,0.09093387123153247,-2.0228714e-05,0.0021061723,-1.01169635e-05,LEF1(-0.000);BACH2(-0.000);MAML2(-0.000);FOXP1(-0.000);ZBTB20(-0.000);SERINC5(-0.000);FHIT(-0.000);PRKCA(-0.000),IL32(+0.000);S100A4(+0.000);PFN1(+0.000);ACTB(+0.000);ACTG1(+0.000);PHACTR2(+0.000);TMSB4X(+0.000);CORO1A(+0.000)
SNAP29,False,0.0563702774900507,0.0,0.0021051564,1.6956406e-05,LEF1(-0.000);CAMK4(-0.000);MAML2(-0.000);FOXP1(-0.000);SERINC5(-0.000);BACH2(-0.000);PDE3B(-0.000);BCL11B(-0.000),AOAH(+0.000);GNLY(+0.000);CCL5(+0.000);RAP1GAP2(+0.000);CTSW(+0.000);TGFBR3(+0.000);JAZF1(+0.000);MYO1F(+0.000)
ACVR2A,False,0.20841737992694762,0.0,0.0021049904,9.673662e-05,GNLY(-0.000);AOAH(-0.000);PLCB1(-0.000);CCL5(-0.000);PFN1(-0.000);MYO1F(-0.000);RAP1GAP2(-0.000);CTSW(-0.000),LEF1(+0.000);MAML2(+0.000);BACH2(+0.000);FOXP1(+0.000);SERINC5(+0.000);CAMK4(+0.000);PDE3B(+0.000);PRKCA(+0.000)
AC087645.2,False,0.04388595104399499,0.0,0.0020978763,-5.54925e-06,CCL5(-0.000);PLCB1(-0.000);S100A4(-0.000);A2M(-0.000);PFN1(-0.000);MYO1F(-0.000);ACTG1(-0.000);ACTB(-0.000),LEF1(+0.000);MAML2(+0.000);BACH2(+0.000);FOXP1(+0.000);SERINC5(+0.000);FHIT(+0.000);PRKCA(+0.000);PDE3B(+0.000)
CDC42SE1,False,0.3641171018917298,-3.3116598e-06,0.0020943307,-9.145351e-05,LEF1(-0.000);MAML2(-0.000);BACH2(-0.000);FOXP1(-0.000);CAMK4(-0.000);SERINC5(-0.000);PDE3B(-0.000);BCL2(-0.000),PFN1(+0.000);ACTG1(+0.000);ACTB(+0.000);S100A4(+0.000);RAP1GAP2(+0.000);MYO1F(+0.000);AOAH(+0.000);FLNA(+0.000)
CPEB4,False,0.059750313471078884,-9.948054e-06,0.0020911873,-1.2216419e-05,CCL5(-0.000);PLCB1(-0.000);MYO1F(-0.000);AOAH(-0.000);S100A4(-0.000);A2M(-0.000);PFN1(-0.000);ACTG1(-0.000),LEF1(+0.000);MAML2(+0.000);BACH2(+0.000);FOXP1(+0.000);SERINC5(+0.000);FHIT(+0.000);PRKCA(+0.000);PDE3B(+0.000)
GMDS-DT,False,0.30900070871722185,-3.7544727e-05,0.0020910855,0.00010305345,LEF1(-0.000);BACH2(-0.000);MAML2(-0.000);FOXP1(-0.000);SERINC5(-0.000);FHIT(-0.000);PRKCA(-0.000);PDE3B(-0.000),CCL5(+0.000);PLCB1(+0.000);A2M(+0.000);AOAH(+0.000);MYO1F(+0.000);S100A4(+0.000);PHACTR2(+0.000);PARP8(+0.000)
CPEB3,False,0.09796652674044595,0.0,0.0020900297,7.805435e-05,AOAH(-0.000);RAP1GAP2(-0.000);JAZF1(-0.000);SAMD3(-0.000);MYO1F(-0.000);SYNE1(-0.000);PLCB1(-0.000);VAV3(-0.000),LEF1(+0.000);CAMK4(+0.000);IL7R(+0.000);MAML2(+0.000);SERINC5(+0.000);BCL11B(+0.000);PDE3B(+0.000);LTB(+0.000)
OBSCN,False,0.14888513329335443,-2.6314616e-05,0.0020872431,5.9987862e-05,LEF1(-0.000);BACH2(-0.000);MAML2(-0.000);FOXP1(-0.000);SERINC5(-0.000);FHIT(-0.000);PRKCA(-0.000);PDE3B(-0.000),CCL5(+0.000);PLCB1(+0.000);AOAH(+0.000);A2M(+0.000);MYO1F(+0.000);CTSW(+0.000);S100A4(+0.000);PPP2R2B(+0.000)
EPHA4,False,0.2179578040669465,-9.173547e-06,0.0020868995,3.3521406e-05,LEF1(-0.000);CAMK4(-0.000);MAML2(-0.000);BACH2(-0.000);SERINC5(-0.000);FOXP1(-0.000);PDE3B(-0.000);FHIT(-0.000),AOAH(+0.000);CCL5(+0.000);RAP1GAP2(+0.000);GNLY(+0.000);PLCB1(+0.000);MYO1F(+0.000);SYNE1(+0.000);SAMD3(+0.000)
KIF5C,False,0.06885460393610641,-1.6395532e-05,0.0020832564,1.8537925e-05,CCL5(-0.000);AOAH(-0.000);PLCB1(-0.000);MYO1F(-0.000);RAP1GAP2(-0.000);A2M(-0.000);PPP2R2B(-0.000);SYNE1(-0.000),LEF1(+0.000);MAML2(+0.000);BACH2(+0.000);FOXP1(+0.000);SERINC5(+0.000);CAMK4(+0.000);PDE3B(+0.000);FHIT(+0.000)
AGO2,False,0.23943738755928687,-1.37864e-05,0.0020808387,0.00015465124,LEF1(-0.000);BACH2(-0.000);MAML2(-0.000);FOXP1(-0.000);SERINC5(-0.000);FHIT(-0.000);PRKCA(-0.000);PDE3B(-0.000),S100A4(+0.000);IL32(+0.000);PLCB1(+0.000);PHACTR2(+0.000);ACTB(+0.000);A2M(+0.000);CCL5(+0.000);ACTG1(+0.000)
ATP8B4,False,0.019026331570626397,0.0,0.002076532,6.2945696e-06,GNLY(-0.000);MCTP2(-0.000);PRF1(-0.000);AOAH(-0.000);TGFBR3(-0.000);RAP1GAP2(-0.000);JAZF1(-0.000);CTSW(-0.000),CAMK4(+0.000);IL7R(+0.000);LTB(+0.000);LEF1(+0.000);BCL11B(+0.000);BCL2(+0.000);IL32(+0.000);RPL11(+0.000)
TM9SF3,False,0.22019298915117483,-2.295626e-06,0.0020763213,5.444222e-05,LEF1(-0.000);MAML2(-0.000);BACH2(-0.000);FOXP1(-0.000);SERINC5(-0.000);FHIT(-0.000);CAMK4(-0.000);PDE3B(-0.000),AOAH(+0.000);PLCB1(+0.000);MYO1F(+0.000);CCL5(+0.000);A2M(+0.000);RAP1GAP2(+0.000);SYNE1(+0.000);NCALD(+0.000)
PHF21A,False,0.29520798124625197,-3.408447e-05,0.0020758652,-0.00011206863,GNLY(-0.000);MCTP2(-0.000);CCL5(-0.000);AOAH(-0.000);TGFBR3(-0.000);CTSW(-0.000);RAP1GAP2(-0.000);JAZF1(-0.000),CAMK4(+0.000);LEF1(+0.000);IL7R(+0.000);LTB(+0.000);BCL2(+0.000);BCL11B(+0.000);TRAC(+0.000);MAML2(+0.000)
NARS2,False,0.12675134928855694,-1.6422084e-05,0.0020742288,-2.7238333e-05,LEF1(-0.000);BACH2(-0.000);MAML2(-0.000);FOXP1(-0.000);SERINC5(-0.000);FHIT(-0.000);PRKCA(-0.000);PDE3B(-0.000),PLCB1(+0.000);CCL5(+0.000);A2M(+0.000);AOAH(+0.000);MYO1F(+0.000);S100A4(+0.000);PFN1(+0.000);GNLY(+0.000)
SUB1,False,0.43378945646840755,-9.9038734e-05,0.0020736738,0.00013829219,TMSB10(-0.000);LEF1(-0.000);GAPDH(-0.000);VIM(-0.000);ACTG1(-0.000);ARHGDIB(-0.000);PFN1(-0.000);SELL(-0.000),AOAH(+0.000);PLCB1(+0.000);CCL5(+0.000);A2M(+0.000);PARP8(+0.000);ARHGAP26(+0.000);PITPNC1(+0.000);LPP(+0.000)
DPH6,False,0.2015482745461484,-1.5383632e-05,0.0020736319,1.5859645e-05,LEF1(-0.000);MAML2(-0.000);BACH2(-0.000);FOXP1(-0.000);SERINC5(-0.000);CAMK4(-0.000);FHIT(-0.000);PDE3B(-0.000),AOAH(+0.000);CCL5(+0.000);PLCB1(+0.000);MYO1F(+0.000);A2M(+0.000);RAP1GAP2(+0.000);SYNE1(+0.000);SAMD3(+0.000)
CAPRIN1,False,0.18383034400043616,-5.872632e-07,0.0020702132,-2.638417e-05,AOAH(-0.000);MCTP2(-0.000);JAZF1(-0.000);CD247(-0.000);RAP1GAP2(-0.000);SAMD3(-0.000);VAV3(-0.000);SYNE1(-0.000),IL32(+0.000);LTB(+0.000);IL7R(+0.000);RPL11(+0.000);PHACTR2(+0.000);CAMK4(+0.000);RPS18(+0.000);TRAC(+0.000)
ILKAP,False,0.2242272256446601,-6.264471e-06,0.002068871,-7.026893e-05,LEF1(-0.000);BACH2(-0.000);MAML2(-0.000);FOXP1(-0.000);SERINC5(-0.000);FHIT(-0.000);PRKCA(-0.000);PDE3B(-0.000),S100A4(+0.000);PLCB1(+0.000);PFN1(+0.000);IL32(+0.000);PHACTR2(+0.000);A2M(+0.000);CCL5(+0.000);ACTG1(+0.000)
DHRS3,False,0.2108161151392902,-1.3300219e-05,0.0020676877,9.3462746e-05,AOAH(-0.000);RAP1GAP2(-0.000);JAZF1(-0.000);SAMD3(-0.000);SYNE1(-0.000);VAV3(-0.000);CD247(-0.000);MYO1F(-0.000),IL7R(+0.000);CAMK4(+0.000);LTB(+0.000);LEF1(+0.000);BCL11B(+0.000);BCL2(+0.000);RPL11(+0.000);IL32(+0.000)
TTC28-AS1,False,0.15559068854603936,-9.068737e-07,0.0020645184,2.527524e-06,IL32(-0.000);S100A4(-0.000);PHACTR2(-0.000);PFN1(-0.000);A2M(-0.000);PLCB1(-0.000);ACTB(-0.000);ACTG1(-0.000),LEF1(+0.000);BACH2(+0.000);MAML2(+0.000);FOXP1(+0.000);FHIT(+0.000);ZBTB20(+0.000);TXK(+0.000);PRKCA(+0.000)
HUWE1,False,0.26255247233277,-5.4228262e-06,0.002064287,8.6499385e-05,CAMK4(-0.000);IL32(-0.000);LTB(-0.000);LEF1(-0.000);TRAC(-0.000);RPL11(-0.000);IL7R(-0.000);RPS18(-0.000),AOAH(+0.000);JAZF1(+0.000);RAP1GAP2(+0.000);SYNE1(+0.000);CD247(+0.000);SAMD3(+0.000);UTRN(+0.000);VAV3(+0.000)
NUP214,False,0.2727470969852259,-3.6437714e-06,0.0020574878,6.964231e-05,LEF1(-0.000);MAML2(-0.000);BACH2(-0.000);FOXP1(-0.000);SERINC5(-0.000);FHIT(-0.000);PRKCA(-0.000);PDE3B(-0.000),PLCB1(+0.000);CCL5(+0.000);S100A4(+0.000);A2M(+0.000);ACTG1(+0.000);ACTB(+0.000);MYO1F(+0.000);PFN1(+0.000)
FTH1,False,0.30932780897345047,-8.297486e-05,0.0020556492,2.6113967e-05,PFN1(-0.000);ACTG1(-0.000);S100A4(-0.000);ACTB(-0.000);IL32(-0.000);GAPDH(-0.000);TMSB4X(-0.000);CORO1A(-0.000),MAML2(+0.000);LEF1(+0.000);BACH2(+0.000);FOXP1(+0.000);ZBTB20(+0.000);SERINC5(+0.000);TXK(+0.000);PRKCA(+0.000)
SNRPB,False,0.22984244670991663,7.0476276e-06,0.0020555684,2.798703e-05,LEF1(-0.000);CAMK4(-0.000);MAML2(-0.000);FOXP1(-0.000);SERINC5(-0.000);BACH2(-0.000);PDE3B(-0.000);FHIT(-0.000),AOAH(+0.000);CCL5(+0.000);PLCB1(+0.000);RAP1GAP2(+0.000);MYO1F(+0.000);SYNE1(+0.000);JAZF1(+0.000);SAMD3(+0.000)
TNFAIP3,False,0.18917298151883552,-1.3530289e-05,0.002054912,-2.0417514e-05,AOAH(-0.000);PLCB1(-0.000);CCL5(-0.000);GNLY(-0.000);A2M(-0.000);MYO1F(-0.000);RAP1GAP2(-0.000);SYNE1(-0.000),LEF1(+0.000);BACH2(+0.000);MAML2(+0.000);FOXP1(+0.000);SERINC5(+0.000);CAMK4(+0.000);FHIT(+0.000);PDE3B(+0.000)
EIF2S2,False,0.2242272256446601,-2.667154e-05,0.0020532932,-5.5207573e-05,LEF1(-0.000);BACH2(-0.000);FOXP1(-0.000);MAML2(-0.000);SERINC5(-0.000);FHIT(-0.000);PDE3B(-0.000);PRKCA(-0.000),PLCB1(+0.000);AOAH(+0.000);A2M(+0.000);MYO1F(+0.000);CCL5(+0.000);PARP8(+0.000);ARHGAP26(+0.000);RAP1GAP2(+0.000)
GRAMD2B,False,0.06089516436787875,0.0,0.002052772,1.0268666e-06,PLCB1(-0.000);CCL5(-0.000);AOAH(-0.000);A2M(-0.000);GNLY(-0.000);MYO1F(-0.000);S100A4(-0.000);RAP1GAP2(-0.000),LEF1(+0.000);MAML2(+0.000);BACH2(+0.000);FOXP1(+0.000);SERINC5(+0.000);FHIT(+0.000);PRKCA(+0.000);PDE3B(+0.000)
SH3BP5,False,0.2588998528048847,-2.7200787e-05,0.002049999,1.1921024e-05,ACTG1(-0.000);RAP1GAP2(-0.000);AOAH(-0.000);JAZF1(-0.000);ACTB(-0.000);MCTP2(-0.000);SAMD3(-0.000);PFN1(-0.000),IL7R(+0.000);CAMK4(+0.000);BCL2(+0.000);LTB(+0.000);LEF1(+0.000);MAML2(+0.000);BCL11B(+0.000);INPP4B(+0.000)
CERT1,False,0.26893092732922635,-6.663166e-06,0.002048119,-1.5954012e-05,IL32(-0.000);CAMK4(-0.000);LTB(-0.000);RPL11(-0.000);IL7R(-0.000);RPS2(-0.000);EEF1A1(-0.000);RPS18(-0.000),AOAH(+0.000);JAZF1(+0.000);RAP1GAP2(+0.000);SAMD3(+0.000);SYNE1(+0.000);GNLY(+0.000);CD247(+0.000);VAV3(+0.000)
ARFGEF1,False,0.4416398626178924,-8.762197e-06,0.0020471644,-3.7316942e-05,AOAH(-0.000);RAP1GAP2(-0.000);JAZF1(-0.000);SAMD3(-0.000);SYNE1(-0.000);CD247(-0.000);VAV3(-0.000);UTRN(-0.000),CAMK4(+0.000);IL7R(+0.000);LEF1(+0.000);LTB(+0.000);IL32(+0.000);BCL11B(+0.000);TRAC(+0.000);BCL2(+0.000)
NCOA1,False,0.34498173690236056,-6.863424e-05,0.0020469527,0.000117277814,CCL5(-0.000);AOAH(-0.000);GNLY(-0.000);CTSW(-0.000);PLCB1(-0.000);RAP1GAP2(-0.000);MYO1F(-0.000);PPP2R2B(-0.000),LEF1(+0.000);MAML2(+0.000);CAMK4(+0.000);BACH2(+0.000);SERINC5(+0.000);FOXP1(+0.000);PDE3B(+0.000);FHIT(+0.000)
HHAT,False,0.09862072725290302,-6.996385e-06,0.0020443676,6.616317e-06,PLCB1(-0.000);A2M(-0.000);AOAH(-0.000);MYO1F(-0.000);S100A4(-0.000);CCL5(-0.000);PFN1(-0.000);RAP1GAP2(-0.000),LEF1(+0.000);MAML2(+0.000);BACH2(+0.000);FOXP1(+0.000);SERINC5(+0.000);FHIT(+0.000);PRKCA(+0.000);PDE3B(+0.000)
TANC2,False,0.16600338003598103,-4.150053e-05,0.002039686,-4.625896e-06,CCL5(-0.000);PLCB1(-0.000);A2M(-0.000);S100A4(-0.000);PHACTR2(-0.000);IL32(-0.000);KLRG1(-0.000);MYO1F(-0.000),LEF1(+0.000);BACH2(+0.000);MAML2(+0.000);FOXP1(+0.000);FHIT(+0.000);SERINC5(+0.000);PRKCA(+0.000);PDE3B(+0.000)
VMP1,False,0.33173417652510495,-2.6034342e-05,0.002038255,1.5243329e-07,IL32(-0.000);S100A4(-0.000);PHACTR2(-0.000);PFN1(-0.000);ACTB(-0.000);RPL11(-0.000);RPL28(-0.000);S100A6(-0.000),BACH2(+0.000);MAML2(+0.000);TXK(+0.000);LEF1(+0.000);ZBTB20(+0.000);FOXP1(+0.000);KCNQ5(+0.000);CD247(+0.000)
WDR37,False,0.21675843646077525,-6.3639623e-06,0.0020378109,1.8009661e-05,LEF1(-0.000);MAML2(-0.000);BACH2(-0.000);FOXP1(-0.000);SERINC5(-0.000);FHIT(-0.000);PRKCA(-0.000);PDE3B(-0.000),CCL5(+0.000);S100A4(+0.000);PLCB1(+0.000);PFN1(+0.000);ACTB(+0.000);ACTG1(+0.000);A2M(+0.000);MYO1F(+0.000)
RASAL3,False,0.12838685056969962,-3.2989647e-05,0.002033765,-2.75946e-06,IL32(-0.000);S100A4(-0.000);PHACTR2(-0.000);LTB(-0.000);RPL11(-0.000);GZMK(-0.000);RPL28(-0.000);PFN1(-0.000),BACH2(+0.000);TXK(+0.000);KCNQ5(+0.000);MAML2(+0.000);ZBTB20(+0.000);LEF1(+0.000);FOXP1(+0.000);SFMBT2(+0.000)
SRBD1,False,0.2748732486507115,-1.1449769e-05,0.0020312166,-1.4801449e-05,LEF1(-0.000);BACH2(-0.000);FOXP1(-0.000);MAML2(-0.000);SERINC5(-0.000);FHIT(-0.000);PRKCA(-0.000);PDE3B(-0.000),PLCB1(+0.000);A2M(+0.000);AOAH(+0.000);MYO1F(+0.000);PARP8(+0.000);PHACTR2(+0.000);PZP(+0.000);CCL5(+0.000)
SUFU,False,0.1544458376492395,4.4855037e-06,0.002031143,1.1506434e-05,IL32(-0.000);LTB(-0.000);PHACTR2(-0.000);IL7R(-0.000);S100A4(-0.000);RPL11(-0.000);RPS18(-0.000);RPL30(-0.000),CD247(+0.000);KCNQ5(+0.000);JAZF1(+0.000);TFDP2(+0.000);AOAH(+0.000);SFMBT2(+0.000);MAPRE2(+0.000);MCTP2(+0.000)
CIR1,False,0.25590143378945646,-3.5012254e-06,0.0020310227,1.4532115e-05,IL7R(-0.000);CAMK4(-0.000);LTB(-0.000);LEF1(-0.000);BCL2(-0.000);BCL11B(-0.000);IL32(-0.000);MAML2(-0.000),GNLY(+0.000);AOAH(+0.000);MCTP2(+0.000);TGFBR3(+0.000);CTSW(+0.000);CCL5(+0.000);RAP1GAP2(+0.000);JAZF1(+0.000)
GRAMD1B,False,0.07250722346399173,0.0,0.0020307535,8.316119e-05,LEF1(-0.000);BACH2(-0.000);FOXP1(-0.000);MAML2(-0.000);FHIT(-0.000);SERINC5(-0.000);PRKCA(-0.000);PDE3B(-0.000),IL32(+0.000);PHACTR2(+0.000);S100A4(+0.000);CCL5(+0.000);PLCB1(+0.000);A2M(+0.000);GZMK(+0.000);KLRG1(+0.000)
THRAP3,False,0.31074524341710735,-3.1444255e-05,0.0020285938,-3.5590798e-05,LEF1(-0.000);CAMK4(-0.000);RPL11(-0.000);EEF1A1(-0.000);RPL41(-0.000);IL32(-0.000);LTB(-0.000);TMSB10(-0.000),AOAH(+0.000);PLCB1(+0.000);JAZF1(+0.000);RAP1GAP2(+0.000);ARHGAP26(+0.000);MYBL1(+0.000);SAMD3(+0.000);SYNE1(+0.000)
PTPN6,False,0.2155045521452325,-1.9049881e-05,0.0020274387,-3.7622525e-05,CCL5(-0.000);AOAH(-0.000);GNLY(-0.000);RAP1GAP2(-0.000);MYO1F(-0.000);ACTG1(-0.000);PLCB1(-0.000);ACTB(-0.000),LEF1(+0.000);MAML2(+0.000);FOXP1(+0.000);BACH2(+0.000);CAMK4(+0.000);SERINC5(+0.000);PDE3B(+0.000);PRKCA(+0.000)
HERC2,False,0.24058223845608678,8.586358e-06,0.002026485,-5.3643358e-05,S100A4(-0.000);IL32(-0.000);PHACTR2(-0.000);PLCB1(-0.000);ACTB(-0.000);A2M(-0.000);PFN1(-0.000);ACTG1(-0.000),LEF1(+0.000);BACH2(+0.000);MAML2(+0.000);FOXP1(+0.000);SERINC5(+0.000);FHIT(+0.000);PRKCA(+0.000);PDE3B(+0.000)
DPP4,False,0.21245161642043292,-8.48963e-05,0.0020264548,7.909364e-05,IL32(-0.000);PHACTR2(-0.000);S100A4(-0.000);A2M(-0.000);GZMK(-0.000);LTB(-0.000);PLCB1(-0.000);IL7R(-0.000),BACH2(+0.000);LEF1(+0.000);KCNQ5(+0.000);FOXP1(+0.000);MAML2(+0.000);CD247(+0.000);TXK(+0.000);FHIT(+0.000)
ODC1,False,0.16404077849860982,-1.7714059e-06,0.0020263286,4.9365026e-05,PLCB1(-0.000);S100A4(-0.000);PFN1(-0.000);A2M(-0.000);CCL5(-0.000);MYO1F(-0.000);PHACTR2(-0.000);ACTG1(-0.000),LEF1(+0.000);MAML2(+0.000);BACH2(+0.000);FOXP1(+0.000);SERINC5(+0.000);FHIT(+0.000);PRKCA(+0.000);PDE3B(+0.000)
ZSWIM6,False,0.27078449544785477,-2.097667e-05,0.002026321,7.879222e-05,GNLY(-0.000);AOAH(-0.000);MCTP2(-0.000);JAZF1(-0.000);CD247(-0.000);TGFBR3(-0.000);KCNQ5(-0.000);VAV3(-0.000),IL32(+0.000);IL7R(+0.000);LTB(+0.000);PHACTR2(+0.000);RPL11(+0.000);S100A4(+0.000);RPL28(+0.000);RPS18(+0.000)
ANP32B,False,0.24112740554980105,-3.2752116e-05,0.002026292,-7.392475e-05,AOAH(-0.000);RAP1GAP2(-0.000);JAZF1(-0.000);ACTG1(-0.000);SAMD3(-0.000);CCL5(-0.000);MYO1F(-0.000);ACTB(-0.000),LEF1(+0.000);CAMK4(+0.000);MAML2(+0.000);IL7R(+0.000);BCL2(+0.000);FOXP1(+0.000);BCL11B(+0.000);SERINC5(+0.000)
TNFRSF10D,False,0.10341819767758818,0.0,0.0020248867,2.4345403e-05,LEF1(-0.000);MAML2(-0.000);BACH2(-0.000);FOXP1(-0.000);SERINC5(-0.000);FHIT(-0.000);PRKCA(-0.000);PDE3B(-0.000),PLCB1(+0.000);CCL5(+0.000);S100A4(+0.000);A2M(+0.000);MYO1F(+0.000);AOAH(+0.000);PFN1(+0.000);ACTG1(+0.000)
HEATR5B,False,0.27956168565665374,1.4461787e-06,0.002024539,-3.0666877e-05,CCL5(-0.000);AOAH(-0.000);PLCB1(-0.000);A2M(-0.000);MYO1F(-0.000);RAP1GAP2(-0.000);SYNE1(-0.000);ARHGAP26(-0.000),LEF1(+0.000);BACH2(+0.000);MAML2(+0.000);FOXP1(+0.000);SERINC5(+0.000);FHIT(+0.000);PDE3B(+0.000);CAMK4(+0.000)
AP005131.1,False,0.07523305893256284,0.0,0.0020241095,6.024958e-06,PLCB1(-0.000);S100A4(-0.000);A2M(-0.000);CCL5(-0.000);PHACTR2(-0.000);IL32(-0.000);PFN1(-0.000);MYO1F(-0.000),LEF1(+0.000);BACH2(+0.000);MAML2(+0.000);FOXP1(+0.000);SERINC5(+0.000);FHIT(+0.000);PRKCA(+0.000);PDE3B(+0.000)
P4HA1,False,0.0917516218721038,-1.3255941e-06,0.0020241041,8.209811e-06,LEF1(-0.000);CAMK4(-0.000);MAML2(-0.000);SERINC5(-0.000);FOXP1(-0.000);PDE3B(-0.000);BACH2(-0.000);FHIT(-0.000),AOAH(+0.000);RAP1GAP2(+0.000);CCL5(+0.000);GNLY(+0.000);JAZF1(+0.000);PLCB1(+0.000);SYNE1(+0.000);MYO1F(+0.000)
HOOK3,False,0.289919860437224,3.2657565e-06,0.0020222159,-6.7734094e-05,IL32(-0.000);IL7R(-0.000);PHACTR2(-0.000);LTB(-0.000);RPL11(-0.000);S100A4(-0.000);RPL28(-0.000);RPS18(-0.000),JAZF1(+0.000);CD247(+0.000);KCNQ5(+0.000);TFDP2(+0.000);MAPRE2(+0.000);AOAH(+0.000);PLCG2(+0.000);SFMBT2(+0.000)
DDX60L,False,0.2792891021097967,-9.844788e-06,0.0020221297,-0.00011470679,LEF1(-0.000);BACH2(-0.000);MAML2(-0.000);SERINC5(-0.000);CAMK4(-0.000);FOXP1(-0.000);FHIT(-0.000);PDE3B(-0.000),AOAH(+0.000);PLCB1(+0.000);A2M(+0.000);RAP1GAP2(+0.000);MYO1F(+0.000);SYNE1(+0.000);SAMD3(+0.000);ARHGAP26(+0.000)
CTNNB1,False,0.3042577550019081,-3.9603376e-05,0.0020213227,-1.4160964e-05,CD247(-0.000);AOAH(-0.000);JAZF1(-0.000);MCTP2(-0.000);RAP1GAP2(-0.000);TYROBP(-0.000);VAV3(-0.000);TFDP2(-0.000),IL32(+0.000);PHACTR2(+0.000);LTB(+0.000);IL7R(+0.000);RPL11(+0.000);RPS18(+0.000);GZMK(+0.000);CAMK4(+0.000)
CEP192,False,0.25513819985825653,-4.2018353e-05,0.0020199597,-9.7194905e-05,CD247(-0.000);KCNQ5(-0.000);BACH2(-0.000);TXK(-0.000);JAZF1(-0.000);SFMBT2(-0.000);MAPRE2(-0.000);ATP10A(-0.000),IL32(+0.000);PHACTR2(+0.000);LTB(+0.000);S100A4(+0.000);IL7R(+0.000);GZMK(+0.000);RPL11(+0.000);TRAC(+0.000)
WDR25,False,0.08733576841301857,0.0,0.002019486,2.1215763e-05,LEF1(-0.000);MAML2(-0.000);CAMK4(-0.000);BACH2(-0.000);FOXP1(-0.000);SERINC5(-0.000);PDE3B(-0.000);FHIT(-0.000),AOAH(+0.000);RAP1GAP2(+0.000);PLCB1(+0.000);CCL5(+0.000);MYO1F(+0.000);SYNE1(+0.000);SAMD3(+0.000);JAZF1(+0.000)
ORC3,False,0.1230442130513002,6.566865e-06,0.002018898,-4.384595e-05,IL7R(-0.000);CAMK4(-0.000);LTB(-0.000);LEF1(-0.000);BCL2(-0.000);BCL11B(-0.000);MAML2(-0.000);IL32(-0.000),AOAH(+0.000);JAZF1(+0.000);RAP1GAP2(+0.000);GNLY(+0.000);MCTP2(+0.000);SAMD3(+0.000);CD247(+0.000);TGFBR3(+0.000)
METTL15,False,0.24450744153082926,1.7983922e-06,0.0020141166,-0.00012203288,CCL5(-0.000);PLCB1(-0.000);GNLY(-0.000);A2M(-0.000);AOAH(-0.000);CTSW(-0.000);PARP8(-0.000);PHACTR2(-0.000),LEF1(+0.000);BACH2(+0.000);FOXP1(+0.000);MAML2(+0.000);SERINC5(+0.000);FHIT(+0.000);PRKCA(+0.000);PDE3B(+0.000)
CENPP,False,0.10020171182467424,0.0,0.0020117331,-4.9336468e-05,BACH2(-0.000);TXK(-0.000);KCNQ5(-0.000);CD247(-0.000);ZBTB20(-0.000);LEF1(-0.000);MAML2(-0.000);FOXP1(-0.000),IL32(+0.000);PHACTR2(+0.000);S100A4(+0.000);LTB(+0.000);PFN1(+0.000);RPL11(+0.000);RPL28(+0.000);IL7R(+0.000)
CCDC18,False,0.1397808428283269,-9.009726e-06,0.0020094938,-1.2102276e-05,LEF1(-0.000);MAML2(-0.000);BACH2(-0.000);FOXP1(-0.000);SERINC5(-0.000);FHIT(-0.000);PRKCA(-0.000);PDE3B(-0.000),S100A4(+0.000);ACTG1(+0.000);PFN1(+0.000);ACTB(+0.000);CCL5(+0.000);IL32(+0.000);GNLY(+0.000);PLCB1(+0.000)
UCP2,False,0.2518671972959713,9.078759e-06,0.0020081492,8.597224e-05,LEF1(-0.000);BACH2(-0.000);MAML2(-0.000);FOXP1(-0.000);SERINC5(-0.000);FHIT(-0.000);PRKCA(-0.000);PDE3B(-0.000),PLCB1(+0.000);A2M(+0.000);CCL5(+0.000);AOAH(+0.000);MYO1F(+0.000);S100A4(+0.000);PHACTR2(+0.000);KLRG1(+0.000)
TNRC6C,False,0.442348579839721,2.4573703e-05,0.002007367,-2.8579398e-05,CCL5(-0.000);PLCB1(-0.000);GNLY(-0.000);A2M(-0.000);PHACTR2(-0.000);S100A4(-0.000);IL32(-0.000);GZMK(-0.000),LEF1(+0.000);BACH2(+0.000);MAML2(+0.000);FOXP1(+0.000);SERINC5(+0.000);FHIT(+0.000);PRKCA(+0.000);PDE3B(+0.000)
TTLL5,False,0.09965654473096004,-5.2759883e-06,0.0020070164,7.292593e-05,LEF1(-0.000);BACH2(-0.000);MAML2(-0.000);FOXP1(-0.000);SERINC5(-0.000);FHIT(-0.000);PRKCA(-0.000);PDE3B(-0.000),S100A4(+0.000);IL32(+0.000);PLCB1(+0.000);CCL5(+0.000);PHACTR2(+0.000);A2M(+0.000);ACTB(+0.000);PFN1(+0.000)
SP140L,False,0.33091642588453357,6.439937e-07,0.00200537,-1.878539e-05,IL32(-0.000);S100A4(-0.000);PHACTR2(-0.000);PLCB1(-0.000);A2M(-0.000);CCL5(-0.000);PFN1(-0.000);ACTB(-0.000),LEF1(+0.000);BACH2(+0.000);MAML2(+0.000);FOXP1(+0.000);FHIT(+0.000);SERINC5(+0.000);PRKCA(+0.000);PDE3B(+0.000)
BCAS3,False,0.43766014283377846,-3.963371e-05,0.002004285,-5.5691922e-05,PLCB1(-0.000);IL7R(-0.000);A2M(-0.000);BCL2(-0.000);PARP8(-0.000);AOAH(-0.000);PITPNC1(-0.000);PHACTR2(-0.000),ACTG1(+0.000);ACTB(+0.000);GAPDH(+0.000);TMSB10(+0.000);SMC4(+0.000);LGALS1(+0.000);PFN1(+0.000);ARHGDIB(+0.000)
REEP3,False,0.09720329280924603,-1.42749295e-05,0.002003294,4.936875e-06,LEF1(-0.000);MAML2(-0.000);BACH2(-0.000);FOXP1(-0.000);SERINC5(-0.000);PRKCA(-0.000);FHIT(-0.000);PDE3B(-0.000),S100A4(+0.000);PFN1(+0.000);ACTB(+0.000);IL32(+0.000);ACTG1(+0.000);PHACTR2(+0.000);TMSB4X(+0.000);A2M(+0.000)
PGGT1B,False,0.06280324919587854,0.0,0.0020031258,-1.104309e-06,AOAH(-0.000);CCL5(-0.000);PLCB1(-0.000);MYO1F(-0.000);RAP1GAP2(-0.000);PPP2R2B(-0.000);SAMD3(-0.000);SYNE1(-0.000),LEF1(+0.000);MAML2(+0.000);BACH2(+0.000);FOXP1(+0.000);CAMK4(+0.000);SERINC5(+0.000);PDE3B(+0.000);FHIT(+0.000)
GRIP1,False,0.1258790819386142,0.0,0.0020016655,0.000110055655,AOAH(-0.000);GNLY(-0.000);MCTP2(-0.000);RAP1GAP2(-0.000);JAZF1(-0.000);TGFBR3(-0.000);SAMD3(-0.000);SYNE1(-0.000),IL7R(+0.000);CAMK4(+0.000);LEF1(+0.000);LTB(+0.000);BCL2(+0.000);BCL11B(+0.000);MAML2(+0.000);SERINC5(+0.000)
BDP1,False,0.47838412473423103,-1.32753885e-05,0.0020014842,-2.1386217e-05,CCL5(-0.000);PLCB1(-0.000);A2M(-0.000);GNLY(-0.000);AOAH(-0.000);MYO1F(-0.000);PHACTR2(-0.000);PARP8(-0.000),LEF1(+0.000);BACH2(+0.000);FOXP1(+0.000);MAML2(+0.000);SERINC5(+0.000);FHIT(+0.000);PRKCA(+0.000);PDE3B(+0.000)
PDE9A,False,0.15684457286158207,0.0,0.0019999912,1.9599278e-05,LEF1(-0.000);BACH2(-0.000);MAML2(-0.000);FOXP1(-0.000);FHIT(-0.000);SERINC5(-0.000);PRKCA(-0.000);TXK(-0.000),IL32(+0.000);PHACTR2(+0.000);S100A4(+0.000);PLCB1(+0.000);CCL5(+0.000);A2M(+0.000);KLRG1(+0.000);PFN1(+0.000)
GSTCD,False,0.08041214632284796,0.0,0.0019998793,-9.167374e-06,CCL5(-0.000);PLCB1(-0.000);AOAH(-0.000);A2M(-0.000);MYO1F(-0.000);GNLY(-0.000);RAP1GAP2(-0.000);PPP2R2B(-0.000),LEF1(+0.000);BACH2(+0.000);MAML2(+0.000);FOXP1(+0.000);SERINC5(+0.000);FHIT(+0.000);PRKCA(+0.000);PDE3B(+0.000)
RAPGEF2,False,0.15411873739301096,-8.958356e-06,0.001998312,1.0166644e-05,AOAH(-0.000);CCL5(-0.000);RAP1GAP2(-0.000);MYO1F(-0.000);PLCB1(-0.000);JAZF1(-0.000);GNLY(-0.000);SAMD3(-0.000),LEF1(+0.000);MAML2(+0.000);CAMK4(+0.000);FOXP1(+0.000);BACH2(+0.000);SERINC5(+0.000);PDE3B(+0.000);PRKCA(+0.000)
PRF1,False,0.05353540860273674,-1.3155122e-06,0.0019975095,1.1033158e-05,GNLY(-0.000);CCL5(-0.000);PLCB1(-0.000);MYO1F(-0.000);AOAH(-0.000);S100A4(-0.000);A2M(-0.000);PFN1(-0.000),LEF1(+0.000);MAML2(+0.000);BACH2(+0.000);FOXP1(+0.000);SERINC5(+0.000);FHIT(+0.000);PRKCA(+0.000);PDE3B(+0.000)
ZNF611,False,0.17036471678569481,-8.853309e-06,0.0019973395,-5.330047e-05,CCL5(-0.000);AOAH(-0.000);RAP1GAP2(-0.000);CTSW(-0.000);MYO1F(-0.000);PLCB1(-0.000);JAZF1(-0.000);GNLY(-0.000),LEF1(+0.000);CAMK4(+0.000);MAML2(+0.000);FOXP1(+0.000);SERINC5(+0.000);BACH2(+0.000);PDE3B(+0.000);INPP4B(+0.000)
PHLDB3,False,0.10276399716513113,0.0,0.0019957963,6.847654e-05,LEF1(-0.000);MAML2(-0.000);BACH2(-0.000);FOXP1(-0.000);CAMK4(-0.000);SERINC5(-0.000);PDE3B(-0.000);INPP4B(-0.000),CCL5(+0.000);ACTG1(+0.000);AOAH(+0.000);RAP1GAP2(+0.000);GNLY(+0.000);ACTB(+0.000);MYO1F(+0.000);SYNE1(+0.000)
EAPP,False,0.25726435152374205,-8.190185e-06,0.0019947733,-7.035322e-05,LEF1(-0.000);BACH2(-0.000);MAML2(-0.000);FOXP1(-0.000);SERINC5(-0.000);FHIT(-0.000);PRKCA(-0.000);PDE3B(-0.000),PLCB1(+0.000);CCL5(+0.000);AOAH(+0.000);A2M(+0.000);MYO1F(+0.000);RAP1GAP2(+0.000);PARP8(+0.000);PPP2R2B(+0.000)
NSD1,False,0.37169492449435754,-1.2276307e-05,0.0019931756,-0.00015351425,LEF1(-0.000);BACH2(-0.000);MAML2(-0.000);FOXP1(-0.000);SERINC5(-0.000);FHIT(-0.000);PDE3B(-0.000);PRKCA(-0.000),AOAH(+0.000);PLCB1(+0.000);A2M(+0.000);MYO1F(+0.000);RAP1GAP2(+0.000);PZP(+0.000);ARHGAP26(+0.000);SYNE1(+0.000)
NEK7,False,0.3200676007196206,-8.261692e-05,0.0019920405,-0.00014159018,CCL5(-0.000);PLCB1(-0.000);A2M(-0.000);GNLY(-0.000);PHACTR2(-0.000);IL32(-0.000);S100A4(-0.000);KLRG1(-0.000),LEF1(+0.000);BACH2(+0.000);FOXP1(+0.000);MAML2(+0.000);FHIT(+0.000);SERINC5(+0.000);PRKCA(+0.000);PDE3B(+0.000)
ETFA,False,0.1700921332388377,-2.4189389e-05,0.001991061,5.6031527e-05,BACH2(-0.000);LEF1(-0.000);KCNQ5(-0.000);FOXP1(-0.000);TXK(-0.000);MAML2(-0.000);ATP10A(-0.000);FHIT(-0.000),IL32(+0.000);PHACTR2(+0.000);S100A4(+0.000);IL7R(+0.000);LTB(+0.000);A2M(+0.000);PLCB1(+0.000);KLRG1(+0.000)
BPTF,False,0.5723164149811919,-1.0189623e-07,0.0019910394,-8.308434e-05,IL32(-0.000);PHACTR2(-0.000);IL7R(-0.000);LTB(-0.000);RPL11(-0.000);S100A4(-0.000);RPL28(-0.000);RPS2(-0.000),AOAH(+0.000);JAZF1(+0.000);CD247(+0.000);KCNQ5(+0.000);TFDP2(+0.000);TXK(+0.000);VAV3(+0.000);SFMBT2(+0.000)
TBK1,False,0.038870413781824126,-4.3773878e-05,0.0019892685,-2.0168707e-05,GNLY(-0.000);AOAH(-0.000);MCTP2(-0.000);TGFBR3(-0.000);JAZF1(-0.000);RAP1GAP2(-0.000);CD247(-0.000);ZEB2(-0.000),IL7R(+0.000);CAMK4(+0.000);LTB(+0.000);IL32(+0.000);BCL2(+0.000);BCL11B(+0.000);LEF1(+0.000);RPL11(+0.000)
ALPK1,False,0.11568445728615823,-4.33087e-06,0.0019886808,-2.7973578e-05,IL32(-0.000);IL7R(-0.000);LTB(-0.000);PHACTR2(-0.000);RPL11(-0.000);CAMK4(-0.000);RPS18(-0.000);GZMK(-0.000),MCTP2(+0.000);AOAH(+0.000);JAZF1(+0.000);GNLY(+0.000);CD247(+0.000);RAP1GAP2(+0.000);TGFBR3(+0.000);VAV3(+0.000)
CCT4,False,0.1820312925911792,-1.8211505e-06,0.0019878733,3.1198255e-05,LEF1(-0.000);MAML2(-0.000);BACH2(-0.000);FOXP1(-0.000);SERINC5(-0.000);FHIT(-0.000);PDE3B(-0.000);PRKCA(-0.000),PLCB1(+0.000);AOAH(+0.000);A2M(+0.000);MYO1F(+0.000);CCL5(+0.000);RAP1GAP2(+0.000);S100A4(+0.000);PFN1(+0.000)
IL16,False,0.21354195060786132,-1.1062547e-05,0.0019864943,2.0172236e-05,LEF1(-0.000);MAML2(-0.000);BACH2(-0.000);FOXP1(-0.000);SERINC5(-0.000);FHIT(-0.000);PRKCA(-0.000);PDE3B(-0.000),CCL5(+0.000);S100A4(+0.000);PLCB1(+0.000);PFN1(+0.000);A2M(+0.000);ACTG1(+0.000);MYO1F(+0.000);ACTB(+0.000)
HS3ST3B1,False,0.10314561413073108,-7.3810074e-06,0.0019857076,4.51996e-05,LEF1(-0.000);MAML2(-0.000);BACH2(-0.000);FOXP1(-0.000);SERINC5(-0.000);FHIT(-0.000);PRKCA(-0.000);PDE3B(-0.000),PLCB1(+0.000);CCL5(+0.000);A2M(+0.000);AOAH(+0.000);MYO1F(+0.000);S100A4(+0.000);RAP1GAP2(+0.000);PFN1(+0.000)
ERP29,False,0.20078504061494848,-6.0363815e-05,0.0019842586,-5.1738316e-05,IL32(-0.000);S100A4(-0.000);ACTB(-0.000);PHACTR2(-0.000);PFN1(-0.000);ACTG1(-0.000);RPL11(-0.000);TMSB4X(-0.000),BACH2(+0.000);MAML2(+0.000);ZBTB20(+0.000);LEF1(+0.000);TXK(+0.000);FOXP1(+0.000);KCNQ5(+0.000);AOAH(+0.000)
TMEM154,False,0.272365480019626,-1.7883294e-06,0.001983148,-1.7190204e-06,LEF1(-0.000);BACH2(-0.000);MAML2(-0.000);FOXP1(-0.000);FHIT(-0.000);SERINC5(-0.000);PRKCA(-0.000);PDE3B(-0.000),PLCB1(+0.000);PHACTR2(+0.000);IL32(+0.000);A2M(+0.000);S100A4(+0.000);CCL5(+0.000);KLRG1(+0.000);PARP8(+0.000)
ADARB1,False,0.13187591996947065,-6.8379345e-06,0.0019830614,-9.9287354e-05,AOAH(-0.000);CCL5(-0.000);GNLY(-0.000);PLCB1(-0.000);RAP1GAP2(-0.000);SYNE1(-0.000);MYO1F(-0.000);JAZF1(-0.000),LEF1(+0.000);CAMK4(+0.000);SERINC5(+0.000);FOXP1(+0.000);MAML2(+0.000);BACH2(+0.000);PDE3B(+0.000);FHIT(+0.000)
ANAPC5,False,0.29019244398408117,4.470182e-06,0.0019823064,-9.723359e-06,MAML2(-0.000);BACH2(-0.000);LEF1(-0.000);ZBTB20(-0.000);FOXP1(-0.000);TXK(-0.000);PITPNC1(-0.000);PRKCA(-0.000),PFN1(+0.000);S100A4(+0.000);ACTB(+0.000);ACTG1(+0.000);IL32(+0.000);TMSB10(+0.000);GAPDH(+0.000);TMSB4X(+0.000)
SNTB1,False,0.29417216376819494,-2.6660853e-06,0.0019796016,-0.00022562742,IL32(-0.000);PHACTR2(-0.000);CCL5(-0.000);IL7R(-0.000);S100A4(-0.000);LTB(-0.000);B2M(-0.000);RPL11(-0.000),BACH2(+0.000);LEF1(+0.000);FOXP1(+0.000);KCNQ5(+0.000);MAML2(+0.000);ATP10A(+0.000);FHIT(+0.000);APBA2(+0.000)
NCOA6,False,0.09769394319358882,-1.9723058e-05,0.001979494,2.249061e-05,AOAH(-0.000);RAP1GAP2(-0.000);CCL5(-0.000);MYO1F(-0.000);JAZF1(-0.000);SAMD3(-0.000);GNLY(-0.000);PLCB1(-0.000),LEF1(+0.000);CAMK4(+0.000);MAML2(+0.000);FOXP1(+0.000);SERINC5(+0.000);BACH2(+0.000);PDE3B(+0.000);BCL11B(+0.000)
ORMDL1,False,0.24368969089025785,-1.4397996e-05,0.0019794535,6.0268458e-06,KCNQ5(-0.000);TXK(-0.000);BACH2(-0.000);AOAH(-0.000);CD247(-0.000);ZBTB20(-0.000);SFMBT2(-0.000);MCTP2(-0.000),IL32(+0.000);S100A4(+0.000);PHACTR2(+0.000);LTB(+0.000);RPL11(+0.000);RPL28(+0.000);S100A6(+0.000);PFN1(+0.000)
DFFA,False,0.06356648312707845,0.0,0.0019788553,-7.6815755e-05,AOAH(-0.000);CCL5(-0.000);RAP1GAP2(-0.000);PLCB1(-0.000);CTSW(-0.000);MYO1F(-0.000);SYNE1(-0.000);SAMD3(-0.000),LEF1(+0.000);CAMK4(+0.000);MAML2(+0.000);FOXP1(+0.000);BACH2(+0.000);SERINC5(+0.000);PDE3B(+0.000);FHIT(+0.000)
ASB3,False,0.26991222809791204,4.3845753e-06,0.001976327,4.833749e-06,IL32(-0.000);RPL11(-0.000);TMSB10(-0.000);CAMK4(-0.000);EEF1A1(-0.000);RPS2(-0.000);RPL28(-0.000);ACTB(-0.000),AOAH(+0.000);GNLY(+0.000);JAZF1(+0.000);CCL5(+0.000);RAP1GAP2(+0.000);SYNE1(+0.000);UTRN(+0.000);CTSW(+0.000)
SMARCA4,False,0.25677370113939924,8.926765e-07,0.0019759666,-9.041595e-06,LEF1(-0.000);MAML2(-0.000);BACH2(-0.000);FOXP1(-0.000);SERINC5(-0.000);FHIT(-0.000);PDE3B(-0.000);PRKCA(-0.000),PLCB1(+0.000);AOAH(+0.000);A2M(+0.000);MYO1F(+0.000);CCL5(+0.000);RAP1GAP2(+0.000);ARHGAP26(+0.000);PARP8(+0.000)
LMTK2,False,0.25671918443002784,-2.2257367e-05,0.0019757785,-9.4854994e-07,LEF1(-0.000);MAML2(-0.000);BACH2(-0.000);FOXP1(-0.000);SERINC5(-0.000);FHIT(-0.000);PRKCA(-0.000);PDE3B(-0.000),PLCB1(+0.000);CCL5(+0.000);AOAH(+0.000);A2M(+0.000);MYO1F(+0.000);PHACTR2(+0.000);GNLY(+0.000);S100A4(+0.000)
TBC1D1,False,0.30284032055825116,-3.9072285e-05,0.0019741398,-0.00011158232,GNLY(-0.000);RAP1GAP2(-0.000);AOAH(-0.000);JAZF1(-0.000);CD247(-0.000);ACTG1(-0.000);MCTP2(-0.000);SAMD3(-0.000),IL7R(+0.000);CAMK4(+0.000);BCL2(+0.000);LTB(+0.000);LEF1(+0.000);BCL11B(+0.000);MAML2(+0.000);INPP4B(+0.000)
ANKRD28,False,0.1927710843373494,-8.004605e-06,0.0019711268,7.869191e-07,PLCB1(-0.000);CCL5(-0.000);AOAH(-0.000);A2M(-0.000);MYO1F(-0.000);RAP1GAP2(-0.000);GNLY(-0.000);S100A4(-0.000),LEF1(+0.000);BACH2(+0.000);MAML2(+0.000);FOXP1(+0.000);SERINC5(+0.000);FHIT(+0.000);PDE3B(+0.000);PRKCA(+0.000)
RASSF3,False,0.5157825873630267,-4.983166e-05,0.001969328,-6.5074295e-05,BACH2(-0.000);LEF1(-0.000);GNLY(-0.000);MCTP2(-0.000);FOXP1(-0.000);MAML2(-0.000);KCNQ5(-0.000);FHIT(-0.000),IL32(+0.000);PHACTR2(+0.000);PLCB1(+0.000);A2M(+0.000);S100A4(+0.000);LTB(+0.000);GZMK(+0.000);IL7R(+0.000)
ERN1,False,0.1981682385651202,-0.00014950517,0.0019688304,2.8566585e-05,PLCB1(-0.000);A2M(-0.000);PHACTR2(-0.000);CCL5(-0.000);KLRG1(-0.000);PARP8(-0.000);IL32(-0.000);PZP(-0.000),LEF1(+0.000);BACH2(+0.000);FOXP1(+0.000);FHIT(+0.000);MAML2(+0.000);SERINC5(+0.000);PRKCA(+0.000);SELL(+0.000)
TGOLN2,False,0.3902306056806411,-1.6468643e-05,0.0019686494,-0.00023535002,LEF1(-0.000);MAML2(-0.000);BACH2(-0.000);CAMK4(-0.000);SERINC5(-0.000);FOXP1(-0.000);PDE3B(-0.000);FHIT(-0.000),AOAH(+0.000);GNLY(+0.000);PLCB1(+0.000);MYO1F(+0.000);RAP1GAP2(+0.000);CCL5(+0.000);PFN1(+0.000);TGFBR3(+0.000)
USP16,False,0.21779425393883226,-1.1584882e-05,0.0019684,4.8040045e-05,LEF1(-0.000);MAML2(-0.000);BACH2(-0.000);FOXP1(-0.000);SERINC5(-0.000);FHIT(-0.000);PRKCA(-0.000);PDE3B(-0.000),PLCB1(+0.000);S100A4(+0.000);PFN1(+0.000);A2M(+0.000);ACTB(+0.000);MYO1F(+0.000);ACTG1(+0.000);PHACTR2(+0.000)
PISD,False,0.19473368587472062,9.6631775e-06,0.0019683756,-7.8097546e-05,IL32(-0.000);S100A4(-0.000);PHACTR2(-0.000);ACTB(-0.000);PFN1(-0.000);ACTG1(-0.000);RPL11(-0.000);RPL28(-0.000),LEF1(+0.000);BACH2(+0.000);MAML2(+0.000);FOXP1(+0.000);ZBTB20(+0.000);PRKCA(+0.000);SERINC5(+0.000);TXK(+0.000)
ACTN1,False,0.33609551327481874,-6.882539e-05,0.0019669516,-3.1443524e-05,LEF1(-0.000);BACH2(-0.000);MAML2(-0.000);FOXP1(-0.000);FHIT(-0.000);SERINC5(-0.000);PRKCA(-0.000);PDE3B(-0.000),CCL5(+0.000);PLCB1(+0.000);IL32(+0.000);A2M(+0.000);PHACTR2(+0.000);S100A4(+0.000);KLRG1(+0.000);GZMK(+0.000)
GREM2,False,0.02932998964182522,0.0,0.0019642387,3.072367e-06,ACTG1(-0.000);PFN1(-0.000);ACTB(-0.000);AOAH(-0.000);MYO1F(-0.000);PLCB1(-0.000);RAP1GAP2(-0.000);CCL5(-0.000),LEF1(+0.000);MAML2(+0.000);BACH2(+0.000);FOXP1(+0.000);SERINC5(+0.000);CAMK4(+0.000);PDE3B(+0.000);PRKCA(+0.000)
TSGA10,False,0.07790437769176253,-1.041474e-05,0.001963003,-3.162527e-05,IL32(-0.000);IL7R(-0.000);LTB(-0.000);PHACTR2(-0.000);RPL11(-0.000);CAMK4(-0.000);GZMK(-0.000);RPS18(-0.000),AOAH(+0.000);JAZF1(+0.000);CD247(+0.000);RAP1GAP2(+0.000);VAV3(+0.000);SAMD3(+0.000);FNDC3B(+0.000);TFDP2(+0.000)
WDR60,False,0.15439132093986807,-2.1736108e-05,0.0019595933,-5.5246262e-05,CCL5(-0.000);PLCB1(-0.000);AOAH(-0.000);GNLY(-0.000);A2M(-0.000);CTSW(-0.000);PARP8(-0.000);PZP(-0.000),LEF1(+0.000);BACH2(+0.000);FHIT(+0.000);FOXP1(+0.000);SERINC5(+0.000);SELL(+0.000);PRKCA(+0.000);PDE3B(+0.000)
CPQ,False,0.306438423376765,-1.1112497e-05,0.0019591872,-7.386115e-05,IL32(-0.000);PHACTR2(-0.000);IL7R(-0.000);LTB(-0.000);S100A4(-0.000);A2M(-0.000);RPL11(-0.000);RPL28(-0.000),BACH2(+0.000);KCNQ5(+0.000);LEF1(+0.000);TXK(+0.000);FOXP1(+0.000);ATP10A(+0.000);SFMBT2(+0.000);CD247(+0.000)
IGBP1,False,0.09524069127187483,2.9027817e-07,0.0019591025,4.661839e-05,PFN1(-0.000);PLCB1(-0.000);ACTG1(-0.000);MYO1F(-0.000);S100A4(-0.000);AOAH(-0.000);CCL5(-0.000);ACTB(-0.000),LEF1(+0.000);MAML2(+0.000);BACH2(+0.000);FOXP1(+0.000);SERINC5(+0.000);PDE3B(+0.000);PRKCA(+0.000);FHIT(+0.000)
EIF2B3,False,0.19260753420923513,3.4661468e-07,0.0019590799,5.776676e-05,IL32(-0.000);PHACTR2(-0.000);S100A4(-0.000);PLCB1(-0.000);A2M(-0.000);PFN1(-0.000);KLRG1(-0.000);S100A6(-0.000),LEF1(+0.000);BACH2(+0.000);MAML2(+0.000);FOXP1(+0.000);FHIT(+0.000);SERINC5(+0.000);PRKCA(+0.000);ZBTB20(+0.000)
CUL1,False,0.3254647549473914,-3.3184257e-05,0.0019576754,-5.0279607e-05,MAML2(-0.000);BCL2(-0.000);ZBTB20(-0.000);PITPNC1(-0.000);CCL5(-0.000);GNLY(-0.000);TXK(-0.000);BACH2(-0.000),ACTG1(+0.000);ACTB(+0.000);PFN1(+0.000);TMSB10(+0.000);S100A4(+0.000);GAPDH(+0.000);LGALS1(+0.000);CORO1A(+0.000)
TMC6,False,0.2579185520361991,-3.6172125e-05,0.0019575912,-0.00013465098,IL32(-0.000);IL7R(-0.000);PHACTR2(-0.000);LTB(-0.000);A2M(-0.000);CCL5(-0.000);S100A4(-0.000);PLCB1(-0.000),KCNQ5(+0.000);BACH2(+0.000);LEF1(+0.000);SMC4(+0.000);TFDP2(+0.000);ATP10A(+0.000);FOXP1(+0.000);SSBP2(+0.000)
VAV1,False,0.23267731559723057,-6.4274184e-07,0.0019571492,-6.7427627e-06,LEF1(-0.000);CAMK4(-0.000);MAML2(-0.000);SERINC5(-0.000);BACH2(-0.000);PDE3B(-0.000);FOXP1(-0.000);FHIT(-0.000),AOAH(+0.000);RAP1GAP2(+0.000);GNLY(+0.000);MCTP2(+0.000);JAZF1(+0.000);SYNE1(+0.000);SAMD3(+0.000);MYO1F(+0.000)
MBOAT1,False,0.10031074524341711,0.0,0.0019556596,1.9213196e-05,AOAH(-0.000);JAZF1(-0.000);RAP1GAP2(-0.000);SAMD3(-0.000);SYNE1(-0.000);CD247(-0.000);VAV3(-0.000);UTRN(-0.000),CAMK4(+0.000);IL7R(+0.000);LTB(+0.000);IL32(+0.000);RPL11(+0.000);LEF1(+0.000);BCL11B(+0.000);RPS2(+0.000)
PSME4,False,0.2497955623398572,-2.1351334e-05,0.0019551327,3.32801e-05,PLCB1(-0.000);A2M(-0.000);S100A4(-0.000);PHACTR2(-0.000);MYO1F(-0.000);CCL5(-0.000);IL32(-0.000);AOAH(-0.000),LEF1(+0.000);BACH2(+0.000);MAML2(+0.000);FOXP1(+0.000);SERINC5(+0.000);FHIT(+0.000);PRKCA(+0.000);PDE3B(+0.000)
LIMD1,False,0.11492122335495829,-1.0363459e-05,0.001954174,-1.8289327e-05,IL32(-0.000);PHACTR2(-0.000);A2M(-0.000);PLCB1(-0.000);IL7R(-0.000);S100A4(-0.000);LTB(-0.000);KLRG1(-0.000),LEF1(+0.000);BACH2(+0.000);KCNQ5(+0.000);FOXP1(+0.000);FHIT(+0.000);MAML2(+0.000);TXK(+0.000);ATP10A(+0.000)
DENND6A,False,0.20705446219266208,-8.083508e-06,0.0019500722,-2.2481465e-05,LEF1(-0.000);MAML2(-0.000);BACH2(-0.000);FOXP1(-0.000);SERINC5(-0.000);PRKCA(-0.000);FHIT(-0.000);ZBTB20(-0.000),S100A4(+0.000);PFN1(+0.000);IL32(+0.000);ACTB(+0.000);PHACTR2(+0.000);ACTG1(+0.000);PLCB1(+0.000);A2M(+0.000)
MED15,False,0.2452161587526577,-3.7329097e-05,0.001947597,-6.0815735e-05,BACH2(-0.000);LEF1(-0.000);MAML2(-0.000);TXK(-0.000);FOXP1(-0.000);ZBTB20(-0.000);KCNQ5(-0.000);CD247(-0.000),IL32(+0.000);PHACTR2(+0.000);S100A4(+0.000);PFN1(+0.000);GZMK(+0.000);A2M(+0.000);LTB(+0.000);S100A6(+0.000)
GSTK1,False,0.33195224336259055,-4.4826313e-05,0.0019467382,-0.00018186703,ACTB(-0.000);ACTG1(-0.000);SMC4(-0.000);PTMA(-0.000);GAPDH(-0.000);DNMT1(-0.000);ITGB2(-0.000);CD247(-0.000),IL7R(+0.000);GZMK(+0.000);BCL2(+0.000);LTB(+0.000);PLCB1(+0.000);PHACTR2(+0.000);A2M(+0.000);CAMK4(+0.000)
TM9SF2,False,0.24750586054625742,-9.123168e-06,0.0019454741,4.9121027e-05,IL32(-0.000);S100A4(-0.000);PHACTR2(-0.000);LTB(-0.000);RPL11(-0.000);RPL28(-0.000);PFN1(-0.000);IL7R(-0.000),KCNQ5(+0.000);TXK(+0.000);MCTP2(+0.000);CD247(+0.000);BACH2(+0.000);AOAH(+0.000);ZBTB20(+0.000);SFMBT2(+0.000)
SF3B1,False,0.46475494739137546,-7.762506e-06,0.0019434675,-0.0001391045,RAP1GAP2(-0.000);ACTG1(-0.000);JAZF1(-0.000);CD247(-0.000);RABGAP1L(-0.000);SYNE1(-0.000);AOAH(-0.000);ITGB2(-0.000),CAMK4(+0.000);IL7R(+0.000);BCL2(+0.000);LEF1(+0.000);LTB(+0.000);MAML2(+0.000);GZMK(+0.000);INPP4B(+0.000)
RC3H1,False,0.32317505315379164,1.2710321e-05,0.0019411799,0.00011642439,LEF1(-0.000);MAML2(-0.000);FOXP1(-0.000);BACH2(-0.000);SERINC5(-0.000);CAMK4(-0.000);PDE3B(-0.000);PRKCA(-0.000),CCL5(+0.000);AOAH(+0.000);PLCB1(+0.000);MYO1F(+0.000);GNLY(+0.000);RAP1GAP2(+0.000);ACTB(+0.000);ACTG1(+0.000)
NLRP1,False,0.47320503734394603,5.6988806e-06,0.0019408861,2.830771e-05,PLCB1(-0.000);A2M(-0.000);PHACTR2(-0.000);IL32(-0.000);S100A4(-0.000);KLRG1(-0.000);PARP8(-0.000);PZP(-0.000),LEF1(+0.000);BACH2(+0.000);MAML2(+0.000);FOXP1(+0.000);FHIT(+0.000);SERINC5(+0.000);PRKCA(+0.000);PDE3B(+0.000)
INPP5D,False,0.33375129477184756,-7.126575e-05,0.0019395998,0.00011247818,MCTP2(-0.000);AOAH(-0.000);JAZF1(-0.000);CD247(-0.000);RAP1GAP2(-0.000);TYROBP(-0.000);TGFBR3(-0.000);VAV3(-0.000),IL32(+0.000);IL7R(+0.000);PHACTR2(+0.000);LTB(+0.000);RPL11(+0.000);RPS18(+0.000);RPS2(+0.000);RPS4X(+0.000)
ANXA6,False,0.21953878863871784,-3.4645596e-05,0.0019349572,-6.6696565e-08,CCL5(-0.000);PLCB1(-0.000);AOAH(-0.000);A2M(-0.000);MYO1F(-0.000);S100A4(-0.000);CTSW(-0.000);PFN1(-0.000),LEF1(+0.000);MAML2(+0.000);BACH2(+0.000);FOXP1(+0.000);SERINC5(+0.000);FHIT(+0.000);PRKCA(+0.000);PDE3B(+0.000)
ERGIC1,False,0.2361118682876302,-3.5869947e-05,0.0019346976,-2.3556713e-05,AOAH(-0.000);JAZF1(-0.000);CD247(-0.000);TXK(-0.000);ZBTB20(-0.000);UTRN(-0.000);SFMBT2(-0.000);KCNQ5(-0.000),IL32(+0.000);S100A4(+0.000);RPL11(+0.000);PFN1(+0.000);ACTB(+0.000);TMSB10(+0.000);RPL28(+0.000);ACTG1(+0.000)
GPR132,False,0.15946137491141035,-1.0005145e-05,0.0019346165,-4.652068e-05,IL32(-0.000);PHACTR2(-0.000);IL7R(-0.000);LTB(-0.000);S100A4(-0.000);RPL11(-0.000);RPL28(-0.000);RPS18(-0.000),KCNQ5(+0.000);CD247(+0.000);AOAH(+0.000);JAZF1(+0.000);BACH2(+0.000);TXK(+0.000);SFMBT2(+0.000);TFDP2(+0.000)
SIMC1,False,0.14207054462192661,0.0,0.0019340537,-8.4498664e-05,AOAH(-0.000);RAP1GAP2(-0.000);MYO1F(-0.000);JAZF1(-0.000);CCL5(-0.000);SAMD3(-0.000);SYNE1(-0.000);PLCB1(-0.000),LEF1(+0.000);CAMK4(+0.000);MAML2(+0.000);FOXP1(+0.000);SERINC5(+0.000);BACH2(+0.000);PDE3B(+0.000);BCL11B(+0.000)
GAPDH,False,0.31052717657962164,-0.00010828951,0.0019339999,2.4681523e-05,LEF1(-0.000);CAMK4(-0.000);SERINC5(-0.000);PDE3B(-0.000);FHIT(-0.000);SELL(-0.000);FOXP1(-0.000);RPL11(-0.000),AOAH(+0.000);PLCB1(+0.000);RAP1GAP2(+0.000);JAZF1(+0.000);SYNE1(+0.000);CCL5(+0.000);SAMD3(+0.000);ARHGAP26(+0.000)
METAP2,False,0.22515400970397426,-1.0658169e-05,0.0019336832,2.6918844e-05,RAP1GAP2(-0.000);AOAH(-0.000);ACTG1(-0.000);PFN1(-0.000);JAZF1(-0.000);ACTB(-0.000);MYO1F(-0.000);SAMD3(-0.000),LEF1(+0.000);CAMK4(+0.000);MAML2(+0.000);IL7R(+0.000);BCL2(+0.000);FOXP1(+0.000);BCL11B(+0.000);SERINC5(+0.000)
VPS51,False,0.28048846971596797,-2.263622e-05,0.0019336201,8.648426e-05,LEF1(-0.000);BACH2(-0.000);FOXP1(-0.000);MAML2(-0.000);SERINC5(-0.000);FHIT(-0.000);PDE3B(-0.000);PRKCA(-0.000),AOAH(+0.000);PLCB1(+0.000);A2M(+0.000);MYO1F(+0.000);CCL5(+0.000);RAP1GAP2(+0.000);SYNE1(+0.000);PZP(+0.000)
NOP58,False,0.385051518290356,2.0942462e-05,0.0019335932,-9.626839e-05,CCL5(-0.000);AOAH(-0.000);CTSW(-0.000);PLCB1(-0.000);GNLY(-0.000);PPP2R2B(-0.000);MYO1F(-0.000);RAP1GAP2(-0.000),LEF1(+0.000);CAMK4(+0.000);SERINC5(+0.000);FOXP1(+0.000);BACH2(+0.000);MAML2(+0.000);FHIT(+0.000);PDE3B(+0.000)
PLAAT4,False,0.1458867142779262,3.704027e-05,0.0019332822,5.8899048e-05,LEF1(-0.000);CAMK4(-0.000);MAML2(-0.000);FOXP1(-0.000);SERINC5(-0.000);BACH2(-0.000);PDE3B(-0.000);PRKCA(-0.000),AOAH(+0.000);CCL5(+0.000);RAP1GAP2(+0.000);PLCB1(+0.000);MYO1F(+0.000);JAZF1(+0.000);SAMD3(+0.000);SYNE1(+0.000)
HACL1,False,0.09409584037507496,-1.18686485e-05,0.0019288727,3.931729e-05,IL32(-0.000);IL7R(-0.000);LTB(-0.000);PHACTR2(-0.000);GZMK(-0.000);RPL11(-0.000);CAMK4(-0.000);RPS18(-0.000),CD247(+0.000);JAZF1(+0.000);AOAH(+0.000);MCTP2(+0.000);KCNQ5(+0.000);TFDP2(+0.000);RAP1GAP2(+0.000);MAPRE2(+0.000)
MLXIP,True,0.16840211524832363,-2.3585628e-05,0.0019269697,-0.00070327317,CCL5(-0.000);CD247(-0.000);TXK(-0.000);MBNL1(-0.000);AOAH(-0.000);PITPNC1(-0.000);CELF2(-0.000);ZBTB20(-0.000),PFN1(+0.000);TRAC(+0.000);IL32(+0.000);TRBC2(+0.000);TMSB10(+0.000);CD3D(+0.000);S100A6(+0.000);VIM(+0.000)
SRPK2,False,0.6323938287084993,-1.24954595e-05,0.0019265397,0.00018036584,MCTP2(-0.000);GNLY(-0.000);TGFBR3(-0.000);SMC4(-0.000);IFI16(-0.000);TYROBP(-0.000);TOX(-0.000);JAZF1(-0.000),IL7R(+0.000);LTB(+0.000);PHACTR2(+0.000);IL32(+0.000);BCL2(+0.000);GZMK(+0.000);A2M(+0.000);PLCB1(+0.000)
CEBPZOS,False,0.11971869377964346,0.0,0.0019257723,2.0991389e-05,AOAH(-0.000);RAP1GAP2(-0.000);MCTP2(-0.000);JAZF1(-0.000);GNLY(-0.000);TGFBR3(-0.000);SAMD3(-0.000);SYNE1(-0.000),LEF1(+0.000);CAMK4(+0.000);IL7R(+0.000);MAML2(+0.000);LTB(+0.000);BCL11B(+0.000);SERINC5(+0.000);PDE3B(+0.000)
UBE2E3,False,0.11824674262661505,-2.8733877e-05,0.0019247504,8.4383355e-05,AOAH(-0.000);GNLY(-0.000);RAP1GAP2(-0.000);JAZF1(-0.000);MCTP2(-0.000);MYO1F(-0.000);SAMD3(-0.000);SYNE1(-0.000),LEF1(+0.000);CAMK4(+0.000);MAML2(+0.000);IL7R(+0.000);BCL2(+0.000);SERINC5(+0.000);BACH2(+0.000);BCL11B(+0.000)
SLC30A5,False,0.10608951643678788,-1.03838265e-05,0.0019222295,-1.653563e-05,AOAH(-0.000);RAP1GAP2(-0.000);JAZF1(-0.000);GNLY(-0.000);SAMD3(-0.000);CD247(-0.000);SYNE1(-0.000);VAV3(-0.000),IL7R(+0.000);CAMK4(+0.000);LTB(+0.000);BCL2(+0.000);LEF1(+0.000);BCL11B(+0.000);MAML2(+0.000);INPP4B(+0.000)
TUBGCP5,False,0.08297443166330482,-3.476145e-05,0.001921083,-1.3026237e-05,BACH2(-0.000);KCNQ5(-0.000);TXK(-0.000);CD247(-0.000);LEF1(-0.000);ZBTB20(-0.000);SFMBT2(-0.000);MAML2(-0.000),IL32(+0.000);PHACTR2(+0.000);S100A4(+0.000);LTB(+0.000);IL7R(+0.000);RPL11(+0.000);RPL28(+0.000);A2M(+0.000)
LINC00662,False,0.1454505806029548,-1.2716631e-05,0.001920394,-2.7394884e-05,LEF1(-0.000);MAML2(-0.000);BACH2(-0.000);FOXP1(-0.000);SERINC5(-0.000);CAMK4(-0.000);PDE3B(-0.000);PRKCA(-0.000),PFN1(+0.000);ACTG1(+0.000);MYO1F(+0.000);PLCB1(+0.000);S100A4(+0.000);ACTB(+0.000);AOAH(+0.000);RAP1GAP2(+0.000)
MICU3,False,0.09164258845336097,0.0,0.001918109,2.8116265e-06,LEF1(-0.000);MAML2(-0.000);BACH2(-0.000);FOXP1(-0.000);SERINC5(-0.000);FHIT(-0.000);PDE3B(-0.000);CAMK4(-0.000),CCL5(+0.000);PLCB1(+0.000);AOAH(+0.000);MYO1F(+0.000);A2M(+0.000);RAP1GAP2(+0.000);S100A4(+0.000);CTSW(+0.000)
SBNO1,False,0.23240473205037343,-5.2186233e-06,0.0019173399,8.042889e-05,LEF1(-0.000);MAML2(-0.000);FOXP1(-0.000);BACH2(-0.000);CAMK4(-0.000);SERINC5(-0.000);PDE3B(-0.000);PRKCA(-0.000),CCL5(+0.000);AOAH(+0.000);PLCB1(+0.000);MYO1F(+0.000);RAP1GAP2(+0.000);SYNE1(+0.000);SAMD3(+0.000);PPP2R2B(+0.000)
SLC24A1,False,0.09780297661233167,0.0,0.0019154135,2.4380797e-05,IL32(-0.000);S100A4(-0.000);PFN1(-0.000);PHACTR2(-0.000);ACTB(-0.000);ACTG1(-0.000);S100A6(-0.000);TMSB4X(-0.000),BACH2(+0.000);LEF1(+0.000);MAML2(+0.000);FOXP1(+0.000);ZBTB20(+0.000);TXK(+0.000);FHIT(+0.000);KCNQ5(+0.000)
PRKD2,False,0.21386905086408986,7.752024e-07,0.0019144191,5.963731e-05,LEF1(-0.000);FOXP1(-0.000);BACH2(-0.000);MAML2(-0.000);SERINC5(-0.000);CAMK4(-0.000);FHIT(-0.000);PDE3B(-0.000),AOAH(+0.000);PLCB1(+0.000);CCL5(+0.000);A2M(+0.000);MYO1F(+0.000);RAP1GAP2(+0.000);ARHGAP26(+0.000);SYNE1(+0.000)
RAD52,False,0.0507550564247942,0.0,0.0019142656,1.0798701e-05,AOAH(-0.000);RAP1GAP2(-0.000);GNLY(-0.000);MYO1F(-0.000);PLCB1(-0.000);JAZF1(-0.000);CCL5(-0.000);SAMD3(-0.000),LEF1(+0.000);MAML2(+0.000);CAMK4(+0.000);FOXP1(+0.000);BACH2(+0.000);SERINC5(+0.000);PDE3B(+0.000);INPP4B(+0.000)
PSMF1,False,0.2191571716731178,7.887713e-07,0.0019109328,-6.4946515e-05,GNLY(-0.000);CCL5(-0.000);AOAH(-0.000);MCTP2(-0.000);TGFBR3(-0.000);RAP1GAP2(-0.000);CTSW(-0.000);MYO1F(-0.000),LEF1(+0.000);MAML2(+0.000);CAMK4(+0.000);FOXP1(+0.000);BACH2(+0.000);SERINC5(+0.000);PDE3B(+0.000);INPP4B(+0.000)
ECPAS,False,0.1203183775827291,8.851867e-06,0.0019073029,3.1607455e-05,LEF1(-0.000);CAMK4(-0.000);MAML2(-0.000);FOXP1(-0.000);BACH2(-0.000);SERINC5(-0.000);PDE3B(-0.000);FHIT(-0.000),AOAH(+0.000);RAP1GAP2(+0.000);MYO1F(+0.000);JAZF1(+0.000);PLCB1(+0.000);SYNE1(+0.000);SAMD3(+0.000);CCL5(+0.000)
DDX18,False,0.3693507059913864,9.188279e-06,0.0019062948,-9.0879425e-05,AOAH(-0.000);CD247(-0.000);JAZF1(-0.000);MCTP2(-0.000);RAP1GAP2(-0.000);GNLY(-0.000);KCNQ5(-0.000);SAMD3(-0.000),IL32(+0.000);LTB(+0.000);IL7R(+0.000);CAMK4(+0.000);TRAC(+0.000);PHACTR2(+0.000);RPL11(+0.000);RPL30(+0.000)
PRMT3,False,0.17908739028512236,-3.5185453e-06,0.001903295,-0.000112635404,IL7R(-0.000);LTB(-0.000);IL32(-0.000);CAMK4(-0.000);RPL11(-0.000);RPS18(-0.000);RPL30(-0.000);RPL13(-0.000),AOAH(+0.000);JAZF1(+0.000);RAP1GAP2(+0.000);MCTP2(+0.000);CD247(+0.000);GNLY(+0.000);SAMD3(+0.000);VAV3(+0.000)
NCK2,False,0.6450417052826692,1.5112664e-05,0.0019032904,-2.3451928e-05,SMC4(-0.000);GAPDH(-0.000);ACTG1(-0.000);HNRNPA2B1(-0.000);LGALS1(-0.000);LEF1(-0.000);ITGB1(-0.000);ACTB(-0.000),PLCB1(+0.000);IL7R(+0.000);A2M(+0.000);PHACTR2(+0.000);PARP8(+0.000);BCL2(+0.000);GZMK(+0.000);KLRG1(+0.000)
ITPRIP,False,0.13825437496592707,7.04577e-06,0.0019012019,-8.697406e-05,LEF1(-0.000);MAML2(-0.000);BACH2(-0.000);FOXP1(-0.000);SERINC5(-0.000);CAMK4(-0.000);PDE3B(-0.000);PRKCA(-0.000),PFN1(+0.000);ACTG1(+0.000);MYO1F(+0.000);ACTB(+0.000);AOAH(+0.000);RAP1GAP2(+0.000);S100A4(+0.000);PLCB1(+0.000)
LY9,False,0.2996238347053372,-2.1433963e-05,0.0018997496,-7.263884e-05,AOAH(-0.000);CD247(-0.000);TXK(-0.000);JAZF1(-0.000);ZBTB20(-0.000);KCNQ5(-0.000);SFMBT2(-0.000);FNDC3B(-0.000),IL32(+0.000);S100A4(+0.000);PFN1(+0.000);PHACTR2(+0.000);RPL11(+0.000);LTB(+0.000);TMSB10(+0.000);S100A6(+0.000)
TRAF3,False,0.2584637191299134,-1.2322307e-05,0.0018979729,4.9062055e-05,IL7R(-0.000);IL32(-0.000);LTB(-0.000);CAMK4(-0.000);PHACTR2(-0.000);RPL11(-0.000);BCL2(-0.000);TRAC(-0.000),AOAH(+0.000);JAZF1(+0.000);RAP1GAP2(+0.000);CD247(+0.000);SAMD3(+0.000);VAV3(+0.000);SYNE1(+0.000);FNDC3B(+0.000)
PFDN1,False,0.10014719511530283,0.0,0.0018972377,3.8475606e-05,LEF1(-0.000);MAML2(-0.000);BACH2(-0.000);FOXP1(-0.000);SERINC5(-0.000);PRKCA(-0.000);FHIT(-0.000);PDE3B(-0.000),S100A4(+0.000);ACTB(+0.000);ACTG1(+0.000);PFN1(+0.000);PLCB1(+0.000);GNLY(+0.000);CCL5(+0.000);MYO1F(+0.000)
VPS4B,False,0.1495938505151829,5.9251643e-06,0.0018960482,-1.5518273e-05,LEF1(-0.000);BACH2(-0.000);MAML2(-0.000);FOXP1(-0.000);SERINC5(-0.000);FHIT(-0.000);PRKCA(-0.000);PDE3B(-0.000),S100A4(+0.000);CCL5(+0.000);PLCB1(+0.000);IL32(+0.000);PFN1(+0.000);A2M(+0.000);PHACTR2(+0.000);ACTB(+0.000)
VEZF1,True,0.05691544458376492,0.0,0.001894801,0.00034588444,HCST(-0.000);AOAH(-0.000);MYO1F(-0.000);GNLY(-0.000);RAP1GAP2(-0.000);FOS(-0.000);JUN(-0.000);ITGAL(-0.000),LEF1(+0.000);IL7R(+0.000);B2M(+0.000);MAML2(+0.000);CCR7(+0.000);BACH2(+0.000);SERINC5(+0.000);DOCK10(+0.000)
POLR2A,False,0.2908466444965382,-6.595977e-06,0.0018947661,-0.00016346358,RPL11(-0.000);CAMK4(-0.000);EEF1A1(-0.000);LEF1(-0.000);LTB(-0.000);RPS2(-0.000);IL32(-0.000);RPL41(-0.000),AOAH(+0.000);JAZF1(+0.000);RAP1GAP2(+0.000);SAMD3(+0.000);SYNE1(+0.000);UTRN(+0.000);PLCB1(+0.000);ARHGAP26(+0.000)
TMEM116,False,0.07267077359210598,-2.0922294e-06,0.0018916137,1.0333307e-05,GNLY(-0.000);AOAH(-0.000);CCL5(-0.000);PLCB1(-0.000);TGFBR3(-0.000);MCTP2(-0.000);CTSW(-0.000);PRF1(-0.000),LEF1(+0.000);MAML2(+0.000);CAMK4(+0.000);BACH2(+0.000);FOXP1(+0.000);SERINC5(+0.000);PDE3B(+0.000);FHIT(+0.000)
ZNF644,False,0.37343945919424304,-2.3382961e-05,0.0018910929,-0.000106467814,LEF1(-0.000);BACH2(-0.000);MAML2(-0.000);FOXP1(-0.000);ZBTB20(-0.000);TXK(-0.000);SERINC5(-0.000);FHIT(-0.000),IL32(+0.000);S100A4(+0.000);PFN1(+0.000);PHACTR2(+0.000);ACTB(+0.000);ACTG1(+0.000);PLCB1(+0.000);S100A6(+0.000)
TMEM184B,False,0.08286539824456196,0.0,0.0018899197,4.0582705e-05,LEF1(-0.000);BACH2(-0.000);MAML2(-0.000);FOXP1(-0.000);SERINC5(-0.000);FHIT(-0.000);PRKCA(-0.000);PDE3B(-0.000),S100A4(+0.000);PLCB1(+0.000);A2M(+0.000);IL32(+0.000);ACTB(+0.000);ACTG1(+0.000);PFN1(+0.000);MYO1F(+0.000)
DTWD2,False,0.1090879354522161,0.0,0.0018893535,1.0153648e-05,AOAH(-0.000);RAP1GAP2(-0.000);MYO1F(-0.000);PLCB1(-0.000);PFN1(-0.000);ACTG1(-0.000);SAMD3(-0.000);JAZF1(-0.000),LEF1(+0.000);MAML2(+0.000);CAMK4(+0.000);FOXP1(+0.000);BACH2(+0.000);SERINC5(+0.000);PDE3B(+0.000);INPP4B(+0.000)
CDKL1,False,0.06547456795507824,0.0,0.0018886159,4.0969317e-05,LEF1(-0.000);CAMK4(-0.000);MAML2(-0.000);FOXP1(-0.000);SERINC5(-0.000);BACH2(-0.000);PDE3B(-0.000);FHIT(-0.000),AOAH(+0.000);CCL5(+0.000);PLCB1(+0.000);RAP1GAP2(+0.000);MYO1F(+0.000);SYNE1(+0.000);JAZF1(+0.000);SAMD3(+0.000)
KMT5B,False,0.21070708172054733,6.6415537e-06,0.0018863394,4.1147563e-05,LEF1(-0.000);CAMK4(-0.000);MAML2(-0.000);SERINC5(-0.000);FOXP1(-0.000);BACH2(-0.000);PDE3B(-0.000);BCL11B(-0.000),AOAH(+0.000);MCTP2(+0.000);TGFBR3(+0.000);CCL5(+0.000);RAP1GAP2(+0.000);CTSW(+0.000);GNLY(+0.000);JAZF1(+0.000)
B4GALT1,False,0.1286049174071853,-4.2860436e-05,0.0018829341,-3.584664e-06,AOAH(-0.000);RAP1GAP2(-0.000);CCL5(-0.000);MCTP2(-0.000);JAZF1(-0.000);TGFBR3(-0.000);SYNE1(-0.000);SAMD3(-0.000),LEF1(+0.000);CAMK4(+0.000);MAML2(+0.000);SERINC5(+0.000);PDE3B(+0.000);FOXP1(+0.000);BACH2(+0.000);BCL11B(+0.000)
RDX,False,0.1310581693288993,-1.39915055e-05,0.0018826189,-2.3589906e-05,LEF1(-0.000);BACH2(-0.000);FOXP1(-0.000);MAML2(-0.000);FHIT(-0.000);SERINC5(-0.000);PRKCA(-0.000);PDE3B(-0.000),PLCB1(+0.000);A2M(+0.000);PHACTR2(+0.000);CCL5(+0.000);IL32(+0.000);S100A4(+0.000);KLRG1(+0.000);PARP8(+0.000)
CCDC97,False,0.049828272365480014,-1.1710636e-05,0.0018809211,7.291926e-07,PLCB1(-0.000);S100A4(-0.000);CCL5(-0.000);A2M(-0.000);IL32(-0.000);PFN1(-0.000);PHACTR2(-0.000);ACTB(-0.000),LEF1(+0.000);BACH2(+0.000);MAML2(+0.000);FOXP1(+0.000);SERINC5(+0.000);FHIT(+0.000);PRKCA(+0.000);PDE3B(+0.000)
POLA1,False,0.06830943684239218,0.0,0.0018806232,-7.1479985e-06,AOAH(-0.000);JAZF1(-0.000);RAP1GAP2(-0.000);CD247(-0.000);SAMD3(-0.000);SYNE1(-0.000);VAV3(-0.000);FNDC3B(-0.000),IL7R(+0.000);CAMK4(+0.000);LTB(+0.000);IL32(+0.000);RPL11(+0.000);BCL11B(+0.000);BCL2(+0.000);LEF1(+0.000)
RAB1A,False,0.25017717930545713,-1.952325e-05,0.0018800455,-0.00016039948,AOAH(-0.000);PLCB1(-0.000);RAP1GAP2(-0.000);MYO1F(-0.000);SYNE1(-0.000);CCL5(-0.000);GNLY(-0.000);SAMD3(-0.000),LEF1(+0.000);MAML2(+0.000);FOXP1(+0.000);CAMK4(+0.000);BACH2(+0.000);SERINC5(+0.000);PDE3B(+0.000);FHIT(+0.000)
MTA3,False,0.13738210761598432,1.1894947e-05,0.0018790662,-2.0159374e-05,S100A4(-0.000);IL32(-0.000);PFN1(-0.000);PHACTR2(-0.000);ACTB(-0.000);ACTG1(-0.000);PLCB1(-0.000);A2M(-0.000),LEF1(+0.000);BACH2(+0.000);MAML2(+0.000);FOXP1(+0.000);SERINC5(+0.000);FHIT(+0.000);PRKCA(+0.000);ZBTB20(+0.000)
HNRNPF,False,0.24521615875265773,-1.46605e-05,0.0018778286,-5.4163753e-05,CD247(-0.000);KCNQ5(-0.000);JAZF1(-0.000);TFDP2(-0.000);MAPRE2(-0.000);SFMBT2(-0.000);AOAH(-0.000);SCLT1(-0.000),IL32(+0.000);IL7R(+0.000);LTB(+0.000);PHACTR2(+0.000);CAMK4(+0.000);A2M(+0.000);GZMK(+0.000);RPL11(+0.000)
LINC01184,False,0.20247505860546255,-1.6825014e-06,0.0018771848,-0.00013712955,IL32(-0.000);S100A4(-0.000);PHACTR2(-0.000);LTB(-0.000);IL7R(-0.000);RPL11(-0.000);RPL28(-0.000);B2M(-0.000),KCNQ5(+0.000);BACH2(+0.000);AOAH(+0.000);MCTP2(+0.000);TXK(+0.000);JAZF1(+0.000);SFMBT2(+0.000);FOXP1(+0.000)
CLIP4,False,0.22864307910374532,5.769562e-06,0.0018761707,0.00014969129,LEF1(-0.000);MAML2(-0.000);FOXP1(-0.000);BACH2(-0.000);SERINC5(-0.000);FHIT(-0.000);PRKCA(-0.000);PDE3B(-0.000),CCL5(+0.000);PLCB1(+0.000);ACTB(+0.000);S100A4(+0.000);ACTG1(+0.000);MYO1F(+0.000);A2M(+0.000);AOAH(+0.000)
EDF1,False,0.24467099165894346,-2.4041343e-05,0.0018746668,-5.3254575e-05,CCL5(-0.000);PLCB1(-0.000);A2M(-0.000);PHACTR2(-0.000);S100A4(-0.000);IL32(-0.000);KLRG1(-0.000);MYO1F(-0.000),LEF1(+0.000);BACH2(+0.000);MAML2(+0.000);FOXP1(+0.000);FHIT(+0.000);SERINC5(+0.000);PRKCA(+0.000);PDE3B(+0.000)
KIF1B,False,0.09017063730033256,0.0,0.0018731743,6.2867875e-05,AOAH(-0.000);JAZF1(-0.000);TXK(-0.000);KCNQ5(-0.000);CD247(-0.000);MCTP2(-0.000);SFMBT2(-0.000);ZBTB20(-0.000),IL32(+0.000);S100A4(+0.000);RPL11(+0.000);PHACTR2(+0.000);LTB(+0.000);RPL28(+0.000);IL7R(+0.000);ACTB(+0.000)
IQCB1,False,0.25999018699231313,-4.7684985e-06,0.0018721712,0.00020872017,LEF1(-0.000);CAMK4(-0.000);FOXP1(-0.000);MAML2(-0.000);BACH2(-0.000);SERINC5(-0.000);PDE3B(-0.000);FHIT(-0.000),AOAH(+0.000);CCL5(+0.000);RAP1GAP2(+0.000);PLCB1(+0.000);SYNE1(+0.000);MYO1F(+0.000);SAMD3(+0.000);JAZF1(+0.000)
ALK,False,0.052717657962165404,0.0,0.0018715009,8.562034e-05,LEF1(-0.000);MAML2(-0.000);FOXP1(-0.000);BACH2(-0.000);SERINC5(-0.000);CAMK4(-0.000);PDE3B(-0.000);FHIT(-0.000),AOAH(+0.000);PLCB1(+0.000);MYO1F(+0.000);RAP1GAP2(+0.000);A2M(+0.000);SYNE1(+0.000);SAMD3(+0.000);NCALD(+0.000)
MARCH7,False,0.21659488633266097,5.8367264e-06,0.0018687303,-4.8265225e-05,PLCB1(-0.000);CCL5(-0.000);A2M(-0.000);AOAH(-0.000);PHACTR2(-0.000);MYO1F(-0.000);PARP8(-0.000);KLRG1(-0.000),LEF1(+0.000);BACH2(+0.000);FOXP1(+0.000);MAML2(+0.000);SERINC5(+0.000);FHIT(+0.000);PRKCA(+0.000);PDE3B(+0.000)
VRK1,False,0.15264678623998257,3.5475869e-06,0.001867419,-2.3058135e-05,LEF1(-0.000);MAML2(-0.000);BACH2(-0.000);FOXP1(-0.000);SERINC5(-0.000);CAMK4(-0.000);PDE3B(-0.000);FHIT(-0.000),CCL5(+0.000);AOAH(+0.000);PLCB1(+0.000);MYO1F(+0.000);RAP1GAP2(+0.000);A2M(+0.000);PFN1(+0.000);GNLY(+0.000)
RRP12,False,0.1678569481546094,0.0,0.0018650076,5.6983336e-05,LEF1(-0.000);BACH2(-0.000);FOXP1(-0.000);MAML2(-0.000);FHIT(-0.000);KCNQ5(-0.000);PRKCA(-0.000);TXK(-0.000),IL32(+0.000);PHACTR2(+0.000);A2M(+0.000);PLCB1(+0.000);S100A4(+0.000);IL7R(+0.000);CCL5(+0.000);LTB(+0.000)
TRAP1,False,0.09327808973450363,-1.6153293e-05,0.0018616308,8.845062e-06,LEF1(-0.000);MAML2(-0.000);BACH2(-0.000);FOXP1(-0.000);SERINC5(-0.000);CAMK4(-0.000);PDE3B(-0.000);PRKCA(-0.000),ACTG1(+0.000);MYO1F(+0.000);PLCB1(+0.000);PFN1(+0.000);AOAH(+0.000);ACTB(+0.000);S100A4(+0.000);CCL5(+0.000)
CCNI,False,0.23883770375620128,-3.4274703e-07,0.001860008,-7.092776e-05,LEF1(-0.000);MAML2(-0.000);BACH2(-0.000);FOXP1(-0.000);SERINC5(-0.000);FHIT(-0.000);PRKCA(-0.000);PDE3B(-0.000),PLCB1(+0.000);AOAH(+0.000);A2M(+0.000);MYO1F(+0.000);CCL5(+0.000);S100A4(+0.000);PFN1(+0.000);RAP1GAP2(+0.000)
MPPE1,False,0.1203183775827291,-1.3440161e-05,0.0018573351,6.1836094e-05,BACH2(-0.000);MAML2(-0.000);LEF1(-0.000);FOXP1(-0.000);ZBTB20(-0.000);TXK(-0.000);PRKCA(-0.000);KCNQ5(-0.000),IL32(+0.000);S100A4(+0.000);ACTB(+0.000);ACTG1(+0.000);PFN1(+0.000);PHACTR2(+0.000);TMSB4X(+0.000);CORO1A(+0.000)
CHD6,False,0.32802704028784824,2.6152253e-05,0.0018570601,-3.2941207e-05,PFN1(-0.000);S100A4(-0.000);ACTB(-0.000);ACTG1(-0.000);PLCB1(-0.000);MYO1F(-0.000);A2M(-0.000);AOAH(-0.000),LEF1(+0.000);MAML2(+0.000);BACH2(+0.000);FOXP1(+0.000);SERINC5(+0.000);FHIT(+0.000);PRKCA(+0.000);PDE3B(+0.000)
LSM14A,False,0.29291827945265225,6.8390277e-06,0.0018545132,4.240393e-05,IL32(-0.000);S100A4(-0.000);PHACTR2(-0.000);PFN1(-0.000);PLCB1(-0.000);A2M(-0.000);ACTG1(-0.000);ACTB(-0.000),LEF1(+0.000);BACH2(+0.000);MAML2(+0.000);FOXP1(+0.000);FHIT(+0.000);SERINC5(+0.000);PRKCA(+0.000);ZBTB20(+0.000)
AC131568.1,False,0.0678187864580494,-1.8078967e-05,0.0018541688,-1.269376e-05,AOAH(-0.000);CCL5(-0.000);PLCB1(-0.000);MYO1F(-0.000);RAP1GAP2(-0.000);A2M(-0.000);GNLY(-0.000);SYNE1(-0.000),LEF1(+0.000);MAML2(+0.000);BACH2(+0.000);FOXP1(+0.000);SERINC5(+0.000);CAMK4(+0.000);PDE3B(+0.000);FHIT(+0.000)
TM7SF3,False,0.09033418742844682,-1.259879e-05,0.0018541492,-1.6990602e-05,CCL5(-0.000);PLCB1(-0.000);A2M(-0.000);AOAH(-0.000);S100A4(-0.000);MYO1F(-0.000);PHACTR2(-0.000);CTSW(-0.000),LEF1(+0.000);BACH2(+0.000);MAML2(+0.000);FOXP1(+0.000);SERINC5(+0.000);FHIT(+0.000);PRKCA(+0.000);PDE3B(+0.000)
AIG1,False,0.09834814370604592,0.0,0.0018520866,7.3222545e-05,LEF1(-0.000);BACH2(-0.000);MAML2(-0.000);FOXP1(-0.000);FHIT(-0.000);KCNQ5(-0.000);PRKCA(-0.000);SERINC5(-0.000),IL32(+0.000);PHACTR2(+0.000);S100A4(+0.000);GZMK(+0.000);CCL5(+0.000);A2M(+0.000);PLCB1(+0.000);LTB(+0.000)
CD226,False,0.19718693779643462,-5.5328954e-05,0.0018511529,1.3928554e-05,AOAH(-0.000);RAP1GAP2(-0.000);ACTG1(-0.000);MYO1F(-0.000);ACTB(-0.000);PFN1(-0.000);JAZF1(-0.000);SAMD3(-0.000),LEF1(+0.000);MAML2(+0.000);CAMK4(+0.000);FOXP1(+0.000);BACH2(+0.000);BCL2(+0.000);IL7R(+0.000);SERINC5(+0.000)
WTAP,False,0.29253666248705223,-1.1935238e-05,0.0018506745,3.5208448e-06,ACTG1(-0.000);AOAH(-0.000);RAP1GAP2(-0.000);PFN1(-0.000);ACTB(-0.000);MYO1F(-0.000);JAZF1(-0.000);SAMD3(-0.000),LEF1(+0.000);MAML2(+0.000);CAMK4(+0.000);IL7R(+0.000);BCL2(+0.000);FOXP1(+0.000);BACH2(+0.000);SERINC5(+0.000)
COA7,False,0.06939977102982064,0.0,0.0018500864,-3.9123028e-05,LEF1(-0.000);BACH2(-0.000);MAML2(-0.000);FOXP1(-0.000);ZBTB20(-0.000);SERINC5(-0.000);TXK(-0.000);FHIT(-0.000),IL32(+0.000);S100A4(+0.000);PFN1(+0.000);PHACTR2(+0.000);ACTB(+0.000);ACTG1(+0.000);GZMK(+0.000);A2M(+0.000)
MKLN1,False,0.43776917625252143,-3.4479883e-05,0.0018462519,-0.00017742274,LEF1(-0.000);MAML2(-0.000);BACH2(-0.000);FOXP1(-0.000);SERINC5(-0.000);CAMK4(-0.000);PDE3B(-0.000);FHIT(-0.000),PFN1(+0.000);AOAH(+0.000);PLCB1(+0.000);MYO1F(+0.000);RAP1GAP2(+0.000);ACTG1(+0.000);A2M(+0.000);S100A4(+0.000)
COG7,False,0.07839502807610532,6.574862e-07,0.0018451033,2.6068858e-05,LEF1(-0.000);MAML2(-0.000);CAMK4(-0.000);FOXP1(-0.000);BACH2(-0.000);SERINC5(-0.000);PDE3B(-0.000);FHIT(-0.000),AOAH(+0.000);CCL5(+0.000);RAP1GAP2(+0.000);MYO1F(+0.000);PLCB1(+0.000);SYNE1(+0.000);SAMD3(+0.000);JAZF1(+0.000)
GSN,False,0.048192771084337345,0.0,0.0018441343,5.601725e-05,GNLY(-0.000);CCL5(-0.000);PLCB1(-0.000);PFN1(-0.000);MYO1F(-0.000);AOAH(-0.000);ACTG1(-0.000);S100A4(-0.000),LEF1(+0.000);MAML2(+0.000);BACH2(+0.000);FOXP1(+0.000);SERINC5(+0.000);CAMK4(+0.000);PDE3B(+0.000);FHIT(+0.000)
INTS10,False,0.21588616911083247,-1.9922612e-05,0.0018383744,0.00020438692,LEF1(-0.000);CAMK4(-0.000);FOXP1(-0.000);SERINC5(-0.000);TRAC(-0.000);FHIT(-0.000);PDE3B(-0.000);BACH2(-0.000),AOAH(+0.000);CCL5(+0.000);PLCB1(+0.000);A2M(+0.000);SYNE1(+0.000);ARHGAP26(+0.000);SYNE2(+0.000);RAP1GAP2(+0.000)
SENP7,False,0.25928146977048466,-4.785809e-05,0.001836589,-7.060117e-05,LEF1(-0.000);BACH2(-0.000);MAML2(-0.000);FOXP1(-0.000);SERINC5(-0.000);FHIT(-0.000);PRKCA(-0.000);PDE3B(-0.000),PLCB1(+0.000);A2M(+0.000);PHACTR2(+0.000);S100A4(+0.000);IL32(+0.000);CCL5(+0.000);PFN1(+0.000);GZMK(+0.000)
KAT2B,False,0.26266150575151287,-4.5439654e-05,0.0018342058,-0.00010230985,GNLY(-0.000);AOAH(-0.000);MCTP2(-0.000);TGFBR3(-0.000);JAZF1(-0.000);CCL5(-0.000);RAP1GAP2(-0.000);CTSW(-0.000),CAMK4(+0.000);IL32(+0.000);LTB(+0.000);TRAC(+0.000);IL7R(+0.000);LEF1(+0.000);RPL11(+0.000);BCL11B(+0.000)
SOS1,False,0.3251376546911629,1.5428071e-05,0.0018330641,0.0001298511,LEF1(-0.000);BACH2(-0.000);FHIT(-0.000);FOXP1(-0.000);SERINC5(-0.000);SELL(-0.000);PRKCA(-0.000);PDE3B(-0.000),PLCB1(+0.000);CCL5(+0.000);AOAH(+0.000);A2M(+0.000);PARP8(+0.000);SYNE2(+0.000);PZP(+0.000);ARHGAP26(+0.000)
UBA6,False,0.18148612549746496,2.7852002e-06,0.0018328318,1.7560731e-05,LEF1(-0.000);MAML2(-0.000);FOXP1(-0.000);BACH2(-0.000);CAMK4(-0.000);SERINC5(-0.000);PDE3B(-0.000);INPP4B(-0.000),AOAH(+0.000);CCL5(+0.000);ACTG1(+0.000);RAP1GAP2(+0.000);MYO1F(+0.000);ACTB(+0.000);PFN1(+0.000);PLCB1(+0.000)
PITPNB,False,0.264624107288884,-3.8967896e-06,0.0018324736,0.00014070026,RAP1GAP2(-0.000);JAZF1(-0.000);IFI16(-0.000);AOAH(-0.000);SMC4(-0.000);TOX(-0.000);PFN1(-0.000);ACTG1(-0.000),IL7R(+0.000);LTB(+0.000);CAMK4(+0.000);BCL2(+0.000);BCL11B(+0.000);RPL13(+0.000);ARHGAP15(+0.000);THEMIS(+0.000)
TENT5C,False,0.17145505097312325,-1.1818742e-05,0.0018273384,7.990058e-05,LTB(-0.000);IL7R(-0.000);CAMK4(-0.000);IL32(-0.000);TRAC(-0.000);RPL11(-0.000);BCL11B(-0.000);RPL30(-0.000),AOAH(+0.000);JAZF1(+0.000);CD247(+0.000);RAP1GAP2(+0.000);SAMD3(+0.000);SYNE1(+0.000);VAV3(+0.000);STK39(+0.000)
KIAA1328,False,0.20536444420214794,-2.0437023e-05,0.0018242236,-3.0459776e-05,LEF1(-0.000);MAML2(-0.000);CAMK4(-0.000);BACH2(-0.000);FOXP1(-0.000);SERINC5(-0.000);BCL2(-0.000);IL7R(-0.000),AOAH(+0.000);RAP1GAP2(+0.000);ACTG1(+0.000);MYO1F(+0.000);SAMD3(+0.000);PFN1(+0.000);JAZF1(+0.000);ACTB(+0.000)
DDB1,False,0.10178269639644551,7.474276e-06,0.0018197256,2.7722619e-05,LEF1(-0.000);MAML2(-0.000);BACH2(-0.000);FOXP1(-0.000);CAMK4(-0.000);SERINC5(-0.000);PDE3B(-0.000);PRKCA(-0.000),AOAH(+0.000);MYO1F(+0.000);RAP1GAP2(+0.000);PLCB1(+0.000);ACTG1(+0.000);ACTB(+0.000);PFN1(+0.000);SAMD3(+0.000)
GEN1,False,0.03821621326936706,0.0,0.001819525,2.9833303e-05,LEF1(-0.000);BACH2(-0.000);MAML2(-0.000);FOXP1(-0.000);FHIT(-0.000);TXK(-0.000);ZBTB20(-0.000);PRKCA(-0.000),IL32(+0.000);PHACTR2(+0.000);S100A4(+0.000);PLCB1(+0.000);A2M(+0.000);PFN1(+0.000);CCL5(+0.000);ACTB(+0.000)
ESCO1,False,0.19386141852477784,-1.166972e-05,0.0018189687,-5.2146897e-05,LEF1(-0.000);MAML2(-0.000);BACH2(-0.000);FOXP1(-0.000);SERINC5(-0.000);FHIT(-0.000);PRKCA(-0.000);PDE3B(-0.000),PFN1(+0.000);S100A4(+0.000);ACTG1(+0.000);PLCB1(+0.000);MYO1F(+0.000);ACTB(+0.000);A2M(+0.000);IL32(+0.000)
UBR2,False,0.41601700921332396,6.2401073e-06,0.0018152761,-0.00010934716,IL7R(-0.000);BCL2(-0.000);MAML2(-0.000);CAMK4(-0.000);LTB(-0.000);LEF1(-0.000);BCL11B(-0.000);ANK3(-0.000),ACTG1(+0.000);PFN1(+0.000);ACTB(+0.000);GAPDH(+0.000);SMC4(+0.000);LGALS1(+0.000);MYL6(+0.000);RAP1GAP2(+0.000)
PDLIM5,False,0.06629231859564956,-3.3404987e-05,0.001814053,1.4412574e-05,GNLY(-0.000);AOAH(-0.000);MCTP2(-0.000);JAZF1(-0.000);PRF1(-0.000);TGFBR3(-0.000);RAP1GAP2(-0.000);CD247(-0.000),IL32(+0.000);IL7R(+0.000);LTB(+0.000);CAMK4(+0.000);RPL11(+0.000);PHACTR2(+0.000);RPS18(+0.000);GZMK(+0.000)
A2M,False,0.061930981845935776,-0.00025117397,0.0018130173,-1.7103466e-05,CCL5(-0.000);PLCB1(-0.000);GNLY(-0.000);PHACTR2(-0.000);S100A4(-0.000);MYO1F(-0.000);KLRG1(-0.000);AOAH(-0.000),LEF1(+0.000);BACH2(+0.000);MAML2(+0.000);FOXP1(+0.000);FHIT(+0.000);SERINC5(+0.000);PRKCA(+0.000);PDE3B(+0.000)
FRMD4A,False,0.0810118301259336,0.0,0.0018119521,1.488115e-05,LEF1(-0.000);MAML2(-0.000);BACH2(-0.000);FOXP1(-0.000);SERINC5(-0.000);CAMK4(-0.000);PDE3B(-0.000);PRKCA(-0.000),PLCB1(+0.000);ACTG1(+0.000);CCL5(+0.000);MYO1F(+0.000);AOAH(+0.000);PFN1(+0.000);ACTB(+0.000);S100A4(+0.000)
RELCH,False,0.3273183230660198,2.1690268e-05,0.0018109231,4.087262e-05,IL7R(-0.000);LTB(-0.000);IL32(-0.000);CAMK4(-0.000);PHACTR2(-0.000);TRAC(-0.000);RPL11(-0.000);RPL30(-0.000),AOAH(+0.000);CD247(+0.000);JAZF1(+0.000);RAP1GAP2(+0.000);SAMD3(+0.000);KCNQ5(+0.000);VAV3(+0.000);TFDP2(+0.000)
TTC37,False,0.2001308401024914,-1.9971174e-05,0.0018108413,3.3103235e-05,IL7R(-0.000);LTB(-0.000);CAMK4(-0.000);BCL2(-0.000);PHACTR2(-0.000);IL32(-0.000);BCL11B(-0.000);THEMIS(-0.000),JAZF1(+0.000);RAP1GAP2(+0.000);CD247(+0.000);AOAH(+0.000);IFI16(+0.000);SMC4(+0.000);TOX(+0.000);SAMD3(+0.000)
PRR14L,False,0.17189118464809464,-1.8902338e-05,0.0018107668,-6.0180417e-05,CCL5(-0.000);PLCB1(-0.000);PHACTR2(-0.000);A2M(-0.000);IL32(-0.000);S100A4(-0.000);GZMK(-0.000);KLRG1(-0.000),LEF1(+0.000);BACH2(+0.000);MAML2(+0.000);FOXP1(+0.000);FHIT(+0.000);SERINC5(+0.000);PRKCA(+0.000);PDE3B(+0.000)
ICA1L,False,0.06743716949244943,0.0,0.0018097659,1.579685e-05,PLCB1(-0.000);CCL5(-0.000);A2M(-0.000);S100A4(-0.000);PHACTR2(-0.000);MYO1F(-0.000);AOAH(-0.000);IL32(-0.000),LEF1(+0.000);BACH2(+0.000);MAML2(+0.000);FOXP1(+0.000);SERINC5(+0.000);FHIT(+0.000);PRKCA(+0.000);PDE3B(+0.000)
BMP2K,False,0.11693834160170091,0.0,0.0018096217,-1.7593975e-05,AOAH(-0.000);JAZF1(-0.000);RAP1GAP2(-0.000);CD247(-0.000);SAMD3(-0.000);VAV3(-0.000);SYNE1(-0.000);TFDP2(-0.000),IL7R(+0.000);LTB(+0.000);CAMK4(+0.000);IL32(+0.000);BCL2(+0.000);PHACTR2(+0.000);BCL11B(+0.000);RPL11(+0.000)
C3orf62,False,0.06122226462410729,0.0,0.0018034449,6.265122e-05,AOAH(-0.000);RAP1GAP2(-0.000);JAZF1(-0.000);MYO1F(-0.000);SAMD3(-0.000);SYNE1(-0.000);PFN1(-0.000);ACTG1(-0.000),LEF1(+0.000);CAMK4(+0.000);MAML2(+0.000);IL7R(+0.000);SERINC5(+0.000);BACH2(+0.000);FOXP1(+0.000);BCL2(+0.000)
UHRF1BP1L,False,0.08635446764433298,0.0,0.0018027812,1.6039636e-05,PLCB1(-0.000);AOAH(-0.000);CCL5(-0.000);A2M(-0.000);MYO1F(-0.000);S100A4(-0.000);RAP1GAP2(-0.000);PFN1(-0.000),LEF1(+0.000);MAML2(+0.000);BACH2(+0.000);FOXP1(+0.000);SERINC5(+0.000);FHIT(+0.000);PRKCA(+0.000);PDE3B(+0.000)
ARHGAP30,False,0.26413345690454126,-3.5509118e-05,0.0018012457,2.5085832e-05,ACTG1(-0.000);ACTB(-0.000);S100A4(-0.000);PFN1(-0.000);IL32(-0.000);TMSB10(-0.000);TMSB4X(-0.000);CORO1A(-0.000),MAML2(+0.000);BACH2(+0.000);ZBTB20(+0.000);LEF1(+0.000);TXK(+0.000);FOXP1(+0.000);BCL2(+0.000);PITPNC1(+0.000)
GZMK,False,0.018263097639426483,-0.00026234897,0.0017964846,-2.1659045e-05,IL32(-0.000);PHACTR2(-0.000);S100A4(-0.000);PLCB1(-0.000);A2M(-0.000);CCL5(-0.000);LTB(-0.000);KLRG1(-0.000),LEF1(+0.000);BACH2(+0.000);FOXP1(+0.000);MAML2(+0.000);FHIT(+0.000);KCNQ5(+0.000);PRKCA(+0.000);SERINC5(+0.000)
ANKRD13C,False,0.22706209453197407,-1.0650133e-05,0.0017960044,-3.7016732e-06,IL32(-0.000);S100A4(-0.000);PHACTR2(-0.000);LTB(-0.000);RPL11(-0.000);IL7R(-0.000);RPL28(-0.000);RPL30(-0.000),AOAH(+0.000);KCNQ5(+0.000);TXK(+0.000);CD247(+0.000);JAZF1(+0.000);SFMBT2(+0.000);ZBTB20(+0.000);BACH2(+0.000)
BTF3,False,0.31875919969470645,-5.2320684e-05,0.0017925905,-4.7712394e-05,LEF1(-0.000);CAMK4(-0.000);RPL11(-0.000);SERINC5(-0.000);EEF1A1(-0.000);RPS2(-0.000);PDE3B(-0.000);FHIT(-0.000),AOAH(+0.000);PLCB1(+0.000);RAP1GAP2(+0.000);JAZF1(+0.000);SYNE1(+0.000);CCL5(+0.000);SAMD3(+0.000);ARHGAP26(+0.000)
RGCC,False,0.15264678623998257,-2.421775e-05,0.001788166,1.2967122e-06,LEF1(-0.000);BACH2(-0.000);SERINC5(-0.000);FOXP1(-0.000);FHIT(-0.000);MAML2(-0.000);PDE3B(-0.000);CAMK4(-0.000),AOAH(+0.000);CCL5(+0.000);PLCB1(+0.000);A2M(+0.000);MYO1F(+0.000);GNLY(+0.000);CTSW(+0.000);RAP1GAP2(+0.000)
TENT2,False,0.3731123589380145,-4.9588543e-06,0.0017874446,-4.6895075e-05,LEF1(-0.000);BACH2(-0.000);MAML2(-0.000);FOXP1(-0.000);FHIT(-0.000);SERINC5(-0.000);PRKCA(-0.000);PDE3B(-0.000),PLCB1(+0.000);A2M(+0.000);PHACTR2(+0.000);KLRG1(+0.000);PZP(+0.000);AOAH(+0.000);S100A4(+0.000);PARP8(+0.000)
TECPR2,False,0.09736684293736031,0.0,0.0017871972,-5.791713e-05,LEF1(-0.000);BACH2(-0.000);MAML2(-0.000);FOXP1(-0.000);SERINC5(-0.000);FHIT(-0.000);PRKCA(-0.000);PDE3B(-0.000),PLCB1(+0.000);A2M(+0.000);AOAH(+0.000);MYO1F(+0.000);PHACTR2(+0.000);CCL5(+0.000);S100A4(+0.000);PARP8(+0.000)
MAN2A1,False,0.2820149375783677,-1.0961422e-05,0.0017856807,-8.350705e-05,MAML2(-0.000);LEF1(-0.000);BACH2(-0.000);FOXP1(-0.000);ZBTB20(-0.000);BCL2(-0.000);SERINC5(-0.000);INPP4B(-0.000),PFN1(+0.000);ACTG1(+0.000);ACTB(+0.000);GAPDH(+0.000);S100A4(+0.000);CORO1A(+0.000);TMSB10(+0.000);MYL6(+0.000)
TRIM37,False,0.10134656272147412,-1.2577227e-05,0.0017852165,7.5148873e-06,PLCB1(-0.000);CCL5(-0.000);A2M(-0.000);S100A4(-0.000);MYO1F(-0.000);AOAH(-0.000);PFN1(-0.000);PHACTR2(-0.000),LEF1(+0.000);MAML2(+0.000);BACH2(+0.000);FOXP1(+0.000);SERINC5(+0.000);FHIT(+0.000);PRKCA(+0.000);PDE3B(+0.000)
NCKAP1L,False,0.2270620945319741,1.49836e-06,0.0017847536,-3.16226e-05,IL32(-0.000);PHACTR2(-0.000);S100A4(-0.000);RPL11(-0.000);IL7R(-0.000);LTB(-0.000);RPL28(-0.000);RPS18(-0.000),AOAH(+0.000);JAZF1(+0.000);CD247(+0.000);TXK(+0.000);KCNQ5(+0.000);SFMBT2(+0.000);GNLY(+0.000);FNDC3B(+0.000)
CKAP5,False,0.12865943411655673,-3.5924468e-06,0.0017845373,-0.0001245131,AOAH(-0.000);CCL5(-0.000);PLCB1(-0.000);RAP1GAP2(-0.000);SYNE1(-0.000);MYO1F(-0.000);JAZF1(-0.000);SAMD3(-0.000),LEF1(+0.000);CAMK4(+0.000);FOXP1(+0.000);SERINC5(+0.000);MAML2(+0.000);BACH2(+0.000);PDE3B(+0.000);FHIT(+0.000)
PWWP2A,False,0.18955459848443545,-2.8990795e-05,0.0017826195,7.3597585e-05,LEF1(-0.000);BACH2(-0.000);FOXP1(-0.000);FHIT(-0.000);MAML2(-0.000);PRKCA(-0.000);SERINC5(-0.000);SELL(-0.000),PLCB1(+0.000);PHACTR2(+0.000);A2M(+0.000);CCL5(+0.000);IL32(+0.000);IL7R(+0.000);KLRG1(+0.000);GZMK(+0.000)
TES,False,0.21245161642043286,-1.0037197e-05,0.0017813224,-3.7119382e-05,IL32(-0.000);PHACTR2(-0.000);A2M(-0.000);S100A4(-0.000);PLCB1(-0.000);CCL5(-0.000);KLRG1(-0.000);HLA-B(-0.000),LEF1(+0.000);BACH2(+0.000);FOXP1(+0.000);MAML2(+0.000);FHIT(+0.000);PRKCA(+0.000);KCNQ5(+0.000);SERINC5(+0.000)
HIBADH,False,0.13601918988169875,-3.5247154e-05,0.0017810216,-2.2271666e-05,CD247(-0.000);AOAH(-0.000);JAZF1(-0.000);KCNQ5(-0.000);TFDP2(-0.000);RAP1GAP2(-0.000);SFMBT2(-0.000);VAV3(-0.000),IL32(+0.000);IL7R(+0.000);PHACTR2(+0.000);LTB(+0.000);RPL11(+0.000);RPS18(+0.000);RPL28(+0.000);S100A4(+0.000)
PRDM1,True,0.08668156790056153,-5.2554765e-06,0.001780484,-0.00011946636,LTB(-0.000);ARHGAP15(-0.000);RPL11(-0.000);S100A4(-0.000);RPL13(-0.000);RPS2(-0.000);TC2N(-0.000);RPS18(-0.000),KCNQ5(+0.000);CD247(+0.000);AOAH(+0.000);JAZF1(+0.000);MAPRE2(+0.000);SFMBT2(+0.000);ATP10A(+0.000);PFN1(+0.000)
PREX1,False,0.2282069454287739,-4.24415e-05,0.0017793699,1.0292063e-05,S100A4(-0.000);PFN1(-0.000);ACTB(-0.000);ACTG1(-0.000);IL32(-0.000);TMSB4X(-0.000);CCL5(-0.000);CORO1A(-0.000),LEF1(+0.000);MAML2(+0.000);BACH2(+0.000);FOXP1(+0.000);SERINC5(+0.000);ZBTB20(+0.000);PRKCA(+0.000);FHIT(+0.000)
SLC30A7,False,0.2518126805865998,-4.3255422e-06,0.0017779104,-8.6407286e-05,CCL5(-0.000);AOAH(-0.000);RAP1GAP2(-0.000);ACTG1(-0.000);MYO1F(-0.000);ACTB(-0.000);SYNE1(-0.000);SAMD3(-0.000),LEF1(+0.000);MAML2(+0.000);BACH2(+0.000);FOXP1(+0.000);CAMK4(+0.000);SERINC5(+0.000);PDE3B(+0.000);INPP4B(+0.000)
CNOT4,False,0.2822330044158535,1.3129109e-05,0.0017753966,2.5635649e-05,PFN1(-0.000);S100A4(-0.000);ACTB(-0.000);ACTG1(-0.000);IL32(-0.000);TMSB4X(-0.000);CORO1A(-0.000);PHACTR2(-0.000),LEF1(+0.000);MAML2(+0.000);BACH2(+0.000);FOXP1(+0.000);SERINC5(+0.000);ZBTB20(+0.000);PRKCA(+0.000);FHIT(+0.000)
LIMA1,False,0.055825110396336475,0.0,0.0017749941,2.1121818e-05,PLCB1(-0.000);CCL5(-0.000);AOAH(-0.000);MYO1F(-0.000);A2M(-0.000);RAP1GAP2(-0.000);S100A4(-0.000);PFN1(-0.000),LEF1(+0.000);MAML2(+0.000);BACH2(+0.000);FOXP1(+0.000);SERINC5(+0.000);FHIT(+0.000);PDE3B(+0.000);PRKCA(+0.000)
LARS2,False,0.14032600992204108,2.8826435e-06,0.0017749126,-9.1853006e-05,S100A4(-0.000);CCL5(-0.000);IL32(-0.000);ACTB(-0.000);PHACTR2(-0.000);PLCB1(-0.000);ACTG1(-0.000);A2M(-0.000),LEF1(+0.000);BACH2(+0.000);MAML2(+0.000);FOXP1(+0.000);SERINC5(+0.000);FHIT(+0.000);PRKCA(+0.000);PDE3B(+0.000)
DDX10,False,0.1970779043776918,-8.751792e-06,0.0017748412,4.5665758e-05,LEF1(-0.000);BACH2(-0.000);MAML2(-0.000);FOXP1(-0.000);SERINC5(-0.000);FHIT(-0.000);PRKCA(-0.000);PDE3B(-0.000),S100A4(+0.000);IL32(+0.000);PHACTR2(+0.000);PLCB1(+0.000);A2M(+0.000);PFN1(+0.000);ACTB(+0.000);ACTG1(+0.000)
KDM5B,False,0.17995965763506516,8.613152e-08,0.0017740392,-3.741569e-05,LEF1(-0.000);BACH2(-0.000);MAML2(-0.000);FOXP1(-0.000);SERINC5(-0.000);FHIT(-0.000);PRKCA(-0.000);PDE3B(-0.000),PLCB1(+0.000);A2M(+0.000);S100A4(+0.000);PHACTR2(+0.000);CCL5(+0.000);IL32(+0.000);MYO1F(+0.000);PFN1(+0.000)
F5,False,0.08782641879736139,0.0,0.0017719719,-2.7601329e-05,IL32(-0.000);PHACTR2(-0.000);S100A4(-0.000);IL7R(-0.000);LTB(-0.000);A2M(-0.000);RPL11(-0.000);RPL28(-0.000),KCNQ5(+0.000);BACH2(+0.000);TXK(+0.000);LEF1(+0.000);CD247(+0.000);SFMBT2(+0.000);ATP10A(+0.000);WWOX(+0.000)
TXNDC16,False,0.15450035435861093,6.586024e-06,0.0017676495,4.0589683e-05,PLCB1(-0.000);CCL5(-0.000);A2M(-0.000);PHACTR2(-0.000);S100A4(-0.000);IL32(-0.000);MYO1F(-0.000);PFN1(-0.000),LEF1(+0.000);BACH2(+0.000);MAML2(+0.000);FOXP1(+0.000);SERINC5(+0.000);FHIT(+0.000);PRKCA(+0.000);PDE3B(+0.000)
CGGBP1,False,0.21234258300169004,1.1217586e-06,0.0017673876,-2.7033033e-05,GNLY(-0.000);CCL5(-0.000);AOAH(-0.000);MCTP2(-0.000);CTSW(-0.000);TGFBR3(-0.000);PLCB1(-0.000);RAP1GAP2(-0.000),LEF1(+0.000);CAMK4(+0.000);SERINC5(+0.000);MAML2(+0.000);FOXP1(+0.000);BACH2(+0.000);PDE3B(+0.000);FHIT(+0.000)
UBE2G1,False,0.27994330262225375,1.1285682e-05,0.0017666714,5.4846787e-05,LEF1(-0.000);MAML2(-0.000);FOXP1(-0.000);BACH2(-0.000);CAMK4(-0.000);SERINC5(-0.000);PDE3B(-0.000);INPP4B(-0.000),ACTG1(+0.000);AOAH(+0.000);ACTB(+0.000);RAP1GAP2(+0.000);MYO1F(+0.000);PFN1(+0.000);SAMD3(+0.000);SYNE1(+0.000)
TMLHE,False,0.10330916425884533,0.0,0.0017665427,0.00015162153,LEF1(-0.000);MAML2(-0.000);FOXP1(-0.000);BACH2(-0.000);SERINC5(-0.000);CAMK4(-0.000);PDE3B(-0.000);FHIT(-0.000),AOAH(+0.000);PLCB1(+0.000);MYO1F(+0.000);RAP1GAP2(+0.000);CCL5(+0.000);SYNE1(+0.000);A2M(+0.000);NCALD(+0.000)
EP300,False,0.22362754184157446,-1.19064525e-05,0.0017627216,-8.3911196e-05,S100A4(-0.000);IL32(-0.000);ACTB(-0.000);ACTG1(-0.000);PFN1(-0.000);TMSB4X(-0.000);PHACTR2(-0.000);HLA-A(-0.000),LEF1(+0.000);BACH2(+0.000);MAML2(+0.000);FOXP1(+0.000);FHIT(+0.000);SERINC5(+0.000);PRKCA(+0.000);ZBTB20(+0.000)
G3BP2,False,0.3371313307528758,5.1163747e-06,0.0017623273,1.8687508e-05,AOAH(-0.000);RAP1GAP2(-0.000);JAZF1(-0.000);SAMD3(-0.000);MYO1F(-0.000);SYNE1(-0.000);PLCB1(-0.000);DNAJC1(-0.000),LEF1(+0.000);CAMK4(+0.000);MAML2(+0.000);IL7R(+0.000);SERINC5(+0.000);FOXP1(+0.000);BCL11B(+0.000);PDE3B(+0.000)
MB21D2,False,0.1680750149920951,0.0,0.0017599153,0.00011534136,LEF1(-0.000);BACH2(-0.000);FOXP1(-0.000);FHIT(-0.000);SERINC5(-0.000);MAML2(-0.000);PRKCA(-0.000);SELL(-0.000),PLCB1(+0.000);A2M(+0.000);CCL5(+0.000);AOAH(+0.000);PZP(+0.000);MYO1F(+0.000);KLRG1(+0.000);PARP8(+0.000)
DEK,False,0.2741100147195116,-1.4090822e-05,0.0017554743,-0.00015083762,LEF1(-0.000);MAML2(-0.000);BACH2(-0.000);FOXP1(-0.000);SERINC5(-0.000);FHIT(-0.000);PDE3B(-0.000);PRKCA(-0.000),PLCB1(+0.000);AOAH(+0.000);A2M(+0.000);MYO1F(+0.000);CCL5(+0.000);RAP1GAP2(+0.000);PFN1(+0.000);GNLY(+0.000)
CPB2-AS1,False,0.10205527994330262,-2.034318e-05,0.0017550023,2.8786122e-05,CCL5(-0.000);PLCB1(-0.000);A2M(-0.000);AOAH(-0.000);MYO1F(-0.000);S100A4(-0.000);RAP1GAP2(-0.000);PFN1(-0.000),LEF1(+0.000);BACH2(+0.000);MAML2(+0.000);FOXP1(+0.000);SERINC5(+0.000);FHIT(+0.000);PRKCA(+0.000);PDE3B(+0.000)
CLSTN1,False,0.3357684130185902,-6.167738e-06,0.0017546155,6.965853e-05,AOAH(-0.000);JAZF1(-0.000);RAP1GAP2(-0.000);VAV3(-0.000);SAMD3(-0.000);SYNE1(-0.000);CD247(-0.000);UTRN(-0.000),IL7R(+0.000);IL32(+0.000);LTB(+0.000);CAMK4(+0.000);RPL11(+0.000);RPS2(+0.000);RPS18(+0.000);PHACTR2(+0.000)
BRD7,False,0.24516164204328628,6.817012e-06,0.0017513883,2.288287e-05,LEF1(-0.000);MAML2(-0.000);BACH2(-0.000);FOXP1(-0.000);SERINC5(-0.000);FHIT(-0.000);PRKCA(-0.000);PDE3B(-0.000),CCL5(+0.000);PLCB1(+0.000);AOAH(+0.000);MYO1F(+0.000);GNLY(+0.000);A2M(+0.000);S100A4(+0.000);PFN1(+0.000)
USP33,False,0.1935888349779208,-4.850477e-07,0.0017513648,1.7262812e-06,LEF1(-0.000);CAMK4(-0.000);MAML2(-0.000);IL7R(-0.000);BCL2(-0.000);SERINC5(-0.000);FOXP1(-0.000);BCL11B(-0.000),AOAH(+0.000);RAP1GAP2(+0.000);JAZF1(+0.000);SAMD3(+0.000);MYO1F(+0.000);SYNE1(+0.000);VAV3(+0.000);DNAJC1(+0.000)
ABHD12,False,0.09104290465027531,-2.194927e-05,0.0017488514,-6.8616714e-06,AOAH(-0.000);RAP1GAP2(-0.000);MCTP2(-0.000);JAZF1(-0.000);SAMD3(-0.000);ACTG1(-0.000);MYO1F(-0.000);SYNE1(-0.000),LEF1(+0.000);CAMK4(+0.000);IL7R(+0.000);MAML2(+0.000);BCL2(+0.000);LTB(+0.000);BCL11B(+0.000);FOXP1(+0.000)
SEPTIN9,False,0.5131112686038272,8.0647914e-07,0.0017478862,8.4307496e-05,BACH2(-0.000);LEF1(-0.000);FOXP1(-0.000);MAML2(-0.000);KCNQ5(-0.000);FHIT(-0.000);PRKCA(-0.000);TXK(-0.000),IL32(+0.000);PHACTR2(+0.000);S100A4(+0.000);CCL5(+0.000);GZMK(+0.000);LTB(+0.000);PLCB1(+0.000);A2M(+0.000)
METTL25,False,0.1344927220192989,7.724424e-07,0.0017473997,-6.538561e-05,AOAH(-0.000);RAP1GAP2(-0.000);PLCB1(-0.000);MYO1F(-0.000);JAZF1(-0.000);SYNE1(-0.000);SAMD3(-0.000);NCALD(-0.000),LEF1(+0.000);CAMK4(+0.000);MAML2(+0.000);FOXP1(+0.000);BACH2(+0.000);SERINC5(+0.000);PDE3B(+0.000);INPP4B(+0.000)
TRAPPC9,False,0.46753529956931805,1.6767322e-05,0.0017454863,-0.000107402964,IL7R(-0.000);LTB(-0.000);IL32(-0.000);PHACTR2(-0.000);RPL11(-0.000);S100A4(-0.000);RPS18(-0.000);RPL30(-0.000),KCNQ5(+0.000);AOAH(+0.000);JAZF1(+0.000);CD247(+0.000);TFDP2(+0.000);SFMBT2(+0.000);SCLT1(+0.000);PLCG2(+0.000)
CRADD,False,0.21076159842991876,-2.1141548e-05,0.0017445524,0.00013970162,BACH2(-0.000);MAML2(-0.000);LEF1(-0.000);FOXP1(-0.000);ZBTB20(-0.000);TXK(-0.000);PRKCA(-0.000);APBA2(-0.000),IL32(+0.000);S100A4(+0.000);ACTB(+0.000);PHACTR2(+0.000);ACTG1(+0.000);RPL11(+0.000);PFN1(+0.000);TMSB4X(+0.000)
PKP4,False,0.1259335986479856,9.432726e-06,0.0017428964,-4.4824916e-05,PLCB1(-0.000);A2M(-0.000);CCL5(-0.000);S100A4(-0.000);PHACTR2(-0.000);IL32(-0.000);MYO1F(-0.000);KLRG1(-0.000),LEF1(+0.000);BACH2(+0.000);MAML2(+0.000);FOXP1(+0.000);SERINC5(+0.000);FHIT(+0.000);PRKCA(+0.000);PDE3B(+0.000)
RPL35,False,0.6689200239873522,-1.9164345e-05,0.0017382365,-0.00016022912,GNLY(-0.000);CCL5(-0.000);CTSW(-0.000);PLCB1(-0.000);TGFBR3(-0.000);IL7R(-0.000);ZBTB16(-0.000);PITPNC1(-0.000),ACTG1(+0.000);PFN1(+0.000);TMSB10(+0.000);LGALS1(+0.000);GAPDH(+0.000);ACTB(+0.000);ITGB1(+0.000);HNRNPA2B1(+0.000)
SUCLG2,False,0.5562339857166222,-3.8517454e-05,0.0017370889,-1.97669e-05,LEF1(-0.000);BACH2(-0.000);MAML2(-0.000);FOXP1(-0.000);SERINC5(-0.000);FHIT(-0.000);PRKCA(-0.000);PDE3B(-0.000),CCL5(+0.000);PLCB1(+0.000);GNLY(+0.000);A2M(+0.000);AOAH(+0.000);CTSW(+0.000);PPP2R2B(+0.000);MYO1F(+0.000)
MYO5A,False,0.14283377855312654,-3.1113435e-05,0.001734626,-5.9168015e-05,CCL5(-0.000);PLCB1(-0.000);AOAH(-0.000);MYO1F(-0.000);S100A4(-0.000);A2M(-0.000);ACTG1(-0.000);RAP1GAP2(-0.000),LEF1(+0.000);MAML2(+0.000);BACH2(+0.000);FOXP1(+0.000);SERINC5(+0.000);FHIT(+0.000);PDE3B(+0.000);PRKCA(+0.000)
GOLGA4,False,0.4227770811753803,-2.6102298e-05,0.0017340694,0.0001238557,MAML2(-0.000);LEF1(-0.000);FOXP1(-0.000);BACH2(-0.000);BCL2(-0.000);ZBTB20(-0.000);SERINC5(-0.000);INPP4B(-0.000),ACTB(+0.000);ACTG1(+0.000);PFN1(+0.000);GAPDH(+0.000);S100A4(+0.000);CORO1A(+0.000);TMSB4X(+0.000);PTMA(+0.000)
ARHGAP4,False,0.21648585291391814,-1.6415117e-05,0.0017337421,-7.652261e-06,IL32(-0.000);PHACTR2(-0.000);IL7R(-0.000);LTB(-0.000);GZMK(-0.000);S100A4(-0.000);PLCB1(-0.000);A2M(-0.000),BACH2(+0.000);CD247(+0.000);KCNQ5(+0.000);LEF1(+0.000);JAZF1(+0.000);ATP10A(+0.000);TFDP2(+0.000);TXK(+0.000)
DBF4,False,0.06994493812353486,-3.1296524e-06,0.0017311461,-5.255563e-06,LEF1(-0.000);MAML2(-0.000);BACH2(-0.000);FOXP1(-0.000);SERINC5(-0.000);CAMK4(-0.000);PDE3B(-0.000);FHIT(-0.000),AOAH(+0.000);CCL5(+0.000);PLCB1(+0.000);MYO1F(+0.000);RAP1GAP2(+0.000);A2M(+0.000);CTSW(+0.000);GNLY(+0.000)
TBL1XR1,False,0.36847843864144353,-1.2466448e-05,0.0017280567,5.707677e-05,LEF1(-0.000);BACH2(-0.000);MAML2(-0.000);FOXP1(-0.000);SERINC5(-0.000);PRKCA(-0.000);FHIT(-0.000);ZBTB20(-0.000),S100A4(+0.000);IL32(+0.000);ACTB(+0.000);ACTG1(+0.000);PFN1(+0.000);PHACTR2(+0.000);TMSB4X(+0.000);CORO1A(+0.000)
ACADSB,False,0.0839557324319904,0.0,0.0017269646,5.107485e-05,PLCB1(-0.000);AOAH(-0.000);A2M(-0.000);MYO1F(-0.000);RAP1GAP2(-0.000);PFN1(-0.000);S100A4(-0.000);CCL5(-0.000),LEF1(+0.000);MAML2(+0.000);BACH2(+0.000);FOXP1(+0.000);SERINC5(+0.000);FHIT(+0.000);PRKCA(+0.000);PDE3B(+0.000)
ARHGEF6,False,0.17946900725072235,9.1739985e-06,0.001726268,-3.109641e-05,S100A4(-0.000);PFN1(-0.000);ACTB(-0.000);IL32(-0.000);A2M(-0.000);ACTG1(-0.000);PLCB1(-0.000);PHACTR2(-0.000),LEF1(+0.000);MAML2(+0.000);BACH2(+0.000);FOXP1(+0.000);SERINC5(+0.000);FHIT(+0.000);PRKCA(+0.000);PDE3B(+0.000)
KIAA1958,False,0.10538079921495938,1.465927e-05,0.0017257927,8.464448e-05,PLCB1(-0.000);A2M(-0.000);AOAH(-0.000);CCL5(-0.000);MYO1F(-0.000);RAP1GAP2(-0.000);S100A4(-0.000);PZP(-0.000),LEF1(+0.000);BACH2(+0.000);MAML2(+0.000);FOXP1(+0.000);SERINC5(+0.000);FHIT(+0.000);PRKCA(+0.000);PDE3B(+0.000)
ZDHHC2,False,0.06667393556124952,0.0,0.0017240718,2.5914762e-06,PFN1(-0.000);S100A4(-0.000);PLCB1(-0.000);ACTG1(-0.000);ACTB(-0.000);MYO1F(-0.000);CCL5(-0.000);A2M(-0.000),LEF1(+0.000);MAML2(+0.000);BACH2(+0.000);FOXP1(+0.000);SERINC5(+0.000);PRKCA(+0.000);FHIT(+0.000);PDE3B(+0.000)
SMURF2,False,0.2788529684348253,1.1077469e-05,0.0017219122,2.8386889e-05,LEF1(-0.000);MAML2(-0.000);BACH2(-0.000);FOXP1(-0.000);SERINC5(-0.000);FHIT(-0.000);PDE3B(-0.000);CAMK4(-0.000),PLCB1(+0.000);AOAH(+0.000);CCL5(+0.000);MYO1F(+0.000);A2M(+0.000);RAP1GAP2(+0.000);NCALD(+0.000);SYNE1(+0.000)
CYB5R4,False,0.12326227988878591,-2.4436995e-06,0.0017190743,-4.6940506e-05,PLCB1(-0.000);S100A4(-0.000);A2M(-0.000);ACTB(-0.000);PFN1(-0.000);MYO1F(-0.000);ACTG1(-0.000);IL32(-0.000),LEF1(+0.000);MAML2(+0.000);BACH2(+0.000);FOXP1(+0.000);SERINC5(+0.000);FHIT(+0.000);PRKCA(+0.000);PDE3B(+0.000)
SHLD2,False,0.2236275418415745,-5.3638264e-06,0.0017188333,4.4415257e-05,IL32(-0.000);PHACTR2(-0.000);S100A4(-0.000);PFN1(-0.000);RPL28(-0.000);S100A6(-0.000);RPL11(-0.000);LTB(-0.000),BACH2(+0.000);LEF1(+0.000);MAML2(+0.000);FOXP1(+0.000);TXK(+0.000);ZBTB20(+0.000);KCNQ5(+0.000);CD247(+0.000)
KLHL7,False,0.14436024641552636,0.0,0.0017183449,-3.0804455e-05,CCL5(-0.000);PLCB1(-0.000);AOAH(-0.000);A2M(-0.000);MYO1F(-0.000);S100A4(-0.000);RAP1GAP2(-0.000);ACTG1(-0.000),LEF1(+0.000);MAML2(+0.000);BACH2(+0.000);FOXP1(+0.000);SERINC5(+0.000);FHIT(+0.000);PRKCA(+0.000);PDE3B(+0.000)
NUMB,False,0.17238183503243745,1.1628135e-05,0.0017179516,-0.00018075718,IL32(-0.000);S100A4(-0.000);PHACTR2(-0.000);ACTB(-0.000);B2M(-0.000);HLA-B(-0.000);TMSB4X(-0.000);A2M(-0.000),BACH2(+0.000);LEF1(+0.000);FOXP1(+0.000);MAML2(+0.000);FHIT(+0.000);KCNQ5(+0.000);PRKCA(+0.000);TXK(+0.000)
GBP1,False,0.13678242381289865,-1.5858897e-05,0.0017179496,1.8041397e-05,LEF1(-0.000);MAML2(-0.000);BACH2(-0.000);FOXP1(-0.000);SERINC5(-0.000);CAMK4(-0.000);PDE3B(-0.000);FHIT(-0.000),AOAH(+0.000);PLCB1(+0.000);CCL5(+0.000);MYO1F(+0.000);RAP1GAP2(+0.000);A2M(+0.000);SYNE1(+0.000);SAMD3(+0.000)
CDK11B,False,0.16905631576078065,1.2614574e-05,0.0017163161,6.399395e-05,BACH2(-0.000);MAML2(-0.000);TXK(-0.000);FOXP1(-0.000);ZBTB20(-0.000);LEF1(-0.000);KCNQ5(-0.000);AOAH(-0.000),IL32(+0.000);S100A4(+0.000);PHACTR2(+0.000);ACTB(+0.000);RPL11(+0.000);RPL28(+0.000);PFN1(+0.000);LTB(+0.000)
HMGN2,False,0.20749059586763344,-8.241934e-05,0.0017137419,-9.09201e-06,IL32(-0.000);RPL11(-0.000);EEF1A1(-0.000);CAMK4(-0.000);RPL41(-0.000);TMSB10(-0.000);LTB(-0.000);RPS2(-0.000),AOAH(+0.000);GNLY(+0.000);JAZF1(+0.000);PLCB1(+0.000);UTRN(+0.000);RAP1GAP2(+0.000);SYNE1(+0.000);SAMD3(+0.000)
SRGAP2,False,0.05429864253393665,0.0,0.0017136764,-4.5397323e-06,GNLY(-0.000);AOAH(-0.000);RAP1GAP2(-0.000);TGFBR3(-0.000);CCL5(-0.000);MCTP2(-0.000);CTSW(-0.000);MYO1F(-0.000),LEF1(+0.000);CAMK4(+0.000);MAML2(+0.000);FOXP1(+0.000);SERINC5(+0.000);BACH2(+0.000);PDE3B(+0.000);IL7R(+0.000)
PARP14,False,0.26713187591996945,-3.312789e-05,0.0017132212,-1.2713985e-05,IL32(-0.000);S100A4(-0.000);ACTB(-0.000);ACTG1(-0.000);PFN1(-0.000);TMSB4X(-0.000);CORO1A(-0.000);TMSB10(-0.000),MAML2(+0.000);BACH2(+0.000);LEF1(+0.000);FOXP1(+0.000);ZBTB20(+0.000);TXK(+0.000);PRKCA(+0.000);SERINC5(+0.000)
MAPK8,False,0.2466881099056861,-1.3536937e-06,0.0017122631,-8.317802e-05,PLCB1(-0.000);CCL5(-0.000);A2M(-0.000);PHACTR2(-0.000);IL7R(-0.000);GZMK(-0.000);PARP8(-0.000);KLRG1(-0.000),LEF1(+0.000);BACH2(+0.000);FHIT(+0.000);FOXP1(+0.000);SMC4(+0.000);SELL(+0.000);SERINC5(+0.000);PRKCA(+0.000)
BCR,False,0.14714059859346892,-1.2621673e-08,0.0017121747,1.9638424e-05,LEF1(-0.000);CAMK4(-0.000);IL7R(-0.000);LTB(-0.000);SERINC5(-0.000);BCL11B(-0.000);MAML2(-0.000);PDE3B(-0.000),AOAH(+0.000);RAP1GAP2(+0.000);JAZF1(+0.000);SYNE1(+0.000);SAMD3(+0.000);GNLY(+0.000);MCTP2(+0.000);CCL5(+0.000)
UGP2,False,0.25208526413345694,-2.128165e-05,0.001709382,-2.3983273e-05,LEF1(-0.000);CAMK4(-0.000);RPL11(-0.000);LTB(-0.000);SERINC5(-0.000);IL32(-0.000);EEF1A1(-0.000);BCL11B(-0.000),AOAH(+0.000);JAZF1(+0.000);RAP1GAP2(+0.000);SYNE1(+0.000);SAMD3(+0.000);PLCB1(+0.000);ARHGAP26(+0.000);UTRN(+0.000)
MIA2,False,0.1749441203728943,-3.1163818e-05,0.0017089195,2.9864383e-05,AOAH(-0.000);RAP1GAP2(-0.000);JAZF1(-0.000);MCTP2(-0.000);SAMD3(-0.000);CD247(-0.000);VAV3(-0.000);DNAJC1(-0.000),IL7R(+0.000);LTB(+0.000);CAMK4(+0.000);BCL2(+0.000);BCL11B(+0.000);LEF1(+0.000);MAML2(+0.000);THEMIS(+0.000)
LINC00174,False,0.0876083519598757,0.0,0.0017080827,1.1487036e-05,AOAH(-0.000);MYO1F(-0.000);ACTG1(-0.000);PFN1(-0.000);RAP1GAP2(-0.000);PLCB1(-0.000);S100A4(-0.000);ACTB(-0.000),LEF1(+0.000);MAML2(+0.000);BACH2(+0.000);FOXP1(+0.000);SERINC5(+0.000);CAMK4(+0.000);PDE3B(+0.000);PRKCA(+0.000)
CCND2,False,0.25584691708008506,-1.4951307e-05,0.0017080826,3.374691e-05,PFN1(-0.000);S100A4(-0.000);ACTG1(-0.000);ACTB(-0.000);IL32(-0.000);PHACTR2(-0.000);PLCB1(-0.000);CORO1A(-0.000),LEF1(+0.000);MAML2(+0.000);BACH2(+0.000);FOXP1(+0.000);SERINC5(+0.000);PRKCA(+0.000);FHIT(+0.000);ZBTB20(+0.000)
RAB12,False,0.11950062694215778,-5.261264e-08,0.0017055931,0.00010177481,AOAH(-0.000);TXK(-0.000);ZBTB20(-0.000);JAZF1(-0.000);KCNQ5(-0.000);SFMBT2(-0.000);BACH2(-0.000);FNDC3B(-0.000),IL32(+0.000);S100A4(+0.000);ACTB(+0.000);RPL11(+0.000);ACTG1(+0.000);RPL28(+0.000);TMSB4X(+0.000);RPL41(+0.000)
TRAK2,False,0.2565011175925421,-1.1128243e-05,0.0017051996,5.6986002e-05,LEF1(-0.000);BACH2(-0.000);MAML2(-0.000);FOXP1(-0.000);FHIT(-0.000);PRKCA(-0.000);SERINC5(-0.000);TXK(-0.000),IL32(+0.000);S100A4(+0.000);PHACTR2(+0.000);A2M(+0.000);PLCB1(+0.000);ACTB(+0.000);KLRG1(+0.000);PFN1(+0.000)
DCAF5,False,0.31314397862944987,-1.3083184e-05,0.0017051279,1.2171983e-05,LEF1(-0.000);BACH2(-0.000);FOXP1(-0.000);MAML2(-0.000);FHIT(-0.000);SERINC5(-0.000);PRKCA(-0.000);PDE3B(-0.000),PLCB1(+0.000);CCL5(+0.000);A2M(+0.000);GNLY(+0.000);PHACTR2(+0.000);GZMK(+0.000);PARP8(+0.000);KLRG1(+0.000)
EIF3M,False,0.31483399661996403,-1.3683926e-05,0.0017044026,0.00012533556,IL32(-0.000);S100A4(-0.000);PHACTR2(-0.000);PFN1(-0.000);GZMK(-0.000);S100A6(-0.000);LTB(-0.000);PLCB1(-0.000),BACH2(+0.000);LEF1(+0.000);MAML2(+0.000);ZBTB20(+0.000);TXK(+0.000);FOXP1(+0.000);KCNQ5(+0.000);CD247(+0.000)
NUP133,False,0.12255356266695742,-8.4428275e-06,0.0017037855,9.889369e-06,AOAH(-0.000);JAZF1(-0.000);CD247(-0.000);MCTP2(-0.000);KCNQ5(-0.000);RAP1GAP2(-0.000);VAV3(-0.000);SFMBT2(-0.000),IL32(+0.000);LTB(+0.000);IL7R(+0.000);RPL11(+0.000);PHACTR2(+0.000);S100A4(+0.000);RPL28(+0.000);RPS18(+0.000)
BICDL1,False,0.09911137763724581,-1.380193e-06,0.0017026744,-2.9179442e-05,S100A4(-0.000);CCL5(-0.000);PLCB1(-0.000);IL32(-0.000);A2M(-0.000);PFN1(-0.000);ACTB(-0.000);ACTG1(-0.000),LEF1(+0.000);BACH2(+0.000);MAML2(+0.000);FOXP1(+0.000);SERINC5(+0.000);FHIT(+0.000);PRKCA(+0.000);PDE3B(+0.000)
USP45,False,0.09900234421850299,0.0,0.00170125,-4.0481377e-06,AOAH(-0.000);RAP1GAP2(-0.000);JAZF1(-0.000);GNLY(-0.000);SAMD3(-0.000);CCL5(-0.000);SYNE1(-0.000);CD247(-0.000),CAMK4(+0.000);LEF1(+0.000);IL7R(+0.000);LTB(+0.000);BCL11B(+0.000);MAML2(+0.000);SERINC5(+0.000);BCL2(+0.000)
HEATR5A,False,0.07665049337621982,0.0,0.0017000807,-1.0512933e-05,IL32(-0.000);PHACTR2(-0.000);S100A4(-0.000);LTB(-0.000);IL7R(-0.000);RPL11(-0.000);GZMK(-0.000);RPL28(-0.000),KCNQ5(+0.000);BACH2(+0.000);CD247(+0.000);TXK(+0.000);JAZF1(+0.000);SFMBT2(+0.000);AOAH(+0.000);ATP10A(+0.000)
CAND1,False,0.17281796870740881,5.0780764e-06,0.0016998021,6.734191e-05,CAMK4(-0.000);LEF1(-0.000);IL7R(-0.000);BCL2(-0.000);MAML2(-0.000);LTB(-0.000);BCL11B(-0.000);INPP4B(-0.000),AOAH(+0.000);RAP1GAP2(+0.000);JAZF1(+0.000);SAMD3(+0.000);SYNE1(+0.000);MCTP2(+0.000);CD247(+0.000);VAV3(+0.000)
FAM120B,False,0.29907866761162294,1.13794e-05,0.0016962822,-5.274277e-05,IL7R(-0.000);LTB(-0.000);CAMK4(-0.000);IL32(-0.000);RPL11(-0.000);RPS18(-0.000);RPS2(-0.000);RPL13(-0.000),AOAH(+0.000);JAZF1(+0.000);RAP1GAP2(+0.000);SAMD3(+0.000);MCTP2(+0.000);CD247(+0.000);VAV3(+0.000);SYNE1(+0.000)
ACAT1,False,0.14136182740009812,3.8994917e-06,0.0016938747,-5.379918e-07,LEF1(-0.000);MAML2(-0.000);BACH2(-0.000);FOXP1(-0.000);SERINC5(-0.000);CAMK4(-0.000);PDE3B(-0.000);PRKCA(-0.000),PFN1(+0.000);ACTG1(+0.000);ACTB(+0.000);S100A4(+0.000);MYO1F(+0.000);GAPDH(+0.000);RAP1GAP2(+0.000);CORO1A(+0.000)
MINK1,False,0.13084010249141362,-7.33242e-06,0.0016875088,-6.884369e-05,LEF1(-0.000);CAMK4(-0.000);MAML2(-0.000);BACH2(-0.000);SERINC5(-0.000);FOXP1(-0.000);PDE3B(-0.000);FHIT(-0.000),AOAH(+0.000);RAP1GAP2(+0.000);PLCB1(+0.000);CCL5(+0.000);MYO1F(+0.000);GNLY(+0.000);JAZF1(+0.000);SAMD3(+0.000)
MAST4,False,0.1818677424630649,-2.358554e-05,0.0016855586,5.1172923e-05,LEF1(-0.000);BACH2(-0.000);MAML2(-0.000);FOXP1(-0.000);FHIT(-0.000);SERINC5(-0.000);PRKCA(-0.000);PDE3B(-0.000),S100A4(+0.000);IL32(+0.000);PLCB1(+0.000);PHACTR2(+0.000);A2M(+0.000);CCL5(+0.000);KLRG1(+0.000);PFN1(+0.000)
MALT1,False,0.4936488033582293,2.3278384e-05,0.0016815169,-5.1126804e-05,AOAH(-0.000);GNLY(-0.000);RAP1GAP2(-0.000);JAZF1(-0.000);CCL5(-0.000);SAMD3(-0.000);SYNE1(-0.000);MCTP2(-0.000),CAMK4(+0.000);LEF1(+0.000);IL7R(+0.000);LTB(+0.000);BCL11B(+0.000);TRAC(+0.000);IL32(+0.000);SERINC5(+0.000)
ARHGAP21,False,0.08597285067873303,0.0,0.0016775565,7.133763e-05,LEF1(-0.000);BACH2(-0.000);MAML2(-0.000);FOXP1(-0.000);FHIT(-0.000);SERINC5(-0.000);PRKCA(-0.000);PDE3B(-0.000),IL32(+0.000);S100A4(+0.000);PHACTR2(+0.000);PLCB1(+0.000);A2M(+0.000);ACTB(+0.000);CCL5(+0.000);PFN1(+0.000)
TRPM7,False,0.28921114321539554,-3.7209345e-06,0.0016769728,-1.6326316e-05,LEF1(-0.000);MAML2(-0.000);BACH2(-0.000);FOXP1(-0.000);SERINC5(-0.000);CAMK4(-0.000);FHIT(-0.000);PDE3B(-0.000),CCL5(+0.000);GNLY(+0.000);PLCB1(+0.000);CTSW(+0.000);MYO1F(+0.000);AOAH(+0.000);S100A4(+0.000);ACTG1(+0.000)
CENPC,False,0.39175707354304096,-1.7089647e-05,0.001676849,-0.00025533352,IL7R(-0.000);LTB(-0.000);RPL11(-0.000);B2M(-0.000);IL32(-0.000);RPL41(-0.000);EEF1A1(-0.000);RPL13A(-0.000),AOAH(+0.000);JAZF1(+0.000);DNAJC1(+0.000);RAP1GAP2(+0.000);FNDC3B(+0.000);SAMD3(+0.000);KCNQ5(+0.000);ITGAL(+0.000)
SFSWAP,False,0.3268821893910484,1.5324565e-07,0.0016765239,-1.7291753e-05,AOAH(-0.000);RAP1GAP2(-0.000);CCL5(-0.000);PLCB1(-0.000);MYO1F(-0.000);SYNE1(-0.000);MCTP2(-0.000);SAMD3(-0.000),LEF1(+0.000);MAML2(+0.000);CAMK4(+0.000);BACH2(+0.000);FOXP1(+0.000);SERINC5(+0.000);PDE3B(+0.000);FHIT(+0.000)
DUSP1,False,0.29237311235893804,2.1149039e-05,0.0016727063,9.679388e-05,BACH2(-0.000);LEF1(-0.000);MAML2(-0.000);FOXP1(-0.000);GNLY(-0.000);KCNQ5(-0.000);TXK(-0.000);ZBTB20(-0.000),IL32(+0.000);S100A4(+0.000);PHACTR2(+0.000);ACTB(+0.000);RPL11(+0.000);A2M(+0.000);GZMK(+0.000);LTB(+0.000)
BCKDHB,False,0.20389249304911955,-2.8995402e-07,0.0016723841,6.698384e-05,IL32(-0.000);LTB(-0.000);IL7R(-0.000);PHACTR2(-0.000);CAMK4(-0.000);RPL11(-0.000);TRAC(-0.000);GZMK(-0.000),CD247(+0.000);AOAH(+0.000);JAZF1(+0.000);KCNQ5(+0.000);TFDP2(+0.000);SFMBT2(+0.000);RAP1GAP2(+0.000);MAPRE2(+0.000)
HIPK2,False,0.21070708172054733,-1.8149922e-05,0.0016706004,8.203992e-05,LEF1(-0.000);BACH2(-0.000);MAML2(-0.000);FOXP1(-0.000);SERINC5(-0.000);FHIT(-0.000);PRKCA(-0.000);PDE3B(-0.000),CCL5(+0.000);PLCB1(+0.000);S100A4(+0.000);A2M(+0.000);PHACTR2(+0.000);IL32(+0.000);MYO1F(+0.000);KLRG1(+0.000)
DBT,False,0.07381562448890584,0.0,0.0016704692,5.4843845e-06,AOAH(-0.000);RAP1GAP2(-0.000);JAZF1(-0.000);MYO1F(-0.000);SAMD3(-0.000);SYNE1(-0.000);PLCB1(-0.000);DNAJC1(-0.000),LEF1(+0.000);CAMK4(+0.000);MAML2(+0.000);FOXP1(+0.000);SERINC5(+0.000);BACH2(+0.000);IL7R(+0.000);PDE3B(+0.000)
SLC39A9,False,0.10178269639644552,0.0,0.0016697923,7.377229e-05,LEF1(-0.000);BACH2(-0.000);MAML2(-0.000);FOXP1(-0.000);SERINC5(-0.000);FHIT(-0.000);PRKCA(-0.000);PDE3B(-0.000),S100A4(+0.000);IL32(+0.000);ACTB(+0.000);PHACTR2(+0.000);PFN1(+0.000);ACTG1(+0.000);PLCB1(+0.000);A2M(+0.000)
SEC11A,False,0.19958567300877722,-8.396168e-06,0.0016663074,5.4524422e-05,AOAH(-0.000);RAP1GAP2(-0.000);MYO1F(-0.000);JAZF1(-0.000);PLCB1(-0.000);SAMD3(-0.000);CCL5(-0.000);PFN1(-0.000),LEF1(+0.000);MAML2(+0.000);CAMK4(+0.000);FOXP1(+0.000);BACH2(+0.000);SERINC5(+0.000);PDE3B(+0.000);IL7R(+0.000)
ABI1,False,0.1789238401570081,-1.3789163e-05,0.0016649328,-2.1969081e-05,AOAH(-0.000);JAZF1(-0.000);CD247(-0.000);MCTP2(-0.000);RAP1GAP2(-0.000);VAV3(-0.000);SAMD3(-0.000);TFDP2(-0.000),IL32(+0.000);IL7R(+0.000);LTB(+0.000);PHACTR2(+0.000);CAMK4(+0.000);RPL11(+0.000);RPS18(+0.000);RPL30(+0.000)
LINC02245,False,0.05925966308673608,1.0884623e-05,0.0016647992,1.9617057e-05,AOAH(-0.000);CCL5(-0.000);PLCB1(-0.000);MYO1F(-0.000);RAP1GAP2(-0.000);A2M(-0.000);PFN1(-0.000);ACTG1(-0.000),LEF1(+0.000);MAML2(+0.000);BACH2(+0.000);FOXP1(+0.000);SERINC5(+0.000);CAMK4(+0.000);PDE3B(+0.000);FHIT(+0.000)
ULK2,False,0.06623780188627815,0.0,0.0016642289,-4.9098122e-05,AOAH(-0.000);RAP1GAP2(-0.000);JAZF1(-0.000);SYNE1(-0.000);SAMD3(-0.000);MYO1F(-0.000);CD247(-0.000);VAV3(-0.000),LEF1(+0.000);CAMK4(+0.000);MAML2(+0.000);IL7R(+0.000);SERINC5(+0.000);FOXP1(+0.000);PDE3B(+0.000);BCL11B(+0.000)
RLF,False,0.24069127187482967,1.1369259e-05,0.0016639882,-8.057639e-06,PLCB1(-0.000);A2M(-0.000);S100A4(-0.000);PHACTR2(-0.000);CCL5(-0.000);MYO1F(-0.000);IL32(-0.000);AOAH(-0.000),LEF1(+0.000);BACH2(+0.000);MAML2(+0.000);FOXP1(+0.000);SERINC5(+0.000);FHIT(+0.000);PRKCA(+0.000);PDE3B(+0.000)
TMEM41B,False,0.17576187101346563,-2.2488359e-05,0.0016626859,-6.284306e-05,AOAH(-0.000);JAZF1(-0.000);CD247(-0.000);RAP1GAP2(-0.000);SYNE1(-0.000);SAMD3(-0.000);VAV3(-0.000);UTRN(-0.000),IL32(+0.000);LTB(+0.000);RPL11(+0.000);IL7R(+0.000);CAMK4(+0.000);PHACTR2(+0.000);TRAC(+0.000);RPL28(+0.000)
OTUD7B,False,0.051790873902851225,0.0,0.0016619131,2.2418371e-05,GNLY(-0.000);AOAH(-0.000);MCTP2(-0.000);RAP1GAP2(-0.000);JAZF1(-0.000);TGFBR3(-0.000);SAMD3(-0.000);PRF1(-0.000),IL7R(+0.000);CAMK4(+0.000);LTB(+0.000);LEF1(+0.000);BCL2(+0.000);BCL11B(+0.000);IL32(+0.000);RPL11(+0.000)
QKI,False,0.2725835468571117,1.1570744e-06,0.0016618788,5.261378e-05,IL32(-0.000);PHACTR2(-0.000);S100A4(-0.000);PFN1(-0.000);PLCB1(-0.000);ACTB(-0.000);A2M(-0.000);ACTG1(-0.000),LEF1(+0.000);BACH2(+0.000);MAML2(+0.000);FOXP1(+0.000);FHIT(+0.000);SERINC5(+0.000);ZBTB20(+0.000);PRKCA(+0.000)
ABHD17A,False,0.12838685056969962,4.666144e-05,0.0016617407,2.7210666e-05,LEF1(-0.000);CAMK4(-0.000);MAML2(-0.000);FOXP1(-0.000);SERINC5(-0.000);BACH2(-0.000);PDE3B(-0.000);IL7R(-0.000),AOAH(+0.000);RAP1GAP2(+0.000);CCL5(+0.000);MYO1F(+0.000);JAZF1(+0.000);MCTP2(+0.000);SAMD3(+0.000);SYNE1(+0.000)
LRSAM1,False,0.08422831597884753,0.0,0.0016610699,-3.076064e-05,LEF1(-0.000);CAMK4(-0.000);MAML2(-0.000);IL7R(-0.000);BCL2(-0.000);FOXP1(-0.000);SERINC5(-0.000);BACH2(-0.000),AOAH(+0.000);RAP1GAP2(+0.000);GNLY(+0.000);JAZF1(+0.000);MYO1F(+0.000);ACTG1(+0.000);SAMD3(+0.000);CTSW(+0.000)
WDR11,False,0.1061985498555307,-3.5580297e-06,0.0016555786,1.9480038e-05,LEF1(-0.000);BACH2(-0.000);MAML2(-0.000);FOXP1(-0.000);FHIT(-0.000);SERINC5(-0.000);PRKCA(-0.000);PDE3B(-0.000),A2M(+0.000);PLCB1(+0.000);PHACTR2(+0.000);CCL5(+0.000);S100A4(+0.000);AOAH(+0.000);MYO1F(+0.000);KLRG1(+0.000)
ERICH1,False,0.2950444311181377,-3.2004995e-05,0.0016553202,-0.0001422222,LEF1(-0.000);BACH2(-0.000);MAML2(-0.000);FOXP1(-0.000);ZBTB20(-0.000);TXK(-0.000);SERINC5(-0.000);FHIT(-0.000),IL32(+0.000);PFN1(+0.000);PHACTR2(+0.000);S100A4(+0.000);PLCB1(+0.000);S100A6(+0.000);A2M(+0.000);ACTB(+0.000)
RRAS2,False,0.08749931854113285,1.7152814e-05,0.0016548358,-2.820796e-05,LEF1(-0.000);MAML2(-0.000);BACH2(-0.000);FOXP1(-0.000);SERINC5(-0.000);CAMK4(-0.000);PDE3B(-0.000);PRKCA(-0.000),PFN1(+0.000);ACTG1(+0.000);ACTB(+0.000);S100A4(+0.000);GAPDH(+0.000);MYO1F(+0.000);CORO1A(+0.000);FLNA(+0.000)
HNRNPR,False,0.204982827236548,-8.877652e-06,0.0016519103,-6.2593135e-05,LEF1(-0.000);BACH2(-0.000);MAML2(-0.000);FOXP1(-0.000);SERINC5(-0.000);FHIT(-0.000);PRKCA(-0.000);PDE3B(-0.000),S100A4(+0.000);PFN1(+0.000);A2M(+0.000);PLCB1(+0.000);IL32(+0.000);PHACTR2(+0.000);ACTG1(+0.000);MYO1F(+0.000)
PRKCE,False,0.27776263424739683,-8.54915e-06,0.0016507525,7.806341e-05,AOAH(-0.000);JAZF1(-0.000);RAP1GAP2(-0.000);PLCB1(-0.000);GNLY(-0.000);SAMD3(-0.000);CCL5(-0.000);SYNE1(-0.000),LEF1(+0.000);CAMK4(+0.000);LTB(+0.000);IL7R(+0.000);SERINC5(+0.000);BCL11B(+0.000);RPL11(+0.000);PDE3B(+0.000)
BCL9,False,0.09442294063130349,0.0,0.0016495155,-4.7157915e-05,LEF1(-0.000);MAML2(-0.000);BACH2(-0.000);FOXP1(-0.000);SERINC5(-0.000);FHIT(-0.000);PRKCA(-0.000);PDE3B(-0.000),S100A4(+0.000);PFN1(+0.000);ACTG1(+0.000);ACTB(+0.000);A2M(+0.000);IL32(+0.000);MYO1F(+0.000);PLCB1(+0.000)
SERINC1,False,0.2413454723872867,-1.6357133e-05,0.0016482234,-3.6783974e-06,LEF1(-0.000);MAML2(-0.000);BACH2(-0.000);FOXP1(-0.000);CAMK4(-0.000);SERINC5(-0.000);PDE3B(-0.000);INPP4B(-0.000),ACTG1(+0.000);RAP1GAP2(+0.000);AOAH(+0.000);MYO1F(+0.000);ACTB(+0.000);SYNE1(+0.000);SAMD3(+0.000);PFN1(+0.000)
RILPL2,False,0.12004579403587201,0.0,0.0016480285,-6.0509607e-05,PLCB1(-0.000);CCL5(-0.000);A2M(-0.000);PHACTR2(-0.000);AOAH(-0.000);S100A4(-0.000);MYO1F(-0.000);PARP8(-0.000),LEF1(+0.000);BACH2(+0.000);FOXP1(+0.000);MAML2(+0.000);SERINC5(+0.000);FHIT(+0.000);PRKCA(+0.000);PDE3B(+0.000)
ZHX3,False,0.05162732377473697,0.0,0.0016478855,-5.38726e-06,LEF1(-0.000);MAML2(-0.000);CAMK4(-0.000);FOXP1(-0.000);BACH2(-0.000);SERINC5(-0.000);PDE3B(-0.000);INPP4B(-0.000),AOAH(+0.000);RAP1GAP2(+0.000);MYO1F(+0.000);PLCB1(+0.000);SAMD3(+0.000);ACTG1(+0.000);JAZF1(+0.000);CCL5(+0.000)
SMAD4,True,0.2593359864798561,-3.4410043e-08,0.0016473639,0.00046331095,LEF1(-0.000);PFN1(-0.000);FOXP1(-0.000);CCR7(-0.000);SELL(-0.000);MAML2(-0.000);TRAC(-0.000);BACH2(-0.000),CCL5(+0.000);B2M(+0.000);HLA-B(+0.000);CYBA(+0.000);S100A4(+0.000);HLA-A(+0.000);RPL13(+0.000);MBNL1(+0.000)
ACACA,False,0.19189881698740663,-8.38621e-06,0.0016467575,-3.1213545e-05,LEF1(-0.000);MAML2(-0.000);BACH2(-0.000);FOXP1(-0.000);SERINC5(-0.000);FHIT(-0.000);PDE3B(-0.000);PRKCA(-0.000),CCL5(+0.000);PLCB1(+0.000);AOAH(+0.000);MYO1F(+0.000);A2M(+0.000);RAP1GAP2(+0.000);PPP2R2B(+0.000);GNLY(+0.000)
LYZ,False,0.3986806956332117,1.1470367e-05,0.0016444976,0.0003140307,GNLY(-0.000);CCL5(-0.000);AOAH(-0.000);CTSW(-0.000);TGFBR3(-0.000);PLCB1(-0.000);MCTP2(-0.000);MYO1F(-0.000),LEF1(+0.000);MAML2(+0.000);BACH2(+0.000);SERINC5(+0.000);CAMK4(+0.000);FHIT(+0.000);FOXP1(+0.000);PDE3B(+0.000)
TBC1D10C,False,0.26707735921059805,1.1014379e-05,0.0016443551,-7.384113e-07,LEF1(-0.000);MAML2(-0.000);BACH2(-0.000);FOXP1(-0.000);SERINC5(-0.000);CAMK4(-0.000);PDE3B(-0.000);FHIT(-0.000),AOAH(+0.000);CCL5(+0.000);PLCB1(+0.000);MYO1F(+0.000);RAP1GAP2(+0.000);ACTG1(+0.000);A2M(+0.000);PFN1(+0.000)
VAPA,False,0.2561740173363136,5.763848e-07,0.0016437764,5.7928333e-05,PFN1(-0.000);ACTG1(-0.000);ACTB(-0.000);GAPDH(-0.000);S100A4(-0.000);CORO1A(-0.000);MYL6(-0.000);FLNA(-0.000),LEF1(+0.000);MAML2(+0.000);BACH2(+0.000);FOXP1(+0.000);BCL2(+0.000);CAMK4(+0.000);SERINC5(+0.000);INPP4B(+0.000)
GSPT1,False,0.167802431445238,-2.0305983e-05,0.0016435608,-2.1318821e-05,IL7R(-0.000);CAMK4(-0.000);LTB(-0.000);BCL2(-0.000);LEF1(-0.000);BCL11B(-0.000);IL32(-0.000);RPL11(-0.000),AOAH(+0.000);JAZF1(+0.000);RAP1GAP2(+0.000);GNLY(+0.000);SAMD3(+0.000);CD247(+0.000);SYNE1(+0.000);VAV3(+0.000)
CEP295,False,0.1331843209943848,-1.180781e-05,0.0016427889,-7.116621e-05,LEF1(-0.000);BACH2(-0.000);MAML2(-0.000);FOXP1(-0.000);SERINC5(-0.000);FHIT(-0.000);PRKCA(-0.000);ZBTB20(-0.000),IL32(+0.000);S100A4(+0.000);PFN1(+0.000);PHACTR2(+0.000);PLCB1(+0.000);A2M(+0.000);CCL5(+0.000);ACTG1(+0.000)
AC097376.3,False,0.17783350596957964,-4.0589216e-06,0.0016425443,1.7091032e-05,LEF1(-0.000);BACH2(-0.000);MAML2(-0.000);FOXP1(-0.000);FHIT(-0.000);SERINC5(-0.000);PRKCA(-0.000);TXK(-0.000),IL32(+0.000);PHACTR2(+0.000);PLCB1(+0.000);S100A4(+0.000);A2M(+0.000);KLRG1(+0.000);CCL5(+0.000);PFN1(+0.000)
CDC40,False,0.18437551109415035,3.947274e-06,0.0016419272,-0.000112694266,PLCB1(-0.000);AOAH(-0.000);A2M(-0.000);MYO1F(-0.000);ACTB(-0.000);S100A4(-0.000);SYNE2(-0.000);ACTG1(-0.000),LEF1(+0.000);MAML2(+0.000);FOXP1(+0.000);BACH2(+0.000);SERINC5(+0.000);FHIT(+0.000);PRKCA(+0.000);PDE3B(+0.000)
HIPK1,False,0.12337131330752873,-1.9685507e-05,0.0016402358,1.8048931e-05,AOAH(-0.000);JAZF1(-0.000);RAP1GAP2(-0.000);GNLY(-0.000);CD247(-0.000);SAMD3(-0.000);MCTP2(-0.000);VAV3(-0.000),IL7R(+0.000);LTB(+0.000);CAMK4(+0.000);IL32(+0.000);RPL11(+0.000);BCL2(+0.000);BCL11B(+0.000);RPS18(+0.000)
TERF2IP,False,0.30556615602682224,-1.3243811e-05,0.0016368271,-2.7490973e-05,ZBTB20(-0.000);TXK(-0.000);BACH2(-0.000);MAML2(-0.000);AOAH(-0.000);KCNQ5(-0.000);CD247(-0.000);SFMBT2(-0.000),IL32(+0.000);S100A4(+0.000);PFN1(+0.000);PHACTR2(+0.000);ACTB(+0.000);RPL11(+0.000);S100A6(+0.000);ACTG1(+0.000)
PCCA,False,0.14490541350924058,-2.3723867e-05,0.0016367723,7.650331e-05,AOAH(-0.000);GNLY(-0.000);RAP1GAP2(-0.000);MCTP2(-0.000);JAZF1(-0.000);SAMD3(-0.000);TGFBR3(-0.000);CTSW(-0.000),CAMK4(+0.000);LEF1(+0.000);IL7R(+0.000);LTB(+0.000);MAML2(+0.000);BCL11B(+0.000);BCL2(+0.000);SERINC5(+0.000)
ZMIZ1,False,0.12495229787930001,-1.02590796e-07,0.0016333053,3.1210915e-05,LEF1(-0.000);MAML2(-0.000);BACH2(-0.000);FOXP1(-0.000);SERINC5(-0.000);FHIT(-0.000);PRKCA(-0.000);PDE3B(-0.000),S100A4(+0.000);PLCB1(+0.000);PFN1(+0.000);ACTB(+0.000);ACTG1(+0.000);A2M(+0.000);MYO1F(+0.000);IL32(+0.000)
ARNTL,True,0.17461702011666577,-3.3772343e-05,0.0016271389,7.453518e-05,B2M(-0.000);S100A4(-0.000);PLCB1(-0.000);HCST(-0.000);MYO1F(-0.000);HLA-B(-0.000);AOAH(-0.000);HLA-A(-0.000),LEF1(+0.000);BACH2(+0.000);MAML2(+0.000);CCR7(+0.000);FHIT(+0.000);SELL(+0.000);PRKCA(+0.000);PDE3B(+0.000)
ST3GAL2,False,0.044322084718966356,-4.00587e-06,0.0016270655,-1.9786838e-05,GNLY(-0.000);AOAH(-0.000);RAP1GAP2(-0.000);NKG7(-0.000);PRF1(-0.000);MCTP2(-0.000);ACTG1(-0.000);TGFBR3(-0.000),LEF1(+0.000);CAMK4(+0.000);MAML2(+0.000);IL7R(+0.000);BCL2(+0.000);FOXP1(+0.000);BACH2(+0.000);SERINC5(+0.000)
WAPL,False,0.295480564793109,-3.6916333e-06,0.0016267949,-9.0435875e-05,PLCB1(-0.000);A2M(-0.000);AOAH(-0.000);CCL5(-0.000);MYO1F(-0.000);SYNE2(-0.000);PZP(-0.000);RAP1GAP2(-0.000),LEF1(+0.000);BACH2(+0.000);FOXP1(+0.000);MAML2(+0.000);SERINC5(+0.000);FHIT(+0.000);PRKCA(+0.000);PDE3B(+0.000)
SLC14A1,False,0.14659543149975468,-4.8152106e-06,0.0016254195,4.5348228e-05,LEF1(-0.000);BACH2(-0.000);MAML2(-0.000);FOXP1(-0.000);SERINC5(-0.000);FHIT(-0.000);PRKCA(-0.000);PDE3B(-0.000),PLCB1(+0.000);A2M(+0.000);S100A4(+0.000);PHACTR2(+0.000);IL32(+0.000);ACTB(+0.000);MYO1F(+0.000);PFN1(+0.000)
LARP1,False,0.22728016136945978,-1.0446743e-05,0.0016235107,-5.085107e-05,IL32(-0.000);S100A4(-0.000);RPL11(-0.000);ACTB(-0.000);RPL28(-0.000);LTB(-0.000);RPL13A(-0.000);RPL41(-0.000),AOAH(+0.000);JAZF1(+0.000);MCTP2(+0.000);TXK(+0.000);CD247(+0.000);ZBTB20(+0.000);SFMBT2(+0.000);KCNQ5(+0.000)
LRIG1,False,0.20209344163986262,-4.3285407e-05,0.0016225504,-3.6598554e-05,CCL5(-0.000);PLCB1(-0.000);A2M(-0.000);PHACTR2(-0.000);IL7R(-0.000);GZMK(-0.000);LTB(-0.000);GNLY(-0.000),SMC4(+0.000);LEF1(+0.000);BACH2(+0.000);TMPO(+0.000);DNMT1(+0.000);SELL(+0.000);KCNQ5(+0.000);GAPDH(+0.000)
MPHOSPH9,False,0.16916534917952353,-2.3597948e-05,0.001621848,-3.0327492e-05,LEF1(-0.000);BACH2(-0.000);FOXP1(-0.000);MAML2(-0.000);SERINC5(-0.000);FHIT(-0.000);PRKCA(-0.000);PDE3B(-0.000),CCL5(+0.000);PLCB1(+0.000);GNLY(+0.000);AOAH(+0.000);A2M(+0.000);CTSW(+0.000);PPP2R2B(+0.000);MYO1F(+0.000)
CEP152,False,0.05222700757782261,0.0,0.0016213998,-1.27436115e-05,AOAH(-0.000);GNLY(-0.000);RAP1GAP2(-0.000);JAZF1(-0.000);SAMD3(-0.000);MCTP2(-0.000);SYNE1(-0.000);CD247(-0.000),CAMK4(+0.000);IL7R(+0.000);LTB(+0.000);LEF1(+0.000);BCL11B(+0.000);BCL2(+0.000);IL32(+0.000);RPL11(+0.000)
AGFG1,False,0.26331570626396994,-3.9334736e-06,0.0016209836,-6.8658526e-05,PLCB1(-0.000);PHACTR2(-0.000);S100A4(-0.000);IL32(-0.000);A2M(-0.000);CCL5(-0.000);ACTB(-0.000);PFN1(-0.000),LEF1(+0.000);BACH2(+0.000);MAML2(+0.000);FOXP1(+0.000);SERINC5(+0.000);FHIT(+0.000);PRKCA(+0.000);PDE3B(+0.000)
PTPRM,False,0.1283868505696996,2.4611869e-05,0.0016202686,-2.6089796e-05,LEF1(-0.000);BACH2(-0.000);MAML2(-0.000);FOXP1(-0.000);FHIT(-0.000);SERINC5(-0.000);PRKCA(-0.000);PDE3B(-0.000),PLCB1(+0.000);A2M(+0.000);PHACTR2(+0.000);IL32(+0.000);S100A4(+0.000);CCL5(+0.000);KLRG1(+0.000);PARP8(+0.000)
ABCF1,False,0.17876029002889385,-1.6385186e-05,0.001619289,-1.36504095e-05,IL32(-0.000);IL7R(-0.000);LTB(-0.000);CAMK4(-0.000);RPL11(-0.000);PHACTR2(-0.000);RPL30(-0.000);RPS18(-0.000),AOAH(+0.000);JAZF1(+0.000);CD247(+0.000);RAP1GAP2(+0.000);KCNQ5(+0.000);SAMD3(+0.000);VAV3(+0.000);FNDC3B(+0.000)
VPS13D,False,0.37649239491904274,-2.1589422e-05,0.0016176034,-7.465962e-06,MAML2(-0.000);LEF1(-0.000);BACH2(-0.000);FOXP1(-0.000);SERINC5(-0.000);BCL2(-0.000);INPP4B(-0.000);PRKCA(-0.000),ACTG1(+0.000);PFN1(+0.000);ACTB(+0.000);S100A4(+0.000);GAPDH(+0.000);CORO1A(+0.000);TMSB4X(+0.000);FLNA(+0.000)
IK,False,0.23305893256283053,-3.3141096e-05,0.0016165859,3.6205485e-05,GAPDH(-0.000);ACTB(-0.000);ACTG1(-0.000);PFN1(-0.000);TMSB10(-0.000);PTMA(-0.000);VIM(-0.000);ARHGDIB(-0.000),PLCB1(+0.000);AOAH(+0.000);CCL5(+0.000);A2M(+0.000);PARP8(+0.000);PITPNC1(+0.000);PZP(+0.000);IL7R(+0.000)
NDC1,False,0.05702447800250776,0.0,0.0016144526,-1.7202621e-05,LEF1(-0.000);MAML2(-0.000);BACH2(-0.000);FOXP1(-0.000);SERINC5(-0.000);PDE3B(-0.000);CAMK4(-0.000);PRKCA(-0.000),PFN1(+0.000);ACTG1(+0.000);ACTB(+0.000);S100A4(+0.000);CCL5(+0.000);PLCB1(+0.000);MYO1F(+0.000);RAP1GAP2(+0.000)
JAK1,False,0.6912173581202641,-4.1754643e-05,0.0016134427,0.00012494372,GNLY(-0.000);MCTP2(-0.000);TGFBR3(-0.000);CTSW(-0.000);TYROBP(-0.000);CCL5(-0.000);PPP2R2B(-0.000);KCNQ5(-0.000),IL32(+0.000);IL7R(+0.000);PHACTR2(+0.000);LTB(+0.000);RPL11(+0.000);S100A4(+0.000);RPL28(+0.000);RPS18(+0.000)
MDS2,False,0.09502262443438914,0.0,0.0016005395,1.2953661e-05,LEF1(-0.000);BACH2(-0.000);MAML2(-0.000);FOXP1(-0.000);SERINC5(-0.000);FHIT(-0.000);PRKCA(-0.000);PDE3B(-0.000),CCL5(+0.000);PLCB1(+0.000);A2M(+0.000);GNLY(+0.000);AOAH(+0.000);PHACTR2(+0.000);MYO1F(+0.000);S100A4(+0.000)
DHX36,False,0.3592651147576733,-1.4085803e-05,0.0016002705,-1.6532882e-05,IL7R(-0.000);BCL2(-0.000);LTB(-0.000);CAMK4(-0.000);MAML2(-0.000);BCL11B(-0.000);ANK3(-0.000);ARHGAP15(-0.000),PFN1(+0.000);GAPDH(+0.000);ACTG1(+0.000);ACTB(+0.000);PTMA(+0.000);SMC4(+0.000);DNMT1(+0.000);IFI16(+0.000)
SYTL3,False,0.33249741045630476,1.133838e-05,0.0015987963,-4.280412e-05,IL7R(-0.000);LTB(-0.000);PHACTR2(-0.000);IL32(-0.000);A2M(-0.000);BCL2(-0.000);GZMK(-0.000);PLCB1(-0.000),SMC4(+0.000);KCNQ5(+0.000);IFI16(+0.000);TFDP2(+0.000);CD247(+0.000);JAZF1(+0.000);DNMT1(+0.000);SCLT1(+0.000)
RNF24,False,0.07403369132639154,2.600128e-08,0.0015979985,3.5562005e-06,AOAH(-0.000);CCL5(-0.000);PLCB1(-0.000);MYO1F(-0.000);RAP1GAP2(-0.000);PFN1(-0.000);ACTG1(-0.000);ACTB(-0.000),LEF1(+0.000);MAML2(+0.000);BACH2(+0.000);FOXP1(+0.000);SERINC5(+0.000);CAMK4(+0.000);PDE3B(+0.000);PRKCA(+0.000)
ANKS1A,False,0.13727307419724144,-5.0102567e-06,0.0015975314,-1.102075e-06,IL32(-0.000);S100A4(-0.000);PHACTR2(-0.000);PLCB1(-0.000);CCL5(-0.000);PFN1(-0.000);GZMK(-0.000);A2M(-0.000),LEF1(+0.000);BACH2(+0.000);MAML2(+0.000);FOXP1(+0.000);SERINC5(+0.000);FHIT(+0.000);PRKCA(+0.000);PDE3B(+0.000)
CTNNBIP1,False,0.05615221065256501,0.0,0.0015965836,-8.4852864e-08,AOAH(-0.000);PLCB1(-0.000);CCL5(-0.000);MYO1F(-0.000);RAP1GAP2(-0.000);GNLY(-0.000);A2M(-0.000);ACTG1(-0.000),LEF1(+0.000);MAML2(+0.000);BACH2(+0.000);FOXP1(+0.000);SERINC5(+0.000);CAMK4(+0.000);PDE3B(+0.000);FHIT(+0.000)
FXR1,False,0.2790165185629395,-2.098449e-05,0.0015948439,7.3464675e-05,AOAH(-0.000);GNLY(-0.000);JAZF1(-0.000);MCTP2(-0.000);RAP1GAP2(-0.000);CD247(-0.000);SAMD3(-0.000);KCNQ5(-0.000),IL7R(+0.000);LTB(+0.000);IL32(+0.000);CAMK4(+0.000);RPL11(+0.000);PHACTR2(+0.000);RPL30(+0.000);RPS18(+0.000)
SPEF2,False,0.1387995420596413,-9.942006e-06,0.0015943588,3.875681e-05,LEF1(-0.000);MAML2(-0.000);BACH2(-0.000);FOXP1(-0.000);SERINC5(-0.000);PRKCA(-0.000);PDE3B(-0.000);FHIT(-0.000),ACTG1(+0.000);CCL5(+0.000);ACTB(+0.000);S100A4(+0.000);PFN1(+0.000);PLCB1(+0.000);MYO1F(+0.000);AOAH(+0.000)
EHBP1,False,0.301150302567737,-1.9340387e-05,0.0015924457,-6.621204e-05,LEF1(-0.000);MAML2(-0.000);BACH2(-0.000);FOXP1(-0.000);SERINC5(-0.000);CAMK4(-0.000);PDE3B(-0.000);PRKCA(-0.000),PFN1(+0.000);ACTG1(+0.000);ACTB(+0.000);MYO1F(+0.000);CCL5(+0.000);S100A4(+0.000);PLCB1(+0.000);AOAH(+0.000)
SSR4,False,0.1929891511748351,-5.172097e-05,0.0015913032,6.037415e-05,IL32(-0.000);S100A4(-0.000);PHACTR2(-0.000);PLCB1(-0.000);A2M(-0.000);PFN1(-0.000);CCL5(-0.000);GZMK(-0.000),LEF1(+0.000);BACH2(+0.000);MAML2(+0.000);FOXP1(+0.000);FHIT(+0.000);SERINC5(+0.000);PRKCA(+0.000);PDE3B(+0.000)
ASCC3,False,0.3841247342310419,9.250256e-07,0.0015874103,-1.7326884e-05,GNLY(-0.000);MCTP2(-0.000);RAP1GAP2(-0.000);TGFBR3(-0.000);AOAH(-0.000);ACTG1(-0.000);JAZF1(-0.000);SAMD3(-0.000),IL7R(+0.000);CAMK4(+0.000);BCL2(+0.000);LTB(+0.000);LEF1(+0.000);MAML2(+0.000);BCL11B(+0.000);INPP4B(+0.000)
PBXIP1,False,0.3072016573079649,-1.6004824e-05,0.0015858918,-0.00012884155,IL32(-0.000);S100A4(-0.000);PHACTR2(-0.000);ACTB(-0.000);RPL11(-0.000);RPL28(-0.000);B2M(-0.000);RPS2(-0.000),BACH2(+0.000);LEF1(+0.000);FOXP1(+0.000);MAML2(+0.000);TXK(+0.000);ZBTB20(+0.000);KCNQ5(+0.000);APBA2(+0.000)
TGFBR1,False,0.1515564520525541,-4.645461e-05,0.0015848986,2.8776454e-05,PLCB1(-0.000);AOAH(-0.000);CCL5(-0.000);A2M(-0.000);MYO1F(-0.000);GNLY(-0.000);PARP8(-0.000);CTSW(-0.000),LEF1(+0.000);BACH2(+0.000);MAML2(+0.000);FOXP1(+0.000);SERINC5(+0.000);FHIT(+0.000);PRKCA(+0.000);PDE3B(+0.000)
ZNF213,True,0.022733467807883122,0.0,0.0015810651,-0.00051929645,B2M(-0.000);HLA-B(-0.000);ACTB(-0.000);MBNL1(-0.000);CCL5(-0.000);PTPRC(-0.000);RIPOR2(-0.000);RPL13(-0.000),TRAC(+0.000);TRBC1(+0.000);TRBC2(+0.000);PFN1(+0.000);JUN(+0.000);CD3D(+0.000);FOXP1(+0.000);HCST(+0.000)
YTHDC2,False,0.22989696341928803,1.5646368e-05,0.0015797471,0.000110838315,PFN1(-0.000);ACTG1(-0.000);ACTB(-0.000);S100A4(-0.000);GAPDH(-0.000);MYO1F(-0.000);MYL6(-0.000);FLNA(-0.000),LEF1(+0.000);MAML2(+0.000);BACH2(+0.000);FOXP1(+0.000);SERINC5(+0.000);PRKCA(+0.000);PDE3B(+0.000);INPP4B(+0.000)
LINC01588,False,0.1673662977702666,-1.861699e-05,0.0015795305,-1.5540294e-05,LEF1(-0.000);BACH2(-0.000);MAML2(-0.000);FOXP1(-0.000);FHIT(-0.000);SERINC5(-0.000);PRKCA(-0.000);PDE3B(-0.000),PLCB1(+0.000);IL32(+0.000);PHACTR2(+0.000);S100A4(+0.000);A2M(+0.000);PFN1(+0.000);KLRG1(+0.000);MYO1F(+0.000)
FBXL5,False,0.1898271820312926,-5.9487666e-06,0.0015790509,3.1493342e-05,LEF1(-0.000);BACH2(-0.000);FOXP1(-0.000);SERINC5(-0.000);FHIT(-0.000);MAML2(-0.000);PDE3B(-0.000);PRKCA(-0.000),PLCB1(+0.000);AOAH(+0.000);CCL5(+0.000);A2M(+0.000);MYO1F(+0.000);PARP8(+0.000);ARHGAP26(+0.000);SYNE2(+0.000)
ANGPT2,False,0.1700376165294663,-1.0752428e-05,0.0015770809,-8.188817e-05,RAP1GAP2(-0.000);AOAH(-0.000);JAZF1(-0.000);CD247(-0.000);SAMD3(-0.000);ACTG1(-0.000);SYNE1(-0.000);VAV3(-0.000),IL7R(+0.000);CAMK4(+0.000);BCL2(+0.000);LTB(+0.000);LEF1(+0.000);BCL11B(+0.000);MAML2(+0.000);INPP4B(+0.000)
LRRC8B,False,0.15493648803358226,-1.44075475e-05,0.0015765602,3.320615e-05,LEF1(-0.000);MAML2(-0.000);BACH2(-0.000);FOXP1(-0.000);CAMK4(-0.000);SERINC5(-0.000);PDE3B(-0.000);PRKCA(-0.000),AOAH(+0.000);MYO1F(+0.000);RAP1GAP2(+0.000);CCL5(+0.000);ACTG1(+0.000);PLCB1(+0.000);ACTB(+0.000);PFN1(+0.000)
PRKAR2A,False,0.20138472441803415,-2.2887369e-05,0.001576296,7.277095e-05,LEF1(-0.000);BACH2(-0.000);FOXP1(-0.000);MAML2(-0.000);FHIT(-0.000);PRKCA(-0.000);SERINC5(-0.000);MCTP2(-0.000),IL32(+0.000);PHACTR2(+0.000);S100A4(+0.000);PLCB1(+0.000);A2M(+0.000);ACTB(+0.000);PFN1(+0.000);HLA-B(+0.000)
DCAF17,False,0.09665812571553181,0.0,0.0015762266,3.689093e-05,PLCB1(-0.000);CCL5(-0.000);AOAH(-0.000);MYO1F(-0.000);PFN1(-0.000);GNLY(-0.000);RAP1GAP2(-0.000);A2M(-0.000),LEF1(+0.000);MAML2(+0.000);BACH2(+0.000);FOXP1(+0.000);SERINC5(+0.000);CAMK4(+0.000);PDE3B(+0.000);FHIT(+0.000)
AC093010.2,False,0.055661560268222214,0.0,0.0015738595,2.3884075e-05,LEF1(-0.000);BACH2(-0.000);MAML2(-0.000);FOXP1(-0.000);ZBTB20(-0.000);TXK(-0.000);FHIT(-0.000);PRKCA(-0.000),IL32(+0.000);S100A4(+0.000);PHACTR2(+0.000);PFN1(+0.000);GZMK(+0.000);ACTB(+0.000);PLCB1(+0.000);A2M(+0.000)
APP,False,0.29008341056533826,-9.770903e-07,0.0015735762,-5.0007744e-05,SMC4(-0.000);GAPDH(-0.000);PTMA(-0.000);DNMT1(-0.000);TMPO(-0.000);ACTG1(-0.000);ACTB(-0.000);DEK(-0.000),IL7R(+0.000);A2M(+0.000);PLCB1(+0.000);PHACTR2(+0.000);LTB(+0.000);GZMK(+0.000);CCL5(+0.000);BCL2(+0.000)
NFIA,True,0.1466499482091261,-1.0141039e-05,0.001568138,7.267755e-05,LEF1(-0.000);FOXP1(-0.000);LTB(-0.000);MAML2(-0.000);BACH2(-0.000);CAMK4(-0.000);SERINC5(-0.000);PDE3B(-0.000),GNLY(+0.000);AOAH(+0.000);PFN1(+0.000);PLCB1(+0.000);SYNE2(+0.000);CD247(+0.000);A2M(+0.000);ACTB(+0.000)
ATG14,False,0.13901760889712697,6.6542866e-06,0.0015674891,-6.287784e-05,PLCB1(-0.000);A2M(-0.000);CCL5(-0.000);PHACTR2(-0.000);AOAH(-0.000);PARP8(-0.000);GNLY(-0.000);KLRG1(-0.000),LEF1(+0.000);BACH2(+0.000);FOXP1(+0.000);MAML2(+0.000);FHIT(+0.000);SERINC5(+0.000);PRKCA(+0.000);PDE3B(+0.000)
ATG4C,False,0.07354304094204873,0.0,0.0015657974,3.850493e-05,AOAH(-0.000);JAZF1(-0.000);RAP1GAP2(-0.000);SAMD3(-0.000);SYNE1(-0.000);VAV3(-0.000);CD247(-0.000);UTRN(-0.000),CAMK4(+0.000);IL7R(+0.000);LTB(+0.000);LEF1(+0.000);IL32(+0.000);RPL11(+0.000);BCL11B(+0.000);BCL2(+0.000)
NOL4L,False,0.3233386032819059,-3.7315043e-05,0.0015649142,1.3281184e-05,AOAH(-0.000);JAZF1(-0.000);CD247(-0.000);RAP1GAP2(-0.000);SAMD3(-0.000);SYNE1(-0.000);VAV3(-0.000);FNDC3B(-0.000),IL32(+0.000);LTB(+0.000);IL7R(+0.000);RPL11(+0.000);CAMK4(+0.000);RPS18(+0.000);RPL30(+0.000);RPL34(+0.000)
GCNT2,False,0.05386250885896527,0.0,0.0015645245,2.4925923e-05,LEF1(-0.000);MAML2(-0.000);CAMK4(-0.000);FOXP1(-0.000);BACH2(-0.000);SERINC5(-0.000);PDE3B(-0.000);PRKCA(-0.000),AOAH(+0.000);RAP1GAP2(+0.000);MYO1F(+0.000);PLCB1(+0.000);SAMD3(+0.000);JAZF1(+0.000);GNLY(+0.000);SYNE1(+0.000)
ANKRD36B,False,0.2727470969852259,2.157969e-06,0.0015616198,4.07969e-05,LEF1(-0.000);MAML2(-0.000);CAMK4(-0.000);FOXP1(-0.000);BACH2(-0.000);BCL2(-0.000);SERINC5(-0.000);IL7R(-0.000),CCL5(+0.000);ACTG1(+0.000);TGFBR3(+0.000);ACTB(+0.000);RAP1GAP2(+0.000);MCTP2(+0.000);AOAH(+0.000);GNLY(+0.000)
GMEB1,True,0.06062258082102165,-8.661032e-06,0.0015612537,0.00052978174,TRAC(-0.000);TRBC1(-0.000);FOXP1(-0.000);LEF1(-0.000);JUN(-0.000);FOS(-0.000);TRBC2(-0.000);CD3D(-0.000),CCL5(+0.000);B2M(+0.000);SYNE2(+0.000);ACTB(+0.000);HLA-B(+0.000);CD247(+0.000);IL7R(+0.000);ITGB2(+0.000)
GALNT1,False,0.13220302022569919,-4.4361764e-07,0.0015604836,-4.025825e-05,IL32(-0.000);PHACTR2(-0.000);A2M(-0.000);S100A4(-0.000);PLCB1(-0.000);KLRG1(-0.000);GZMK(-0.000);HLA-B(-0.000),LEF1(+0.000);BACH2(+0.000);FOXP1(+0.000);MAML2(+0.000);FHIT(+0.000);PRKCA(+0.000);SERINC5(+0.000);KCNQ5(+0.000)
UBE3D,False,0.11830125933598647,8.041089e-06,0.0015603584,-3.891958e-05,ACTG1(-0.000);AOAH(-0.000);ACTB(-0.000);MYO1F(-0.000);PLCB1(-0.000);S100A4(-0.000);PFN1(-0.000);RAP1GAP2(-0.000),LEF1(+0.000);MAML2(+0.000);BACH2(+0.000);FOXP1(+0.000);SERINC5(+0.000);CAMK4(+0.000);PDE3B(+0.000);PRKCA(+0.000)
TMEM243,False,0.35414054407675966,9.3925355e-06,0.0015602475,-8.213004e-05,AOAH(-0.000);JAZF1(-0.000);CD247(-0.000);RAP1GAP2(-0.000);SAMD3(-0.000);SYNE1(-0.000);FNDC3B(-0.000);VAV3(-0.000),CAMK4(+0.000);LTB(+0.000);IL32(+0.000);IL7R(+0.000);TRAC(+0.000);LEF1(+0.000);BCL11B(+0.000);RPL11(+0.000)
VPS8,False,0.2863762743280816,1.1062576e-05,0.0015597324,-9.750448e-05,IL32(-0.000);S100A4(-0.000);ACTB(-0.000);ACTG1(-0.000);TMSB4X(-0.000);PFN1(-0.000);CORO1A(-0.000);HLA-A(-0.000),MAML2(+0.000);BACH2(+0.000);LEF1(+0.000);FOXP1(+0.000);ZBTB20(+0.000);TXK(+0.000);PRKCA(+0.000);SERINC5(+0.000)
BTBD2,False,0.10478111541187374,0.0,0.0015596631,-3.2408022e-06,CCL5(-0.000);S100A4(-0.000);PLCB1(-0.000);PFN1(-0.000);ACTG1(-0.000);ACTB(-0.000);MYO1F(-0.000);A2M(-0.000),LEF1(+0.000);MAML2(+0.000);BACH2(+0.000);FOXP1(+0.000);SERINC5(+0.000);FHIT(+0.000);PRKCA(+0.000);PDE3B(+0.000)
PJA2,False,0.3434552690399607,-5.9935237e-06,0.0015576428,-6.864419e-05,CD247(-0.000);JAZF1(-0.000);RAP1GAP2(-0.000);SMC4(-0.000);KCNQ5(-0.000);TFDP2(-0.000);MAPRE2(-0.000);IFI16(-0.000),IL7R(+0.000);LTB(+0.000);PHACTR2(+0.000);IL32(+0.000);GZMK(+0.000);BCL2(+0.000);CAMK4(+0.000);TRAC(+0.000)
TSPAN32,False,0.10707081720547347,-9.66982e-06,0.0015539865,-4.3014616e-06,PLCB1(-0.000);CCL5(-0.000);GNLY(-0.000);A2M(-0.000);AOAH(-0.000);MYO1F(-0.000);S100A4(-0.000);PHACTR2(-0.000),LEF1(+0.000);BACH2(+0.000);MAML2(+0.000);FOXP1(+0.000);SERINC5(+0.000);FHIT(+0.000);PRKCA(+0.000);PDE3B(+0.000)
RAB3GAP2,False,0.3332606443875048,4.1576573e-06,0.0015525552,-3.06722e-06,CCL5(-0.000);AOAH(-0.000);CTSW(-0.000);GNLY(-0.000);TGFBR3(-0.000);MYO1F(-0.000);RAP1GAP2(-0.000);MCTP2(-0.000),LEF1(+0.000);MAML2(+0.000);FOXP1(+0.000);BACH2(+0.000);CAMK4(+0.000);SERINC5(+0.000);PDE3B(+0.000);INPP4B(+0.000)
SUSD4,False,0.034236493485253226,0.0,0.0015518935,-1.701066e-05,LEF1(-0.000);MAML2(-0.000);CAMK4(-0.000);BACH2(-0.000);FOXP1(-0.000);SERINC5(-0.000);PDE3B(-0.000);FHIT(-0.000),AOAH(+0.000);CCL5(+0.000);RAP1GAP2(+0.000);PLCB1(+0.000);MYO1F(+0.000);SAMD3(+0.000);JAZF1(+0.000);PPP2R2B(+0.000)
ABCD3,False,0.07534209235130568,6.195145e-06,0.0015516803,-4.9527566e-06,PLCB1(-0.000);CCL5(-0.000);AOAH(-0.000);MYO1F(-0.000);A2M(-0.000);RAP1GAP2(-0.000);S100A4(-0.000);ACTG1(-0.000),LEF1(+0.000);MAML2(+0.000);BACH2(+0.000);FOXP1(+0.000);SERINC5(+0.000);FHIT(+0.000);PDE3B(+0.000);PRKCA(+0.000)
UBN2,False,0.07114430572970615,-4.663577e-06,0.001547608,2.3204468e-05,LEF1(-0.000);MAML2(-0.000);BACH2(-0.000);FOXP1(-0.000);SERINC5(-0.000);FHIT(-0.000);PDE3B(-0.000);CAMK4(-0.000),CCL5(+0.000);PLCB1(+0.000);AOAH(+0.000);MYO1F(+0.000);A2M(+0.000);RAP1GAP2(+0.000);S100A4(+0.000);ACTG1(+0.000)
PRIMPOL,False,0.04857438804993731,0.0,0.0015427653,5.5402204e-05,LEF1(-0.000);MAML2(-0.000);FOXP1(-0.000);BACH2(-0.000);CAMK4(-0.000);SERINC5(-0.000);PDE3B(-0.000);FHIT(-0.000),AOAH(+0.000);PLCB1(+0.000);MYO1F(+0.000);RAP1GAP2(+0.000);A2M(+0.000);SYNE1(+0.000);SAMD3(+0.000);NCALD(+0.000)
PIK3C3,False,0.2348579839720875,-6.033678e-06,0.0015369076,1.832577e-05,LEF1(-0.000);MAML2(-0.000);CAMK4(-0.000);BACH2(-0.000);FOXP1(-0.000);SERINC5(-0.000);PDE3B(-0.000);INPP4B(-0.000),AOAH(+0.000);RAP1GAP2(+0.000);MYO1F(+0.000);CCL5(+0.000);ACTG1(+0.000);SAMD3(+0.000);JAZF1(+0.000);SYNE1(+0.000)
FCER1G,False,0.0897890203347326,-1.4085061e-05,0.0015367814,7.696076e-05,LEF1(-0.000);BACH2(-0.000);MAML2(-0.000);FOXP1(-0.000);FHIT(-0.000);PRKCA(-0.000);KCNQ5(-0.000);TXK(-0.000),IL32(+0.000);PHACTR2(+0.000);S100A4(+0.000);A2M(+0.000);ACTB(+0.000);LTB(+0.000);RPL11(+0.000);RPL28(+0.000)
TACC1,False,0.12936815133838522,-9.6870235e-06,0.0015366575,-2.9747638e-05,LEF1(-0.000);BACH2(-0.000);SERINC5(-0.000);CAMK4(-0.000);FOXP1(-0.000);MAML2(-0.000);FHIT(-0.000);PDE3B(-0.000),AOAH(+0.000);PLCB1(+0.000);CCL5(+0.000);A2M(+0.000);MYO1F(+0.000);GNLY(+0.000);RAP1GAP2(+0.000);SYNE1(+0.000)
USP37,False,0.08030311290410512,-4.777121e-07,0.0015332936,-1.18385215e-05,AOAH(-0.000);CCL5(-0.000);PLCB1(-0.000);RAP1GAP2(-0.000);MYO1F(-0.000);ACTG1(-0.000);SYNE1(-0.000);SAMD3(-0.000),LEF1(+0.000);MAML2(+0.000);BACH2(+0.000);FOXP1(+0.000);CAMK4(+0.000);SERINC5(+0.000);PDE3B(+0.000);FHIT(+0.000)
ABCC4,False,0.08760835195987571,0.0,0.0015331272,5.3417712e-05,LEF1(-0.000);MAML2(-0.000);BACH2(-0.000);FOXP1(-0.000);CAMK4(-0.000);SERINC5(-0.000);PDE3B(-0.000);FHIT(-0.000),CCL5(+0.000);AOAH(+0.000);PLCB1(+0.000);RAP1GAP2(+0.000);MYO1F(+0.000);A2M(+0.000);SYNE1(+0.000);PPP2R2B(+0.000)
RABEPK,False,0.12048192771084337,0.0,0.0015321714,-3.1170486e-05,LEF1(-0.000);MAML2(-0.000);BACH2(-0.000);FOXP1(-0.000);SERINC5(-0.000);CAMK4(-0.000);PDE3B(-0.000);FHIT(-0.000),AOAH(+0.000);CCL5(+0.000);PLCB1(+0.000);MYO1F(+0.000);RAP1GAP2(+0.000);A2M(+0.000);PFN1(+0.000);SAMD3(+0.000)
SPEN,False,0.1812680586599793,-2.1160871e-05,0.0015315724,0.0001393351,LEF1(-0.000);BACH2(-0.000);MAML2(-0.000);FOXP1(-0.000);FHIT(-0.000);PRKCA(-0.000);SERINC5(-0.000);PDE3B(-0.000),IL32(+0.000);S100A4(+0.000);PHACTR2(+0.000);ACTB(+0.000);A2M(+0.000);PLCB1(+0.000);CCL5(+0.000);HLA-B(+0.000)
CHCHD3,False,0.3195224336259063,-1.7300002e-06,0.0015304132,-7.194164e-05,CCL5(-0.000);PLCB1(-0.000);A2M(-0.000);AOAH(-0.000);GNLY(-0.000);MYO1F(-0.000);PHACTR2(-0.000);PARP8(-0.000),LEF1(+0.000);BACH2(+0.000);FOXP1(+0.000);MAML2(+0.000);SERINC5(+0.000);FHIT(+0.000);PRKCA(+0.000);PDE3B(+0.000)
CLASP1,False,0.2908466444965382,-2.773792e-05,0.0015301789,4.2429096e-05,AOAH(-0.000);GNLY(-0.000);TXK(-0.000);ZBTB20(-0.000);ZFAND3(-0.000);PITPNC1(-0.000);PLCB1(-0.000);JAZF1(-0.000),ACTB(+0.000);IL32(+0.000);ACTG1(+0.000);S100A4(+0.000);TMSB10(+0.000);TMSB4X(+0.000);RPL11(+0.000);ARHGDIB(+0.000)
MCF2L2,False,0.07675952679496265,0.0,0.0015291102,-4.8552033e-06,GNLY(-0.000);CCL5(-0.000);S100A4(-0.000);PFN1(-0.000);PLCB1(-0.000);ACTG1(-0.000);ACTB(-0.000);A2M(-0.000),LEF1(+0.000);MAML2(+0.000);BACH2(+0.000);FOXP1(+0.000);SERINC5(+0.000);FHIT(+0.000);PRKCA(+0.000);PDE3B(+0.000)
PPP2R5A,False,0.3003325519271657,-2.0705563e-06,0.0015280917,8.633446e-05,IL32(-0.000);TMSB10(-0.000);CAMK4(-0.000);TRAC(-0.000);RPL11(-0.000);LTB(-0.000);CD3D(-0.000);RPL28(-0.000),AOAH(+0.000);JAZF1(+0.000);CD247(+0.000);SYNE1(+0.000);RAP1GAP2(+0.000);SAMD3(+0.000);UTRN(+0.000);FNDC3B(+0.000)
PAAF1,False,0.08700866815679006,0.0,0.0015272486,3.4361452e-05,PLCB1(-0.000);CCL5(-0.000);AOAH(-0.000);MYO1F(-0.000);A2M(-0.000);S100A4(-0.000);PFN1(-0.000);RAP1GAP2(-0.000),LEF1(+0.000);MAML2(+0.000);BACH2(+0.000);FOXP1(+0.000);SERINC5(+0.000);FHIT(+0.000);PRKCA(+0.000);PDE3B(+0.000)
MYO16,False,0.03663522869759581,0.0,0.0015260895,1.9442336e-05,AOAH(-0.000);GNLY(-0.000);RAP1GAP2(-0.000);MYO1F(-0.000);ACTG1(-0.000);PFN1(-0.000);CCL5(-0.000);JAZF1(-0.000),LEF1(+0.000);MAML2(+0.000);CAMK4(+0.000);FOXP1(+0.000);BACH2(+0.000);SERINC5(+0.000);PDE3B(+0.000);INPP4B(+0.000)
ACIN1,False,0.22847952897563104,5.402209e-10,0.0015257391,4.7869813e-05,AOAH(-0.000);GNLY(-0.000);CCL5(-0.000);JAZF1(-0.000);RAP1GAP2(-0.000);MCTP2(-0.000);SAMD3(-0.000);TGFBR3(-0.000),CAMK4(+0.000);LEF1(+0.000);IL7R(+0.000);RPL11(+0.000);IL32(+0.000);LTB(+0.000);BCL11B(+0.000);EEF1A1(+0.000)
SLC25A36,False,0.21223354958294716,3.1334193e-06,0.0015251728,2.6582768e-07,AOAH(-0.000);PFN1(-0.000);MYO1F(-0.000);PLCB1(-0.000);CCL5(-0.000);RAP1GAP2(-0.000);ACTG1(-0.000);ACTB(-0.000),LEF1(+0.000);MAML2(+0.000);BACH2(+0.000);FOXP1(+0.000);SERINC5(+0.000);CAMK4(+0.000);PDE3B(+0.000);PRKCA(+0.000)
RNF13,False,0.20078504061494848,-1.4723057e-05,0.001523074,-2.8453573e-05,AOAH(-0.000);MCTP2(-0.000);CD247(-0.000);JAZF1(-0.000);GNLY(-0.000);TXK(-0.000);ZBTB20(-0.000);UTRN(-0.000),IL32(+0.000);S100A4(+0.000);PFN1(+0.000);RPL11(+0.000);PHACTR2(+0.000);LTB(+0.000);TMSB10(+0.000);RPL28(+0.000)
CCDC88C,False,0.6128223300441586,-3.7746166e-05,0.001520864,-0.0001328034,IL7R(-0.000);BCL2(-0.000);CCL5(-0.000);LTB(-0.000);ARHGAP15(-0.000);CAMK4(-0.000);BCL11B(-0.000);TC2N(-0.000),PFN1(+0.000);GAPDH(+0.000);ACTG1(+0.000);ACTB(+0.000);SMC4(+0.000);PTMA(+0.000);MYL6(+0.000);DNMT1(+0.000)
MFSD11,False,0.1317668865507278,-3.8558246e-06,0.0015208485,0.0001355393,IL32(-0.000);PHACTR2(-0.000);LTB(-0.000);S100A4(-0.000);TRAC(-0.000);S100A6(-0.000);PFN1(-0.000);RPL11(-0.000),CD247(+0.000);AOAH(+0.000);KCNQ5(+0.000);TXK(+0.000);SFMBT2(+0.000);JAZF1(+0.000);ZBTB20(+0.000);WWOX(+0.000)
LINC01644,False,0.0074142724745134385,0.0,0.0015090632,-4.409691e-06,GNLY(-0.000);PLCB1(-0.000);CCL5(-0.000);A2M(-0.000);PHACTR2(-0.000);GZMK(-0.000);S100A4(-0.000);IL32(-0.000),LEF1(+0.000);BACH2(+0.000);MAML2(+0.000);FOXP1(+0.000);SERINC5(+0.000);FHIT(+0.000);PRKCA(+0.000);PDE3B(+0.000)
UBXN2A,False,0.13596467317232733,0.0,0.0015052139,5.9154856e-05,GNLY(-0.000);AOAH(-0.000);ZBTB20(-0.000);MCTP2(-0.000);TXK(-0.000);TGFBR3(-0.000);JAZF1(-0.000);MAML2(-0.000),IL32(+0.000);ACTB(+0.000);S100A4(+0.000);ACTG1(+0.000);PFN1(+0.000);RPL11(+0.000);TMSB4X(+0.000);TMSB10(+0.000)
EBPL,False,0.047484053862508854,0.0,0.0015030348,8.483092e-06,AOAH(-0.000);PLCB1(-0.000);CCL5(-0.000);MYO1F(-0.000);RAP1GAP2(-0.000);A2M(-0.000);PFN1(-0.000);CTSW(-0.000),LEF1(+0.000);MAML2(+0.000);BACH2(+0.000);FOXP1(+0.000);SERINC5(+0.000);CAMK4(+0.000);PDE3B(+0.000);FHIT(+0.000)
MCPH1-AS1,False,0.06705555252684947,0.0,0.0015019318,-1.9898402e-05,PLCB1(-0.000);S100A4(-0.000);A2M(-0.000);PFN1(-0.000);IL32(-0.000);ACTB(-0.000);PHACTR2(-0.000);ACTG1(-0.000),LEF1(+0.000);MAML2(+0.000);BACH2(+0.000);FOXP1(+0.000);SERINC5(+0.000);FHIT(+0.000);PRKCA(+0.000);PDE3B(+0.000)
USF3,False,0.12446164749495721,-6.8670884e-06,0.0015016356,-2.867998e-05,AOAH(-0.000);RAP1GAP2(-0.000);ACTG1(-0.000);ACTB(-0.000);MYO1F(-0.000);PFN1(-0.000);JAZF1(-0.000);SAMD3(-0.000),LEF1(+0.000);MAML2(+0.000);CAMK4(+0.000);FOXP1(+0.000);BACH2(+0.000);BCL2(+0.000);SERINC5(+0.000);IL7R(+0.000)
RIC8B,False,0.11366733903941559,-8.669061e-06,0.001501345,-1.9559166e-05,IL7R(-0.000);LTB(-0.000);CAMK4(-0.000);BCL2(-0.000);BCL11B(-0.000);THEMIS(-0.000);LEF1(-0.000);IL32(-0.000),AOAH(+0.000);JAZF1(+0.000);RAP1GAP2(+0.000);CD247(+0.000);IFI16(+0.000);SAMD3(+0.000);MCTP2(+0.000);DNAJC1(+0.000)
NIPAL3,False,0.3340783950280761,-3.6891783e-05,0.0015004376,-0.00022111986,IL7R(-0.000);LTB(-0.000);CAMK4(-0.000);RPL13(-0.000);RPL11(-0.000);RPS2(-0.000);LEF1(-0.000);EEF1A1(-0.000),AOAH(+0.000);RAP1GAP2(+0.000);JAZF1(+0.000);GNLY(+0.000);MCTP2(+0.000);SAMD3(+0.000);TYROBP(+0.000);TGFBR3(+0.000)
HRH2,False,0.08063021316033366,1.078885e-05,0.0015002448,-1.1563813e-05,PLCB1(-0.000);A2M(-0.000);AOAH(-0.000);MYO1F(-0.000);CCL5(-0.000);S100A4(-0.000);PHACTR2(-0.000);PFN1(-0.000),LEF1(+0.000);BACH2(+0.000);MAML2(+0.000);FOXP1(+0.000);SERINC5(+0.000);FHIT(+0.000);PRKCA(+0.000);PDE3B(+0.000)
LPIN1,False,0.1517745188900398,-4.930366e-06,0.0014995818,2.1902013e-05,PLCB1(-0.000);A2M(-0.000);CCL5(-0.000);AOAH(-0.000);MYO1F(-0.000);S100A4(-0.000);PHACTR2(-0.000);PFN1(-0.000),LEF1(+0.000);BACH2(+0.000);MAML2(+0.000);FOXP1(+0.000);SERINC5(+0.000);FHIT(+0.000);PRKCA(+0.000);PDE3B(+0.000)
MTSS1,False,0.038706863653709865,-3.163093e-05,0.0014986418,1.6077789e-05,AOAH(-0.000);MCTP2(-0.000);JAZF1(-0.000);RAP1GAP2(-0.000);CD247(-0.000);SAMD3(-0.000);TGFBR3(-0.000);VAV3(-0.000),IL7R(+0.000);CAMK4(+0.000);LTB(+0.000);IL32(+0.000);BCL2(+0.000);BCL11B(+0.000);RPL11(+0.000);LEF1(+0.000)
NUP210,False,0.3404568500245325,-1.5271651e-05,0.0014975019,-2.5235217e-05,MCTP2(-0.000);TGFBR3(-0.000);GNLY(-0.000);AOAH(-0.000);JAZF1(-0.000);RAP1GAP2(-0.000);CD247(-0.000);TYROBP(-0.000),IL7R(+0.000);LTB(+0.000);CAMK4(+0.000);IL32(+0.000);PHACTR2(+0.000);BCL2(+0.000);RPL11(+0.000);RPS18(+0.000)
SRM,False,0.0949135910156463,0.0,0.001495752,5.373279e-05,LEF1(-0.000);MAML2(-0.000);BACH2(-0.000);FOXP1(-0.000);ZBTB20(-0.000);SERINC5(-0.000);PRKCA(-0.000);FHIT(-0.000),S100A4(+0.000);IL32(+0.000);ACTB(+0.000);PFN1(+0.000);ACTG1(+0.000);PHACTR2(+0.000);TMSB4X(+0.000);CORO1A(+0.000)
SCAI,False,0.17919642370386524,-7.2908197e-06,0.0014937076,3.6867112e-07,CAMK4(-0.000);IL7R(-0.000);LEF1(-0.000);LTB(-0.000);BCL11B(-0.000);BCL2(-0.000);MAML2(-0.000);SERINC5(-0.000),AOAH(+0.000);RAP1GAP2(+0.000);JAZF1(+0.000);SAMD3(+0.000);SYNE1(+0.000);CD247(+0.000);VAV3(+0.000);DNAJC1(+0.000)
RBM4,False,0.3048029220956223,-2.8587721e-05,0.0014924125,-7.014227e-05,MCTP2(-0.000);LEF1(-0.000);BACH2(-0.000);GNLY(-0.000);TGFBR3(-0.000);MAML2(-0.000);FOXP1(-0.000);KCNQ5(-0.000),IL32(+0.000);PHACTR2(+0.000);S100A4(+0.000);A2M(+0.000);PLCB1(+0.000);IL7R(+0.000);GZMK(+0.000);LTB(+0.000)
CEP70,False,0.07446982500136291,0.0,0.0014920228,-1.593348e-05,LEF1(-0.000);MAML2(-0.000);BACH2(-0.000);FOXP1(-0.000);SERINC5(-0.000);FHIT(-0.000);PRKCA(-0.000);PDE3B(-0.000),S100A4(+0.000);PFN1(+0.000);ACTG1(+0.000);A2M(+0.000);IL32(+0.000);ACTB(+0.000);MYO1F(+0.000);PHACTR2(+0.000)
PPP3CA,False,0.2423267731559723,-7.670716e-05,0.0014915522,2.7614626e-05,PLCB1(-0.000);CCL5(-0.000);A2M(-0.000);AOAH(-0.000);PHACTR2(-0.000);MYO1F(-0.000);PARP8(-0.000);KLRG1(-0.000),LEF1(+0.000);BACH2(+0.000);MAML2(+0.000);FOXP1(+0.000);FHIT(+0.000);SERINC5(+0.000);PRKCA(+0.000);PDE3B(+0.000)
SCML4,False,0.5440222428174236,-2.823469e-06,0.0014875374,-0.00024681276,ACTB(-0.000);ACTG1(-0.000);TMSB4X(-0.000);SMC4(-0.000);HNRNPA2B1(-0.000);PTMA(-0.000);LGALS1(-0.000);ARHGDIB(-0.000),PLCB1(+0.000);GNLY(+0.000);GZMK(+0.000);A2M(+0.000);PHACTR2(+0.000);CCL5(+0.000);PARP8(+0.000);BCL2(+0.000)
ZNF251,False,0.11552090715804396,-2.5916963e-06,0.001485331,7.673978e-05,BACH2(-0.000);LEF1(-0.000);KCNQ5(-0.000);FOXP1(-0.000);FHIT(-0.000);ATP10A(-0.000);SSBP2(-0.000);SMC4(-0.000),IL32(+0.000);PHACTR2(+0.000);IL7R(+0.000);A2M(+0.000);LTB(+0.000);GZMK(+0.000);PLCB1(+0.000);S100A4(+0.000)
NDUFA4,False,0.14539606389358337,-2.584066e-06,0.0014838997,-2.9988987e-05,AOAH(-0.000);RAP1GAP2(-0.000);JAZF1(-0.000);SAMD3(-0.000);DNAJC1(-0.000);CD247(-0.000);SYNE1(-0.000);MYO1F(-0.000),CAMK4(+0.000);LEF1(+0.000);IL7R(+0.000);LTB(+0.000);MAML2(+0.000);BCL2(+0.000);BCL11B(+0.000);FOXP1(+0.000)
MAPK6,False,0.13269367061004197,0.0,0.0014831411,-8.5377405e-06,LEF1(-0.000);MAML2(-0.000);BACH2(-0.000);FOXP1(-0.000);CAMK4(-0.000);SERINC5(-0.000);PDE3B(-0.000);INPP4B(-0.000),PFN1(+0.000);ACTG1(+0.000);ACTB(+0.000);MYO1F(+0.000);RAP1GAP2(+0.000);AOAH(+0.000);S100A4(+0.000);PLCB1(+0.000)
LANCL1,False,0.10341819767758818,-2.2099213e-05,0.0014807429,-5.2251275e-05,AOAH(-0.000);CD247(-0.000);TXK(-0.000);JAZF1(-0.000);KCNQ5(-0.000);ZBTB20(-0.000);SFMBT2(-0.000);FNDC3B(-0.000),IL32(+0.000);S100A4(+0.000);PHACTR2(+0.000);RPL11(+0.000);LTB(+0.000);PFN1(+0.000);RPL28(+0.000);S100A6(+0.000)
COPS4,False,0.07005397154227772,0.0,0.0014781791,8.63437e-06,LEF1(-0.000);BACH2(-0.000);MAML2(-0.000);FOXP1(-0.000);FHIT(-0.000);PRKCA(-0.000);SERINC5(-0.000);TXK(-0.000),IL32(+0.000);S100A4(+0.000);PHACTR2(+0.000);A2M(+0.000);PLCB1(+0.000);CCL5(+0.000);PFN1(+0.000);ACTB(+0.000)
TMEM65,False,0.23589380145014446,-2.6005093e-05,0.0014777948,-0.00013663026,IL7R(-0.000);CCL5(-0.000);PLCB1(-0.000);GZMK(-0.000);A2M(-0.000);BCL2(-0.000);PHACTR2(-0.000);PARP8(-0.000),GAPDH(+0.000);ACTG1(+0.000);PFN1(+0.000);SMC4(+0.000);TMSB10(+0.000);LGALS1(+0.000);ACTB(+0.000);HNRNPA2B1(+0.000)
NOD1,False,0.14823093278089736,-6.415394e-06,0.0014770811,8.3521576e-05,CTSW(-0.000);AOAH(-0.000);JAZF1(-0.000);GNLY(-0.000);KCNQ5(-0.000);CD247(-0.000);TYROBP(-0.000);CCL5(-0.000),IL32(+0.000);IL7R(+0.000);LTB(+0.000);PHACTR2(+0.000);RPL11(+0.000);S100A4(+0.000);RPL28(+0.000);RPS18(+0.000)
CLEC2B,False,0.2336586163659162,-4.1672363e-05,0.0014756373,1.0874933e-05,ACTG1(-0.000);MCTP2(-0.000);ACTB(-0.000);TGFBR3(-0.000);GNLY(-0.000);RAP1GAP2(-0.000);SMC4(-0.000);TOX(-0.000),IL7R(+0.000);BCL2(+0.000);CAMK4(+0.000);LTB(+0.000);MAML2(+0.000);BCL11B(+0.000);ANK3(+0.000);INPP4B(+0.000)
NIPA1,False,0.042304966472223725,0.0,0.0014723798,2.9240557e-06,AOAH(-0.000);RAP1GAP2(-0.000);JAZF1(-0.000);SAMD3(-0.000);SYNE1(-0.000);CCL5(-0.000);CTSW(-0.000);GNLY(-0.000),CAMK4(+0.000);LEF1(+0.000);IL7R(+0.000);LTB(+0.000);BCL11B(+0.000);SERINC5(+0.000);RPL11(+0.000);PDE3B(+0.000)
AAMDC,False,0.04666630322193753,-2.0779562e-06,0.0014698327,9.376569e-06,LEF1(-0.000);MAML2(-0.000);BACH2(-0.000);FOXP1(-0.000);SERINC5(-0.000);CAMK4(-0.000);PDE3B(-0.000);FHIT(-0.000),CCL5(+0.000);AOAH(+0.000);PLCB1(+0.000);MYO1F(+0.000);RAP1GAP2(+0.000);GNLY(+0.000);PPP2R2B(+0.000);A2M(+0.000)
GZMH,False,0.04917407185302295,2.2573517e-10,0.0014696306,9.399529e-06,MCTP2(-0.000);AOAH(-0.000);GNLY(-0.000);TGFBR3(-0.000);RAP1GAP2(-0.000);JAZF1(-0.000);SAMD3(-0.000);CTSW(-0.000),LEF1(+0.000);CAMK4(+0.000);IL7R(+0.000);MAML2(+0.000);LTB(+0.000);BCL2(+0.000);BCL11B(+0.000);SERINC5(+0.000)
BTRC,False,0.22041105598866056,2.567146e-08,0.001466198,4.9107923e-05,AOAH(-0.000);CCL5(-0.000);GNLY(-0.000);PLCB1(-0.000);JAZF1(-0.000);CTSW(-0.000);RAP1GAP2(-0.000);SYNE1(-0.000),LEF1(+0.000);CAMK4(+0.000);RPL11(+0.000);EEF1A1(+0.000);IL32(+0.000);RPL41(+0.000);RPS2(+0.000);LTB(+0.000)
IL2RB,False,0.0363626451507387,-3.4113586e-05,0.0014648536,1.392999e-05,GNLY(-0.000);AOAH(-0.000);RAP1GAP2(-0.000);MCTP2(-0.000);TGFBR3(-0.000);CCL5(-0.000);JAZF1(-0.000);MYO1F(-0.000),LEF1(+0.000);CAMK4(+0.000);MAML2(+0.000);IL7R(+0.000);SERINC5(+0.000);FOXP1(+0.000);BACH2(+0.000);PDE3B(+0.000)
LDAH,False,0.11045085318650166,-2.1052558e-06,0.0014643116,-1.2442803e-05,LEF1(-0.000);MAML2(-0.000);CAMK4(-0.000);BACH2(-0.000);FOXP1(-0.000);SERINC5(-0.000);PDE3B(-0.000);FHIT(-0.000),AOAH(+0.000);CCL5(+0.000);RAP1GAP2(+0.000);MYO1F(+0.000);GNLY(+0.000);PLCB1(+0.000);TGFBR3(+0.000);MCTP2(+0.000)
CCDC30,False,0.054189609115193806,0.0,0.001464083,3.9205333e-05,PFN1(-0.000);S100A4(-0.000);CCL5(-0.000);PLCB1(-0.000);ACTG1(-0.000);ACTB(-0.000);MYO1F(-0.000);A2M(-0.000),LEF1(+0.000);MAML2(+0.000);BACH2(+0.000);FOXP1(+0.000);SERINC5(+0.000);FHIT(+0.000);PRKCA(+0.000);PDE3B(+0.000)
ATXN7L1,False,0.429973286812408,-7.418135e-06,0.001459625,-0.0001376981,CD247(-0.000);SMC4(-0.000);KCNQ5(-0.000);DNMT1(-0.000);MAPRE2(-0.000);SCLT1(-0.000);TFDP2(-0.000);WWOX(-0.000),IL7R(+0.000);PHACTR2(+0.000);IL32(+0.000);LTB(+0.000);A2M(+0.000);PLCB1(+0.000);BCL2(+0.000);KLRG1(+0.000)
FOXN2,False,0.18906394810009264,-4.0627303e-05,0.0014595219,1.1924782e-05,CD247(-0.000);JAZF1(-0.000);AOAH(-0.000);KCNQ5(-0.000);TFDP2(-0.000);RAP1GAP2(-0.000);MAPRE2(-0.000);VAV3(-0.000),IL32(+0.000);IL7R(+0.000);LTB(+0.000);PHACTR2(+0.000);RPL11(+0.000);RPS18(+0.000);CAMK4(+0.000);GZMK(+0.000)
DYNC1I2,False,0.2612440713078559,4.534919e-06,0.0014585976,4.832316e-06,CCL5(-0.000);ACTG1(-0.000);ACTB(-0.000);PFN1(-0.000);GNLY(-0.000);S100A4(-0.000);MYO1F(-0.000);RAP1GAP2(-0.000),LEF1(+0.000);MAML2(+0.000);BACH2(+0.000);FOXP1(+0.000);SERINC5(+0.000);CAMK4(+0.000);PDE3B(+0.000);PRKCA(+0.000)
CRIM1,False,0.03723491250068145,0.0,0.0014583832,-1.2324348e-07,LEF1(-0.000);BACH2(-0.000);MAML2(-0.000);FOXP1(-0.000);SERINC5(-0.000);FHIT(-0.000);PRKCA(-0.000);PDE3B(-0.000),CCL5(+0.000);PLCB1(+0.000);A2M(+0.000);S100A4(+0.000);PHACTR2(+0.000);IL32(+0.000);PFN1(+0.000);MYO1F(+0.000)
HSH2D,False,0.11050536989587309,2.6371152e-05,0.0014576192,5.9619265e-07,LEF1(-0.000);CAMK4(-0.000);IL7R(-0.000);SERINC5(-0.000);MAML2(-0.000);BCL11B(-0.000);PDE3B(-0.000);LTB(-0.000),AOAH(+0.000);RAP1GAP2(+0.000);CCL5(+0.000);JAZF1(+0.000);SAMD3(+0.000);SYNE1(+0.000);MYO1F(+0.000);PPP2R2B(+0.000)
VPS37B,False,0.1407621435970125,1.324621e-05,0.001456878,2.8430177e-06,CAMK4(-0.000);LEF1(-0.000);IL7R(-0.000);LTB(-0.000);MAML2(-0.000);BCL2(-0.000);BCL11B(-0.000);SERINC5(-0.000),AOAH(+0.000);RAP1GAP2(+0.000);JAZF1(+0.000);SAMD3(+0.000);MCTP2(+0.000);SYNE1(+0.000);VAV3(+0.000);MYO1F(+0.000)
EIF4G2,False,0.17783350596957967,-2.359343e-05,0.001453959,1.05521485e-05,IL32(-0.000);PHACTR2(-0.000);LTB(-0.000);IL7R(-0.000);RPL11(-0.000);RPL28(-0.000);S100A4(-0.000);RPS18(-0.000),AOAH(+0.000);JAZF1(+0.000);CD247(+0.000);RAP1GAP2(+0.000);VAV3(+0.000);SAMD3(+0.000);KCNQ5(+0.000);FNDC3B(+0.000)
SIGIRR,False,0.28343237202202476,-7.4663362e-06,0.0014523455,0.00017160135,PFN1(-0.000);ACTG1(-0.000);TMSB10(-0.000);ACTB(-0.000);S100A4(-0.000);GAPDH(-0.000);MYL6(-0.000);FLNA(-0.000),MAML2(+0.000);LEF1(+0.000);BACH2(+0.000);ZBTB20(+0.000);TXK(+0.000);FOXP1(+0.000);BCL2(+0.000);DOCK10(+0.000)
ANKMY1,False,0.18317614348797906,-1.4692917e-05,0.0014502705,2.2139375e-05,GNLY(-0.000);AOAH(-0.000);MCTP2(-0.000);TGFBR3(-0.000);NKG7(-0.000);JAZF1(-0.000);CTSW(-0.000);CCL5(-0.000),IL32(+0.000);RPL11(+0.000);LTB(+0.000);IL7R(+0.000);S100A4(+0.000);CAMK4(+0.000);RPL28(+0.000);RPS18(+0.000)
XKR6,False,0.2292972796162024,-5.9160193e-06,0.0014496266,0.00013538508,AOAH(-0.000);GNLY(-0.000);MCTP2(-0.000);RAP1GAP2(-0.000);TGFBR3(-0.000);JAZF1(-0.000);SAMD3(-0.000);CTSW(-0.000),IL7R(+0.000);CAMK4(+0.000);LTB(+0.000);LEF1(+0.000);RPL11(+0.000);BCL11B(+0.000);RPL13(+0.000);RPS2(+0.000)
CTSC,False,0.1149757400643297,-6.866201e-05,0.0014482099,4.2344294e-05,AOAH(-0.000);RAP1GAP2(-0.000);MYO1F(-0.000);JAZF1(-0.000);SAMD3(-0.000);PLCB1(-0.000);SYNE1(-0.000);CCL5(-0.000),LEF1(+0.000);MAML2(+0.000);CAMK4(+0.000);BACH2(+0.000);FOXP1(+0.000);SERINC5(+0.000);PDE3B(+0.000);IL7R(+0.000)
HELZ,False,0.4020062149048684,9.701763e-06,0.0014449054,1.6306123e-05,IL32(-0.000);PHACTR2(-0.000);LTB(-0.000);S100A4(-0.000);IL7R(-0.000);A2M(-0.000);RPL11(-0.000);RPL28(-0.000),KCNQ5(+0.000);BACH2(+0.000);GNLY(+0.000);CD247(+0.000);TXK(+0.000);SFMBT2(+0.000);ATP10A(+0.000);WWOX(+0.000)
TAF1,False,0.29929673444910865,5.2842925e-06,0.0014390766,-5.1944346e-05,PLCB1(-0.000);A2M(-0.000);MYO1F(-0.000);S100A4(-0.000);AOAH(-0.000);ACTG1(-0.000);CCL5(-0.000);ACTB(-0.000),LEF1(+0.000);MAML2(+0.000);BACH2(+0.000);FOXP1(+0.000);SERINC5(+0.000);FHIT(+0.000);PRKCA(+0.000);PDE3B(+0.000)
ING4,False,0.09774845990296024,0.0,0.0014375716,6.3981197e-06,ACTG1(-0.000);PFN1(-0.000);ACTB(-0.000);S100A4(-0.000);MYO1F(-0.000);RAP1GAP2(-0.000);AOAH(-0.000);PLCB1(-0.000),LEF1(+0.000);MAML2(+0.000);BACH2(+0.000);FOXP1(+0.000);SERINC5(+0.000);CAMK4(+0.000);PDE3B(+0.000);PRKCA(+0.000)
CALR,False,0.17554380417597995,-3.6832836e-05,0.0014374363,-3.78772e-05,CCL5(-0.000);S100A4(-0.000);ACTB(-0.000);IL32(-0.000);PLCB1(-0.000);ACTG1(-0.000);PFN1(-0.000);A2M(-0.000),LEF1(+0.000);MAML2(+0.000);BACH2(+0.000);FOXP1(+0.000);SERINC5(+0.000);FHIT(+0.000);PRKCA(+0.000);PDE3B(+0.000)
ISG20,False,0.26653219211688384,-3.714862e-06,0.0014367804,0.00010322402,PLCB1(-0.000);AOAH(-0.000);CCL5(-0.000);A2M(-0.000);GNLY(-0.000);MYO1F(-0.000);CTSW(-0.000);PPP2R2B(-0.000),LEF1(+0.000);BACH2(+0.000);MAML2(+0.000);SERINC5(+0.000);FOXP1(+0.000);FHIT(+0.000);PDE3B(+0.000);PRKCA(+0.000)
ZNF43,False,0.1330207708662705,-1.0260775e-05,0.0014364402,-3.276078e-05,LEF1(-0.000);BACH2(-0.000);MAML2(-0.000);FOXP1(-0.000);FHIT(-0.000);SERINC5(-0.000);PRKCA(-0.000);TXK(-0.000),IL32(+0.000);PHACTR2(+0.000);PLCB1(+0.000);S100A4(+0.000);A2M(+0.000);PFN1(+0.000);GZMK(+0.000);KLRG1(+0.000)
PRPF40B,False,0.10717985062421634,1.6983591e-06,0.0014355114,-3.3334534e-05,AOAH(-0.000);CCL5(-0.000);RAP1GAP2(-0.000);PLCB1(-0.000);JAZF1(-0.000);MYO1F(-0.000);SAMD3(-0.000);SYNE1(-0.000),LEF1(+0.000);CAMK4(+0.000);MAML2(+0.000);FOXP1(+0.000);SERINC5(+0.000);BACH2(+0.000);PDE3B(+0.000);BCL11B(+0.000)
ZNF131,False,0.29891511748350874,-3.5865437e-06,0.0014349491,2.116422e-05,ACTG1(-0.000);ACTB(-0.000);PFN1(-0.000);GAPDH(-0.000);CORO1A(-0.000);TMSB10(-0.000);MYL6(-0.000);LGALS1(-0.000),BCL2(+0.000);IL7R(+0.000);MAML2(+0.000);CAMK4(+0.000);LEF1(+0.000);ANK3(+0.000);INPP4B(+0.000);FOXP1(+0.000)
SUSD6,False,0.16393174507986696,2.1377866e-06,0.0014347491,-4.1586e-05,IL7R(-0.000);LTB(-0.000);CAMK4(-0.000);BCL2(-0.000);IL32(-0.000);PHACTR2(-0.000);GZMK(-0.000);BCL11B(-0.000),JAZF1(+0.000);AOAH(+0.000);RAP1GAP2(+0.000);CD247(+0.000);IFI16(+0.000);SAMD3(+0.000);MCTP2(+0.000);VAV3(+0.000)
GALM,False,0.17963255737883663,8.128404e-06,0.001431397,6.052476e-05,AOAH(-0.000);JAZF1(-0.000);RAP1GAP2(-0.000);MCTP2(-0.000);SAMD3(-0.000);SYNE1(-0.000);VAV3(-0.000);CD247(-0.000),IL7R(+0.000);CAMK4(+0.000);LTB(+0.000);IL32(+0.000);RPL11(+0.000);BCL11B(+0.000);LEF1(+0.000);RPL30(+0.000)
TGS1,False,0.15798942375838196,-6.324371e-06,0.0014282556,-3.6579317e-05,S100A4(-0.000);ACTB(-0.000);PFN1(-0.000);IL32(-0.000);ACTG1(-0.000);PHACTR2(-0.000);PLCB1(-0.000);TMSB4X(-0.000),LEF1(+0.000);MAML2(+0.000);BACH2(+0.000);FOXP1(+0.000);SERINC5(+0.000);PRKCA(+0.000);FHIT(+0.000);PDE3B(+0.000)
PSMA3,False,0.2266804775663741,-1.0587391e-05,0.001427066,7.949918e-05,GNLY(-0.000);ACTG1(-0.000);PFN1(-0.000);ACTB(-0.000);GAPDH(-0.000);TGFBR3(-0.000);MCTP2(-0.000);S100A4(-0.000),MAML2(+0.000);LEF1(+0.000);IL7R(+0.000);BCL2(+0.000);BACH2(+0.000);CAMK4(+0.000);FOXP1(+0.000);SERINC5(+0.000)
SOX2-OT,False,0.03227389194788202,0.0,0.0014262318,1.4441392e-05,LEF1(-0.000);MAML2(-0.000);BACH2(-0.000);FOXP1(-0.000);SERINC5(-0.000);FHIT(-0.000);PRKCA(-0.000);PDE3B(-0.000),PLCB1(+0.000);AOAH(+0.000);CCL5(+0.000);A2M(+0.000);MYO1F(+0.000);S100A4(+0.000);RAP1GAP2(+0.000);PFN1(+0.000)
PUM3,False,0.31199912773265004,-8.1513945e-06,0.0014256834,7.227993e-05,GNLY(-0.000);BACH2(-0.000);MCTP2(-0.000);LEF1(-0.000);KCNQ5(-0.000);FOXP1(-0.000);MAML2(-0.000);TXK(-0.000),IL32(+0.000);PHACTR2(+0.000);S100A4(+0.000);LTB(+0.000);IL7R(+0.000);RPL11(+0.000);A2M(+0.000);RPL28(+0.000)
PRPF8,False,0.1573352232459249,-4.757577e-06,0.0014256112,-4.577588e-05,LEF1(-0.000);BACH2(-0.000);MAML2(-0.000);FOXP1(-0.000);FHIT(-0.000);SERINC5(-0.000);PRKCA(-0.000);PDE3B(-0.000),PLCB1(+0.000);A2M(+0.000);AOAH(+0.000);CCL5(+0.000);PARP8(+0.000);MYO1F(+0.000);PHACTR2(+0.000);PZP(+0.000)
LARP1B,False,0.07201657307964891,0.0,0.001423238,-4.556103e-06,LEF1(-0.000);MAML2(-0.000);BACH2(-0.000);FOXP1(-0.000);SERINC5(-0.000);FHIT(-0.000);PDE3B(-0.000);CAMK4(-0.000),PLCB1(+0.000);AOAH(+0.000);CCL5(+0.000);MYO1F(+0.000);GNLY(+0.000);A2M(+0.000);RAP1GAP2(+0.000);S100A4(+0.000)
ATP2A3,False,0.19249850079049227,-5.1274355e-06,0.0014208254,7.442955e-05,LEF1(-0.000);BACH2(-0.000);FOXP1(-0.000);MAML2(-0.000);FHIT(-0.000);PRKCA(-0.000);KCNQ5(-0.000);SERINC5(-0.000),IL32(+0.000);PHACTR2(+0.000);S100A4(+0.000);PLCB1(+0.000);A2M(+0.000);IL7R(+0.000);LTB(+0.000);RPL28(+0.000)
DHX57,False,0.07092623889222047,-5.1867173e-06,0.0014205012,4.942606e-05,PLCB1(-0.000);A2M(-0.000);S100A4(-0.000);IL32(-0.000);PHACTR2(-0.000);CCL5(-0.000);PFN1(-0.000);MYO1F(-0.000),LEF1(+0.000);BACH2(+0.000);MAML2(+0.000);FOXP1(+0.000);SERINC5(+0.000);FHIT(+0.000);PRKCA(+0.000);PDE3B(+0.000)
RCOR1,False,0.17090988387940906,-6.5438746e-07,0.0014185244,-4.2501793e-05,CCL5(-0.000);AOAH(-0.000);RAP1GAP2(-0.000);MYO1F(-0.000);CTSW(-0.000);PLCB1(-0.000);SYNE1(-0.000);SAMD3(-0.000),LEF1(+0.000);MAML2(+0.000);CAMK4(+0.000);FOXP1(+0.000);BACH2(+0.000);SERINC5(+0.000);PDE3B(+0.000);FHIT(+0.000)
AC093157.1,False,0.07299787384833452,0.0,0.0014166489,7.4145966e-05,LEF1(-0.000);CAMK4(-0.000);MAML2(-0.000);FOXP1(-0.000);BACH2(-0.000);SERINC5(-0.000);PDE3B(-0.000);FHIT(-0.000),AOAH(+0.000);GNLY(+0.000);CCL5(+0.000);PLCB1(+0.000);RAP1GAP2(+0.000);MYO1F(+0.000);SYNE1(+0.000);JAZF1(+0.000)
ANKRD36C,False,0.3908302894837268,-7.6828655e-06,0.0014151394,-0.0001409879,CCL5(-0.000);ACTB(-0.000);ACTG1(-0.000);S100A4(-0.000);TMSB4X(-0.000);CTSW(-0.000);MCTP2(-0.000);TGFBR3(-0.000),LEF1(+0.000);MAML2(+0.000);BACH2(+0.000);FOXP1(+0.000);SERINC5(+0.000);CAMK4(+0.000);BCL2(+0.000);PDE3B(+0.000)
AK9,False,0.11873739301095786,0.0,0.0014148284,1.11191375e-05,LEF1(-0.000);MAML2(-0.000);BACH2(-0.000);FOXP1(-0.000);SERINC5(-0.000);CAMK4(-0.000);PDE3B(-0.000);FHIT(-0.000),PLCB1(+0.000);AOAH(+0.000);CCL5(+0.000);MYO1F(+0.000);RAP1GAP2(+0.000);A2M(+0.000);PFN1(+0.000);S100A4(+0.000)
SWT1,False,0.06242163223027858,0.0,0.0014139035,-1.038415e-05,PLCB1(-0.000);CCL5(-0.000);AOAH(-0.000);MYO1F(-0.000);A2M(-0.000);S100A4(-0.000);RAP1GAP2(-0.000);PFN1(-0.000),LEF1(+0.000);MAML2(+0.000);BACH2(+0.000);FOXP1(+0.000);SERINC5(+0.000);FHIT(+0.000);PRKCA(+0.000);PDE3B(+0.000)
PXK,False,0.06105871449599303,7.0305264e-06,0.0014123908,6.6321436e-06,LEF1(-0.000);MAML2(-0.000);BACH2(-0.000);FOXP1(-0.000);SERINC5(-0.000);FHIT(-0.000);PRKCA(-0.000);PDE3B(-0.000),CCL5(+0.000);PLCB1(+0.000);AOAH(+0.000);A2M(+0.000);GNLY(+0.000);MYO1F(+0.000);S100A4(+0.000);PPP2R2B(+0.000)
DIP2A,False,0.3692961892820149,5.3813153e-07,0.0014096305,-1.2637148e-05,LEF1(-0.000);BACH2(-0.000);FHIT(-0.000);FOXP1(-0.000);MAML2(-0.000);SERINC5(-0.000);PRKCA(-0.000);SELL(-0.000),PLCB1(+0.000);A2M(+0.000);AOAH(+0.000);PHACTR2(+0.000);PZP(+0.000);KLRG1(+0.000);PARP8(+0.000);CCL5(+0.000)
HGSNAT,False,0.13389303821621326,1.6841618e-06,0.0014072028,-2.9461238e-05,CCL5(-0.000);PLCB1(-0.000);S100A4(-0.000);ACTB(-0.000);PFN1(-0.000);ACTG1(-0.000);MYO1F(-0.000);A2M(-0.000),LEF1(+0.000);MAML2(+0.000);BACH2(+0.000);FOXP1(+0.000);SERINC5(+0.000);PRKCA(+0.000);FHIT(+0.000);PDE3B(+0.000)
ST6GAL1,False,0.5333914844899964,-2.7990443e-05,0.0014062554,4.3600827e-05,LTB(-0.000);IL7R(-0.000);CAMK4(-0.000);IL32(-0.000);BCL2(-0.000);BCL11B(-0.000);TRAC(-0.000);RPL11(-0.000),AOAH(+0.000);JAZF1(+0.000);CD247(+0.000);RAP1GAP2(+0.000);SAMD3(+0.000);VAV3(+0.000);SYNE1(+0.000);STK39(+0.000)
EXOC2,False,0.28408657253448183,-1.7330563e-05,0.001404939,-0.0001532327,CCL5(-0.000);GNLY(-0.000);PLCB1(-0.000);A2M(-0.000);S100A4(-0.000);CTSW(-0.000);MYO1F(-0.000);TGFBR3(-0.000),LEF1(+0.000);BACH2(+0.000);MAML2(+0.000);FOXP1(+0.000);SERINC5(+0.000);FHIT(+0.000);PRKCA(+0.000);PDE3B(+0.000)
TTC19,False,0.30796489123916476,-1.260903e-05,0.0014041676,-2.4815838e-05,LEF1(-0.000);MAML2(-0.000);CAMK4(-0.000);FOXP1(-0.000);BCL2(-0.000);BACH2(-0.000);IL7R(-0.000);SERINC5(-0.000),ACTG1(+0.000);PFN1(+0.000);ACTB(+0.000);RAP1GAP2(+0.000);GAPDH(+0.000);MYO1F(+0.000);AOAH(+0.000);CORO1A(+0.000)
UBE3A,False,0.23529411764705885,-7.909044e-06,0.0014025066,-7.866202e-05,IL7R(-0.000);PHACTR2(-0.000);IL32(-0.000);LTB(-0.000);A2M(-0.000);PLCB1(-0.000);GZMK(-0.000);KLRG1(-0.000),SMC4(+0.000);KCNQ5(+0.000);BACH2(+0.000);IFI16(+0.000);LEF1(+0.000);TFDP2(+0.000);CD247(+0.000);SSBP2(+0.000)
SLC25A3,False,0.25601046720819937,-3.1735424e-05,0.0014012174,-6.449803e-05,ACTB(-0.000);ACTG1(-0.000);PFN1(-0.000);GAPDH(-0.000);S100A4(-0.000);CORO1A(-0.000);PTMA(-0.000);TMSB4X(-0.000),LEF1(+0.000);MAML2(+0.000);FOXP1(+0.000);CAMK4(+0.000);BACH2(+0.000);BCL2(+0.000);SERINC5(+0.000);INPP4B(+0.000)
TAPBP,False,0.4299187701030366,-1.07434535e-05,0.0014000947,-0.00022513009,IL7R(-0.000);RPL11(-0.000);IL32(-0.000);RPS2(-0.000);RPL13(-0.000);B2M(-0.000);EEF1A1(-0.000);RPS18(-0.000),AOAH(+0.000);JAZF1(+0.000);RAP1GAP2(+0.000);VAV3(+0.000);SAMD3(+0.000);JUN(+0.000);UTRN(+0.000);FNDC3B(+0.000)
MPP6,False,0.1798506242163223,-4.7078333e-06,0.0013999842,-6.991317e-05,IL32(-0.000);IL7R(-0.000);LTB(-0.000);PHACTR2(-0.000);RPL11(-0.000);S100A4(-0.000);RPL28(-0.000);RPL30(-0.000),AOAH(+0.000);KCNQ5(+0.000);JAZF1(+0.000);CD247(+0.000);TFDP2(+0.000);SFMBT2(+0.000);PLCG2(+0.000);STK39(+0.000)
COPB1,False,0.2197023387668321,-2.9266594e-06,0.0013990902,-4.65474e-05,IL32(-0.000);IL7R(-0.000);LTB(-0.000);CAMK4(-0.000);RPL11(-0.000);RPS18(-0.000);RPS2(-0.000);PHACTR2(-0.000),AOAH(+0.000);GNLY(+0.000);JAZF1(+0.000);MCTP2(+0.000);RAP1GAP2(+0.000);CD247(+0.000);SAMD3(+0.000);VAV3(+0.000)
AVL9,False,0.27487324865071144,-5.086212e-06,0.0013989244,-8.5224245e-05,AOAH(-0.000);PLCB1(-0.000);CCL5(-0.000);A2M(-0.000);MYO1F(-0.000);RAP1GAP2(-0.000);SYNE1(-0.000);ARHGAP26(-0.000),LEF1(+0.000);BACH2(+0.000);FOXP1(+0.000);SERINC5(+0.000);MAML2(+0.000);FHIT(+0.000);CAMK4(+0.000);PDE3B(+0.000)
ACO1,False,0.06656490214250668,0.0,0.0013974275,3.3663266e-05,IL32(-0.000);S100A4(-0.000);PHACTR2(-0.000);PFN1(-0.000);RPL11(-0.000);RPL28(-0.000);LTB(-0.000);ACTB(-0.000),AOAH(+0.000);TXK(+0.000);CD247(+0.000);ZBTB20(+0.000);KCNQ5(+0.000);JAZF1(+0.000);GNLY(+0.000);SFMBT2(+0.000)
AREG,False,0.06836395355176361,0.0,0.0013954763,-1.32932555e-05,AOAH(-0.000);TXK(-0.000);ZBTB20(-0.000);CD247(-0.000);JAZF1(-0.000);KCNQ5(-0.000);SFMBT2(-0.000);BACH2(-0.000),IL32(+0.000);S100A4(+0.000);PFN1(+0.000);RPL11(+0.000);ACTB(+0.000);PHACTR2(+0.000);RPL28(+0.000);TMSB10(+0.000)
PLCB1,False,0.0544076759526795,-0.00019971696,0.0013929309,5.203908e-06,CCL5(-0.000);A2M(-0.000);AOAH(-0.000);MYO1F(-0.000);GNLY(-0.000);PPP2R2B(-0.000);S100A4(-0.000);CTSW(-0.000),LEF1(+0.000);BACH2(+0.000);MAML2(+0.000);FOXP1(+0.000);SERINC5(+0.000);FHIT(+0.000);PRKCA(+0.000);PDE3B(+0.000)
NME7,False,0.16158752657689582,0.0,0.0013885963,2.2382832e-05,BACH2(-0.000);LEF1(-0.000);FOXP1(-0.000);MAML2(-0.000);KCNQ5(-0.000);TXK(-0.000);FHIT(-0.000);ZBTB20(-0.000),IL32(+0.000);PHACTR2(+0.000);S100A4(+0.000);LTB(+0.000);GZMK(+0.000);IL7R(+0.000);A2M(+0.000);PLCB1(+0.000)
LYPLAL1,False,0.10587144959930217,4.218895e-06,0.001387407,-2.7799037e-05,AOAH(-0.000);PLCB1(-0.000);RAP1GAP2(-0.000);MYO1F(-0.000);ACTG1(-0.000);SYNE1(-0.000);SAMD3(-0.000);ACTB(-0.000),LEF1(+0.000);MAML2(+0.000);BACH2(+0.000);FOXP1(+0.000);CAMK4(+0.000);SERINC5(+0.000);PDE3B(+0.000);FHIT(+0.000)
HMGCS1,False,0.09033418742844682,0.0,0.0013858373,-3.133966e-05,LEF1(-0.000);BACH2(-0.000);MAML2(-0.000);FOXP1(-0.000);SERINC5(-0.000);FHIT(-0.000);PRKCA(-0.000);ZBTB20(-0.000),S100A4(+0.000);IL32(+0.000);PFN1(+0.000);A2M(+0.000);PHACTR2(+0.000);ACTG1(+0.000);PLCB1(+0.000);ACTB(+0.000)
FAM168A,False,0.19707790437769174,1.2880644e-05,0.0013819445,4.642485e-05,CAMK4(-0.000);LEF1(-0.000);IL7R(-0.000);LTB(-0.000);BCL11B(-0.000);BCL2(-0.000);MAML2(-0.000);TRAC(-0.000),AOAH(+0.000);JAZF1(+0.000);RAP1GAP2(+0.000);GNLY(+0.000);CD247(+0.000);SAMD3(+0.000);SYNE1(+0.000);MCTP2(+0.000)
ABCG1,False,0.1156844572861582,2.4404699e-06,0.0013782483,-4.134877e-05,PLCB1(-0.000);S100A4(-0.000);MYO1F(-0.000);ACTB(-0.000);ACTG1(-0.000);PFN1(-0.000);AOAH(-0.000);A2M(-0.000),LEF1(+0.000);MAML2(+0.000);BACH2(+0.000);FOXP1(+0.000);SERINC5(+0.000);FHIT(+0.000);PRKCA(+0.000);PDE3B(+0.000)
SLF1,False,0.0954042413999891,7.324173e-06,0.0013775084,-1.6039903e-05,LEF1(-0.000);MAML2(-0.000);BACH2(-0.000);FOXP1(-0.000);SERINC5(-0.000);CAMK4(-0.000);PDE3B(-0.000);FHIT(-0.000),PLCB1(+0.000);AOAH(+0.000);MYO1F(+0.000);RAP1GAP2(+0.000);PFN1(+0.000);A2M(+0.000);CCL5(+0.000);S100A4(+0.000)
ERBIN,False,0.4906503843428011,-3.0199794e-06,0.0013773484,-0.00013715889,CD247(-0.000);KCNQ5(-0.000);SMC4(-0.000);MAPRE2(-0.000);WWOX(-0.000);DNMT1(-0.000);SCLT1(-0.000);TFDP2(-0.000),PHACTR2(+0.000);IL7R(+0.000);IL32(+0.000);LTB(+0.000);A2M(+0.000);GZMK(+0.000);PLCB1(+0.000);TRAC(+0.000)
AC022137.4,False,0.07866761162296243,0.0,0.0013751901,1.8634844e-05,PFN1(-0.000);S100A4(-0.000);ACTB(-0.000);IL32(-0.000);ACTG1(-0.000);GAPDH(-0.000);PHACTR2(-0.000);CORO1A(-0.000),LEF1(+0.000);MAML2(+0.000);BACH2(+0.000);FOXP1(+0.000);ZBTB20(+0.000);SERINC5(+0.000);PRKCA(+0.000);FHIT(+0.000)
FBXO42,False,0.17243635174180885,-5.7093753e-06,0.0013730577,2.6045975e-05,LEF1(-0.000);MAML2(-0.000);BACH2(-0.000);FOXP1(-0.000);SERINC5(-0.000);PRKCA(-0.000);PDE3B(-0.000);FHIT(-0.000),PFN1(+0.000);ACTB(+0.000);ACTG1(+0.000);S100A4(+0.000);GAPDH(+0.000);IL32(+0.000);CORO1A(+0.000);TMSB4X(+0.000)
RAB11FIP1,False,0.12429809736684293,-1.638773e-05,0.0013727916,-1.8683922e-05,PLCB1(-0.000);CCL5(-0.000);A2M(-0.000);S100A4(-0.000);PHACTR2(-0.000);MYO1F(-0.000);IL32(-0.000);AOAH(-0.000),LEF1(+0.000);BACH2(+0.000);MAML2(+0.000);FOXP1(+0.000);SERINC5(+0.000);FHIT(+0.000);PRKCA(+0.000);PDE3B(+0.000)
FBXO22,False,0.040451398353595375,0.0,0.0013680232,-2.0422116e-05,PLCB1(-0.000);CCL5(-0.000);S100A4(-0.000);A2M(-0.000);MYO1F(-0.000);PFN1(-0.000);ACTG1(-0.000);ACTB(-0.000),LEF1(+0.000);MAML2(+0.000);BACH2(+0.000);FOXP1(+0.000);SERINC5(+0.000);FHIT(+0.000);PRKCA(+0.000);PDE3B(+0.000)
DROSHA,False,0.07725017717930546,-4.9742284e-06,0.0013643638,-2.5037121e-05,IL32(-0.000);IL7R(-0.000);LTB(-0.000);CAMK4(-0.000);PHACTR2(-0.000);RPL11(-0.000);RPS18(-0.000);RPL30(-0.000),AOAH(+0.000);MCTP2(+0.000);JAZF1(+0.000);CD247(+0.000);RAP1GAP2(+0.000);TGFBR3(+0.000);VAV3(+0.000);SAMD3(+0.000)
GAK,False,0.09616747533118904,-1.13280585e-05,0.0013629769,-4.559533e-05,PLCB1(-0.000);CCL5(-0.000);A2M(-0.000);AOAH(-0.000);MYO1F(-0.000);S100A4(-0.000);PHACTR2(-0.000);SYNE2(-0.000),LEF1(+0.000);BACH2(+0.000);MAML2(+0.000);FOXP1(+0.000);SERINC5(+0.000);FHIT(+0.000);PRKCA(+0.000);PDE3B(+0.000)
MCTP2,False,0.07877664504170528,-0.00011999976,0.0013620772,-3.0999597e-06,AOAH(-0.000);RAP1GAP2(-0.000);GNLY(-0.000);JAZF1(-0.000);SAMD3(-0.000);SYNE1(-0.000);CD247(-0.000);VAV3(-0.000),CAMK4(+0.000);IL7R(+0.000);LEF1(+0.000);LTB(+0.000);BCL2(+0.000);BCL11B(+0.000);MAML2(+0.000);INPP4B(+0.000)
CTLA4,False,0.04454015155645205,0.0,0.0013614591,-5.3083066e-05,LEF1(-0.000);BACH2(-0.000);MAML2(-0.000);FOXP1(-0.000);SERINC5(-0.000);FHIT(-0.000);PRKCA(-0.000);PDE3B(-0.000),PLCB1(+0.000);A2M(+0.000);PHACTR2(+0.000);S100A4(+0.000);IL32(+0.000);PFN1(+0.000);CCL5(+0.000);GZMK(+0.000)
KRCC1,False,0.12920460121027097,-5.3674407e-06,0.0013584043,3.356916e-05,LEF1(-0.000);MAML2(-0.000);BACH2(-0.000);FOXP1(-0.000);SERINC5(-0.000);FHIT(-0.000);PDE3B(-0.000);PRKCA(-0.000),CCL5(+0.000);PLCB1(+0.000);AOAH(+0.000);A2M(+0.000);MYO1F(+0.000);RAP1GAP2(+0.000);S100A4(+0.000);SYNE1(+0.000)
CBR4,False,0.09093387123153246,-1.3460387e-06,0.0013572441,-8.684567e-06,LEF1(-0.000);MAML2(-0.000);BACH2(-0.000);FOXP1(-0.000);SERINC5(-0.000);FHIT(-0.000);PRKCA(-0.000);PDE3B(-0.000),PLCB1(+0.000);CCL5(+0.000);S100A4(+0.000);PFN1(+0.000);A2M(+0.000);MYO1F(+0.000);GNLY(+0.000);ACTG1(+0.000)
EEF1B2,False,0.5157280706536553,-5.1933755e-05,0.0013568989,-0.0004394025,B2M(-0.000);RPS2(-0.000);RPL13(-0.000);EEF1A1(-0.000);IL7R(-0.000);RPL11(-0.000);HLA-B(-0.000);RPL41(-0.000),AOAH(+0.000);JUN(+0.000);HCST(+0.000);FOS(+0.000);JAZF1(+0.000);RAP1GAP2(+0.000);PFN1(+0.000);TRBC1(+0.000)
TAB1,False,0.041814316087880936,0.0,0.0013560291,-5.2689297e-06,PLCB1(-0.000);CCL5(-0.000);A2M(-0.000);S100A4(-0.000);MYO1F(-0.000);PHACTR2(-0.000);AOAH(-0.000);PFN1(-0.000),LEF1(+0.000);BACH2(+0.000);MAML2(+0.000);FOXP1(+0.000);SERINC5(+0.000);FHIT(+0.000);PRKCA(+0.000);PDE3B(+0.000)
CRY1,False,0.15984299187701032,1.2429632e-05,0.0013511843,-1.0395833e-06,LEF1(-0.000);MAML2(-0.000);BACH2(-0.000);FOXP1(-0.000);SERINC5(-0.000);FHIT(-0.000);PRKCA(-0.000);PDE3B(-0.000),PLCB1(+0.000);S100A4(+0.000);CCL5(+0.000);MYO1F(+0.000);PFN1(+0.000);ACTG1(+0.000);AOAH(+0.000);A2M(+0.000)
STAM,False,0.15722618982718206,-1.2147052e-05,0.0013503785,0.000117229676,LEF1(-0.000);BACH2(-0.000);FOXP1(-0.000);MAML2(-0.000);FHIT(-0.000);SERINC5(-0.000);PRKCA(-0.000);PDE3B(-0.000),IL32(+0.000);PHACTR2(+0.000);S100A4(+0.000);A2M(+0.000);PLCB1(+0.000);HLA-B(+0.000);B2M(+0.000);ACTB(+0.000)
LRIG2-DT,False,0.034345526903996074,0.0,0.0013451197,1.5529089e-05,LEF1(-0.000);BACH2(-0.000);MAML2(-0.000);FOXP1(-0.000);FHIT(-0.000);SERINC5(-0.000);PRKCA(-0.000);PDE3B(-0.000),S100A4(+0.000);IL32(+0.000);PHACTR2(+0.000);PLCB1(+0.000);A2M(+0.000);PFN1(+0.000);ACTB(+0.000);ACTG1(+0.000)
BMT2,False,0.12598811535735704,-6.771486e-06,0.0013442298,-9.038892e-06,LEF1(-0.000);MAML2(-0.000);BACH2(-0.000);FOXP1(-0.000);SERINC5(-0.000);CAMK4(-0.000);PDE3B(-0.000);FHIT(-0.000),CCL5(+0.000);PLCB1(+0.000);ACTG1(+0.000);GNLY(+0.000);PFN1(+0.000);MYO1F(+0.000);S100A4(+0.000);AOAH(+0.000)
PKD2,False,0.0680913700049065,-1.6481357e-05,0.0013438249,-4.6438786e-06,BACH2(-0.000);LEF1(-0.000);MAML2(-0.000);FOXP1(-0.000);ZBTB20(-0.000);TXK(-0.000);KCNQ5(-0.000);FHIT(-0.000),IL32(+0.000);S100A4(+0.000);PFN1(+0.000);PHACTR2(+0.000);ACTB(+0.000);ACTG1(+0.000);S100A6(+0.000);TMSB4X(+0.000)
CLINT1,False,0.2521397808428284,-7.852506e-06,0.0013428023,1.7060776e-05,LEF1(-0.000);BACH2(-0.000);SERINC5(-0.000);FHIT(-0.000);FOXP1(-0.000);MAML2(-0.000);CAMK4(-0.000);PDE3B(-0.000),AOAH(+0.000);PLCB1(+0.000);CCL5(+0.000);A2M(+0.000);MYO1F(+0.000);RAP1GAP2(+0.000);SYNE1(+0.000);ARHGAP26(+0.000)
SLC25A37,False,0.15755329008341057,7.530171e-06,0.0013426979,-2.1790422e-05,IL32(-0.000);PHACTR2(-0.000);S100A4(-0.000);A2M(-0.000);PLCB1(-0.000);IL7R(-0.000);KLRG1(-0.000);LTB(-0.000),LEF1(+0.000);BACH2(+0.000);FOXP1(+0.000);MAML2(+0.000);FHIT(+0.000);KCNQ5(+0.000);PRKCA(+0.000);TXK(+0.000)
DCAKD,False,0.06787330316742082,0.0,0.0013424932,3.709008e-05,LEF1(-0.000);MAML2(-0.000);BACH2(-0.000);FOXP1(-0.000);SERINC5(-0.000);CAMK4(-0.000);PDE3B(-0.000);FHIT(-0.000),CCL5(+0.000);PLCB1(+0.000);AOAH(+0.000);MYO1F(+0.000);RAP1GAP2(+0.000);A2M(+0.000);S100A4(+0.000);PPP2R2B(+0.000)
MAP4K5,False,0.17216376819495174,-1.0505174e-05,0.0013423528,-5.6304838e-05,PLCB1(-0.000);AOAH(-0.000);MYO1F(-0.000);A2M(-0.000);S100A4(-0.000);CCL5(-0.000);RAP1GAP2(-0.000);ACTG1(-0.000),LEF1(+0.000);MAML2(+0.000);BACH2(+0.000);FOXP1(+0.000);SERINC5(+0.000);FHIT(+0.000);PDE3B(+0.000);PRKCA(+0.000)
SYNJ1,False,0.11797415907975795,-1.3287871e-05,0.0013415515,9.859309e-05,LEF1(-0.000);MAML2(-0.000);FOXP1(-0.000);BACH2(-0.000);SERINC5(-0.000);FHIT(-0.000);PRKCA(-0.000);PDE3B(-0.000),GNLY(+0.000);CCL5(+0.000);PLCB1(+0.000);AOAH(+0.000);ACTB(+0.000);MYO1F(+0.000);A2M(+0.000);S100A4(+0.000)
KIAA0319L,False,0.25192171400534263,-7.3882724e-08,0.0013414985,-6.746275e-05,PLCB1(-0.000);A2M(-0.000);PHACTR2(-0.000);IL32(-0.000);CCL5(-0.000);S100A4(-0.000);KLRG1(-0.000);PARP8(-0.000),LEF1(+0.000);BACH2(+0.000);FOXP1(+0.000);MAML2(+0.000);FHIT(+0.000);SERINC5(+0.000);PRKCA(+0.000);PDE3B(+0.000)
LRCH1,False,0.17886932344763673,1.3144598e-06,0.0013409222,-9.280917e-06,LEF1(-0.000);MAML2(-0.000);FOXP1(-0.000);BACH2(-0.000);CAMK4(-0.000);SERINC5(-0.000);PDE3B(-0.000);FHIT(-0.000),AOAH(+0.000);CCL5(+0.000);PLCB1(+0.000);MYO1F(+0.000);RAP1GAP2(+0.000);PPP2R2B(+0.000);SAMD3(+0.000);JAZF1(+0.000)
ECSIT,False,0.05746061167747915,0.0,0.0013405273,3.4613342e-06,IL32(-0.000);IL7R(-0.000);LTB(-0.000);CAMK4(-0.000);RPL11(-0.000);PHACTR2(-0.000);RPS18(-0.000);TRAC(-0.000),AOAH(+0.000);MCTP2(+0.000);JAZF1(+0.000);GNLY(+0.000);TGFBR3(+0.000);RAP1GAP2(+0.000);CD247(+0.000);SAMD3(+0.000)
GKAP1,False,0.06225808210216431,3.7747611e-06,0.0013389512,-5.8026876e-07,AOAH(-0.000);RAP1GAP2(-0.000);CCL5(-0.000);MYO1F(-0.000);JAZF1(-0.000);PLCB1(-0.000);SAMD3(-0.000);SYNE1(-0.000),LEF1(+0.000);CAMK4(+0.000);MAML2(+0.000);SERINC5(+0.000);FOXP1(+0.000);BACH2(+0.000);PDE3B(+0.000);BCL11B(+0.000)
ZNF33A,False,0.21386905086408986,-2.0482012e-05,0.0013376848,-4.7564834e-05,CD247(-0.000);AOAH(-0.000);JAZF1(-0.000);KCNQ5(-0.000);TFDP2(-0.000);RAP1GAP2(-0.000);MAPRE2(-0.000);SFMBT2(-0.000),IL32(+0.000);IL7R(+0.000);LTB(+0.000);PHACTR2(+0.000);CAMK4(+0.000);TRAC(+0.000);RPL11(+0.000);RPL30(+0.000)
MEAK7,False,0.0461211361282233,0.0,0.0013373627,2.5091353e-05,LEF1(-0.000);MAML2(-0.000);BACH2(-0.000);FOXP1(-0.000);SERINC5(-0.000);CAMK4(-0.000);FHIT(-0.000);PDE3B(-0.000),GNLY(+0.000);CCL5(+0.000);AOAH(+0.000);PLCB1(+0.000);MYO1F(+0.000);A2M(+0.000);RAP1GAP2(+0.000);CTSW(+0.000)
MEGF9,False,0.12293517963255737,-2.76641e-06,0.0013337027,4.930563e-05,LEF1(-0.000);BACH2(-0.000);MAML2(-0.000);FOXP1(-0.000);SERINC5(-0.000);FHIT(-0.000);PRKCA(-0.000);PDE3B(-0.000),PLCB1(+0.000);CCL5(+0.000);A2M(+0.000);AOAH(+0.000);MYO1F(+0.000);S100A4(+0.000);PHACTR2(+0.000);PARP8(+0.000)
LMO7,False,0.18459357793163605,7.181518e-06,0.0013326126,2.943178e-05,IL32(-0.000);PHACTR2(-0.000);S100A4(-0.000);GZMK(-0.000);LTB(-0.000);RPL28(-0.000);RPL11(-0.000);IL7R(-0.000),BACH2(+0.000);TXK(+0.000);KCNQ5(+0.000);CD247(+0.000);ZBTB20(+0.000);MAML2(+0.000);LEF1(+0.000);FOXP1(+0.000)
KDM1B,False,0.06247614893965,0.0,0.0013311193,2.92712e-07,AOAH(-0.000);RAP1GAP2(-0.000);MYO1F(-0.000);ACTG1(-0.000);SAMD3(-0.000);CCL5(-0.000);PLCB1(-0.000);SYNE1(-0.000),LEF1(+0.000);MAML2(+0.000);CAMK4(+0.000);BACH2(+0.000);FOXP1(+0.000);SERINC5(+0.000);PDE3B(+0.000);INPP4B(+0.000)
ARPC2,False,0.38712315324647006,-7.371481e-05,0.0013306396,2.0442803e-06,ACTG1(-0.000);GAPDH(-0.000);ACTB(-0.000);SMC4(-0.000);TMSB10(-0.000);LGALS1(-0.000);PTMA(-0.000);HNRNPA2B1(-0.000),IL7R(+0.000);A2M(+0.000);PLCB1(+0.000);BCL2(+0.000);PARP8(+0.000);PHACTR2(+0.000);AOAH(+0.000);PITPNC1(+0.000)
COX5B,False,0.14959385051518292,-1.5844833e-05,0.0013299558,7.3414803e-06,PLCB1(-0.000);PFN1(-0.000);CCL5(-0.000);S100A4(-0.000);MYO1F(-0.000);A2M(-0.000);AOAH(-0.000);ACTG1(-0.000),LEF1(+0.000);MAML2(+0.000);BACH2(+0.000);FOXP1(+0.000);SERINC5(+0.000);FHIT(+0.000);PRKCA(+0.000);PDE3B(+0.000)
SEC24A,False,0.054026058987079545,0.0,0.0013289367,7.0819974e-06,LEF1(-0.000);MAML2(-0.000);BACH2(-0.000);FOXP1(-0.000);SERINC5(-0.000);FHIT(-0.000);PRKCA(-0.000);PDE3B(-0.000),CCL5(+0.000);PLCB1(+0.000);S100A4(+0.000);A2M(+0.000);PFN1(+0.000);MYO1F(+0.000);ACTB(+0.000);ACTG1(+0.000)
ABI2,False,0.09376874011884644,-2.92567e-07,0.0013272794,4.33534e-05,LEF1(-0.000);CAMK4(-0.000);IL7R(-0.000);MAML2(-0.000);BCL2(-0.000);LTB(-0.000);BCL11B(-0.000);SERINC5(-0.000),AOAH(+0.000);RAP1GAP2(+0.000);JAZF1(+0.000);SAMD3(+0.000);SYNE1(+0.000);MYO1F(+0.000);CD247(+0.000);MCTP2(+0.000)
FAM222B,False,0.16654854712969525,-1.842761e-06,0.0013268811,0.0001768078,LEF1(-0.000);BACH2(-0.000);FOXP1(-0.000);MAML2(-0.000);SERINC5(-0.000);FHIT(-0.000);PRKCA(-0.000);PDE3B(-0.000),S100A4(+0.000);ACTB(+0.000);PLCB1(+0.000);IL32(+0.000);A2M(+0.000);B2M(+0.000);ACTG1(+0.000);PHACTR2(+0.000)
RPS6KA3,False,0.4939213869050865,-3.4716846e-05,0.0013268027,-1.9144447e-05,GNLY(-0.000);CCL5(-0.000);AOAH(-0.000);CTSW(-0.000);PLCB1(-0.000);PPP2R2B(-0.000);ZBTB16(-0.000);TGFBR3(-0.000),LEF1(+0.000);CAMK4(+0.000);SERINC5(+0.000);FOXP1(+0.000);PDE3B(+0.000);MAML2(+0.000);BACH2(+0.000);FHIT(+0.000)
NSL1,False,0.12871395082592815,-3.7658178e-06,0.0013253351,6.612347e-05,LEF1(-0.000);BACH2(-0.000);FOXP1(-0.000);MAML2(-0.000);FHIT(-0.000);PRKCA(-0.000);KCNQ5(-0.000);TXK(-0.000),IL32(+0.000);S100A4(+0.000);PHACTR2(+0.000);A2M(+0.000);PLCB1(+0.000);LTB(+0.000);HLA-B(+0.000);KLRG1(+0.000)
STK24,False,0.30365807119882243,-1.8862613e-05,0.001324951,-4.0730287e-05,LEF1(-0.000);BACH2(-0.000);FOXP1(-0.000);SERINC5(-0.000);MAML2(-0.000);FHIT(-0.000);PRKCA(-0.000);PDE3B(-0.000),PLCB1(+0.000);AOAH(+0.000);A2M(+0.000);CCL5(+0.000);PARP8(+0.000);MYO1F(+0.000);ARHGAP26(+0.000);PZP(+0.000)
TET3,False,0.12620618219484273,-8.29415e-06,0.0013241036,-3.7655598e-05,LEF1(-0.000);MAML2(-0.000);BACH2(-0.000);FOXP1(-0.000);SERINC5(-0.000);FHIT(-0.000);PRKCA(-0.000);PDE3B(-0.000),PLCB1(+0.000);PFN1(+0.000);S100A4(+0.000);CCL5(+0.000);A2M(+0.000);MYO1F(+0.000);ACTG1(+0.000);AOAH(+0.000)
PDSS1,False,0.04993730578422287,0.0,0.0013238931,-4.485088e-06,LEF1(-0.000);BACH2(-0.000);MAML2(-0.000);FOXP1(-0.000);SERINC5(-0.000);FHIT(-0.000);PRKCA(-0.000);PDE3B(-0.000),PLCB1(+0.000);A2M(+0.000);PHACTR2(+0.000);S100A4(+0.000);CCL5(+0.000);GNLY(+0.000);IL32(+0.000);MYO1F(+0.000)
XRCC6,False,0.3077468244016791,-1.619084e-05,0.0013232266,6.3384425e-05,LEF1(-0.000);BACH2(-0.000);FOXP1(-0.000);FHIT(-0.000);SERINC5(-0.000);MAML2(-0.000);SELL(-0.000);PRKCA(-0.000),PLCB1(+0.000);A2M(+0.000);CCL5(+0.000);PHACTR2(+0.000);PARP8(+0.000);AOAH(+0.000);KLRG1(+0.000);PZP(+0.000)
TASOR2,False,0.33903941558087547,-2.790451e-05,0.0013209243,-9.497544e-05,BACH2(-0.000);LEF1(-0.000);GNLY(-0.000);MCTP2(-0.000);KCNQ5(-0.000);MAML2(-0.000);TXK(-0.000);FOXP1(-0.000),IL32(+0.000);PHACTR2(+0.000);S100A4(+0.000);A2M(+0.000);PLCB1(+0.000);LTB(+0.000);PFN1(+0.000);GZMK(+0.000)
RBM5,False,0.31892274982282076,3.6555255e-06,0.00132065,3.8005168e-05,PLCB1(-0.000);A2M(-0.000);MYO1F(-0.000);S100A4(-0.000);AOAH(-0.000);PHACTR2(-0.000);KLRG1(-0.000);PZP(-0.000),LEF1(+0.000);BACH2(+0.000);MAML2(+0.000);FOXP1(+0.000);SERINC5(+0.000);FHIT(+0.000);PRKCA(+0.000);PDE3B(+0.000)
INTS9,False,0.08493703320067603,3.7294021e-06,0.001317106,-1.4058337e-05,LEF1(-0.000);MAML2(-0.000);CAMK4(-0.000);BACH2(-0.000);FOXP1(-0.000);SERINC5(-0.000);PDE3B(-0.000);FHIT(-0.000),AOAH(+0.000);PLCB1(+0.000);RAP1GAP2(+0.000);MYO1F(+0.000);JAZF1(+0.000);SYNE1(+0.000);SAMD3(+0.000);ARHGAP26(+0.000)
ERP44,False,0.1878645804939214,-1.0179295e-05,0.0013155815,-3.0242123e-05,AOAH(-0.000);JAZF1(-0.000);CD247(-0.000);MCTP2(-0.000);KCNQ5(-0.000);SFMBT2(-0.000);TXK(-0.000);RAP1GAP2(-0.000),IL32(+0.000);LTB(+0.000);RPL11(+0.000);S100A4(+0.000);IL7R(+0.000);PHACTR2(+0.000);TRAC(+0.000);RPL28(+0.000)
TAF1B,False,0.06209453197405004,3.5245694e-06,0.0013140326,4.457919e-06,LEF1(-0.000);BACH2(-0.000);MAML2(-0.000);FOXP1(-0.000);SERINC5(-0.000);FHIT(-0.000);PRKCA(-0.000);PDE3B(-0.000),PLCB1(+0.000);CCL5(+0.000);A2M(+0.000);AOAH(+0.000);MYO1F(+0.000);S100A4(+0.000);RAP1GAP2(+0.000);PHACTR2(+0.000)
SLC2A3,False,0.6298860600774139,-3.1211854e-05,0.0013134298,-0.00025350964,IL7R(-0.000);RPL13(-0.000);B2M(-0.000);RPS2(-0.000);RPL11(-0.000);EEF1A1(-0.000);CAMK4(-0.000);LTB(-0.000),GNLY(+0.000);CTSW(+0.000);MCTP2(+0.000);TGFBR3(+0.000);TYROBP(+0.000);AOAH(+0.000);PPP2R2B(+0.000);RAP1GAP2(+0.000)
NEDD9,False,0.24963201221174292,-2.6699521e-05,0.0013131822,-0.00011792128,CCL5(-0.000);PLCB1(-0.000);AOAH(-0.000);A2M(-0.000);GNLY(-0.000);MYO1F(-0.000);SYNE2(-0.000);PARP8(-0.000),LEF1(+0.000);BACH2(+0.000);FOXP1(+0.000);SERINC5(+0.000);MAML2(+0.000);FHIT(+0.000);PDE3B(+0.000);PRKCA(+0.000)
IP6K1,False,0.21032546475494737,2.4865353e-06,0.0013103512,1.6402335e-05,CCL5(-0.000);PLCB1(-0.000);AOAH(-0.000);GNLY(-0.000);MYO1F(-0.000);A2M(-0.000);CTSW(-0.000);RAP1GAP2(-0.000),LEF1(+0.000);MAML2(+0.000);BACH2(+0.000);FOXP1(+0.000);SERINC5(+0.000);CAMK4(+0.000);FHIT(+0.000);PDE3B(+0.000)
NDRG3,False,0.0454124189063948,-3.8326816e-06,0.001308133,-3.29922e-05,GNLY(-0.000);CCL5(-0.000);PLCB1(-0.000);AOAH(-0.000);MYO1F(-0.000);S100A4(-0.000);RAP1GAP2(-0.000);A2M(-0.000),LEF1(+0.000);MAML2(+0.000);BACH2(+0.000);FOXP1(+0.000);SERINC5(+0.000);CAMK4(+0.000);PDE3B(+0.000);FHIT(+0.000)
TRIP4,False,0.1059259663086736,-7.711821e-06,0.0013067318,1.1002629e-05,IL32(-0.000);S100A4(-0.000);PHACTR2(-0.000);PFN1(-0.000);ACTB(-0.000);ACTG1(-0.000);A2M(-0.000);S100A6(-0.000),LEF1(+0.000);BACH2(+0.000);MAML2(+0.000);FOXP1(+0.000);ZBTB20(+0.000);TXK(+0.000);FHIT(+0.000);SERINC5(+0.000)
IPO9,False,0.1548819713242109,-1.5945763e-05,0.0013066437,-3.6921887e-05,AOAH(-0.000);MCTP2(-0.000);RAP1GAP2(-0.000);JAZF1(-0.000);GNLY(-0.000);CD247(-0.000);SAMD3(-0.000);SYNE1(-0.000),CAMK4(+0.000);IL7R(+0.000);LTB(+0.000);LEF1(+0.000);BCL2(+0.000);BCL11B(+0.000);IL32(+0.000);TRAC(+0.000)
PPFIA1,False,0.1509567682494685,-4.9531923e-06,0.0013025953,5.656628e-05,PFN1(-0.000);S100A4(-0.000);IL32(-0.000);PLCB1(-0.000);PHACTR2(-0.000);ACTG1(-0.000);ACTB(-0.000);A2M(-0.000),LEF1(+0.000);MAML2(+0.000);BACH2(+0.000);FOXP1(+0.000);SERINC5(+0.000);FHIT(+0.000);PRKCA(+0.000);PDE3B(+0.000)
PDHX,False,0.05200894074033691,3.37519e-06,0.0013024295,5.110471e-05,S100A4(-0.000);PFN1(-0.000);PLCB1(-0.000);ACTG1(-0.000);IL32(-0.000);A2M(-0.000);ACTB(-0.000);MYO1F(-0.000),LEF1(+0.000);MAML2(+0.000);BACH2(+0.000);FOXP1(+0.000);SERINC5(+0.000);FHIT(+0.000);PRKCA(+0.000);PDE3B(+0.000)
MVP,False,0.24287194024968656,-2.2175443e-06,0.0013017508,-0.00010128308,CD247(-0.000);KCNQ5(-0.000);SMC4(-0.000);MAPRE2(-0.000);WWOX(-0.000);SCLT1(-0.000);SFMBT2(-0.000);TFDP2(-0.000),IL32(+0.000);PHACTR2(+0.000);LTB(+0.000);IL7R(+0.000);GZMK(+0.000);A2M(+0.000);PLCB1(+0.000);TRAC(+0.000)
RAD18,False,0.08918933653164696,0.0,0.0012999611,-3.036269e-07,LEF1(-0.000);BACH2(-0.000);MAML2(-0.000);FOXP1(-0.000);SERINC5(-0.000);FHIT(-0.000);PRKCA(-0.000);PDE3B(-0.000),PLCB1(+0.000);CCL5(+0.000);AOAH(+0.000);A2M(+0.000);MYO1F(+0.000);RAP1GAP2(+0.000);PARP8(+0.000);NCALD(+0.000)
ERVMER61-1,False,0.08788093550673283,-7.4814834e-06,0.0012987802,5.2726435e-05,LEF1(-0.000);MAML2(-0.000);BACH2(-0.000);FOXP1(-0.000);SERINC5(-0.000);CAMK4(-0.000);PDE3B(-0.000);FHIT(-0.000),CCL5(+0.000);AOAH(+0.000);PLCB1(+0.000);MYO1F(+0.000);RAP1GAP2(+0.000);A2M(+0.000);SYNE1(+0.000);NCALD(+0.000)
RYBP,False,0.10145559614021697,-1.8555166e-06,0.001298081,5.189382e-05,LEF1(-0.000);BACH2(-0.000);MAML2(-0.000);FOXP1(-0.000);SERINC5(-0.000);FHIT(-0.000);CAMK4(-0.000);PDE3B(-0.000),AOAH(+0.000);PLCB1(+0.000);CCL5(+0.000);A2M(+0.000);MYO1F(+0.000);RAP1GAP2(+0.000);SYNE1(+0.000);GNLY(+0.000)
TRG-AS1,False,0.08041214632284796,-3.6454298e-05,0.0012980226,1.4126454e-05,AOAH(-0.000);CCL5(-0.000);PLCB1(-0.000);MYO1F(-0.000);RAP1GAP2(-0.000);ACTG1(-0.000);PFN1(-0.000);GNLY(-0.000),LEF1(+0.000);MAML2(+0.000);BACH2(+0.000);FOXP1(+0.000);SERINC5(+0.000);CAMK4(+0.000);PDE3B(+0.000);FHIT(+0.000)
ZFYVE9,False,0.06585618492067818,0.0,0.0012938178,3.0813615e-05,AOAH(-0.000);PLCB1(-0.000);PFN1(-0.000);MYO1F(-0.000);RAP1GAP2(-0.000);ACTG1(-0.000);CCL5(-0.000);ACTB(-0.000),LEF1(+0.000);MAML2(+0.000);BACH2(+0.000);FOXP1(+0.000);SERINC5(+0.000);CAMK4(+0.000);PDE3B(+0.000);PRKCA(+0.000)
HSDL2,False,0.0634574497083356,1.383499e-06,0.001293212,-5.108522e-06,LEF1(-0.000);CAMK4(-0.000);MAML2(-0.000);FOXP1(-0.000);IL7R(-0.000);SERINC5(-0.000);BCL2(-0.000);BACH2(-0.000),AOAH(+0.000);RAP1GAP2(+0.000);MCTP2(+0.000);CCL5(+0.000);MYO1F(+0.000);ACTG1(+0.000);JAZF1(+0.000);TGFBR3(+0.000)
SERTAD2,False,0.09834814370604592,2.7740111e-06,0.0012925754,-1.1512128e-05,GNLY(-0.000);NKG7(-0.000);CCL5(-0.000);AOAH(-0.000);PRF1(-0.000);ACTG1(-0.000);ACTB(-0.000);MYO1F(-0.000),LEF1(+0.000);MAML2(+0.000);FOXP1(+0.000);CAMK4(+0.000);BACH2(+0.000);SERINC5(+0.000);PDE3B(+0.000);INPP4B(+0.000)
NDUFAF2,False,0.18486616147849316,-6.3853095e-06,0.0012901708,2.2349588e-05,PHACTR2(-0.000);IL32(-0.000);PLCB1(-0.000);S100A4(-0.000);A2M(-0.000);CCL5(-0.000);GZMK(-0.000);PFN1(-0.000),LEF1(+0.000);BACH2(+0.000);MAML2(+0.000);FOXP1(+0.000);FHIT(+0.000);SERINC5(+0.000);PRKCA(+0.000);PDE3B(+0.000)
THADA,False,0.4231586981409802,-1.4950529e-05,0.0012894555,-9.143006e-05,LEF1(-0.000);BACH2(-0.000);SERINC5(-0.000);CAMK4(-0.000);FHIT(-0.000);MAML2(-0.000);PDE3B(-0.000);FOXP1(-0.000),AOAH(+0.000);PLCB1(+0.000);GNLY(+0.000);A2M(+0.000);CCL5(+0.000);TGFBR3(+0.000);MCTP2(+0.000);RAP1GAP2(+0.000)
POLR3B,False,0.08450089952570464,0.0,0.0012885048,-2.5707512e-05,CAMK4(-0.000);LEF1(-0.000);LTB(-0.000);RPL11(-0.000);IL32(-0.000);IL7R(-0.000);EEF1A1(-0.000);BCL11B(-0.000),GNLY(+0.000);AOAH(+0.000);MCTP2(+0.000);TGFBR3(+0.000);CTSW(+0.000);PRF1(+0.000);JAZF1(+0.000);RAP1GAP2(+0.000)
GZMM,False,0.12865943411655673,-3.4736804e-05,0.001285945,3.4936354e-05,CCL5(-0.000);MYO1F(-0.000);PLCB1(-0.000);AOAH(-0.000);PFN1(-0.000);ACTG1(-0.000);S100A4(-0.000);RAP1GAP2(-0.000),LEF1(+0.000);MAML2(+0.000);BACH2(+0.000);FOXP1(+0.000);SERINC5(+0.000);CAMK4(+0.000);PDE3B(+0.000);FHIT(+0.000)
AC009061.2,False,0.1313307528757564,0.0,0.0012838098,9.6981385e-06,AOAH(-0.000);RAP1GAP2(-0.000);JAZF1(-0.000);SAMD3(-0.000);SYNE1(-0.000);GNLY(-0.000);MYO1F(-0.000);CD247(-0.000),LEF1(+0.000);CAMK4(+0.000);LTB(+0.000);IL7R(+0.000);BCL11B(+0.000);SERINC5(+0.000);MAML2(+0.000);PDE3B(+0.000)
HERC5,False,0.14632284795289754,1.0531204e-06,0.0012785601,3.4851477e-05,LEF1(-0.000);MAML2(-0.000);BACH2(-0.000);FOXP1(-0.000);CAMK4(-0.000);SERINC5(-0.000);PDE3B(-0.000);INPP4B(-0.000),ACTG1(+0.000);AOAH(+0.000);ACTB(+0.000);RAP1GAP2(+0.000);MYO1F(+0.000);CCL5(+0.000);PFN1(+0.000);S100A4(+0.000)
NSMAF,False,0.17647058823529413,-9.172094e-06,0.001278331,-2.1564418e-05,LEF1(-0.000);FHIT(-0.000);SELL(-0.000);CAMK4(-0.000);SERINC5(-0.000);EEF1A1(-0.000);GAPDH(-0.000);PDE3B(-0.000),AOAH(+0.000);PLCB1(+0.000);A2M(+0.000);ARHGAP26(+0.000);PARP8(+0.000);SYNE1(+0.000);RAP1GAP2(+0.000);PZP(+0.000)
ITGAE,False,0.048192771084337345,0.0,0.0012771451,-1.9882751e-05,AOAH(-0.000);CCL5(-0.000);RAP1GAP2(-0.000);JAZF1(-0.000);CTSW(-0.000);SAMD3(-0.000);SYNE1(-0.000);MYO1F(-0.000),LEF1(+0.000);CAMK4(+0.000);MAML2(+0.000);SERINC5(+0.000);IL7R(+0.000);BCL11B(+0.000);LTB(+0.000);PDE3B(+0.000)
EIF2AK3,False,0.049664722237365753,4.0459e-06,0.0012769145,2.0539595e-05,LEF1(-0.000);MAML2(-0.000);BACH2(-0.000);FOXP1(-0.000);SERINC5(-0.000);CAMK4(-0.000);PDE3B(-0.000);PRKCA(-0.000),AOAH(+0.000);PLCB1(+0.000);MYO1F(+0.000);RAP1GAP2(+0.000);CCL5(+0.000);ACTG1(+0.000);ACTB(+0.000);PFN1(+0.000)
ZNF562,False,0.07408820803576296,0.0,0.0012768308,3.3542829e-06,S100A4(-0.000);PLCB1(-0.000);IL32(-0.000);A2M(-0.000);PHACTR2(-0.000);PFN1(-0.000);CCL5(-0.000);ACTB(-0.000),LEF1(+0.000);BACH2(+0.000);MAML2(+0.000);FOXP1(+0.000);SERINC5(+0.000);FHIT(+0.000);PRKCA(+0.000);PDE3B(+0.000)
FLOT1,False,0.13307528757564194,-1.05986466e-07,0.0012754868,2.465835e-05,LEF1(-0.000);MAML2(-0.000);CAMK4(-0.000);FOXP1(-0.000);BACH2(-0.000);SERINC5(-0.000);PDE3B(-0.000);INPP4B(-0.000),AOAH(+0.000);RAP1GAP2(+0.000);MYO1F(+0.000);ACTG1(+0.000);JAZF1(+0.000);ACTB(+0.000);SAMD3(+0.000);PFN1(+0.000)
WBP4,False,0.08668156790056153,0.0,0.001275271,-2.996768e-05,LEF1(-0.000);MAML2(-0.000);BACH2(-0.000);FOXP1(-0.000);SERINC5(-0.000);FHIT(-0.000);PRKCA(-0.000);PDE3B(-0.000),S100A4(+0.000);PLCB1(+0.000);PFN1(+0.000);CCL5(+0.000);A2M(+0.000);ACTG1(+0.000);MYO1F(+0.000);IL32(+0.000)
MIER1,False,0.3428010685275037,-6.9779253e-06,0.0012746003,-0.00015114107,CCL5(-0.000);AOAH(-0.000);PLCB1(-0.000);A2M(-0.000);MYO1F(-0.000);RAP1GAP2(-0.000);SYNE1(-0.000);NCALD(-0.000),LEF1(+0.000);FOXP1(+0.000);BACH2(+0.000);MAML2(+0.000);SERINC5(+0.000);CAMK4(+0.000);FHIT(+0.000);PDE3B(+0.000)
CRYBG3,False,0.04595758600010903,0.0,0.0012743545,2.6521257e-06,S100A4(-0.000);PFN1(-0.000);PLCB1(-0.000);CCL5(-0.000);ACTG1(-0.000);ACTB(-0.000);MYO1F(-0.000);A2M(-0.000),LEF1(+0.000);MAML2(+0.000);BACH2(+0.000);FOXP1(+0.000);SERINC5(+0.000);FHIT(+0.000);PRKCA(+0.000);PDE3B(+0.000)
AL359636.2,False,0.05942321321485035,0.0,0.001273292,3.6601767e-05,MCTP2(-0.000);AOAH(-0.000);TGFBR3(-0.000);RAP1GAP2(-0.000);JAZF1(-0.000);SAMD3(-0.000);TYROBP(-0.000);CD247(-0.000),IL7R(+0.000);LTB(+0.000);CAMK4(+0.000);BCL2(+0.000);IL32(+0.000);BCL11B(+0.000);PHACTR2(+0.000);RPL13(+0.000)
PSMA7,False,0.19980373984626287,-3.6502155e-05,0.0012711799,2.5448893e-05,IL32(-0.000);CAMK4(-0.000);RPL11(-0.000);LEF1(-0.000);TMSB10(-0.000);EEF1A1(-0.000);RPS2(-0.000);GAPDH(-0.000),AOAH(+0.000);JAZF1(+0.000);SYNE1(+0.000);PLCB1(+0.000);RAP1GAP2(+0.000);UTRN(+0.000);SAMD3(+0.000);ARHGAP26(+0.000)
MMS22L,False,0.058714495993021865,0.0,0.0012702461,7.24051e-06,BACH2(-0.000);LEF1(-0.000);MAML2(-0.000);FOXP1(-0.000);TXK(-0.000);KCNQ5(-0.000);ZBTB20(-0.000);FHIT(-0.000),IL32(+0.000);PHACTR2(+0.000);S100A4(+0.000);A2M(+0.000);LTB(+0.000);RPL28(+0.000);PFN1(+0.000);PLCB1(+0.000)
MIR646HG,False,0.06171291500845008,-5.640419e-06,0.0012693699,6.0246788e-05,PLCB1(-0.000);AOAH(-0.000);PFN1(-0.000);MYO1F(-0.000);RAP1GAP2(-0.000);A2M(-0.000);ACTG1(-0.000);S100A4(-0.000),LEF1(+0.000);MAML2(+0.000);BACH2(+0.000);FOXP1(+0.000);SERINC5(+0.000);CAMK4(+0.000);PDE3B(+0.000);FHIT(+0.000)
ANKAR,False,0.09458649075941777,-1.3996901e-05,0.0012652057,-1.0753509e-05,AOAH(-0.000);JAZF1(-0.000);RAP1GAP2(-0.000);SAMD3(-0.000);SYNE1(-0.000);CD247(-0.000);VAV3(-0.000);FAM49B(-0.000),CAMK4(+0.000);IL7R(+0.000);LTB(+0.000);LEF1(+0.000);BCL11B(+0.000);IL32(+0.000);BCL2(+0.000);RPL11(+0.000)
GTF2I,False,0.32481055443493434,4.4714648e-06,0.001263151,9.88613e-06,LEF1(-0.000);BACH2(-0.000);FOXP1(-0.000);FHIT(-0.000);MAML2(-0.000);PRKCA(-0.000);SMC4(-0.000);KCNQ5(-0.000),PHACTR2(+0.000);PLCB1(+0.000);A2M(+0.000);IL32(+0.000);IL7R(+0.000);KLRG1(+0.000);CCL5(+0.000);GZMK(+0.000)
ZNF212,False,0.0517363571934798,0.0,0.0012607874,1.9970463e-05,LEF1(-0.000);MAML2(-0.000);BACH2(-0.000);FOXP1(-0.000);CAMK4(-0.000);SERINC5(-0.000);PDE3B(-0.000);PRKCA(-0.000),CCL5(+0.000);AOAH(+0.000);PLCB1(+0.000);MYO1F(+0.000);RAP1GAP2(+0.000);CTSW(+0.000);SAMD3(+0.000);SYNE1(+0.000)
MCU,False,0.1236984135637573,-1.1070406e-06,0.0012596427,-2.598421e-05,S100A4(-0.000);IL32(-0.000);CCL5(-0.000);PHACTR2(-0.000);PLCB1(-0.000);A2M(-0.000);ACTB(-0.000);PFN1(-0.000),LEF1(+0.000);BACH2(+0.000);MAML2(+0.000);FOXP1(+0.000);SERINC5(+0.000);FHIT(+0.000);PRKCA(+0.000);PDE3B(+0.000)
SLC25A25,False,0.05031892274982282,0.0,0.001259241,-6.5901604e-06,CCL5(-0.000);AOAH(-0.000);PLCB1(-0.000);MYO1F(-0.000);RAP1GAP2(-0.000);ACTG1(-0.000);PPP2R2B(-0.000);SAMD3(-0.000),LEF1(+0.000);MAML2(+0.000);BACH2(+0.000);FOXP1(+0.000);CAMK4(+0.000);SERINC5(+0.000);PDE3B(+0.000);FHIT(+0.000)
GGT7,False,0.10260044703701686,5.56028e-06,0.0012582699,7.191939e-05,AOAH(-0.000);JAZF1(-0.000);RAP1GAP2(-0.000);MCTP2(-0.000);SAMD3(-0.000);VAV3(-0.000);SYNE1(-0.000);CTSW(-0.000),IL7R(+0.000);CAMK4(+0.000);LTB(+0.000);IL32(+0.000);RPL11(+0.000);BCL11B(+0.000);RPS18(+0.000);LEF1(+0.000)
PAIP2,False,0.22057460611677482,-1.112682e-05,0.0012581781,-3.98817e-05,LEF1(-0.000);BACH2(-0.000);FHIT(-0.000);SERINC5(-0.000);FOXP1(-0.000);SELL(-0.000);PRKCA(-0.000);MAML2(-0.000),PLCB1(+0.000);CCL5(+0.000);A2M(+0.000);AOAH(+0.000);PARP8(+0.000);PZP(+0.000);GZMK(+0.000);MYO1F(+0.000)
NIBAN1,False,0.05331734176525105,-3.370529e-05,0.0012579305,-2.6178375e-07,CCL5(-0.000);AOAH(-0.000);PLCB1(-0.000);MYO1F(-0.000);RAP1GAP2(-0.000);A2M(-0.000);ACTG1(-0.000);PPP2R2B(-0.000),LEF1(+0.000);MAML2(+0.000);BACH2(+0.000);FOXP1(+0.000);SERINC5(+0.000);CAMK4(+0.000);PDE3B(+0.000);FHIT(+0.000)
KATNBL1,False,0.21130676552363298,4.6390646e-06,0.0012568376,-1.3494126e-05,IL7R(-0.000);CAMK4(-0.000);BCL2(-0.000);LEF1(-0.000);MAML2(-0.000);LTB(-0.000);BCL11B(-0.000);INPP4B(-0.000),ACTG1(+0.000);PFN1(+0.000);RAP1GAP2(+0.000);ACTB(+0.000);AOAH(+0.000);JAZF1(+0.000);GAPDH(+0.000);IFI16(+0.000)
MBNL2,False,0.21583165240146104,-1.9387202e-05,0.0012567226,-3.0546227e-05,IL7R(-0.000);BCL2(-0.000);CAMK4(-0.000);LTB(-0.000);MAML2(-0.000);BCL11B(-0.000);ANK3(-0.000);INPP4B(-0.000),ACTG1(+0.000);PFN1(+0.000);GAPDH(+0.000);ACTB(+0.000);SMC4(+0.000);IFI16(+0.000);RAP1GAP2(+0.000);PTMA(+0.000)
CEP128,False,0.13329335441312762,5.7214074e-06,0.0012549162,-4.516742e-05,GNLY(-0.000);CCL5(-0.000);AOAH(-0.000);PLCB1(-0.000);CTSW(-0.000);A2M(-0.000);NKG7(-0.000);PRF1(-0.000),LEF1(+0.000);CAMK4(+0.000);SERINC5(+0.000);BACH2(+0.000);FOXP1(+0.000);MAML2(+0.000);FHIT(+0.000);PDE3B(+0.000)
TSPO,False,0.21992040560431775,-1.876528e-05,0.0012546222,4.003149e-06,IL7R(-0.000);IL32(-0.000);LTB(-0.000);CAMK4(-0.000);RPL11(-0.000);PHACTR2(-0.000);RPL30(-0.000);BCL11B(-0.000),GNLY(+0.000);AOAH(+0.000);MCTP2(+0.000);JAZF1(+0.000);TGFBR3(+0.000);CD247(+0.000);CTSW(+0.000);RAP1GAP2(+0.000)
TMEM165,False,0.23840157008122992,4.417033e-06,0.0012546175,2.1069953e-05,LEF1(-0.000);BACH2(-0.000);MAML2(-0.000);FOXP1(-0.000);FHIT(-0.000);PRKCA(-0.000);ZBTB20(-0.000);SERINC5(-0.000),IL32(+0.000);S100A4(+0.000);PHACTR2(+0.000);PFN1(+0.000);ACTB(+0.000);ACTG1(+0.000);PLCB1(+0.000);A2M(+0.000)
NEO1,False,0.02911192280433953,0.0,0.0012541089,9.804914e-06,PLCB1(-0.000);CCL5(-0.000);AOAH(-0.000);A2M(-0.000);MYO1F(-0.000);RAP1GAP2(-0.000);CTSW(-0.000);S100A4(-0.000),LEF1(+0.000);MAML2(+0.000);BACH2(+0.000);FOXP1(+0.000);SERINC5(+0.000);FHIT(+0.000);PDE3B(+0.000);PRKCA(+0.000)
ITGAX,False,0.024368969089025787,4.975719e-12,0.0012512923,-2.699722e-06,GNLY(-0.000);MCTP2(-0.000);AOAH(-0.000);TGFBR3(-0.000);JAZF1(-0.000);RAP1GAP2(-0.000);CD247(-0.000);SAMD3(-0.000),IL7R(+0.000);CAMK4(+0.000);LTB(+0.000);IL32(+0.000);BCL2(+0.000);BCL11B(+0.000);LEF1(+0.000);GZMK(+0.000)
CEP83,False,0.11977321048901488,-8.935153e-06,0.0012512879,-2.2661392e-05,IL32(-0.000);PHACTR2(-0.000);GZMK(-0.000);A2M(-0.000);IL7R(-0.000);S100A4(-0.000);LTB(-0.000);PLCB1(-0.000),BACH2(+0.000);LEF1(+0.000);KCNQ5(+0.000);FOXP1(+0.000);MAML2(+0.000);FHIT(+0.000);TXK(+0.000);ATP10A(+0.000)
NUB1,False,0.2291337294880881,-7.740791e-06,0.0012494746,2.6494012e-05,LEF1(-0.000);MAML2(-0.000);BACH2(-0.000);FOXP1(-0.000);SERINC5(-0.000);PRKCA(-0.000);FHIT(-0.000);PDE3B(-0.000),CCL5(+0.000);S100A4(+0.000);PLCB1(+0.000);PFN1(+0.000);IL32(+0.000);PHACTR2(+0.000);ACTB(+0.000);A2M(+0.000)
AFF4,False,0.32459248759744863,-4.3194423e-06,0.0012490303,2.55179e-05,GNLY(-0.000);CCL5(-0.000);MCTP2(-0.000);TGFBR3(-0.000);CTSW(-0.000);AOAH(-0.000);TYROBP(-0.000);PPP2R2B(-0.000),CAMK4(+0.000);IL7R(+0.000);LTB(+0.000);IL32(+0.000);RPL11(+0.000);LEF1(+0.000);BCL2(+0.000);TRAC(+0.000)
AC025164.1,False,0.14157989423758385,9.860953e-06,0.0012474584,-6.691013e-05,IL32(-0.000);S100A4(-0.000);PHACTR2(-0.000);PLCB1(-0.000);A2M(-0.000);CCL5(-0.000);ACTB(-0.000);PFN1(-0.000),LEF1(+0.000);BACH2(+0.000);MAML2(+0.000);FOXP1(+0.000);FHIT(+0.000);SERINC5(+0.000);PRKCA(+0.000);PDE3B(+0.000)
UBAP2,False,0.2755819658725399,-1.1746749e-05,0.0012474413,3.160332e-05,LEF1(-0.000);BACH2(-0.000);FOXP1(-0.000);MAML2(-0.000);FHIT(-0.000);SERINC5(-0.000);PRKCA(-0.000);PDE3B(-0.000),PLCB1(+0.000);CCL5(+0.000);A2M(+0.000);PHACTR2(+0.000);IL32(+0.000);KLRG1(+0.000);S100A4(+0.000);PARP8(+0.000)
MAP2K4,False,0.28321430518453905,-1.2446711e-05,0.0012473314,0.00012769048,AOAH(-0.000);GNLY(-0.000);JAZF1(-0.000);MCTP2(-0.000);TGFBR3(-0.000);CTSW(-0.000);RAP1GAP2(-0.000);TYROBP(-0.000),IL32(+0.000);RPL11(+0.000);IL7R(+0.000);LTB(+0.000);EEF1A1(+0.000);RPS2(+0.000);RPL13A(+0.000);RPL41(+0.000)
SUCLG2-AS1,False,0.08820803576296135,0.0,0.0012472435,-6.0321494e-05,ACTB(-0.000);ACTG1(-0.000);S100A4(-0.000);PFN1(-0.000);MYO1F(-0.000);TMSB4X(-0.000);RAP1GAP2(-0.000);PLCB1(-0.000),LEF1(+0.000);MAML2(+0.000);BACH2(+0.000);FOXP1(+0.000);SERINC5(+0.000);CAMK4(+0.000);PDE3B(+0.000);PRKCA(+0.000)
LCP2,False,0.5130567518944558,-1.3885432e-06,0.0012462238,8.4753134e-05,IL32(-0.000);PHACTR2(-0.000);LTB(-0.000);IL7R(-0.000);GZMK(-0.000);S100A4(-0.000);TRAC(-0.000);A2M(-0.000),CD247(+0.000);KCNQ5(+0.000);JAZF1(+0.000);TXK(+0.000);SFMBT2(+0.000);TFDP2(+0.000);MAPRE2(+0.000);ATP10A(+0.000)
SHOC2,False,0.23600283486888732,-1.2323e-05,0.0012454895,0.0001854003,JAZF1(-0.000);IFI16(-0.000);RAP1GAP2(-0.000);SMC4(-0.000);TOX(-0.000);PFN1(-0.000);VAV3(-0.000);TFDP2(-0.000),IL7R(+0.000);LTB(+0.000);RPL13(+0.000);CCL5(+0.000);BCL2(+0.000);PHACTR2(+0.000);B2M(+0.000);CAMK4(+0.000)
ZNRF1,False,0.02834868887313962,0.0,0.0012438121,1.9566663e-05,CAMK4(-0.000);LEF1(-0.000);IL7R(-0.000);LTB(-0.000);BCL11B(-0.000);IL32(-0.000);SERINC5(-0.000);PDE3B(-0.000),GNLY(+0.000);AOAH(+0.000);MCTP2(+0.000);TGFBR3(+0.000);CCL5(+0.000);JAZF1(+0.000);RAP1GAP2(+0.000);CTSW(+0.000)
THEM4,False,0.32159406858202044,1.653608e-05,0.0012416037,-0.0001373387,GNLY(-0.000);CCL5(-0.000);ACTB(-0.000);MCTP2(-0.000);TGFBR3(-0.000);CTSW(-0.000);CD247(-0.000);PRF1(-0.000),CAMK4(+0.000);IL7R(+0.000);BCL2(+0.000);LTB(+0.000);TRAC(+0.000);LEF1(+0.000);MAML2(+0.000);BCL11B(+0.000)
GPALPP1,False,0.12364389685438587,-2.5476209e-06,0.0012406076,5.2087093e-05,ACTG1(-0.000);PFN1(-0.000);RAP1GAP2(-0.000);ACTB(-0.000);GAPDH(-0.000);JAZF1(-0.000);AOAH(-0.000);IFI16(-0.000),IL7R(+0.000);CAMK4(+0.000);BCL2(+0.000);LTB(+0.000);LEF1(+0.000);MAML2(+0.000);BCL11B(+0.000);INPP4B(+0.000)
MAML3,False,0.09976557814970288,-2.2872488e-05,0.0012387004,1.6878466e-05,BACH2(-0.000);MAML2(-0.000);LEF1(-0.000);FOXP1(-0.000);ZBTB20(-0.000);TXK(-0.000);KCNQ5(-0.000);PRKCA(-0.000),IL32(+0.000);S100A4(+0.000);ACTB(+0.000);PFN1(+0.000);ACTG1(+0.000);PHACTR2(+0.000);TMSB4X(+0.000);CORO1A(+0.000)
ANXA2,False,0.12947718475712805,-5.8802987e-05,0.0012354046,-1.2209446e-05,S100A4(-0.000);CCL5(-0.000);IL32(-0.000);ACTB(-0.000);ACTG1(-0.000);PFN1(-0.000);PHACTR2(-0.000);TMSB4X(-0.000),LEF1(+0.000);MAML2(+0.000);BACH2(+0.000);FOXP1(+0.000);SERINC5(+0.000);FHIT(+0.000);PRKCA(+0.000);ZBTB20(+0.000)
RPAP2,False,0.18214032600992205,-3.8074688e-07,0.00123356,-3.366099e-05,LEF1(-0.000);MAML2(-0.000);BACH2(-0.000);FOXP1(-0.000);SERINC5(-0.000);CAMK4(-0.000);PDE3B(-0.000);PRKCA(-0.000),CCL5(+0.000);PFN1(+0.000);PLCB1(+0.000);ACTG1(+0.000);MYO1F(+0.000);S100A4(+0.000);AOAH(+0.000);ACTB(+0.000)
AEBP2,False,0.24325355721528652,3.748765e-06,0.0012276578,9.889061e-06,PLCB1(-0.000);CCL5(-0.000);A2M(-0.000);S100A4(-0.000);MYO1F(-0.000);PHACTR2(-0.000);AOAH(-0.000);PFN1(-0.000),LEF1(+0.000);BACH2(+0.000);MAML2(+0.000);FOXP1(+0.000);SERINC5(+0.000);FHIT(+0.000);PRKCA(+0.000);PDE3B(+0.000)
SMC4,False,0.05402605898707954,-5.5128323e-05,0.0012276444,1.4436961e-06,BACH2(-0.000);LEF1(-0.000);KCNQ5(-0.000);CD247(-0.000);FOXP1(-0.000);TXK(-0.000);MAML2(-0.000);ATP10A(-0.000),IL32(+0.000);PHACTR2(+0.000);GZMK(+0.000);IL7R(+0.000);S100A4(+0.000);LTB(+0.000);A2M(+0.000);PLCB1(+0.000)
KIAA0556,False,0.08172054734776209,0.0,0.0012263079,-2.4971197e-05,PLCB1(-0.000);A2M(-0.000);CCL5(-0.000);AOAH(-0.000);PARP8(-0.000);PHACTR2(-0.000);PZP(-0.000);KLRG1(-0.000),LEF1(+0.000);BACH2(+0.000);FOXP1(+0.000);FHIT(+0.000);SERINC5(+0.000);MAML2(+0.000);PRKCA(+0.000);SELL(+0.000)
IL6R,False,0.24706972687128612,-1.5956948e-07,0.0012255078,-8.3539104e-05,CD247(-0.000);KCNQ5(-0.000);TXK(-0.000);SFMBT2(-0.000);JAZF1(-0.000);AOAH(-0.000);MAPRE2(-0.000);TFDP2(-0.000),IL32(+0.000);LTB(+0.000);PHACTR2(+0.000);GZMK(+0.000);S100A4(+0.000);TRAC(+0.000);IL7R(+0.000);S100A6(+0.000)
UBR4,False,0.24761489396500028,-1.3289744e-05,0.0012250311,-0.00010054648,IL32(-0.000);IL7R(-0.000);LTB(-0.000);PHACTR2(-0.000);S100A4(-0.000);A2M(-0.000);HLA-B(-0.000);RPL11(-0.000),KCNQ5(+0.000);BACH2(+0.000);WWOX(+0.000);TXK(+0.000);SCLT1(+0.000);SFMBT2(+0.000);DNMT1(+0.000);SSBP2(+0.000)
PIGU,False,0.1666030638390667,-4.6958226e-06,0.0012240317,-5.087776e-06,CCL5(-0.000);AOAH(-0.000);GNLY(-0.000);MYO1F(-0.000);RAP1GAP2(-0.000);ACTG1(-0.000);MCTP2(-0.000);PPP2R2B(-0.000),LEF1(+0.000);MAML2(+0.000);CAMK4(+0.000);FOXP1(+0.000);BACH2(+0.000);SERINC5(+0.000);PDE3B(+0.000);INPP4B(+0.000)
SPATS2L,False,0.051136673390394155,0.0,0.001223888,-2.5184749e-05,IL7R(-0.000);LTB(-0.000);IL32(-0.000);PHACTR2(-0.000);CAMK4(-0.000);RPL11(-0.000);BCL2(-0.000);RPS18(-0.000),AOAH(+0.000);JAZF1(+0.000);CD247(+0.000);RAP1GAP2(+0.000);TFDP2(+0.000);KCNQ5(+0.000);VAV3(+0.000);SAMD3(+0.000)
PHF20,False,0.3716404077849861,-4.3143195e-06,0.0012198576,6.147818e-05,ACTG1(-0.000);PFN1(-0.000);ACTB(-0.000);TMSB10(-0.000);S100A4(-0.000);LGALS1(-0.000);GAPDH(-0.000);ARHGDIB(-0.000),ZBTB20(+0.000);TXK(+0.000);CCL5(+0.000);PITPNC1(+0.000);AOAH(+0.000);MAML2(+0.000);GNLY(+0.000);BCL2(+0.000)
POLB,False,0.10587144959930218,0.0,0.0012194815,1.13597625e-05,AOAH(-0.000);PLCB1(-0.000);RAP1GAP2(-0.000);CCL5(-0.000);MYO1F(-0.000);SAMD3(-0.000);JAZF1(-0.000);SYNE1(-0.000),LEF1(+0.000);MAML2(+0.000);CAMK4(+0.000);BACH2(+0.000);FOXP1(+0.000);SERINC5(+0.000);PDE3B(+0.000);FHIT(+0.000)
CPSF6,False,0.3034400043613367,-4.2896822e-06,0.0012188425,5.645639e-05,PLCB1(-0.000);AOAH(-0.000);A2M(-0.000);CCL5(-0.000);PARP8(-0.000);GNLY(-0.000);MYO1F(-0.000);PHACTR2(-0.000),LEF1(+0.000);BACH2(+0.000);FOXP1(+0.000);SERINC5(+0.000);FHIT(+0.000);MAML2(+0.000);PRKCA(+0.000);PDE3B(+0.000)
BCAS4,False,0.1251703647167857,-8.066296e-06,0.0012178582,1.7577966e-05,LEF1(-0.000);MAML2(-0.000);BACH2(-0.000);FOXP1(-0.000);SERINC5(-0.000);PDE3B(-0.000);PRKCA(-0.000);FHIT(-0.000),ACTG1(+0.000);CCL5(+0.000);ACTB(+0.000);PLCB1(+0.000);S100A4(+0.000);PFN1(+0.000);MYO1F(+0.000);AOAH(+0.000)
NUP35,False,0.06383906667393557,0.0,0.0012177174,8.810644e-05,AOAH(-0.000);RAP1GAP2(-0.000);PLCB1(-0.000);MYO1F(-0.000);JAZF1(-0.000);SAMD3(-0.000);SYNE1(-0.000);MYBL1(-0.000),LEF1(+0.000);CAMK4(+0.000);MAML2(+0.000);SERINC5(+0.000);BACH2(+0.000);FOXP1(+0.000);PDE3B(+0.000);IL7R(+0.000)
ZSWIM7,False,0.11791964237038653,-3.0738383e-06,0.0012171459,-3.2292148e-05,LEF1(-0.000);CAMK4(-0.000);MAML2(-0.000);SERINC5(-0.000);BACH2(-0.000);FOXP1(-0.000);PDE3B(-0.000);IL7R(-0.000),AOAH(+0.000);CCL5(+0.000);RAP1GAP2(+0.000);GNLY(+0.000);MYO1F(+0.000);JAZF1(+0.000);SYNE1(+0.000);SAMD3(+0.000)
PPP2R2D,False,0.2777626342473969,-3.1154337e-07,0.0012139628,-5.5806224e-05,AOAH(-0.000);JAZF1(-0.000);CD247(-0.000);RAP1GAP2(-0.000);SYNE1(-0.000);SAMD3(-0.000);UTRN(-0.000);FNDC3B(-0.000),IL32(+0.000);RPL11(+0.000);LTB(+0.000);CAMK4(+0.000);TRAC(+0.000);TMSB10(+0.000);RPL28(+0.000);RPL30(+0.000)
TRIM33,False,0.2732922640789402,-1.1053091e-05,0.0012132226,3.524207e-05,PFN1(-0.000);ACTG1(-0.000);ACTB(-0.000);GAPDH(-0.000);PTMA(-0.000);CORO1A(-0.000);MYL6(-0.000);PPIA(-0.000),MAML2(+0.000);LEF1(+0.000);BCL2(+0.000);IL7R(+0.000);FOXP1(+0.000);CAMK4(+0.000);BACH2(+0.000);INPP4B(+0.000)
PPAT,False,0.05647931090879354,0.0,0.001211939,-1.9317738e-05,AOAH(-0.000);CCL5(-0.000);MCTP2(-0.000);GNLY(-0.000);TGFBR3(-0.000);RAP1GAP2(-0.000);MYO1F(-0.000);PLCB1(-0.000),LEF1(+0.000);MAML2(+0.000);BACH2(+0.000);FOXP1(+0.000);CAMK4(+0.000);SERINC5(+0.000);PDE3B(+0.000);FHIT(+0.000)
XRCC4,False,0.09584037507496046,-1.7956021e-05,0.0012117048,-1.42685385e-05,BACH2(-0.000);LEF1(-0.000);KCNQ5(-0.000);TXK(-0.000);CD247(-0.000);FOXP1(-0.000);ATP10A(-0.000);MAML2(-0.000),IL32(+0.000);PHACTR2(+0.000);IL7R(+0.000);A2M(+0.000);LTB(+0.000);S100A4(+0.000);KLRG1(+0.000);RPL28(+0.000)
SKA2,False,0.0685275036798779,0.0,0.0012113965,1.1830642e-05,AOAH(-0.000);RAP1GAP2(-0.000);CCL5(-0.000);JAZF1(-0.000);SYNE1(-0.000);SAMD3(-0.000);MYO1F(-0.000);VAV3(-0.000),LEF1(+0.000);CAMK4(+0.000);MAML2(+0.000);IL7R(+0.000);SERINC5(+0.000);BACH2(+0.000);FOXP1(+0.000);PDE3B(+0.000)
TAMM41,False,0.10908793545221612,7.597897e-06,0.00121128,-5.0583817e-06,AOAH(-0.000);GNLY(-0.000);CCL5(-0.000);RAP1GAP2(-0.000);MYO1F(-0.000);PLCB1(-0.000);CTSW(-0.000);SAMD3(-0.000),LEF1(+0.000);MAML2(+0.000);CAMK4(+0.000);FOXP1(+0.000);BACH2(+0.000);SERINC5(+0.000);PDE3B(+0.000);PRKCA(+0.000)
TRMT61B,False,0.0685275036798779,0.0,0.0012110032,-5.7951765e-06,IL32(-0.000);LTB(-0.000);IL7R(-0.000);CAMK4(-0.000);RPL11(-0.000);RPS18(-0.000);PHACTR2(-0.000);RPS2(-0.000),AOAH(+0.000);JAZF1(+0.000);RAP1GAP2(+0.000);CD247(+0.000);MCTP2(+0.000);SAMD3(+0.000);GNLY(+0.000);VAV3(+0.000)
MTX2,False,0.07975794581039089,0.0,0.0012084518,-6.261201e-08,LEF1(-0.000);MAML2(-0.000);BACH2(-0.000);FOXP1(-0.000);SERINC5(-0.000);FHIT(-0.000);CAMK4(-0.000);PDE3B(-0.000),AOAH(+0.000);PLCB1(+0.000);CCL5(+0.000);A2M(+0.000);MYO1F(+0.000);RAP1GAP2(+0.000);SYNE1(+0.000);SAMD3(+0.000)
POLR1A,False,0.07605080957313416,-4.1737608e-06,0.0012072397,1.0344701e-05,S100A4(-0.000);ACTG1(-0.000);PFN1(-0.000);CCL5(-0.000);ACTB(-0.000);PLCB1(-0.000);MYO1F(-0.000);A2M(-0.000),LEF1(+0.000);MAML2(+0.000);BACH2(+0.000);FOXP1(+0.000);SERINC5(+0.000);FHIT(+0.000);PRKCA(+0.000);PDE3B(+0.000)
SMURF1,False,0.19440658561849206,5.13199e-06,0.0012071622,-7.866107e-05,ACTB(-0.000);IL32(-0.000);S100A4(-0.000);ACTG1(-0.000);PFN1(-0.000);TMSB4X(-0.000);CORO1A(-0.000);GAPDH(-0.000),MAML2(+0.000);BACH2(+0.000);LEF1(+0.000);FOXP1(+0.000);ZBTB20(+0.000);TXK(+0.000);PRKCA(+0.000);SERINC5(+0.000)
TRIM14,False,0.19800468843700594,1.6364486e-06,0.0012032951,6.2480016e-05,IL32(-0.000);PHACTR2(-0.000);S100A4(-0.000);A2M(-0.000);GZMK(-0.000);PLCB1(-0.000);LTB(-0.000);KLRG1(-0.000),BACH2(+0.000);LEF1(+0.000);MAML2(+0.000);KCNQ5(+0.000);FOXP1(+0.000);TXK(+0.000);CD247(+0.000);FHIT(+0.000)
PBX4,False,0.11584800741427247,-9.949395e-06,0.0011995183,-4.949781e-05,CCL5(-0.000);PLCB1(-0.000);A2M(-0.000);S100A4(-0.000);MYO1F(-0.000);AOAH(-0.000);PHACTR2(-0.000);KLRG1(-0.000),LEF1(+0.000);BACH2(+0.000);MAML2(+0.000);FOXP1(+0.000);SERINC5(+0.000);FHIT(+0.000);PRKCA(+0.000);PDE3B(+0.000)
ACSL1,False,0.04715695360628032,0.0,0.0011993514,2.5094441e-05,LEF1(-0.000);MAML2(-0.000);BACH2(-0.000);FOXP1(-0.000);SERINC5(-0.000);FHIT(-0.000);PRKCA(-0.000);PDE3B(-0.000),S100A4(+0.000);CCL5(+0.000);PLCB1(+0.000);ACTG1(+0.000);ACTB(+0.000);PFN1(+0.000);MYO1F(+0.000);A2M(+0.000)
UBQLN1,False,0.21190644932671862,5.539663e-06,0.001197492,6.6384935e-05,AOAH(-0.000);JAZF1(-0.000);RAP1GAP2(-0.000);GNLY(-0.000);MCTP2(-0.000);CCL5(-0.000);CTSW(-0.000);TGFBR3(-0.000),CAMK4(+0.000);IL7R(+0.000);LEF1(+0.000);LTB(+0.000);RPL11(+0.000);BCL11B(+0.000);IL32(+0.000);SERINC5(+0.000)
FUBP1,False,0.3110178269639644,3.0453836e-07,0.0011960074,-3.328424e-05,CCL5(-0.000);CTSW(-0.000);GNLY(-0.000);TGFBR3(-0.000);AOAH(-0.000);MCTP2(-0.000);PPP2R2B(-0.000);TYROBP(-0.000),LEF1(+0.000);CAMK4(+0.000);SERINC5(+0.000);MAML2(+0.000);PDE3B(+0.000);FOXP1(+0.000);BACH2(+0.000);FHIT(+0.000)
FKTN,False,0.11137763724581583,5.9183395e-07,0.0011953665,-8.132614e-05,AOAH(-0.000);RAP1GAP2(-0.000);SYNE1(-0.000);JAZF1(-0.000);SAMD3(-0.000);PLCB1(-0.000);MYO1F(-0.000);NCALD(-0.000),LEF1(+0.000);CAMK4(+0.000);MAML2(+0.000);FOXP1(+0.000);SERINC5(+0.000);BACH2(+0.000);PDE3B(+0.000);FHIT(+0.000)
SLC12A2,False,0.12746006651038544,-3.4067418e-06,0.0011927708,-1.0286279e-05,IL32(-0.000);PHACTR2(-0.000);S100A4(-0.000);PLCB1(-0.000);A2M(-0.000);CCL5(-0.000);KLRG1(-0.000);PFN1(-0.000),LEF1(+0.000);BACH2(+0.000);MAML2(+0.000);FOXP1(+0.000);FHIT(+0.000);SERINC5(+0.000);PRKCA(+0.000);PDE3B(+0.000)
CEP78,False,0.07141688927656328,7.038464e-06,0.0011927669,4.028186e-05,LEF1(-0.000);BACH2(-0.000);MAML2(-0.000);FOXP1(-0.000);SERINC5(-0.000);FHIT(-0.000);PRKCA(-0.000);PDE3B(-0.000),PLCB1(+0.000);S100A4(+0.000);A2M(+0.000);MYO1F(+0.000);ACTB(+0.000);ACTG1(+0.000);PFN1(+0.000);PHACTR2(+0.000)
ILRUN,False,0.1412527939813553,6.804646e-06,0.0011917053,9.159153e-05,LEF1(-0.000);MAML2(-0.000);FOXP1(-0.000);CAMK4(-0.000);BACH2(-0.000);SERINC5(-0.000);PDE3B(-0.000);PRKCA(-0.000),AOAH(+0.000);RAP1GAP2(+0.000);MYO1F(+0.000);PLCB1(+0.000);SYNE1(+0.000);SAMD3(+0.000);ACTB(+0.000);JAZF1(+0.000)
ZFHX3,False,0.048083737665594505,0.0,0.0011916888,3.7651476e-05,LEF1(-0.000);BACH2(-0.000);FOXP1(-0.000);MAML2(-0.000);FHIT(-0.000);KCNQ5(-0.000);TXK(-0.000);PRKCA(-0.000),IL32(+0.000);PHACTR2(+0.000);A2M(+0.000);S100A4(+0.000);PLCB1(+0.000);IL7R(+0.000);KLRG1(+0.000);LTB(+0.000)
MGRN1,False,0.1680750149920951,-1.1751182e-05,0.0011916287,7.093956e-05,AOAH(-0.000);JAZF1(-0.000);MCTP2(-0.000);GNLY(-0.000);CD247(-0.000);RAP1GAP2(-0.000);VAV3(-0.000);KCNQ5(-0.000),IL32(+0.000);IL7R(+0.000);LTB(+0.000);PHACTR2(+0.000);RPL11(+0.000);RPS18(+0.000);RPL28(+0.000);RPS2(+0.000)
ZNF30,False,0.01886278144251213,0.0,0.0011900412,1.4533771e-05,AOAH(-0.000);TGFBR3(-0.000);MCTP2(-0.000);CCL5(-0.000);CTSW(-0.000);RAP1GAP2(-0.000);MYO1F(-0.000);PLCB1(-0.000),LEF1(+0.000);CAMK4(+0.000);MAML2(+0.000);SERINC5(+0.000);FOXP1(+0.000);BACH2(+0.000);PDE3B(+0.000);BCL11B(+0.000)
ATE1,False,0.23469443384397323,-7.354117e-06,0.0011886279,-0.000102591315,ACTB(-0.000);IL32(-0.000);RPL11(-0.000);ACTG1(-0.000);S100A4(-0.000);TMSB4X(-0.000);EEF1A1(-0.000);RPL41(-0.000),GNLY(+0.000);AOAH(+0.000);MCTP2(+0.000);CTSW(+0.000);TGFBR3(+0.000);JAZF1(+0.000);CCL5(+0.000);UTRN(+0.000)
TCAIM,False,0.07141688927656326,0.0,0.001187683,-1.5019365e-05,LEF1(-0.000);MAML2(-0.000);BACH2(-0.000);FOXP1(-0.000);SERINC5(-0.000);CAMK4(-0.000);PDE3B(-0.000);PRKCA(-0.000),CCL5(+0.000);PLCB1(+0.000);AOAH(+0.000);MYO1F(+0.000);PFN1(+0.000);ACTG1(+0.000);RAP1GAP2(+0.000);ACTB(+0.000)
ZC3H12B,False,0.07894019516981955,0.0,0.0011872372,3.6764628e-05,GNLY(-0.000);AOAH(-0.000);MCTP2(-0.000);RAP1GAP2(-0.000);JAZF1(-0.000);CTSW(-0.000);TGFBR3(-0.000);SAMD3(-0.000),LEF1(+0.000);CAMK4(+0.000);IL7R(+0.000);LTB(+0.000);BCL11B(+0.000);SERINC5(+0.000);MAML2(+0.000);PDE3B(+0.000)
MORC3,False,0.2110886986861473,-5.021966e-06,0.0011857691,2.3097142e-05,LEF1(-0.000);BACH2(-0.000);FOXP1(-0.000);MAML2(-0.000);SERINC5(-0.000);FHIT(-0.000);PDE3B(-0.000);PRKCA(-0.000),PLCB1(+0.000);AOAH(+0.000);A2M(+0.000);MYO1F(+0.000);CCL5(+0.000);RAP1GAP2(+0.000);PARP8(+0.000);PZP(+0.000)
STRN,False,0.15226516927438258,-1.3099288e-05,0.0011830189,-7.4515815e-06,S100A4(-0.000);PFN1(-0.000);ACTB(-0.000);ACTG1(-0.000);IL32(-0.000);PLCB1(-0.000);TMSB4X(-0.000);CORO1A(-0.000),LEF1(+0.000);MAML2(+0.000);BACH2(+0.000);FOXP1(+0.000);SERINC5(+0.000);PRKCA(+0.000);FHIT(+0.000);PDE3B(+0.000)
AGPAT5,False,0.09524069127187482,3.0045017e-06,0.0011829291,2.8509814e-05,PLCB1(-0.000);CCL5(-0.000);AOAH(-0.000);A2M(-0.000);MYO1F(-0.000);PARP8(-0.000);PHACTR2(-0.000);PZP(-0.000),LEF1(+0.000);BACH2(+0.000);MAML2(+0.000);FOXP1(+0.000);SERINC5(+0.000);FHIT(+0.000);PRKCA(+0.000);PDE3B(+0.000)
NBDY,False,0.3081829580766505,4.984818e-06,0.0011802121,4.9097558e-05,IL32(-0.000);IL7R(-0.000);PHACTR2(-0.000);LTB(-0.000);RPL11(-0.000);S100A4(-0.000);RPL28(-0.000);RPL30(-0.000),GNLY(+0.000);CTSW(+0.000);MCTP2(+0.000);CCL5(+0.000);AOAH(+0.000);TGFBR3(+0.000);CD247(+0.000);TYROBP(+0.000)
MAP4K3,False,0.11459412309872977,-4.090166e-06,0.0011787139,-7.8494006e-05,LEF1(-0.000);BACH2(-0.000);MAML2(-0.000);FOXP1(-0.000);SERINC5(-0.000);FHIT(-0.000);PRKCA(-0.000);PDE3B(-0.000),GNLY(+0.000);PLCB1(+0.000);CCL5(+0.000);A2M(+0.000);AOAH(+0.000);MYO1F(+0.000);PRF1(+0.000);CTSW(+0.000)
AC026202.2,False,0.04252303330970942,-9.3762526e-07,0.0011781458,4.941858e-06,PLCB1(-0.000);AOAH(-0.000);A2M(-0.000);MYO1F(-0.000);CCL5(-0.000);RAP1GAP2(-0.000);GNLY(-0.000);PZP(-0.000),LEF1(+0.000);BACH2(+0.000);MAML2(+0.000);FOXP1(+0.000);SERINC5(+0.000);FHIT(+0.000);PRKCA(+0.000);PDE3B(+0.000)
NUF2,False,0.03941558087553835,0.0,0.0011767717,-1.9075067e-05,S100A4(-0.000);ACTG1(-0.000);ACTB(-0.000);PFN1(-0.000);MYO1F(-0.000);A2M(-0.000);IL32(-0.000);TMSB4X(-0.000),LEF1(+0.000);MAML2(+0.000);BACH2(+0.000);FOXP1(+0.000);SERINC5(+0.000);FHIT(+0.000);PRKCA(+0.000);PDE3B(+0.000)
RHOT1,False,0.21534100201711825,1.7270058e-06,0.0011761974,7.989325e-05,PLCB1(-0.000);PHACTR2(-0.000);PFN1(-0.000);IL32(-0.000);S100A4(-0.000);A2M(-0.000);GZMK(-0.000);MYO1F(-0.000),LEF1(+0.000);BACH2(+0.000);MAML2(+0.000);FOXP1(+0.000);SERINC5(+0.000);FHIT(+0.000);PRKCA(+0.000);PDE3B(+0.000)
CCDC134,False,0.08537316687564739,0.0,0.0011755592,1.7019029e-05,GNLY(-0.000);AOAH(-0.000);MCTP2(-0.000);JAZF1(-0.000);CD247(-0.000);RAP1GAP2(-0.000);TGFBR3(-0.000);VAV3(-0.000),IL7R(+0.000);IL32(+0.000);LTB(+0.000);CAMK4(+0.000);PHACTR2(+0.000);RPL11(+0.000);RPS18(+0.000);RPL30(+0.000)
CEP290,False,0.1968598375402061,-3.5966693e-06,0.0011737992,-0.00017480407,CCL5(-0.000);AOAH(-0.000);PLCB1(-0.000);GNLY(-0.000);A2M(-0.000);SYNE2(-0.000);MYO1F(-0.000);SYNE1(-0.000),LEF1(+0.000);FOXP1(+0.000);BACH2(+0.000);SERINC5(+0.000);MAML2(+0.000);FHIT(+0.000);PDE3B(+0.000);CAMK4(+0.000)
GFPT1,False,0.0558796271057079,0.0,0.0011735313,1.6189859e-05,CCL5(-0.000);GNLY(-0.000);PLCB1(-0.000);AOAH(-0.000);MYO1F(-0.000);A2M(-0.000);S100A4(-0.000);RAP1GAP2(-0.000),LEF1(+0.000);MAML2(+0.000);BACH2(+0.000);FOXP1(+0.000);SERINC5(+0.000);FHIT(+0.000);PRKCA(+0.000);PDE3B(+0.000)
TPM3,False,0.2690399607479692,-1.594212e-05,0.0011717798,-7.969674e-05,IL32(-0.000);S100A4(-0.000);A2M(-0.000);CCL5(-0.000);PHACTR2(-0.000);PLCB1(-0.000);KLRG1(-0.000);HLA-B(-0.000),LEF1(+0.000);BACH2(+0.000);FOXP1(+0.000);MAML2(+0.000);FHIT(+0.000);PRKCA(+0.000);SERINC5(+0.000);KCNQ5(+0.000)
EIF3E,False,0.2560104672081993,2.7163283e-06,0.0011707989,2.978921e-05,AOAH(-0.000);PFN1(-0.000);RAP1GAP2(-0.000);MYO1F(-0.000);PLCB1(-0.000);ACTG1(-0.000);ACTB(-0.000);SAMD3(-0.000),LEF1(+0.000);MAML2(+0.000);BACH2(+0.000);FOXP1(+0.000);CAMK4(+0.000);SERINC5(+0.000);PDE3B(+0.000);INPP4B(+0.000)
CCL5,False,0.08793545221610423,-0.00012651212,0.0011701402,-2.4214742e-05,S100A4(-0.000);IL32(-0.000);A2M(-0.000);PLCB1(-0.000);PHACTR2(-0.000);KLRG1(-0.000);HLA-B(-0.000);GZMK(-0.000),LEF1(+0.000);BACH2(+0.000);MAML2(+0.000);FOXP1(+0.000);FHIT(+0.000);SERINC5(+0.000);PRKCA(+0.000);PDE3B(+0.000)
PCSK5,False,0.2786349015973396,-3.7350717e-05,0.001168925,-8.920543e-05,LEF1(-0.000);BACH2(-0.000);MAML2(-0.000);FOXP1(-0.000);SERINC5(-0.000);FHIT(-0.000);PRKCA(-0.000);PDE3B(-0.000),PLCB1(+0.000);CCL5(+0.000);A2M(+0.000);S100A4(+0.000);PHACTR2(+0.000);PFN1(+0.000);IL32(+0.000);MYO1F(+0.000)
PPME1,False,0.05555252684947937,0.0,0.0011683409,4.5676978e-05,LEF1(-0.000);CAMK4(-0.000);BACH2(-0.000);MAML2(-0.000);SERINC5(-0.000);FOXP1(-0.000);PDE3B(-0.000);FHIT(-0.000),AOAH(+0.000);CCL5(+0.000);PLCB1(+0.000);RAP1GAP2(+0.000);MYO1F(+0.000);A2M(+0.000);SYNE1(+0.000);SAMD3(+0.000)
NABP1,False,0.19260753420923513,1.2870719e-06,0.0011671279,-3.542962e-05,CCL5(-0.000);GNLY(-0.000);A2M(-0.000);PLCB1(-0.000);S100A4(-0.000);IL32(-0.000);KLRG1(-0.000);PHACTR2(-0.000),LEF1(+0.000);BACH2(+0.000);MAML2(+0.000);FOXP1(+0.000);FHIT(+0.000);SERINC5(+0.000);PRKCA(+0.000);PDE3B(+0.000)
PI4KA,False,0.28021588616911086,-2.2862616e-05,0.0011647484,-3.7773705e-05,MAML2(-0.000);BACH2(-0.000);ZBTB20(-0.000);LEF1(-0.000);FOXP1(-0.000);TXK(-0.000);PACS1(-0.000);PITPNC1(-0.000),PFN1(+0.000);IL32(+0.000);S100A4(+0.000);ACTB(+0.000);GAPDH(+0.000);ACTG1(+0.000);PHACTR2(+0.000);TMSB10(+0.000)
GOLPH3,False,0.18868233113449276,-1.4366985e-05,0.0011639084,-2.6603111e-05,AOAH(-0.000);RAP1GAP2(-0.000);MCTP2(-0.000);ACTG1(-0.000);CCL5(-0.000);MYO1F(-0.000);TGFBR3(-0.000);SAMD3(-0.000),LEF1(+0.000);MAML2(+0.000);CAMK4(+0.000);FOXP1(+0.000);BACH2(+0.000);SERINC5(+0.000);BCL2(+0.000);PDE3B(+0.000)
EPN2,False,0.05260862454342256,0.0,0.0011613384,-3.9809984e-05,IL32(-0.000);IL7R(-0.000);LTB(-0.000);RPL11(-0.000);CAMK4(-0.000);RPS18(-0.000);RPS2(-0.000);PHACTR2(-0.000),AOAH(+0.000);GNLY(+0.000);JAZF1(+0.000);MCTP2(+0.000);RAP1GAP2(+0.000);CD247(+0.000);SAMD3(+0.000);VAV3(+0.000)
PIK3CA,False,0.3686419887695581,-1.811219e-05,0.0011594621,-0.00021439408,IL7R(-0.000);LEF1(-0.000);ARHGAP15(-0.000);MAML2(-0.000);CAMK4(-0.000);BCL11B(-0.000);BCL2(-0.000);LTB(-0.000),PFN1(+0.000);GNLY(+0.000);AOAH(+0.000);RAP1GAP2(+0.000);CTSW(+0.000);MYO1F(+0.000);GAPDH(+0.000);DNAJC1(+0.000)
NMT2,False,0.1809954751131222,-2.1303e-06,0.0011583228,1.8388168e-05,AOAH(-0.000);MCTP2(-0.000);CTSW(-0.000);GNLY(-0.000);CCL5(-0.000);TGFBR3(-0.000);JAZF1(-0.000);CD247(-0.000),IL32(+0.000);RPL11(+0.000);S100A4(+0.000);ACTB(+0.000);PFN1(+0.000);LTB(+0.000);RPS2(+0.000);TMSB10(+0.000)
NUDT2,False,0.07577822602627707,0.0,0.0011561292,1.8907194e-05,LEF1(-0.000);MAML2(-0.000);CAMK4(-0.000);FOXP1(-0.000);BACH2(-0.000);SERINC5(-0.000);PDE3B(-0.000);INPP4B(-0.000),AOAH(+0.000);RAP1GAP2(+0.000);MYO1F(+0.000);CCL5(+0.000);SAMD3(+0.000);ACTG1(+0.000);JAZF1(+0.000);SYNE1(+0.000)
CD244,False,0.038107179850624215,-7.5974676e-06,0.0011541387,3.8651397e-05,S100A4(-0.000);PFN1(-0.000);PLCB1(-0.000);IL32(-0.000);A2M(-0.000);PHACTR2(-0.000);ACTG1(-0.000);ACTB(-0.000),LEF1(+0.000);BACH2(+0.000);MAML2(+0.000);FOXP1(+0.000);SERINC5(+0.000);FHIT(+0.000);PRKCA(+0.000);PDE3B(+0.000)
GALNT2,False,0.07703211034181977,-3.797382e-06,0.0011523338,2.1773161e-05,IL32(-0.000);S100A4(-0.000);PHACTR2(-0.000);PFN1(-0.000);LTB(-0.000);RPL28(-0.000);S100A6(-0.000);RPL11(-0.000),BACH2(+0.000);LEF1(+0.000);MAML2(+0.000);TXK(+0.000);ZBTB20(+0.000);KCNQ5(+0.000);FOXP1(+0.000);CD247(+0.000)
CDK8,False,0.11737447527667229,-7.91904e-06,0.0011514726,-1.9992756e-06,BACH2(-0.000);LEF1(-0.000);MAML2(-0.000);TXK(-0.000);FOXP1(-0.000);ZBTB20(-0.000);KCNQ5(-0.000);MCTP2(-0.000),IL32(+0.000);PHACTR2(+0.000);S100A4(+0.000);PFN1(+0.000);RPL11(+0.000);RPL28(+0.000);LTB(+0.000);ACTB(+0.000)
TMA7,False,0.28833887586545276,2.1414576e-06,0.0011511219,-7.384168e-05,LEF1(-0.000);BACH2(-0.000);MAML2(-0.000);FOXP1(-0.000);SERINC5(-0.000);FHIT(-0.000);PRKCA(-0.000);PDE3B(-0.000),PLCB1(+0.000);AOAH(+0.000);A2M(+0.000);CCL5(+0.000);MYO1F(+0.000);PHACTR2(+0.000);PARP8(+0.000);PZP(+0.000)
ALG14,False,0.028239655454396773,0.0,0.0011481283,1.6953984e-05,LEF1(-0.000);MAML2(-0.000);BACH2(-0.000);FOXP1(-0.000);SERINC5(-0.000);CAMK4(-0.000);PDE3B(-0.000);PRKCA(-0.000),CCL5(+0.000);PLCB1(+0.000);AOAH(+0.000);MYO1F(+0.000);ACTG1(+0.000);PFN1(+0.000);ACTB(+0.000);S100A4(+0.000)
WDPCP,False,0.37360300932235724,8.840273e-06,0.0011481006,6.13431e-07,ACTG1(-0.000);IL32(-0.000);ACTB(-0.000);TMSB10(-0.000);S100A4(-0.000);PFN1(-0.000);ARHGDIB(-0.000);LGALS1(-0.000),GNLY(+0.000);AOAH(+0.000);CTSW(+0.000);CCL5(+0.000);MCTP2(+0.000);TGFBR3(+0.000);PPP2R2B(+0.000);PLCB1(+0.000)
CHCHD6,False,0.0785585782042196,0.0,0.0011480744,-7.92104e-06,BACH2(-0.000);TXK(-0.000);ZBTB20(-0.000);KCNQ5(-0.000);AOAH(-0.000);CD247(-0.000);MAML2(-0.000);SFMBT2(-0.000),IL32(+0.000);S100A4(+0.000);PHACTR2(+0.000);PFN1(+0.000);RPL11(+0.000);LTB(+0.000);GZMK(+0.000);RPL28(+0.000)
OAS3,False,0.09142452161587528,0.0,0.001147923,7.3971355e-06,LEF1(-0.000);BACH2(-0.000);MAML2(-0.000);FOXP1(-0.000);SERINC5(-0.000);FHIT(-0.000);PRKCA(-0.000);PDE3B(-0.000),S100A4(+0.000);IL32(+0.000);PFN1(+0.000);PLCB1(+0.000);PHACTR2(+0.000);A2M(+0.000);ACTB(+0.000);ACTG1(+0.000)
PDE6D,False,0.06558360137382109,0.0,0.0011474609,-6.5182294e-06,AOAH(-0.000);RAP1GAP2(-0.000);GNLY(-0.000);MYO1F(-0.000);PLCB1(-0.000);JAZF1(-0.000);SAMD3(-0.000);SYNE1(-0.000),LEF1(+0.000);MAML2(+0.000);CAMK4(+0.000);FOXP1(+0.000);BACH2(+0.000);SERINC5(+0.000);PDE3B(+0.000);INPP4B(+0.000)
CYFIP2,False,0.5376437878209671,-2.0702902e-05,0.0011454287,-0.00012695682,AOAH(-0.000);CD247(-0.000);SYNE1(-0.000);JAZF1(-0.000);MCTP2(-0.000);RAP1GAP2(-0.000);SAMD3(-0.000);UTRN(-0.000),IL32(+0.000);TRAC(+0.000);CAMK4(+0.000);RPLP0(+0.000);LTB(+0.000);PFN1(+0.000);CD3D(+0.000);RPL8(+0.000)
PLAA,False,0.09404132366570354,-2.8743716e-06,0.0011445966,3.0095545e-05,AOAH(-0.000);MCTP2(-0.000);RAP1GAP2(-0.000);ACTG1(-0.000);MYO1F(-0.000);TGFBR3(-0.000);JAZF1(-0.000);SAMD3(-0.000),LEF1(+0.000);MAML2(+0.000);CAMK4(+0.000);IL7R(+0.000);BCL2(+0.000);BACH2(+0.000);FOXP1(+0.000);SERINC5(+0.000)
RANBP9,False,0.24745134383688602,-7.928927e-06,0.0011442198,-3.6210884e-05,CCL5(-0.000);GNLY(-0.000);A2M(-0.000);PLCB1(-0.000);CTSW(-0.000);TGFBR3(-0.000);S100A4(-0.000);KLRG1(-0.000),LEF1(+0.000);BACH2(+0.000);FOXP1(+0.000);MAML2(+0.000);FHIT(+0.000);SERINC5(+0.000);PRKCA(+0.000);SELL(+0.000)
RNF168,False,0.15122935179632557,-1.7508051e-05,0.0011439478,9.66948e-05,AOAH(-0.000);GNLY(-0.000);MCTP2(-0.000);JAZF1(-0.000);TGFBR3(-0.000);UTRN(-0.000);RAP1GAP2(-0.000);CD247(-0.000),IL32(+0.000);RPL11(+0.000);LTB(+0.000);RPS2(+0.000);S100A4(+0.000);EEF1A1(+0.000);RPS18(+0.000);RPL41(+0.000)
PPM1L,False,0.05070053971542278,-8.529804e-12,0.001141196,-8.77412e-06,AOAH(-0.000);ACTG1(-0.000);PFN1(-0.000);ACTB(-0.000);MYO1F(-0.000);RAP1GAP2(-0.000);PLCB1(-0.000);S100A4(-0.000),LEF1(+0.000);MAML2(+0.000);FOXP1(+0.000);BACH2(+0.000);CAMK4(+0.000);SERINC5(+0.000);PDE3B(+0.000);PRKCA(+0.000)
NCOA2,False,0.4241945156190373,3.717209e-06,0.0011410707,-2.342475e-05,IL7R(-0.000);IL32(-0.000);PHACTR2(-0.000);LTB(-0.000);GZMK(-0.000);RPL11(-0.000);RPS18(-0.000);A2M(-0.000),CD247(+0.000);JAZF1(+0.000);TFDP2(+0.000);KCNQ5(+0.000);SMC4(+0.000);MAPRE2(+0.000);VAV3(+0.000);PLCG2(+0.000)
SAFB,False,0.23523960093768742,-4.8159304e-06,0.0011409307,0.00013834046,LEF1(-0.000);BACH2(-0.000);FOXP1(-0.000);FHIT(-0.000);MAML2(-0.000);PRKCA(-0.000);SERINC5(-0.000);SELL(-0.000),CCL5(+0.000);PHACTR2(+0.000);IL32(+0.000);PLCB1(+0.000);A2M(+0.000);IL7R(+0.000);GNLY(+0.000);B2M(+0.000)
ATP6V0E1,False,0.1831761434879791,-1.6020393e-06,0.0011394288,-1.2059448e-05,AOAH(-0.000);JAZF1(-0.000);RAP1GAP2(-0.000);MCTP2(-0.000);CD247(-0.000);SAMD3(-0.000);GNLY(-0.000);SYNE1(-0.000),IL7R(+0.000);CAMK4(+0.000);LTB(+0.000);BCL2(+0.000);LEF1(+0.000);BCL11B(+0.000);IL32(+0.000);TRAC(+0.000)
WAC,False,0.4337894564684075,-2.023405e-05,0.0011385161,-0.0001947995,LEF1(-0.000);BACH2(-0.000);SERINC5(-0.000);MAML2(-0.000);FHIT(-0.000);FOXP1(-0.000);PDE3B(-0.000);EEF1A1(-0.000),PLCB1(+0.000);AOAH(+0.000);A2M(+0.000);MYO1F(+0.000);PARP8(+0.000);HCST(+0.000);CCL5(+0.000);GNLY(+0.000)
ZBTB38,False,0.10865180177724473,9.727682e-06,0.0011382141,6.400552e-06,LEF1(-0.000);CAMK4(-0.000);MAML2(-0.000);SERINC5(-0.000);FOXP1(-0.000);BACH2(-0.000);PDE3B(-0.000);BCL11B(-0.000),AOAH(+0.000);RAP1GAP2(+0.000);CCL5(+0.000);JAZF1(+0.000);MYO1F(+0.000);SAMD3(+0.000);PLCB1(+0.000);SYNE1(+0.000)
SHQ1,False,0.12113612822330044,-1.2861854e-05,0.0011362735,-1.2613103e-05,LEF1(-0.000);BACH2(-0.000);MAML2(-0.000);FOXP1(-0.000);FHIT(-0.000);SERINC5(-0.000);PRKCA(-0.000);PDE3B(-0.000),PLCB1(+0.000);A2M(+0.000);PHACTR2(+0.000);CCL5(+0.000);S100A4(+0.000);IL32(+0.000);GZMK(+0.000);KLRG1(+0.000)
IFT74,False,0.0878809355067328,0.0,0.0011361628,6.0537353e-05,LEF1(-0.000);CAMK4(-0.000);SERINC5(-0.000);MAML2(-0.000);FOXP1(-0.000);PDE3B(-0.000);BACH2(-0.000);FHIT(-0.000),AOAH(+0.000);RAP1GAP2(+0.000);PLCB1(+0.000);CCL5(+0.000);SYNE1(+0.000);JAZF1(+0.000);SAMD3(+0.000);GNLY(+0.000)
MYO1G,False,0.15684457286158207,-2.734254e-05,0.0011360066,8.6457076e-05,GNLY(-0.000);MCTP2(-0.000);TGFBR3(-0.000);AOAH(-0.000);RAP1GAP2(-0.000);JAZF1(-0.000);ACTG1(-0.000);CTSW(-0.000),LEF1(+0.000);IL7R(+0.000);CAMK4(+0.000);MAML2(+0.000);BCL2(+0.000);LTB(+0.000);BCL11B(+0.000);SERINC5(+0.000)
TPST1,False,0.08706318486616148,0.0,0.0011354823,-4.9630657e-06,PLCB1(-0.000);CCL5(-0.000);S100A4(-0.000);PHACTR2(-0.000);IL32(-0.000);A2M(-0.000);PFN1(-0.000);MYO1F(-0.000),LEF1(+0.000);BACH2(+0.000);MAML2(+0.000);FOXP1(+0.000);SERINC5(+0.000);FHIT(+0.000);PRKCA(+0.000);PDE3B(+0.000)
ZNF782,False,0.08281088153519053,0.0,0.0011352653,-2.858524e-06,AOAH(-0.000);RAP1GAP2(-0.000);JAZF1(-0.000);CTSW(-0.000);MCTP2(-0.000);CCL5(-0.000);SAMD3(-0.000);TGFBR3(-0.000),CAMK4(+0.000);LEF1(+0.000);IL7R(+0.000);MAML2(+0.000);BCL2(+0.000);LTB(+0.000);BCL11B(+0.000);SERINC5(+0.000)
CALU,False,0.09769394319358883,0.0,0.0011350492,7.21352e-05,PFN1(-0.000);ACTG1(-0.000);S100A4(-0.000);ACTB(-0.000);MYO1F(-0.000);FLNA(-0.000);PLCB1(-0.000);CCL5(-0.000),LEF1(+0.000);MAML2(+0.000);BACH2(+0.000);FOXP1(+0.000);SERINC5(+0.000);PRKCA(+0.000);FHIT(+0.000);PDE3B(+0.000)
ARMH3,False,0.25693725126751354,-2.4102635e-06,0.0011323658,3.3766566e-05,GNLY(-0.000);AOAH(-0.000);MCTP2(-0.000);TGFBR3(-0.000);CTSW(-0.000);JAZF1(-0.000);RAP1GAP2(-0.000);CD247(-0.000),IL7R(+0.000);IL32(+0.000);LTB(+0.000);CAMK4(+0.000);RPL11(+0.000);RPL30(+0.000);RPL34(+0.000);BCL11B(+0.000)
TRMT2B,False,0.09240582238456085,0.0,0.0011309853,-3.0343852e-05,AOAH(-0.000);GNLY(-0.000);MCTP2(-0.000);CTSW(-0.000);TGFBR3(-0.000);CCL5(-0.000);JAZF1(-0.000);CD247(-0.000),CAMK4(+0.000);IL32(+0.000);LTB(+0.000);TRAC(+0.000);LEF1(+0.000);RPL11(+0.000);IL7R(+0.000);RPL30(+0.000)
CASC19,False,0.07141688927656327,0.0,0.0011301616,3.375193e-05,LEF1(-0.000);CAMK4(-0.000);LTB(-0.000);IL7R(-0.000);SERINC5(-0.000);PDE3B(-0.000);BCL11B(-0.000);MAML2(-0.000),AOAH(+0.000);MCTP2(+0.000);GNLY(+0.000);CCL5(+0.000);TGFBR3(+0.000);RAP1GAP2(+0.000);JAZF1(+0.000);SYNE1(+0.000)
TMEM267,False,0.12069999454832905,1.6171704e-06,0.0011289401,-2.009016e-05,AOAH(-0.000);RAP1GAP2(-0.000);MYO1F(-0.000);JAZF1(-0.000);CCL5(-0.000);SAMD3(-0.000);SYNE1(-0.000);ACTG1(-0.000),LEF1(+0.000);CAMK4(+0.000);MAML2(+0.000);FOXP1(+0.000);SERINC5(+0.000);BACH2(+0.000);PDE3B(+0.000);IL7R(+0.000)
AC127164.1,False,0.02725835468571117,0.0,0.0011271893,-9.156223e-06,AOAH(-0.000);CCL5(-0.000);PLCB1(-0.000);RAP1GAP2(-0.000);MYO1F(-0.000);JAZF1(-0.000);PPP2R2B(-0.000);SYNE1(-0.000),LEF1(+0.000);CAMK4(+0.000);MAML2(+0.000);SERINC5(+0.000);FOXP1(+0.000);BACH2(+0.000);PDE3B(+0.000);FHIT(+0.000)
DNAJC24,False,0.12358938014501444,0.0,0.0011240008,3.468589e-05,LEF1(-0.000);CAMK4(-0.000);SERINC5(-0.000);FOXP1(-0.000);PDE3B(-0.000);FHIT(-0.000);BACH2(-0.000);MAML2(-0.000),AOAH(+0.000);RAP1GAP2(+0.000);SYNE1(+0.000);A2M(+0.000);JAZF1(+0.000);PLCB1(+0.000);ARHGAP26(+0.000);SAMD3(+0.000)
DDX31,False,0.0827563648258191,-6.162484e-06,0.0011207937,9.961273e-05,LEF1(-0.000);MAML2(-0.000);CAMK4(-0.000);FOXP1(-0.000);BACH2(-0.000);SERINC5(-0.000);PDE3B(-0.000);PRKCA(-0.000),AOAH(+0.000);RAP1GAP2(+0.000);MYO1F(+0.000);SYNE1(+0.000);ACTB(+0.000);ACTG1(+0.000);PLCB1(+0.000);SAMD3(+0.000)
HDGFL3,False,0.024587035926511475,0.0,0.0011179101,-4.977774e-06,AOAH(-0.000);GNLY(-0.000);RAP1GAP2(-0.000);NKG7(-0.000);JAZF1(-0.000);MYO1F(-0.000);SAMD3(-0.000);SYNE1(-0.000),LEF1(+0.000);CAMK4(+0.000);MAML2(+0.000);SERINC5(+0.000);FOXP1(+0.000);BACH2(+0.000);PDE3B(+0.000);IL7R(+0.000)
MIS18BP1,False,0.11143215395518727,-1.3843648e-05,0.0011175042,2.2601218e-07,AOAH(-0.000);CCL5(-0.000);PLCB1(-0.000);RAP1GAP2(-0.000);JAZF1(-0.000);GNLY(-0.000);SAMD3(-0.000);SYNE1(-0.000),LEF1(+0.000);CAMK4(+0.000);SERINC5(+0.000);PDE3B(+0.000);MAML2(+0.000);BCL11B(+0.000);FOXP1(+0.000);IL7R(+0.000)
RUFY3,False,0.08155699721964783,4.669771e-07,0.001116569,2.6497102e-05,CAMK4(-0.000);LEF1(-0.000);IL7R(-0.000);LTB(-0.000);BCL11B(-0.000);SERINC5(-0.000);PDE3B(-0.000);MAML2(-0.000),AOAH(+0.000);JAZF1(+0.000);RAP1GAP2(+0.000);CCL5(+0.000);SAMD3(+0.000);SYNE1(+0.000);MCTP2(+0.000);CD247(+0.000)
FAM184B,False,0.05925966308673608,0.0,0.0011157958,9.495067e-06,CCL5(-0.000);S100A4(-0.000);PFN1(-0.000);ACTB(-0.000);ACTG1(-0.000);IL32(-0.000);PLCB1(-0.000);PHACTR2(-0.000),LEF1(+0.000);MAML2(+0.000);BACH2(+0.000);FOXP1(+0.000);SERINC5(+0.000);PRKCA(+0.000);FHIT(+0.000);PDE3B(+0.000)
ACVR1,False,0.12571553181049994,5.003692e-06,0.001115477,2.132901e-06,AOAH(-0.000);JAZF1(-0.000);GNLY(-0.000);CD247(-0.000);MCTP2(-0.000);RAP1GAP2(-0.000);TFDP2(-0.000);KCNQ5(-0.000),IL7R(+0.000);LTB(+0.000);IL32(+0.000);CAMK4(+0.000);PHACTR2(+0.000);BCL2(+0.000);GZMK(+0.000);RPL11(+0.000)
DCP1A,False,0.18617456250340728,2.6486348e-06,0.0011150207,-5.074e-05,ACTB(-0.000);ACTG1(-0.000);S100A4(-0.000);PFN1(-0.000);IL32(-0.000);TMSB4X(-0.000);CORO1A(-0.000);TMSB10(-0.000),MAML2(+0.000);LEF1(+0.000);BACH2(+0.000);FOXP1(+0.000);ZBTB20(+0.000);SERINC5(+0.000);PRKCA(+0.000);TXK(+0.000)
HIVEP2,False,0.6930709262388923,9.353223e-06,0.0011107881,-7.494225e-05,CD247(-0.000);AOAH(-0.000);JAZF1(-0.000);VAV3(-0.000);RAP1GAP2(-0.000);MAPRE2(-0.000);PRKCH(-0.000);SYNE1(-0.000),IL32(+0.000);PHACTR2(+0.000);GZMK(+0.000);LTB(+0.000);TRAC(+0.000);IL7R(+0.000);CAMK4(+0.000);S100A4(+0.000)
DRAP1,False,0.1161205909611296,-1.4289e-05,0.001110528,-2.9879526e-05,LEF1(-0.000);BACH2(-0.000);SERINC5(-0.000);FHIT(-0.000);FOXP1(-0.000);PDE3B(-0.000);MAML2(-0.000);PRKCA(-0.000),AOAH(+0.000);PLCB1(+0.000);CCL5(+0.000);A2M(+0.000);PARP8(+0.000);MYO1F(+0.000);ARHGAP26(+0.000);PPP2R2B(+0.000)
TOGARAM1,False,0.08079376328844791,2.3410425e-06,0.0011096878,1.5492633e-05,LEF1(-0.000);MAML2(-0.000);FOXP1(-0.000);CAMK4(-0.000);BACH2(-0.000);SERINC5(-0.000);PDE3B(-0.000);PRKCA(-0.000),AOAH(+0.000);CCL5(+0.000);RAP1GAP2(+0.000);PLCB1(+0.000);MYO1F(+0.000);SAMD3(+0.000);JAZF1(+0.000);ACTG1(+0.000)
COL6A2,False,0.05135474022787985,-6.92125e-06,0.0011090628,3.1839878e-05,IL7R(-0.000);LTB(-0.000);IL32(-0.000);PHACTR2(-0.000);GZMK(-0.000);CAMK4(-0.000);BCL2(-0.000);RPL11(-0.000),CD247(+0.000);JAZF1(+0.000);AOAH(+0.000);KCNQ5(+0.000);RAP1GAP2(+0.000);TFDP2(+0.000);MAPRE2(+0.000);VAV3(+0.000)
ECE1,False,0.22362754184157446,-4.318465e-06,0.001107225,6.967308e-06,BACH2(-0.000);KCNQ5(-0.000);TXK(-0.000);MAML2(-0.000);ZBTB20(-0.000);CD247(-0.000);LEF1(-0.000);FOXP1(-0.000),IL32(+0.000);S100A4(+0.000);PHACTR2(+0.000);LTB(+0.000);RPL11(+0.000);GZMK(+0.000);RPL28(+0.000);S100A6(+0.000)
TRIM62,False,0.03156517472605354,0.0,0.0011052786,-9.270077e-07,LEF1(-0.000);MAML2(-0.000);BACH2(-0.000);FOXP1(-0.000);SERINC5(-0.000);FHIT(-0.000);PRKCA(-0.000);PDE3B(-0.000),CCL5(+0.000);PLCB1(+0.000);AOAH(+0.000);MYO1F(+0.000);A2M(+0.000);CTSW(+0.000);PPP2R2B(+0.000);RAP1GAP2(+0.000)
CLYBL,False,0.25159461374911407,6.3024518e-06,0.0011042276,-2.9448533e-05,CCL5(-0.000);AOAH(-0.000);GNLY(-0.000);CTSW(-0.000);PPP2R2B(-0.000);PLCB1(-0.000);TGFBR3(-0.000);MCTP2(-0.000),LEF1(+0.000);CAMK4(+0.000);SERINC5(+0.000);PDE3B(+0.000);BCL11B(+0.000);FOXP1(+0.000);SELL(+0.000);FHIT(+0.000)
LIMK2,False,0.11459412309872975,0.0,0.0011025734,-3.3481694e-05,CCL5(-0.000);PLCB1(-0.000);AOAH(-0.000);A2M(-0.000);MYO1F(-0.000);GNLY(-0.000);PPP2R2B(-0.000);RAP1GAP2(-0.000),LEF1(+0.000);MAML2(+0.000);BACH2(+0.000);FOXP1(+0.000);SERINC5(+0.000);FHIT(+0.000);PDE3B(+0.000);PRKCA(+0.000)
CD2AP,False,0.18055934143815083,-6.410609e-06,0.001102308,-8.675223e-05,IL32(-0.000);PHACTR2(-0.000);IL7R(-0.000);LTB(-0.000);S100A4(-0.000);RPL11(-0.000);RPL28(-0.000);RPS18(-0.000),KCNQ5(+0.000);BACH2(+0.000);JAZF1(+0.000);MCTP2(+0.000);CD247(+0.000);AOAH(+0.000);TFDP2(+0.000);ATP10A(+0.000)
ERCC8,False,0.05320830834650821,0.0,0.0011009154,-1.0744953e-07,S100A4(-0.000);IL32(-0.000);PFN1(-0.000);PHACTR2(-0.000);PLCB1(-0.000);ACTB(-0.000);CCL5(-0.000);ACTG1(-0.000),LEF1(+0.000);BACH2(+0.000);MAML2(+0.000);FOXP1(+0.000);SERINC5(+0.000);FHIT(+0.000);PRKCA(+0.000);PDE3B(+0.000)
TENT4B,False,0.18312162677860766,1.7561688e-07,0.0011004857,-9.353159e-06,PHACTR2(-0.000);IL32(-0.000);S100A4(-0.000);PLCB1(-0.000);A2M(-0.000);PFN1(-0.000);GZMK(-0.000);CCL5(-0.000),LEF1(+0.000);BACH2(+0.000);MAML2(+0.000);FOXP1(+0.000);FHIT(+0.000);SERINC5(+0.000);PRKCA(+0.000);PDE3B(+0.000)
RANBP10,False,0.11781060895164368,-5.3615645e-06,0.001100459,-0.000104042396,LEF1(-0.000);CAMK4(-0.000);MAML2(-0.000);IL7R(-0.000);SERINC5(-0.000);BCL11B(-0.000);BACH2(-0.000);FOXP1(-0.000),AOAH(+0.000);RAP1GAP2(+0.000);MYO1F(+0.000);JAZF1(+0.000);PLCB1(+0.000);PFN1(+0.000);SAMD3(+0.000);DNAJC1(+0.000)
TAP1,False,0.1841574442566647,-1.4373378e-05,0.0010991126,6.3214065e-05,GAPDH(-0.000);SMC4(-0.000);ACTG1(-0.000);DNMT1(-0.000);IFI16(-0.000);PFN1(-0.000);PTMA(-0.000);ACTB(-0.000),IL7R(+0.000);LTB(+0.000);BCL2(+0.000);A2M(+0.000);PHACTR2(+0.000);PLCB1(+0.000);TC2N(+0.000);KLRG1(+0.000)
CREBRF,False,0.3326064438750477,-2.1139604e-05,0.0010972954,-0.0001439569,IL7R(-0.000);MAML2(-0.000);LEF1(-0.000);BCL2(-0.000);ARHGAP15(-0.000);CAMK4(-0.000);BCL11B(-0.000);BACH2(-0.000),PFN1(+0.000);GAPDH(+0.000);ACTG1(+0.000);MYL6(+0.000);ACTB(+0.000);TMSB10(+0.000);VIM(+0.000);FLNA(+0.000)
AHI1,False,0.11410347271438696,-2.1876109e-05,0.0010958391,3.143051e-05,AOAH(-0.000);JAZF1(-0.000);RAP1GAP2(-0.000);CD247(-0.000);SAMD3(-0.000);FNDC3B(-0.000);VAV3(-0.000);KCNQ5(-0.000),LTB(+0.000);IL32(+0.000);IL7R(+0.000);CAMK4(+0.000);RPL11(+0.000);RPL30(+0.000);RPL34(+0.000);RPS18(+0.000)
BTBD8,False,0.10810663468353049,0.0,0.0010954579,-5.23446e-05,IL7R(-0.000);LTB(-0.000);CAMK4(-0.000);BCL2(-0.000);IL32(-0.000);BCL11B(-0.000);RPL11(-0.000);RPL13(-0.000),AOAH(+0.000);JAZF1(+0.000);RAP1GAP2(+0.000);SAMD3(+0.000);VAV3(+0.000);CD247(+0.000);DNAJC1(+0.000);IFI16(+0.000)
XPO5,False,0.04846535463119446,0.0,0.0010951646,8.601686e-06,LEF1(-0.000);CAMK4(-0.000);MAML2(-0.000);FOXP1(-0.000);SERINC5(-0.000);BACH2(-0.000);PDE3B(-0.000);IL7R(-0.000),AOAH(+0.000);CCL5(+0.000);RAP1GAP2(+0.000);JAZF1(+0.000);MYO1F(+0.000);SAMD3(+0.000);SYNE1(+0.000);PPP2R2B(+0.000)
ADD1,False,0.2018208580930055,5.511659e-07,0.0010951224,4.5575372e-05,LEF1(-0.000);CAMK4(-0.000);SERINC5(-0.000);FOXP1(-0.000);PDE3B(-0.000);MAML2(-0.000);FHIT(-0.000);BACH2(-0.000),GNLY(+0.000);CCL5(+0.000);AOAH(+0.000);PLCB1(+0.000);CTSW(+0.000);PPP2R2B(+0.000);TGFBR3(+0.000);RAP1GAP2(+0.000)
ZCCHC14,False,0.12326227988878592,-3.554025e-06,0.001094227,1.5299544e-07,MAML2(-0.000);BACH2(-0.000);ZBTB20(-0.000);LEF1(-0.000);FOXP1(-0.000);TXK(-0.000);PITPNC1(-0.000);PRKCA(-0.000),PFN1(+0.000);ACTB(+0.000);IL32(+0.000);S100A4(+0.000);ACTG1(+0.000);GAPDH(+0.000);CORO1A(+0.000);TMSB10(+0.000)
LATS1,False,0.1378727580003271,-7.609954e-06,0.0010937008,1.6068105e-05,LEF1(-0.000);MAML2(-0.000);BACH2(-0.000);FOXP1(-0.000);SERINC5(-0.000);PRKCA(-0.000);FHIT(-0.000);PDE3B(-0.000),PLCB1(+0.000);CCL5(+0.000);PFN1(+0.000);PHACTR2(+0.000);A2M(+0.000);AOAH(+0.000);S100A4(+0.000);MYO1F(+0.000)
ARIH1,False,0.4972469061767433,-1.2999686e-05,0.0010924531,-6.814114e-05,ACTB(-0.000);ACTG1(-0.000);TMSB10(-0.000);ARHGDIB(-0.000);LGALS1(-0.000);TMSB4X(-0.000);CORO1A(-0.000);HNRNPA2B1(-0.000),GNLY(+0.000);CCL5(+0.000);CTSW(+0.000);PLCB1(+0.000);AOAH(+0.000);TGFBR3(+0.000);ZBTB16(+0.000);MCTP2(+0.000)
WIPF2,False,0.15122935179632557,-5.196827e-06,0.0010921506,4.8747566e-05,IL7R(-0.000);BCL2(-0.000);CAMK4(-0.000);MAML2(-0.000);LTB(-0.000);ANK3(-0.000);LEF1(-0.000);INPP4B(-0.000),ACTG1(+0.000);ACTB(+0.000);GAPDH(+0.000);PFN1(+0.000);SMC4(+0.000);CORO1A(+0.000);TMSB4X(+0.000);LGALS1(+0.000)
VPS54,False,0.16360464482363843,-6.26747e-06,0.0010915985,5.631204e-06,RAP1GAP2(-0.000);AOAH(-0.000);JAZF1(-0.000);CD247(-0.000);MCTP2(-0.000);SAMD3(-0.000);VAV3(-0.000);IFI16(-0.000),IL7R(+0.000);LTB(+0.000);CAMK4(+0.000);BCL2(+0.000);BCL11B(+0.000);IL32(+0.000);PHACTR2(+0.000);THEMIS(+0.000)
KDM3B,False,0.1775064057133512,-5.513909e-07,0.0010912259,5.1048915e-05,IL7R(-0.000);LTB(-0.000);PHACTR2(-0.000);BCL2(-0.000);CAMK4(-0.000);IL32(-0.000);GZMK(-0.000);THEMIS(-0.000),CD247(+0.000);SMC4(+0.000);JAZF1(+0.000);IFI16(+0.000);RAP1GAP2(+0.000);TOX(+0.000);TFDP2(+0.000);MAPRE2(+0.000)
FCRL3,False,0.044758218393937746,-1.4060278e-05,0.0010907438,7.689125e-06,CCL5(-0.000);PLCB1(-0.000);AOAH(-0.000);A2M(-0.000);MYO1F(-0.000);RAP1GAP2(-0.000);PPP2R2B(-0.000);PZP(-0.000),LEF1(+0.000);BACH2(+0.000);MAML2(+0.000);FOXP1(+0.000);SERINC5(+0.000);FHIT(+0.000);PDE3B(+0.000);PRKCA(+0.000)
CLNS1A,False,0.1896091151938069,-5.1555085e-06,0.0010899793,-0.000114069546,BACH2(-0.000);MAML2(-0.000);ZBTB20(-0.000);TXK(-0.000);LEF1(-0.000);FOXP1(-0.000);CD247(-0.000);KCNQ5(-0.000),IL32(+0.000);PFN1(+0.000);S100A4(+0.000);PHACTR2(+0.000);TMSB10(+0.000);S100A6(+0.000);ACTG1(+0.000);ACTB(+0.000)
QRSL1,False,0.048356321212451606,0.0,0.0010865742,2.6933727e-05,BACH2(-0.000);LEF1(-0.000);MAML2(-0.000);FOXP1(-0.000);TXK(-0.000);ZBTB20(-0.000);KCNQ5(-0.000);CD247(-0.000),IL32(+0.000);PHACTR2(+0.000);S100A4(+0.000);RPL11(+0.000);ACTB(+0.000);RPL28(+0.000);PFN1(+0.000);LTB(+0.000)
ABCC5,False,0.07010848825164913,0.0,0.0010854114,-1.41767505e-05,CCL5(-0.000);PLCB1(-0.000);S100A4(-0.000);IL32(-0.000);PHACTR2(-0.000);A2M(-0.000);PFN1(-0.000);ACTB(-0.000),LEF1(+0.000);BACH2(+0.000);MAML2(+0.000);FOXP1(+0.000);SERINC5(+0.000);FHIT(+0.000);PRKCA(+0.000);PDE3B(+0.000)
MARK4,False,0.12767813334787112,3.5558219e-06,0.0010840982,-5.119169e-06,LEF1(-0.000);BACH2(-0.000);MAML2(-0.000);FOXP1(-0.000);SERINC5(-0.000);FHIT(-0.000);PRKCA(-0.000);PDE3B(-0.000),PLCB1(+0.000);CCL5(+0.000);S100A4(+0.000);PHACTR2(+0.000);IL32(+0.000);A2M(+0.000);PFN1(+0.000);ACTB(+0.000)
MRRF,False,0.06263969906776427,0.0,0.0010824281,-4.25904e-05,AOAH(-0.000);CCL5(-0.000);PLCB1(-0.000);RAP1GAP2(-0.000);MYO1F(-0.000);CTSW(-0.000);SYNE1(-0.000);SAMD3(-0.000),LEF1(+0.000);MAML2(+0.000);CAMK4(+0.000);FOXP1(+0.000);BACH2(+0.000);SERINC5(+0.000);PDE3B(+0.000);FHIT(+0.000)
KCNAB2,False,0.3568663795453307,-2.0721485e-05,0.001082302,-0.0001207665,AOAH(-0.000);CD247(-0.000);JAZF1(-0.000);SYNE1(-0.000);RAP1GAP2(-0.000);VAV3(-0.000);MCTP2(-0.000);SAMD3(-0.000),IL32(+0.000);PHACTR2(+0.000);TRAC(+0.000);LTB(+0.000);PFN1(+0.000);CAMK4(+0.000);RPLP0(+0.000);GZMK(+0.000)
FARP2,False,0.06607425175816388,0.0,0.0010820918,-4.7990497e-06,LEF1(-0.000);MAML2(-0.000);CAMK4(-0.000);FOXP1(-0.000);BACH2(-0.000);SERINC5(-0.000);PDE3B(-0.000);BCL11B(-0.000),AOAH(+0.000);CCL5(+0.000);RAP1GAP2(+0.000);GNLY(+0.000);MYO1F(+0.000);PLCB1(+0.000);JAZF1(+0.000);SAMD3(+0.000)
Z93930.2,False,0.10647113340238784,-5.564917e-07,0.0010808872,7.144617e-05,CCL5(-0.000);PLCB1(-0.000);AOAH(-0.000);MYO1F(-0.000);PFN1(-0.000);GNLY(-0.000);A2M(-0.000);S100A4(-0.000),LEF1(+0.000);MAML2(+0.000);BACH2(+0.000);FOXP1(+0.000);SERINC5(+0.000);FHIT(+0.000);PDE3B(+0.000);PRKCA(+0.000)
FGFR1,False,0.040342364934852534,0.0,0.0010791579,6.632962e-06,LEF1(-0.000);MAML2(-0.000);BACH2(-0.000);FOXP1(-0.000);SERINC5(-0.000);FHIT(-0.000);PRKCA(-0.000);PDE3B(-0.000),CCL5(+0.000);PLCB1(+0.000);AOAH(+0.000);MYO1F(+0.000);A2M(+0.000);S100A4(+0.000);PFN1(+0.000);ACTG1(+0.000)
PLAC8,False,0.5004633920296571,1.6809297e-05,0.0010787916,-0.00024440375,B2M(-0.000);ACTB(-0.000);RPL11(-0.000);IL32(-0.000);S100A4(-0.000);RPS2(-0.000);HLA-B(-0.000);EEF1A1(-0.000),FOXP1(+0.000);AOAH(+0.000);MCTP2(+0.000);JUN(+0.000);MAML2(+0.000);BACH2(+0.000);JAZF1(+0.000);TGFBR3(+0.000)
RCL1,False,0.13754565774409858,-1.8086657e-06,0.0010766325,9.112465e-05,AOAH(-0.000);RAP1GAP2(-0.000);JAZF1(-0.000);SAMD3(-0.000);TYROBP(-0.000);VAV3(-0.000);IFI16(-0.000);DNAJC1(-0.000),IL7R(+0.000);CAMK4(+0.000);LTB(+0.000);BCL2(+0.000);BCL11B(+0.000);RPL13(+0.000);LEF1(+0.000);ARHGAP15(+0.000)
PLD3,False,0.1527558196587254,2.0016453e-06,0.0010755889,0.0001325844,LEF1(-0.000);BACH2(-0.000);FOXP1(-0.000);MAML2(-0.000);FHIT(-0.000);PRKCA(-0.000);SERINC5(-0.000);PDE3B(-0.000),IL32(+0.000);S100A4(+0.000);A2M(+0.000);PHACTR2(+0.000);B2M(+0.000);HLA-B(+0.000);ACTB(+0.000);PLCB1(+0.000)
STK38,False,0.6826582347489506,-3.9600083e-05,0.0010754004,-0.00028810743,CD247(-0.000);B2M(-0.000);ITGB2(-0.000);ACTB(-0.000);PRKCH(-0.000);PTPRC(-0.000);ACTG1(-0.000);RABGAP1L(-0.000),TRAC(+0.000);GZMK(+0.000);TRBC1(+0.000);GNLY(+0.000);PHACTR2(+0.000);BCL2(+0.000);CAMK4(+0.000);CD3D(+0.000)
LYRM4,False,0.10576241618055934,-6.382647e-06,0.0010747904,1.1419204e-05,LEF1(-0.000);MAML2(-0.000);CAMK4(-0.000);FOXP1(-0.000);BACH2(-0.000);SERINC5(-0.000);BCL2(-0.000);IL7R(-0.000),ACTG1(+0.000);RAP1GAP2(+0.000);AOAH(+0.000);ACTB(+0.000);MYO1F(+0.000);CCL5(+0.000);PFN1(+0.000);GNLY(+0.000)
GMDS,False,0.3525595595049883,-2.3778719e-05,0.0010727524,-5.079706e-06,CCL5(-0.000);GNLY(-0.000);AOAH(-0.000);PLCB1(-0.000);A2M(-0.000);CTSW(-0.000);PARP8(-0.000);PITPNC1(-0.000),ACTB(+0.000);ACTG1(+0.000);GAPDH(+0.000);TMSB10(+0.000);PFN1(+0.000);ARHGDIB(+0.000);CORO1A(+0.000);LGALS1(+0.000)
VEZT,False,0.2563375674644279,-9.472039e-06,0.0010722238,3.9987106e-05,IL32(-0.000);PHACTR2(-0.000);S100A4(-0.000);PFN1(-0.000);PLCB1(-0.000);ACTB(-0.000);RPL28(-0.000);S100A6(-0.000),BACH2(+0.000);LEF1(+0.000);MAML2(+0.000);FOXP1(+0.000);ZBTB20(+0.000);TXK(+0.000);FHIT(+0.000);CD247(+0.000)
RRP1B,False,0.2210652565011176,5.8759383e-07,0.0010710614,-9.137792e-07,IL32(-0.000);S100A4(-0.000);ACTG1(-0.000);ACTB(-0.000);PHACTR2(-0.000);PFN1(-0.000);TMSB4X(-0.000);S100A6(-0.000),BACH2(+0.000);TXK(+0.000);MAML2(+0.000);LEF1(+0.000);ZBTB20(+0.000);KCNQ5(+0.000);FOXP1(+0.000);WWOX(+0.000)
FAN1,False,0.09845717712478876,3.2437902e-06,0.001069331,-7.1925416e-07,AOAH(-0.000);CCL5(-0.000);PLCB1(-0.000);MYO1F(-0.000);RAP1GAP2(-0.000);A2M(-0.000);SYNE1(-0.000);SAMD3(-0.000),LEF1(+0.000);MAML2(+0.000);BACH2(+0.000);FOXP1(+0.000);CAMK4(+0.000);SERINC5(+0.000);PDE3B(+0.000);FHIT(+0.000)
SMYD4,False,0.060186447146050266,0.0,0.0010690171,1.8796694e-05,AOAH(-0.000);GNLY(-0.000);PLCB1(-0.000);RAP1GAP2(-0.000);CCL5(-0.000);MYO1F(-0.000);JAZF1(-0.000);SAMD3(-0.000),LEF1(+0.000);CAMK4(+0.000);MAML2(+0.000);BACH2(+0.000);SERINC5(+0.000);FOXP1(+0.000);PDE3B(+0.000);FHIT(+0.000)
AP4S1,False,0.10892438532410183,-3.1259765e-06,0.0010643494,-4.0138893e-05,AOAH(-0.000);CD247(-0.000);GNLY(-0.000);JAZF1(-0.000);KCNQ5(-0.000);MCTP2(-0.000);RAP1GAP2(-0.000);SFMBT2(-0.000),IL32(+0.000);LTB(+0.000);PHACTR2(+0.000);IL7R(+0.000);RPL11(+0.000);S100A4(+0.000);TRAC(+0.000);CAMK4(+0.000)
LMBR1,False,0.2999509349615658,1.49662965e-05,0.0010592808,9.3226697e-07,SMC4(-0.000);ACTG1(-0.000);GAPDH(-0.000);ACTB(-0.000);PTMA(-0.000);DNMT1(-0.000);IFI16(-0.000);TMPO(-0.000),IL7R(+0.000);LTB(+0.000);BCL2(+0.000);GZMK(+0.000);PHACTR2(+0.000);A2M(+0.000);CAMK4(+0.000);PLCB1(+0.000)
KMT2A,False,0.43526140762143595,5.1184215e-06,0.0010590594,-1.5274005e-05,GNLY(-0.000);ACTB(-0.000);PFN1(-0.000);ACTG1(-0.000);GAPDH(-0.000);CCL5(-0.000);PTMA(-0.000);CTSW(-0.000),MAML2(+0.000);IL7R(+0.000);LEF1(+0.000);CAMK4(+0.000);BCL2(+0.000);FOXP1(+0.000);BCL11B(+0.000);INPP4B(+0.000)
ARMC2,False,0.07376110777953443,0.0,0.0010579149,3.80812e-05,LEF1(-0.000);CAMK4(-0.000);MAML2(-0.000);FOXP1(-0.000);BACH2(-0.000);SERINC5(-0.000);PDE3B(-0.000);INPP4B(-0.000),AOAH(+0.000);CCL5(+0.000);RAP1GAP2(+0.000);MCTP2(+0.000);TGFBR3(+0.000);MYO1F(+0.000);JAZF1(+0.000);PLCB1(+0.000)
SUMO2,False,0.13754565774409858,-1.9329233e-05,0.0010575332,2.6771826e-05,LEF1(-0.000);BACH2(-0.000);FOXP1(-0.000);MAML2(-0.000);FHIT(-0.000);SERINC5(-0.000);PRKCA(-0.000);PDE3B(-0.000),PLCB1(+0.000);A2M(+0.000);CCL5(+0.000);PHACTR2(+0.000);PARP8(+0.000);S100A4(+0.000);KLRG1(+0.000);IL32(+0.000)
GNB5,False,0.17821512293517963,-1.35145465e-05,0.0010558993,-8.034925e-05,LEF1(-0.000);MAML2(-0.000);BACH2(-0.000);FOXP1(-0.000);SERINC5(-0.000);CAMK4(-0.000);PDE3B(-0.000);FHIT(-0.000),AOAH(+0.000);GNLY(+0.000);PLCB1(+0.000);MYO1F(+0.000);RAP1GAP2(+0.000);PFN1(+0.000);MCTP2(+0.000);TGFBR3(+0.000)
KIZ,False,0.14283377855312654,1.0845251e-06,0.0010550008,-7.848264e-05,IL32(-0.000);S100A4(-0.000);PHACTR2(-0.000);RPL11(-0.000);IL7R(-0.000);RPL28(-0.000);ACTB(-0.000);LTB(-0.000),GNLY(+0.000);AOAH(+0.000);KCNQ5(+0.000);TXK(+0.000);BACH2(+0.000);MCTP2(+0.000);JAZF1(+0.000);ZBTB20(+0.000)
LONRF3,False,0.029002889385596684,0.0,0.001049678,3.708559e-05,IL32(-0.000);PHACTR2(-0.000);GZMK(-0.000);LTB(-0.000);S100A4(-0.000);IL7R(-0.000);RPL11(-0.000);RPL28(-0.000),CD247(+0.000);KCNQ5(+0.000);TXK(+0.000);BACH2(+0.000);AOAH(+0.000);JAZF1(+0.000);SFMBT2(+0.000);MCTP2(+0.000)
LMBRD1,False,0.2893746933435098,-1.6113702e-06,0.0010494005,9.8388606e-05,MCTP2(-0.000);GNLY(-0.000);TGFBR3(-0.000);CTSW(-0.000);TYROBP(-0.000);AOAH(-0.000);BACH2(-0.000);FOXP1(-0.000),IL32(+0.000);PHACTR2(+0.000);S100A4(+0.000);ACTB(+0.000);RPL11(+0.000);RPS2(+0.000);RPL28(+0.000);RPS4X(+0.000)
CCDC88A,False,0.07038107179850624,0.0,0.0010488342,-1.3442545e-05,AOAH(-0.000);CD247(-0.000);JAZF1(-0.000);GNLY(-0.000);TXK(-0.000);KCNQ5(-0.000);SFMBT2(-0.000);ZBTB20(-0.000),IL32(+0.000);S100A4(+0.000);RPL11(+0.000);LTB(+0.000);PHACTR2(+0.000);RPL28(+0.000);PFN1(+0.000);RPS18(+0.000)
CEP112,False,0.018590197895655018,0.0,0.0010471988,-7.27524e-07,NKG7(-0.000);CCL5(-0.000);GNLY(-0.000);PLCB1(-0.000);MYO1F(-0.000);S100A4(-0.000);AOAH(-0.000);PFN1(-0.000),LEF1(+0.000);MAML2(+0.000);BACH2(+0.000);FOXP1(+0.000);SERINC5(+0.000);FHIT(+0.000);PRKCA(+0.000);PDE3B(+0.000)
TTLL11,False,0.06084064765850732,0.0,0.0010468969,-2.2471806e-05,AOAH(-0.000);JAZF1(-0.000);RAP1GAP2(-0.000);CD247(-0.000);SAMD3(-0.000);SYNE1(-0.000);VAV3(-0.000);UTRN(-0.000),CAMK4(+0.000);LTB(+0.000);IL7R(+0.000);LEF1(+0.000);IL32(+0.000);RPL11(+0.000);BCL11B(+0.000);TRAC(+0.000)
ZNF41,False,0.049555688818622906,0.0,0.0010450006,5.543146e-06,GNLY(-0.000);AOAH(-0.000);CCL5(-0.000);PLCB1(-0.000);TGFBR3(-0.000);MYO1F(-0.000);CTSW(-0.000);MCTP2(-0.000),LEF1(+0.000);MAML2(+0.000);BACH2(+0.000);FOXP1(+0.000);SERINC5(+0.000);CAMK4(+0.000);FHIT(+0.000);PDE3B(+0.000)
HELQ,False,0.10859728506787329,-2.9440008e-09,0.0010445495,-4.1401632e-05,AOAH(-0.000);RAP1GAP2(-0.000);JAZF1(-0.000);MYO1F(-0.000);SAMD3(-0.000);SYNE1(-0.000);MCTP2(-0.000);ACTG1(-0.000),LEF1(+0.000);CAMK4(+0.000);MAML2(+0.000);FOXP1(+0.000);SERINC5(+0.000);BACH2(+0.000);PDE3B(+0.000);BCL2(+0.000)
KLHDC1,False,0.13149430300387072,0.0,0.0010431884,1.7920733e-05,LEF1(-0.000);CAMK4(-0.000);SERINC5(-0.000);MAML2(-0.000);BACH2(-0.000);FOXP1(-0.000);PDE3B(-0.000);FHIT(-0.000),GNLY(+0.000);CCL5(+0.000);AOAH(+0.000);PLCB1(+0.000);CTSW(+0.000);TGFBR3(+0.000);MCTP2(+0.000);RAP1GAP2(+0.000)
NAA38,False,0.12773265005724255,-8.44018e-06,0.0010428744,-0.000102921505,CCL5(-0.000);AOAH(-0.000);RAP1GAP2(-0.000);GNLY(-0.000);ACTB(-0.000);JAZF1(-0.000);ACTG1(-0.000);SAMD3(-0.000),LEF1(+0.000);CAMK4(+0.000);MAML2(+0.000);FOXP1(+0.000);BCL2(+0.000);IL7R(+0.000);SERINC5(+0.000);BCL11B(+0.000)
SLC35G1,False,0.07070817205473479,0.0,0.0010426263,1.703687e-05,LEF1(-0.000);MAML2(-0.000);BACH2(-0.000);FOXP1(-0.000);SERINC5(-0.000);PRKCA(-0.000);FHIT(-0.000);PDE3B(-0.000),CCL5(+0.000);PFN1(+0.000);ACTB(+0.000);S100A4(+0.000);ACTG1(+0.000);PLCB1(+0.000);IL32(+0.000);MYO1F(+0.000)
FO393401.1,False,0.07425175816387723,-4.579283e-06,0.0010399881,-4.215104e-07,AOAH(-0.000);RAP1GAP2(-0.000);JAZF1(-0.000);CCL5(-0.000);SAMD3(-0.000);MYO1F(-0.000);SYNE1(-0.000);TGFBR3(-0.000),LEF1(+0.000);CAMK4(+0.000);MAML2(+0.000);IL7R(+0.000);SERINC5(+0.000);FOXP1(+0.000);BCL11B(+0.000);PDE3B(+0.000)
SMARCA5,False,0.16731178106089517,-1.9311906e-06,0.0010388929,8.840014e-06,LEF1(-0.000);CAMK4(-0.000);MAML2(-0.000);SERINC5(-0.000);IL7R(-0.000);FOXP1(-0.000);PDE3B(-0.000);BCL11B(-0.000),AOAH(+0.000);CCL5(+0.000);RAP1GAP2(+0.000);JAZF1(+0.000);CTSW(+0.000);MYO1F(+0.000);SAMD3(+0.000);PPP2R2B(+0.000)
AAGAB,False,0.06138581475222157,-5.5574774e-06,0.001038576,-1.3652765e-05,IL32(-0.000);IL7R(-0.000);LTB(-0.000);PHACTR2(-0.000);RPL11(-0.000);S100A4(-0.000);RPL28(-0.000);RPL30(-0.000),AOAH(+0.000);JAZF1(+0.000);KCNQ5(+0.000);CD247(+0.000);SFMBT2(+0.000);TFDP2(+0.000);TXK(+0.000);FNDC3B(+0.000)
PEX3,False,0.07975794581039089,0.0,0.0010381332,-4.0212844e-06,AOAH(-0.000);PLCB1(-0.000);CCL5(-0.000);A2M(-0.000);RAP1GAP2(-0.000);MYO1F(-0.000);SYNE1(-0.000);ARHGAP26(-0.000),LEF1(+0.000);BACH2(+0.000);SERINC5(+0.000);CAMK4(+0.000);FOXP1(+0.000);FHIT(+0.000);MAML2(+0.000);PDE3B(+0.000)
SLC9A3R1,False,0.10003816169656002,1.3711639e-05,0.0010370415,3.7876798e-05,CAMK4(-0.000);LTB(-0.000);IL7R(-0.000);LEF1(-0.000);IL32(-0.000);TRAC(-0.000);BCL11B(-0.000);BCL2(-0.000),AOAH(+0.000);JAZF1(+0.000);RAP1GAP2(+0.000);CD247(+0.000);SAMD3(+0.000);SYNE1(+0.000);CCL5(+0.000);MCTP2(+0.000)
GAS5,False,0.19184430027803523,-1.6281073e-06,0.0010366191,-3.719607e-06,LEF1(-0.000);BACH2(-0.000);MAML2(-0.000);FOXP1(-0.000);TXK(-0.000);FHIT(-0.000);KCNQ5(-0.000);ZBTB20(-0.000),IL32(+0.000);S100A4(+0.000);PHACTR2(+0.000);A2M(+0.000);GZMK(+0.000);PLCB1(+0.000);PFN1(+0.000);KLRG1(+0.000)
LPCAT4,False,0.027912555198168237,0.0,0.0010339736,7.240291e-06,LEF1(-0.000);MAML2(-0.000);BACH2(-0.000);FOXP1(-0.000);SERINC5(-0.000);FHIT(-0.000);PDE3B(-0.000);PRKCA(-0.000),CCL5(+0.000);PLCB1(+0.000);AOAH(+0.000);A2M(+0.000);MYO1F(+0.000);RAP1GAP2(+0.000);PPP2R2B(+0.000);NCALD(+0.000)
AC064834.1,False,0.03161969143542495,0.0,0.0010337263,3.6059575e-06,LEF1(-0.000);MAML2(-0.000);BACH2(-0.000);FOXP1(-0.000);SERINC5(-0.000);FHIT(-0.000);PRKCA(-0.000);PDE3B(-0.000),CCL5(+0.000);PLCB1(+0.000);GNLY(+0.000);S100A4(+0.000);MYO1F(+0.000);PFN1(+0.000);A2M(+0.000);ACTG1(+0.000)
ANXA4,False,0.059641280052336036,0.0,0.001033432,1.5892278e-05,IL32(-0.000);S100A4(-0.000);PLCB1(-0.000);PHACTR2(-0.000);CCL5(-0.000);PFN1(-0.000);A2M(-0.000);ACTB(-0.000),LEF1(+0.000);BACH2(+0.000);MAML2(+0.000);FOXP1(+0.000);SERINC5(+0.000);FHIT(+0.000);PRKCA(+0.000);PDE3B(+0.000)
GK5,False,0.0707626887641062,-8.405397e-06,0.0010326593,2.8781336e-05,A2M(-0.000);S100A4(-0.000);PLCB1(-0.000);IL32(-0.000);PFN1(-0.000);PHACTR2(-0.000);MYO1F(-0.000);CCL5(-0.000),LEF1(+0.000);BACH2(+0.000);MAML2(+0.000);FOXP1(+0.000);SERINC5(+0.000);FHIT(+0.000);PRKCA(+0.000);PDE3B(+0.000)
KIAA2026,False,0.41607152592269536,-2.4603443e-05,0.0010320033,-6.721528e-06,ACTG1(-0.000);S100A4(-0.000);IL32(-0.000);TMSB10(-0.000);ACTB(-0.000);TMSB4X(-0.000);LGALS1(-0.000);ARHGDIB(-0.000),AOAH(+0.000);TXK(+0.000);ZBTB20(+0.000);KCNQ5(+0.000);ZFAND3(+0.000);WWOX(+0.000);PITPNC1(+0.000);RAD51B(+0.000)
PTK2,False,0.07354304094204875,0.0,0.0010311683,2.696866e-05,GNLY(-0.000);AOAH(-0.000);MCTP2(-0.000);TGFBR3(-0.000);CCL5(-0.000);RAP1GAP2(-0.000);JAZF1(-0.000);CTSW(-0.000),CAMK4(+0.000);IL7R(+0.000);LEF1(+0.000);LTB(+0.000);BCL2(+0.000);MAML2(+0.000);BCL11B(+0.000);SERINC5(+0.000)
KDM7A,False,0.25186719729597123,-6.417112e-06,0.0010306134,-9.99112e-06,LEF1(-0.000);MAML2(-0.000);BACH2(-0.000);FOXP1(-0.000);SERINC5(-0.000);FHIT(-0.000);PRKCA(-0.000);PDE3B(-0.000),CCL5(+0.000);GNLY(+0.000);S100A4(+0.000);PFN1(+0.000);PLCB1(+0.000);ACTG1(+0.000);ACTB(+0.000);MYO1F(+0.000)
KYAT3,False,0.1107779534427302,1.0549037e-05,0.0010270241,5.1283164e-06,IL32(-0.000);IL7R(-0.000);PHACTR2(-0.000);LTB(-0.000);A2M(-0.000);S100A4(-0.000);KLRG1(-0.000);RPL30(-0.000),KCNQ5(+0.000);BACH2(+0.000);CD247(+0.000);WWOX(+0.000);SMC4(+0.000);TXK(+0.000);SCLT1(+0.000);TFDP2(+0.000)
PER3,False,0.07032655508913482,0.0,0.0010267382,1.7463057e-05,LEF1(-0.000);BACH2(-0.000);MAML2(-0.000);FOXP1(-0.000);SERINC5(-0.000);CAMK4(-0.000);FHIT(-0.000);PDE3B(-0.000),CCL5(+0.000);AOAH(+0.000);PLCB1(+0.000);A2M(+0.000);MYO1F(+0.000);RAP1GAP2(+0.000);PPP2R2B(+0.000);SYNE1(+0.000)
PLEKHA8,False,0.04192334950662378,0.0,0.0010258147,4.9401508e-05,LEF1(-0.000);MAML2(-0.000);BACH2(-0.000);FOXP1(-0.000);SERINC5(-0.000);CAMK4(-0.000);PDE3B(-0.000);FHIT(-0.000),CCL5(+0.000);GNLY(+0.000);PLCB1(+0.000);AOAH(+0.000);MYO1F(+0.000);RAP1GAP2(+0.000);S100A4(+0.000);ACTB(+0.000)
MAP2K5,False,0.3034400043613368,2.2360109e-07,0.0010234143,-3.5923294e-06,AOAH(-0.000);CCL5(-0.000);GNLY(-0.000);PLCB1(-0.000);CTSW(-0.000);A2M(-0.000);TGFBR3(-0.000);SYNE1(-0.000),LEF1(+0.000);GAPDH(+0.000);SELL(+0.000);CAMK4(+0.000);FHIT(+0.000);SERINC5(+0.000);PTMA(+0.000);TMSB10(+0.000)
CEP162,False,0.0956768249468462,0.0,0.0010189827,-2.293697e-05,LEF1(-0.000);BACH2(-0.000);MAML2(-0.000);FOXP1(-0.000);SERINC5(-0.000);FHIT(-0.000);PRKCA(-0.000);PDE3B(-0.000),PLCB1(+0.000);S100A4(+0.000);A2M(+0.000);PFN1(+0.000);IL32(+0.000);PHACTR2(+0.000);MYO1F(+0.000);ACTG1(+0.000)
FILIP1L,False,0.19636918715586324,-1.4770455e-05,0.0010175904,-1.6675636e-05,GNLY(-0.000);CCL5(-0.000);PLCB1(-0.000);AOAH(-0.000);PITPNC1(-0.000);PARP8(-0.000);CTSW(-0.000);A2M(-0.000),ACTG1(+0.000);ACTB(+0.000);TMSB10(+0.000);GAPDH(+0.000);PFN1(+0.000);ARHGDIB(+0.000);LGALS1(+0.000);CORO1A(+0.000)
LAPTM5,False,0.2485961947336859,-2.3029306e-05,0.0010138431,-2.3489416e-05,ACTB(-0.000);ACTG1(-0.000);GAPDH(-0.000);PFN1(-0.000);PTMA(-0.000);CORO1A(-0.000);SMC4(-0.000);GNLY(-0.000),IL7R(+0.000);BCL2(+0.000);MAML2(+0.000);CAMK4(+0.000);ANK3(+0.000);LTB(+0.000);INPP4B(+0.000);LEF1(+0.000)
ZEB2,False,0.0522270075778226,-0.00011528731,0.0010131713,2.0586669e-05,GNLY(-0.000);NKG7(-0.000);MCTP2(-0.000);AOAH(-0.000);TGFBR3(-0.000);RAP1GAP2(-0.000);PRF1(-0.000);CTSW(-0.000),LEF1(+0.000);CAMK4(+0.000);IL7R(+0.000);MAML2(+0.000);BCL2(+0.000);SERINC5(+0.000);BCL11B(+0.000);BACH2(+0.000)
PNPT1,False,0.12511584800741427,-3.807332e-06,0.0010119465,-3.311555e-05,LEF1(-0.000);MAML2(-0.000);BACH2(-0.000);FOXP1(-0.000);ZBTB20(-0.000);SERINC5(-0.000);PRKCA(-0.000);FHIT(-0.000),S100A4(+0.000);PFN1(+0.000);ACTG1(+0.000);IL32(+0.000);ACTB(+0.000);TMSB4X(+0.000);FLNA(+0.000);CORO1A(+0.000)
NFU1,False,0.03609006160388159,0.0,0.001011427,1.5743466e-05,LEF1(-0.000);MAML2(-0.000);FOXP1(-0.000);BACH2(-0.000);CAMK4(-0.000);SERINC5(-0.000);PDE3B(-0.000);FHIT(-0.000),AOAH(+0.000);PLCB1(+0.000);CCL5(+0.000);MYO1F(+0.000);RAP1GAP2(+0.000);SYNE1(+0.000);A2M(+0.000);SAMD3(+0.000)
SVIL,False,0.47347762089080314,-3.6180973e-05,0.0010114206,-3.989063e-05,MAML2(-0.000);LEF1(-0.000);IL7R(-0.000);BACH2(-0.000);BCL2(-0.000);FOXP1(-0.000);CAMK4(-0.000);INPP4B(-0.000),PFN1(+0.000);ACTG1(+0.000);ACTB(+0.000);S100A4(+0.000);GAPDH(+0.000);FLNA(+0.000);TMSB10(+0.000);MYL6(+0.000)
COX7C,False,0.43864144360246426,-1.8426475e-05,0.0010110461,-0.00010310694,LEF1(-0.000);BACH2(-0.000);MAML2(-0.000);SERINC5(-0.000);CAMK4(-0.000);FHIT(-0.000);PDE3B(-0.000);PRKCA(-0.000),AOAH(+0.000);PLCB1(+0.000);CCL5(+0.000);MYO1F(+0.000);RAP1GAP2(+0.000);A2M(+0.000);SYNE1(+0.000);HCST(+0.000)
LPCAT3,False,0.11143215395518727,1.3641138e-06,0.0010103077,-9.1488155e-06,LEF1(-0.000);BACH2(-0.000);MAML2(-0.000);FOXP1(-0.000);SERINC5(-0.000);FHIT(-0.000);PDE3B(-0.000);PRKCA(-0.000),PLCB1(+0.000);AOAH(+0.000);A2M(+0.000);CCL5(+0.000);MYO1F(+0.000);RAP1GAP2(+0.000);ARHGAP26(+0.000);PARP8(+0.000)
DEF6,False,0.22569917679768853,-1.4510743e-05,0.0010094775,-1.3905731e-05,AOAH(-0.000);GNLY(-0.000);CCL5(-0.000);JAZF1(-0.000);RAP1GAP2(-0.000);CTSW(-0.000);SAMD3(-0.000);MCTP2(-0.000),CAMK4(+0.000);LEF1(+0.000);LTB(+0.000);IL7R(+0.000);BCL11B(+0.000);SERINC5(+0.000);PDE3B(+0.000);TRAC(+0.000)
SGPP2,False,0.04116011557542386,0.0,0.0010093178,1.1111387e-05,GNLY(-0.000);AOAH(-0.000);CCL5(-0.000);PLCB1(-0.000);MYO1F(-0.000);TGFBR3(-0.000);RAP1GAP2(-0.000);MCTP2(-0.000),LEF1(+0.000);MAML2(+0.000);BACH2(+0.000);FOXP1(+0.000);SERINC5(+0.000);CAMK4(+0.000);PDE3B(+0.000);PRKCA(+0.000)
ADAM23,False,0.026440604045139836,0.0,0.0010064326,1.3017568e-05,LEF1(-0.000);BACH2(-0.000);MAML2(-0.000);FOXP1(-0.000);SERINC5(-0.000);FHIT(-0.000);PRKCA(-0.000);PDE3B(-0.000),CCL5(+0.000);PLCB1(+0.000);AOAH(+0.000);A2M(+0.000);MYO1F(+0.000);GNLY(+0.000);S100A4(+0.000);PARP8(+0.000)
SLC35E3,False,0.08253829798833343,0.0,0.0010014406,-1.7892966e-05,IL32(-0.000);PHACTR2(-0.000);S100A4(-0.000);A2M(-0.000);IL7R(-0.000);LTB(-0.000);GZMK(-0.000);KLRG1(-0.000),BACH2(+0.000);KCNQ5(+0.000);LEF1(+0.000);TXK(+0.000);WWOX(+0.000);FOXP1(+0.000);FHIT(+0.000);MAML2(+0.000)
ZNF710,False,0.06552908466444965,0.0,0.0010011041,-5.181961e-05,AOAH(-0.000);GNLY(-0.000);CCL5(-0.000);RAP1GAP2(-0.000);JAZF1(-0.000);SYNE1(-0.000);PLCB1(-0.000);SAMD3(-0.000),LEF1(+0.000);CAMK4(+0.000);SERINC5(+0.000);FOXP1(+0.000);PDE3B(+0.000);MAML2(+0.000);BCL11B(+0.000);LTB(+0.000)
STAMBP,False,0.09938396118410292,-4.1841026e-06,0.0010008428,8.213017e-05,LEF1(-0.000);MAML2(-0.000);BACH2(-0.000);FOXP1(-0.000);SERINC5(-0.000);PRKCA(-0.000);FHIT(-0.000);PDE3B(-0.000),S100A4(+0.000);ACTB(+0.000);PLCB1(+0.000);A2M(+0.000);ACTG1(+0.000);MYO1F(+0.000);PFN1(+0.000);PHACTR2(+0.000)
GAS7,False,0.025568336695197078,-3.4986467e-06,0.0009992414,3.5536284e-06,AOAH(-0.000);PLCB1(-0.000);MYO1F(-0.000);CCL5(-0.000);RAP1GAP2(-0.000);A2M(-0.000);SYNE1(-0.000);SAMD3(-0.000),LEF1(+0.000);MAML2(+0.000);BACH2(+0.000);FOXP1(+0.000);SERINC5(+0.000);CAMK4(+0.000);PDE3B(+0.000);FHIT(+0.000)
PI16,False,0.024041868832797252,0.0,0.0009975514,3.141486e-06,BACH2(-0.000);LEF1(-0.000);MAML2(-0.000);FOXP1(-0.000);ZBTB20(-0.000);TXK(-0.000);FHIT(-0.000);PRKCA(-0.000),IL32(+0.000);S100A4(+0.000);PHACTR2(+0.000);GZMK(+0.000);PFN1(+0.000);ACTB(+0.000);ACTG1(+0.000);S100A6(+0.000)
XPNPEP3,False,0.07561467589816279,3.956809e-06,0.0009968583,-2.9226934e-05,AOAH(-0.000);RAP1GAP2(-0.000);ACTG1(-0.000);ACTB(-0.000);MYO1F(-0.000);JAZF1(-0.000);SAMD3(-0.000);SYNE1(-0.000),LEF1(+0.000);MAML2(+0.000);CAMK4(+0.000);FOXP1(+0.000);BACH2(+0.000);SERINC5(+0.000);BCL2(+0.000);PDE3B(+0.000)
CCDC57,False,0.15989750858638171,-1.0247521e-05,0.0009959189,3.3751894e-05,LEF1(-0.000);BACH2(-0.000);FOXP1(-0.000);FHIT(-0.000);MAML2(-0.000);SERINC5(-0.000);PRKCA(-0.000);SELL(-0.000),PLCB1(+0.000);CCL5(+0.000);A2M(+0.000);PHACTR2(+0.000);IL32(+0.000);GZMK(+0.000);PARP8(+0.000);KLRG1(+0.000)
NPAT,False,0.21539551872648965,-6.1754495e-06,0.0009956366,-2.8423688e-05,KCNQ5(-0.000);SMC4(-0.000);BACH2(-0.000);LEF1(-0.000);DNMT1(-0.000);CD247(-0.000);SSBP2(-0.000);TMPO(-0.000),PHACTR2(+0.000);A2M(+0.000);IL7R(+0.000);IL32(+0.000);LTB(+0.000);PLCB1(+0.000);KLRG1(+0.000);GZMK(+0.000)
TNRC18,False,0.0812298969634193,-4.4112694e-06,0.000994712,4.7471618e-05,PLCB1(-0.000);AOAH(-0.000);CCL5(-0.000);A2M(-0.000);MYO1F(-0.000);PFN1(-0.000);RAP1GAP2(-0.000);S100A4(-0.000),LEF1(+0.000);MAML2(+0.000);BACH2(+0.000);FOXP1(+0.000);SERINC5(+0.000);FHIT(+0.000);PDE3B(+0.000);PRKCA(+0.000)
KHDRBS1,False,0.24074578858420104,-2.5794669e-05,0.0009921157,-2.0833946e-05,ACTB(-0.000);ACTG1(-0.000);S100A4(-0.000);PFN1(-0.000);IL32(-0.000);GAPDH(-0.000);TMSB4X(-0.000);TMSB10(-0.000),MAML2(+0.000);ZBTB20(+0.000);BACH2(+0.000);FOXP1(+0.000);TXK(+0.000);LEF1(+0.000);PITPNC1(+0.000);AOAH(+0.000)
DHTKD1,False,0.060240963855421686,0.0,0.0009901614,-1.5717535e-05,LEF1(-0.000);MAML2(-0.000);BACH2(-0.000);FOXP1(-0.000);CAMK4(-0.000);SERINC5(-0.000);PDE3B(-0.000);FHIT(-0.000),GNLY(+0.000);AOAH(+0.000);CCL5(+0.000);MCTP2(+0.000);PLCB1(+0.000);RAP1GAP2(+0.000);MYO1F(+0.000);TGFBR3(+0.000)
VGLL4,False,0.19277108433734944,-2.5600427e-06,0.0009886042,6.895586e-06,AOAH(-0.000);GNLY(-0.000);RAP1GAP2(-0.000);PLCB1(-0.000);CCL5(-0.000);MYO1F(-0.000);JAZF1(-0.000);SYNE1(-0.000),LEF1(+0.000);CAMK4(+0.000);MAML2(+0.000);BACH2(+0.000);SERINC5(+0.000);FOXP1(+0.000);PDE3B(+0.000);FHIT(+0.000)
ODF2,False,0.050482472877937085,0.0,0.0009882112,1.3819005e-05,PLCB1(-0.000);AOAH(-0.000);MYO1F(-0.000);A2M(-0.000);CCL5(-0.000);RAP1GAP2(-0.000);PFN1(-0.000);S100A4(-0.000),LEF1(+0.000);MAML2(+0.000);BACH2(+0.000);FOXP1(+0.000);SERINC5(+0.000);FHIT(+0.000);PDE3B(+0.000);CAMK4(+0.000)
VCL,False,0.08215668102273346,1.861433e-05,0.0009879539,-6.185521e-07,LEF1(-0.000);BACH2(-0.000);MAML2(-0.000);FOXP1(-0.000);SERINC5(-0.000);FHIT(-0.000);PRKCA(-0.000);PDE3B(-0.000),PLCB1(+0.000);CCL5(+0.000);S100A4(+0.000);A2M(+0.000);PHACTR2(+0.000);IL32(+0.000);PFN1(+0.000);MYO1F(+0.000)
EFCAB2,False,0.08613640080684729,-2.3456323e-06,0.0009851861,1.6491626e-05,LEF1(-0.000);CAMK4(-0.000);MAML2(-0.000);FOXP1(-0.000);BACH2(-0.000);SERINC5(-0.000);PDE3B(-0.000);INPP4B(-0.000),AOAH(+0.000);RAP1GAP2(+0.000);SYNE1(+0.000);JAZF1(+0.000);MYO1F(+0.000);SAMD3(+0.000);PLCB1(+0.000);NCALD(+0.000)
HM13,False,0.1954424030965491,-2.1077178e-05,0.0009841694,-7.068e-05,CCL5(-0.000);PLCB1(-0.000);A2M(-0.000);PHACTR2(-0.000);GZMK(-0.000);GNLY(-0.000);PARP8(-0.000);AOAH(-0.000),LEF1(+0.000);BACH2(+0.000);FOXP1(+0.000);FHIT(+0.000);SERINC5(+0.000);MAML2(+0.000);PRKCA(+0.000);SELL(+0.000)
MYOM1,False,0.05795126206182195,0.0,0.0009823589,3.688403e-05,PLCB1(-0.000);A2M(-0.000);PHACTR2(-0.000);KLRG1(-0.000);PARP8(-0.000);PZP(-0.000);IL7R(-0.000);AOAH(-0.000),LEF1(+0.000);BACH2(+0.000);FHIT(+0.000);SMC4(+0.000);SELL(+0.000);PTMA(+0.000);DNMT1(+0.000);GAPDH(+0.000)
PTPN12,False,0.038815897072452706,-4.2811615e-05,0.0009817388,2.1088215e-05,NKG7(-0.000);GNLY(-0.000);ZEB2(-0.000);RAP1GAP2(-0.000);AOAH(-0.000);JAZF1(-0.000);ACTG1(-0.000);MCTP2(-0.000),IL7R(+0.000);CAMK4(+0.000);LEF1(+0.000);BCL2(+0.000);MAML2(+0.000);LTB(+0.000);BCL11B(+0.000);INPP4B(+0.000)
HNRNPC,False,0.5690454124189065,-2.4232595e-05,0.0009808186,1.9878931e-05,PFN1(-0.000);IL32(-0.000);TMSB10(-0.000);ACTB(-0.000);GAPDH(-0.000);RPL11(-0.000);ARHGDIB(-0.000);ACTG1(-0.000),GNLY(+0.000);CCL5(+0.000);TGFBR3(+0.000);CTSW(+0.000);MCTP2(+0.000);AOAH(+0.000);PPP2R2B(+0.000);TYROBP(+0.000)
PIGF,False,0.10581693288993077,0.0,0.0009805794,4.0520903e-05,GNLY(-0.000);CCL5(-0.000);S100A4(-0.000);PFN1(-0.000);PLCB1(-0.000);ACTG1(-0.000);IL32(-0.000);ACTB(-0.000),LEF1(+0.000);MAML2(+0.000);BACH2(+0.000);FOXP1(+0.000);SERINC5(+0.000);PRKCA(+0.000);FHIT(+0.000);PDE3B(+0.000)
SYNC,False,0.05756964509622199,0.0,0.0009774757,8.260917e-05,LEF1(-0.000);BACH2(-0.000);MAML2(-0.000);FOXP1(-0.000);FHIT(-0.000);PRKCA(-0.000);SERINC5(-0.000);TXK(-0.000),IL32(+0.000);S100A4(+0.000);PHACTR2(+0.000);CCL5(+0.000);ACTB(+0.000);GZMK(+0.000);A2M(+0.000);HLA-B(+0.000)
EMB,False,0.2769994003161969,-1.0115689e-05,0.000976592,0.0001311685,AOAH(-0.000);PLCB1(-0.000);CCL5(-0.000);GNLY(-0.000);CTSW(-0.000);MYO1F(-0.000);PPP2R2B(-0.000);A2M(-0.000),LEF1(+0.000);SERINC5(+0.000);CAMK4(+0.000);BACH2(+0.000);MAML2(+0.000);PDE3B(+0.000);FHIT(+0.000);FOXP1(+0.000)
MBNL3,False,0.09333260644387505,-1.0612296e-05,0.0009753623,0.00010610686,AOAH(-0.000);RAP1GAP2(-0.000);JAZF1(-0.000);MCTP2(-0.000);SAMD3(-0.000);DNAJC1(-0.000);MYO1F(-0.000);VAV3(-0.000),IL7R(+0.000);CAMK4(+0.000);LTB(+0.000);LEF1(+0.000);BCL11B(+0.000);BCL2(+0.000);ARHGAP15(+0.000);RPL13(+0.000)
CCDC14,False,0.11612059096112959,6.5007623e-07,0.0009742545,-4.6288857e-05,ZBTB20(-0.000);MAML2(-0.000);AOAH(-0.000);TXK(-0.000);BACH2(-0.000);PITPNC1(-0.000);FOXP1(-0.000);ATM(-0.000),PFN1(+0.000);IL32(+0.000);ACTB(+0.000);GAPDH(+0.000);ACTG1(+0.000);S100A4(+0.000);TMSB10(+0.000);CORO1A(+0.000)
IATPR,False,0.06242163223027857,0.0,0.0009735939,1.9104177e-06,PFN1(-0.000);ACTB(-0.000);ACTG1(-0.000);S100A4(-0.000);IL32(-0.000);GAPDH(-0.000);CORO1A(-0.000);TMSB4X(-0.000),LEF1(+0.000);MAML2(+0.000);BACH2(+0.000);FOXP1(+0.000);SERINC5(+0.000);PRKCA(+0.000);ZBTB20(+0.000);FHIT(+0.000)
TANGO6,False,0.19413400207163498,-1.144833e-05,0.00097268255,-8.611038e-05,IL7R(-0.000);MAML2(-0.000);LEF1(-0.000);BCL2(-0.000);CAMK4(-0.000);BACH2(-0.000);BCL11B(-0.000);INPP4B(-0.000),PFN1(+0.000);ACTG1(+0.000);ACTB(+0.000);GAPDH(+0.000);MYL6(+0.000);RAP1GAP2(+0.000);FLNA(+0.000);LGALS1(+0.000)
CROT,False,0.07774082756364828,0.0,0.00097230746,1.00754e-05,LEF1(-0.000);MAML2(-0.000);BACH2(-0.000);FOXP1(-0.000);SERINC5(-0.000);PRKCA(-0.000);PDE3B(-0.000);FHIT(-0.000),CCL5(+0.000);ACTG1(+0.000);S100A4(+0.000);ACTB(+0.000);PFN1(+0.000);PLCB1(+0.000);MYO1F(+0.000);TMSB4X(+0.000)
AL603839.3,False,0.02584092024205419,0.0,0.0009700236,-1.1256756e-05,S100A4(-0.000);PLCB1(-0.000);IL32(-0.000);CCL5(-0.000);PFN1(-0.000);ACTB(-0.000);A2M(-0.000);ACTG1(-0.000),LEF1(+0.000);BACH2(+0.000);MAML2(+0.000);FOXP1(+0.000);SERINC5(+0.000);FHIT(+0.000);PRKCA(+0.000);PDE3B(+0.000)
CYSLTR1,False,0.07790437769176253,0.0,0.00096892036,1.4699827e-05,LEF1(-0.000);CAMK4(-0.000);LTB(-0.000);IL32(-0.000);RPL11(-0.000);SERINC5(-0.000);TRAC(-0.000);BCL11B(-0.000),AOAH(+0.000);JAZF1(+0.000);RAP1GAP2(+0.000);PLCB1(+0.000);SYNE1(+0.000);SAMD3(+0.000);CCL5(+0.000);ARHGAP26(+0.000)
IPO11,False,0.0829744316633048,0.0,0.0009687165,1.3763644e-05,LEF1(-0.000);BACH2(-0.000);MAML2(-0.000);FOXP1(-0.000);SERINC5(-0.000);FHIT(-0.000);PRKCA(-0.000);ZBTB20(-0.000),IL32(+0.000);S100A4(+0.000);PHACTR2(+0.000);CCL5(+0.000);PFN1(+0.000);ACTB(+0.000);PLCB1(+0.000);GNLY(+0.000)
FANCM,False,0.05189990732159407,0.0,0.00096859655,6.281567e-06,IL32(-0.000);S100A4(-0.000);PHACTR2(-0.000);PFN1(-0.000);ACTB(-0.000);ACTG1(-0.000);S100A6(-0.000);RPL28(-0.000),BACH2(+0.000);MAML2(+0.000);LEF1(+0.000);FOXP1(+0.000);ZBTB20(+0.000);TXK(+0.000);KCNQ5(+0.000);FHIT(+0.000)
CLNK,False,0.014501444692798342,0.0,0.0009670571,5.6886706e-06,LEF1(-0.000);MAML2(-0.000);BACH2(-0.000);FOXP1(-0.000);SERINC5(-0.000);FHIT(-0.000);PDE3B(-0.000);PRKCA(-0.000),CCL5(+0.000);PLCB1(+0.000);AOAH(+0.000);MYO1F(+0.000);S100A4(+0.000);PFN1(+0.000);A2M(+0.000);GNLY(+0.000)
ORAI2,False,0.07834051136673391,0.0,0.00096519606,2.3615481e-05,CCL5(-0.000);AOAH(-0.000);PLCB1(-0.000);MYO1F(-0.000);RAP1GAP2(-0.000);CTSW(-0.000);GNLY(-0.000);PFN1(-0.000),LEF1(+0.000);MAML2(+0.000);BACH2(+0.000);FOXP1(+0.000);SERINC5(+0.000);CAMK4(+0.000);PDE3B(+0.000);FHIT(+0.000)
ATP2B1-AS1,False,0.16921986588889495,-1.4348617e-06,0.00096312974,0.00014444215,LEF1(-0.000);CAMK4(-0.000);FOXP1(-0.000);MAML2(-0.000);BACH2(-0.000);SERINC5(-0.000);TRAC(-0.000);PDE3B(-0.000),AOAH(+0.000);RAP1GAP2(+0.000);SYNE1(+0.000);CD247(+0.000);SAMD3(+0.000);JAZF1(+0.000);ACTB(+0.000);RABGAP1L(+0.000)
CPPED1,False,0.038325246688109896,0.0,0.00096068723,5.2429095e-06,AOAH(-0.000);GNLY(-0.000);NKG7(-0.000);CCL5(-0.000);RAP1GAP2(-0.000);MCTP2(-0.000);PLCB1(-0.000);MYO1F(-0.000),LEF1(+0.000);CAMK4(+0.000);MAML2(+0.000);BACH2(+0.000);FOXP1(+0.000);SERINC5(+0.000);PDE3B(+0.000);FHIT(+0.000)
SNHG6,False,0.2188845881262607,6.5666477e-06,0.00096008496,5.5464014e-05,CCL5(-0.000);PLCB1(-0.000);A2M(-0.000);GNLY(-0.000);PHACTR2(-0.000);GZMK(-0.000);AOAH(-0.000);KLRG1(-0.000),LEF1(+0.000);BACH2(+0.000);MAML2(+0.000);FOXP1(+0.000);FHIT(+0.000);SERINC5(+0.000);PRKCA(+0.000);PDE3B(+0.000)
UXS1,False,0.40598593468898214,-1.2164287e-05,0.0009595971,-0.000119302575,ACTB(-0.000);ACTG1(-0.000);TMSB4X(-0.000);IL32(-0.000);S100A4(-0.000);CORO1A(-0.000);RPL11(-0.000);B2M(-0.000),GNLY(+0.000);CTSW(+0.000);TGFBR3(+0.000);AOAH(+0.000);MCTP2(+0.000);ZBTB16(+0.000);TYROBP(+0.000);PLCB1(+0.000)
FRY,False,0.06280324919587854,-9.561792e-06,0.0009588882,4.5793764e-05,KCNQ5(-0.000);BACH2(-0.000);SMC4(-0.000);LEF1(-0.000);CD247(-0.000);ATP10A(-0.000);SSBP2(-0.000);TFDP2(-0.000),PHACTR2(+0.000);IL7R(+0.000);IL32(+0.000);LTB(+0.000);A2M(+0.000);PLCB1(+0.000);CCL5(+0.000);GZMK(+0.000)
METTL6,False,0.12626069890421412,0.0,0.0009585875,5.874063e-05,PFN1(-0.000);IL32(-0.000);ACTB(-0.000);ACTG1(-0.000);S100A4(-0.000);GAPDH(-0.000);TMSB10(-0.000);CORO1A(-0.000),MAML2(+0.000);GNLY(+0.000);ZBTB20(+0.000);BACH2(+0.000);LEF1(+0.000);TXK(+0.000);FOXP1(+0.000);PITPNC1(+0.000)
IMMP1L,False,0.08864416943793273,0.0,0.0009580227,1.2143079e-05,LEF1(-0.000);BACH2(-0.000);MAML2(-0.000);FOXP1(-0.000);SERINC5(-0.000);FHIT(-0.000);PRKCA(-0.000);PDE3B(-0.000),S100A4(+0.000);IL32(+0.000);PLCB1(+0.000);PFN1(+0.000);PHACTR2(+0.000);A2M(+0.000);ACTB(+0.000);CCL5(+0.000)
ZNF518A,False,0.1815406422068364,-3.4029645e-06,0.00095750846,2.9399755e-05,PHACTR2(-0.000);IL32(-0.000);A2M(-0.000);PLCB1(-0.000);IL7R(-0.000);CCL5(-0.000);LTB(-0.000);S100A4(-0.000),LEF1(+0.000);BACH2(+0.000);KCNQ5(+0.000);FHIT(+0.000);FOXP1(+0.000);SMC4(+0.000);SSBP2(+0.000);ATP10A(+0.000)
EGLN3,False,0.17516218721038,5.9393337e-06,0.00095296645,3.9712355e-05,SMC4(-0.000);GAPDH(-0.000);IFI16(-0.000);DNMT1(-0.000);PFN1(-0.000);ACTG1(-0.000);JAZF1(-0.000);TMPO(-0.000),IL7R(+0.000);LTB(+0.000);BCL2(+0.000);CAMK4(+0.000);PHACTR2(+0.000);BCL11B(+0.000);THEMIS(+0.000);IL32(+0.000)
TRAF3IP2-AS1,False,0.1241345472387287,-6.8466375e-06,0.0009526793,-9.504032e-06,CAMK4(-0.000);LEF1(-0.000);RPL11(-0.000);IL32(-0.000);LTB(-0.000);RPS2(-0.000);EEF1A1(-0.000);RPS18(-0.000),AOAH(+0.000);JAZF1(+0.000);RAP1GAP2(+0.000);SYNE1(+0.000);MCTP2(+0.000);SAMD3(+0.000);GNLY(+0.000);UTRN(+0.000)
MX1,False,0.18415744425666467,5.2939463e-06,0.0009460166,6.175271e-05,AOAH(-0.000);GNLY(-0.000);RAP1GAP2(-0.000);CCL5(-0.000);CTSW(-0.000);JAZF1(-0.000);MYO1F(-0.000);SAMD3(-0.000),LEF1(+0.000);CAMK4(+0.000);IL7R(+0.000);MAML2(+0.000);BCL2(+0.000);BCL11B(+0.000);SERINC5(+0.000);BACH2(+0.000)
ZZEF1,False,0.19151720002180667,-1.2847962e-05,0.000944622,-3.5454636e-05,CCL5(-0.000);AOAH(-0.000);CTSW(-0.000);PLCB1(-0.000);GNLY(-0.000);PPP2R2B(-0.000);JAZF1(-0.000);ARHGAP26(-0.000),LEF1(+0.000);TMSB10(+0.000);CAMK4(+0.000);ARHGDIB(+0.000);IL32(+0.000);GAPDH(+0.000);SELL(+0.000);VIM(+0.000)
CDK19,False,0.11682930818295807,1.0480304e-05,0.000943846,1.0842882e-05,IL32(-0.000);PHACTR2(-0.000);A2M(-0.000);PLCB1(-0.000);IL7R(-0.000);S100A4(-0.000);LTB(-0.000);CCL5(-0.000),BACH2(+0.000);LEF1(+0.000);KCNQ5(+0.000);FOXP1(+0.000);MAML2(+0.000);FHIT(+0.000);TXK(+0.000);ATP10A(+0.000)
FRS2,False,0.18530229515346452,-4.3304144e-06,0.0009396172,2.3736038e-05,LEF1(-0.000);BACH2(-0.000);FHIT(-0.000);SERINC5(-0.000);FOXP1(-0.000);SELL(-0.000);PDE3B(-0.000);MAML2(-0.000),CCL5(+0.000);PLCB1(+0.000);GNLY(+0.000);AOAH(+0.000);A2M(+0.000);PPP2R2B(+0.000);CTSW(+0.000);TGFBR3(+0.000)
TTF1,False,0.11224990459575859,1.2322682e-06,0.0009388935,1.5778122e-06,LEF1(-0.000);BACH2(-0.000);FOXP1(-0.000);MAML2(-0.000);FHIT(-0.000);KCNQ5(-0.000);TXK(-0.000);PRKCA(-0.000),IL32(+0.000);PHACTR2(+0.000);S100A4(+0.000);A2M(+0.000);PLCB1(+0.000);IL7R(+0.000);LTB(+0.000);GZMK(+0.000)
EIF1B-AS1,False,0.10990568609278745,0.0,0.0009366729,0.00010428485,AOAH(-0.000);PLCB1(-0.000);A2M(-0.000);MYO1F(-0.000);CCL5(-0.000);PARP8(-0.000);ARHGAP26(-0.000);RAP1GAP2(-0.000),LEF1(+0.000);BACH2(+0.000);SERINC5(+0.000);MAML2(+0.000);FHIT(+0.000);FOXP1(+0.000);PDE3B(+0.000);CAMK4(+0.000)
TGFBR3,False,0.09562230823747478,-5.616397e-05,0.000935023,3.1725524e-06,PLCB1(-0.000);A2M(-0.000);CCL5(-0.000);S100A4(-0.000);MYO1F(-0.000);AOAH(-0.000);NKG7(-0.000);GNLY(-0.000),LEF1(+0.000);BACH2(+0.000);MAML2(+0.000);FOXP1(+0.000);SERINC5(+0.000);FHIT(+0.000);PRKCA(+0.000);PDE3B(+0.000)
APOOL,False,0.042141416344109464,0.0,0.00093476684,-2.9037605e-05,CCL5(-0.000);PLCB1(-0.000);AOAH(-0.000);MYO1F(-0.000);A2M(-0.000);RAP1GAP2(-0.000);S100A4(-0.000);SYNE1(-0.000),LEF1(+0.000);MAML2(+0.000);BACH2(+0.000);FOXP1(+0.000);SERINC5(+0.000);FHIT(+0.000);PDE3B(+0.000);CAMK4(+0.000)
KIF21A,False,0.08215668102273348,0.0,0.0009326936,-5.015864e-06,AOAH(-0.000);JAZF1(-0.000);TXK(-0.000);CD247(-0.000);ZBTB20(-0.000);SFMBT2(-0.000);UTRN(-0.000);KCNQ5(-0.000),IL32(+0.000);S100A4(+0.000);RPL11(+0.000);ACTB(+0.000);PFN1(+0.000);TMSB10(+0.000);RPL28(+0.000);PHACTR2(+0.000)
AFTPH,False,0.2742190481382544,-1.1292847e-05,0.00093248195,-0.00014776255,LEF1(-0.000);MAML2(-0.000);BACH2(-0.000);SERINC5(-0.000);FOXP1(-0.000);ZBTB20(-0.000);DOCK10(-0.000);TXK(-0.000),PFN1(+0.000);ACTG1(+0.000);S100A4(+0.000);FLNA(+0.000);TMSB10(+0.000);MYL6(+0.000);HCST(+0.000);MYO1F(+0.000)
SMS,False,0.0502644060404514,0.0,0.00093129673,3.4587315e-06,BACH2(-0.000);LEF1(-0.000);KCNQ5(-0.000);FOXP1(-0.000);CD247(-0.000);TXK(-0.000);MAML2(-0.000);ATP10A(-0.000),IL32(+0.000);PHACTR2(+0.000);IL7R(+0.000);LTB(+0.000);GZMK(+0.000);S100A4(+0.000);A2M(+0.000);PLCB1(+0.000)
GDAP2,False,0.1261516654854713,0.0,0.00093045546,1.4844936e-05,GNLY(-0.000);MCTP2(-0.000);AOAH(-0.000);RAP1GAP2(-0.000);JAZF1(-0.000);TGFBR3(-0.000);SAMD3(-0.000);ACTG1(-0.000),IL7R(+0.000);CAMK4(+0.000);BCL2(+0.000);LTB(+0.000);LEF1(+0.000);BCL11B(+0.000);MAML2(+0.000);INPP4B(+0.000)
PARP1,False,0.19364335168729213,5.3832895e-07,0.0009295916,-5.372959e-05,LEF1(-0.000);MAML2(-0.000);BACH2(-0.000);CAMK4(-0.000);SERINC5(-0.000);FOXP1(-0.000);PDE3B(-0.000);FHIT(-0.000),AOAH(+0.000);GNLY(+0.000);MYO1F(+0.000);RAP1GAP2(+0.000);CCL5(+0.000);PLCB1(+0.000);PFN1(+0.000);SAMD3(+0.000)
AC127035.1,False,0.03821621326936706,0.0,0.0009278847,-1.7349577e-05,A2M(-0.000);PLCB1(-0.000);PHACTR2(-0.000);IL32(-0.000);S100A4(-0.000);KLRG1(-0.000);PZP(-0.000);PARP8(-0.000),LEF1(+0.000);BACH2(+0.000);FOXP1(+0.000);MAML2(+0.000);FHIT(+0.000);SERINC5(+0.000);PRKCA(+0.000);SELL(+0.000)
PRKCI,False,0.04454015155645205,0.0,0.00092765305,8.6999935e-06,IL32(-0.000);PHACTR2(-0.000);GZMK(-0.000);IL7R(-0.000);LTB(-0.000);S100A4(-0.000);A2M(-0.000);PLCB1(-0.000),BACH2(+0.000);KCNQ5(+0.000);MCTP2(+0.000);CD247(+0.000);LEF1(+0.000);TXK(+0.000);ATP10A(+0.000);SFMBT2(+0.000)
MYO6,False,0.03696232895382435,0.0,0.0009227299,3.7199043e-06,AOAH(-0.000);CCL5(-0.000);MCTP2(-0.000);TGFBR3(-0.000);RAP1GAP2(-0.000);CTSW(-0.000);MYO1F(-0.000);PLCB1(-0.000),LEF1(+0.000);CAMK4(+0.000);MAML2(+0.000);BACH2(+0.000);SERINC5(+0.000);FOXP1(+0.000);PDE3B(+0.000);FHIT(+0.000)
AL136456.1,False,0.045085318650166274,-7.363807e-05,0.0009216898,-6.2306417e-06,IL7R(-0.000);LTB(-0.000);PHACTR2(-0.000);IL32(-0.000);GZMK(-0.000);BCL2(-0.000);CAMK4(-0.000);RPS18(-0.000),CD247(+0.000);JAZF1(+0.000);MCTP2(+0.000);RAP1GAP2(+0.000);SMC4(+0.000);TFDP2(+0.000);IFI16(+0.000);KCNQ5(+0.000)
NEK1,False,0.19653273728397758,-9.03364e-06,0.0009156009,1.5796639e-05,MAML2(-0.000);BCL2(-0.000);ZBTB20(-0.000);TXK(-0.000);PITPNC1(-0.000);BACH2(-0.000);ANK3(-0.000);FOXP1(-0.000),ACTG1(+0.000);ACTB(+0.000);PFN1(+0.000);TMSB10(+0.000);TMSB4X(+0.000);CORO1A(+0.000);S100A4(+0.000);LGALS1(+0.000)
MAPK1,False,0.2744916316851115,-1.8719058e-05,0.0009145893,-2.1995153e-05,CCL5(-0.000);A2M(-0.000);PLCB1(-0.000);PHACTR2(-0.000);IL32(-0.000);S100A4(-0.000);GNLY(-0.000);KLRG1(-0.000),LEF1(+0.000);BACH2(+0.000);FOXP1(+0.000);MAML2(+0.000);FHIT(+0.000);SERINC5(+0.000);PRKCA(+0.000);SELL(+0.000)
SLAMF1,False,0.10543531592433081,-1.8019731e-05,0.0009145516,0.00014438071,IL32(-0.000);PFN1(-0.000);S100A4(-0.000);PHACTR2(-0.000);GZMK(-0.000);S100A6(-0.000);TRAC(-0.000);HCST(-0.000),BACH2(+0.000);LEF1(+0.000);MAML2(+0.000);TXK(+0.000);ZBTB20(+0.000);CD247(+0.000);DOCK10(+0.000);KCNQ5(+0.000)
LCLAT1,False,0.13727307419724147,6.0012962e-06,0.0009141024,-8.640855e-06,IL32(-0.000);PHACTR2(-0.000);GZMK(-0.000);A2M(-0.000);PLCB1(-0.000);IL7R(-0.000);S100A4(-0.000);LTB(-0.000),BACH2(+0.000);LEF1(+0.000);FOXP1(+0.000);MAML2(+0.000);KCNQ5(+0.000);FHIT(+0.000);TXK(+0.000);ATP10A(+0.000)
OSTM1,False,0.06820040342364934,0.0,0.00091388915,1.4513247e-05,CCL5(-0.000);PLCB1(-0.000);AOAH(-0.000);A2M(-0.000);MYO1F(-0.000);RAP1GAP2(-0.000);S100A4(-0.000);PPP2R2B(-0.000),LEF1(+0.000);BACH2(+0.000);MAML2(+0.000);FOXP1(+0.000);SERINC5(+0.000);FHIT(+0.000);PRKCA(+0.000);PDE3B(+0.000)
SPON1,False,0.053371858474622474,0.0,0.0009138008,-8.022682e-06,IL32(-0.000);PHACTR2(-0.000);S100A4(-0.000);LTB(-0.000);IL7R(-0.000);A2M(-0.000);PLCB1(-0.000);GZMK(-0.000),BACH2(+0.000);LEF1(+0.000);KCNQ5(+0.000);FOXP1(+0.000);MAML2(+0.000);CD247(+0.000);TXK(+0.000);FHIT(+0.000)
TET1,False,0.010303658071198821,0.0,0.00091236294,-6.88395e-06,GNLY(-0.000);AOAH(-0.000);MCTP2(-0.000);ZEB2(-0.000);PRF1(-0.000);TGFBR3(-0.000);CCL5(-0.000);RAP1GAP2(-0.000),LEF1(+0.000);CAMK4(+0.000);MAML2(+0.000);IL7R(+0.000);SERINC5(+0.000);PDE3B(+0.000);LTB(+0.000);BCL11B(+0.000)
TTC27,False,0.19140816660306384,-9.5910955e-06,0.00091065303,-4.5859346e-05,BACH2(-0.000);MAML2(-0.000);LEF1(-0.000);ZBTB20(-0.000);FOXP1(-0.000);TXK(-0.000);GNLY(-0.000);MCTP2(-0.000),IL32(+0.000);PFN1(+0.000);PHACTR2(+0.000);S100A4(+0.000);ACTB(+0.000);GAPDH(+0.000);S100A6(+0.000);RPLP0(+0.000)
KLHL2,False,0.14354249577495504,-1.8725746e-05,0.00090969075,-8.793287e-06,BACH2(-0.000);CD247(-0.000);LEF1(-0.000);KCNQ5(-0.000);FOXP1(-0.000);ATP10A(-0.000);MAPRE2(-0.000);TXK(-0.000),IL32(+0.000);PHACTR2(+0.000);IL7R(+0.000);LTB(+0.000);S100A4(+0.000);A2M(+0.000);PLCB1(+0.000);GZMK(+0.000)
PIGL,False,0.17221828490432317,-1.2801859e-05,0.00090800447,3.2140463e-07,AOAH(-0.000);JAZF1(-0.000);CD247(-0.000);KCNQ5(-0.000);SFMBT2(-0.000);FNDC3B(-0.000);TXK(-0.000);RAP1GAP2(-0.000),IL32(+0.000);LTB(+0.000);RPL11(+0.000);IL7R(+0.000);S100A4(+0.000);CAMK4(+0.000);RPL30(+0.000);TRAC(+0.000)
TNPO1,False,0.2622253720765415,-4.086324e-06,0.00090737385,-8.2346116e-05,LEF1(-0.000);MAML2(-0.000);BACH2(-0.000);CAMK4(-0.000);FOXP1(-0.000);SERINC5(-0.000);PDE3B(-0.000);BCL11B(-0.000),AOAH(+0.000);PLCB1(+0.000);PFN1(+0.000);MYO1F(+0.000);RAP1GAP2(+0.000);JAZF1(+0.000);SAMD3(+0.000);DNAJC1(+0.000)
CERS4,False,0.10298206400261681,-2.9861138e-07,0.00090722897,2.583796e-05,LEF1(-0.000);MAML2(-0.000);CAMK4(-0.000);FOXP1(-0.000);BACH2(-0.000);SERINC5(-0.000);PDE3B(-0.000);PRKCA(-0.000),GNLY(+0.000);AOAH(+0.000);CCL5(+0.000);PLCB1(+0.000);MYO1F(+0.000);RAP1GAP2(+0.000);PPP2R2B(+0.000);JAZF1(+0.000)
DGKE,False,0.08864416943793274,1.1131549e-06,0.00090377947,-5.7457605e-06,AOAH(-0.000);RAP1GAP2(-0.000);MYO1F(-0.000);JAZF1(-0.000);SAMD3(-0.000);SYNE1(-0.000);CCL5(-0.000);PLCB1(-0.000),LEF1(+0.000);CAMK4(+0.000);MAML2(+0.000);FOXP1(+0.000);SERINC5(+0.000);BACH2(+0.000);PDE3B(+0.000);IL7R(+0.000)
DDB2,False,0.13792727470969854,8.148743e-06,0.0009036775,1.7989294e-05,LEF1(-0.000);MAML2(-0.000);FOXP1(-0.000);BACH2(-0.000);SERINC5(-0.000);CAMK4(-0.000);PDE3B(-0.000);PRKCA(-0.000),GNLY(+0.000);PFN1(+0.000);ACTB(+0.000);CCL5(+0.000);ACTG1(+0.000);PLCB1(+0.000);AOAH(+0.000);MYO1F(+0.000)
SLC25A33,False,0.05920514637736467,0.0,0.00090228964,3.4488938e-05,LEF1(-0.000);CAMK4(-0.000);MAML2(-0.000);FOXP1(-0.000);SERINC5(-0.000);BACH2(-0.000);PDE3B(-0.000);BCL11B(-0.000),AOAH(+0.000);RAP1GAP2(+0.000);JAZF1(+0.000);SYNE1(+0.000);SAMD3(+0.000);MYO1F(+0.000);PLCB1(+0.000);NCALD(+0.000)
MIOS,False,0.06760071962056372,0.0,0.00090104586,7.460686e-07,LEF1(-0.000);MAML2(-0.000);BACH2(-0.000);FOXP1(-0.000);SERINC5(-0.000);FHIT(-0.000);PDE3B(-0.000);PRKCA(-0.000),AOAH(+0.000);GNLY(+0.000);MYO1F(+0.000);A2M(+0.000);S100A4(+0.000);RAP1GAP2(+0.000);ACTG1(+0.000);PFN1(+0.000)
ARHGAP10,False,0.10870631848661613,-2.9028397e-06,0.0009008688,1.2791211e-05,IL32(-0.000);LTB(-0.000);IL7R(-0.000);CAMK4(-0.000);RPL11(-0.000);PHACTR2(-0.000);RPS18(-0.000);TRAC(-0.000),AOAH(+0.000);MCTP2(+0.000);JAZF1(+0.000);CD247(+0.000);GNLY(+0.000);RAP1GAP2(+0.000);SAMD3(+0.000);SYNE1(+0.000)
COPE,False,0.17903287357575096,-2.44217e-05,0.00089910696,2.9169558e-05,IL32(-0.000);S100A4(-0.000);PFN1(-0.000);ACTB(-0.000);ACTG1(-0.000);TMSB10(-0.000);PHACTR2(-0.000);S100A6(-0.000),TXK(+0.000);ZBTB20(+0.000);BACH2(+0.000);AOAH(+0.000);GNLY(+0.000);MAML2(+0.000);KCNQ5(+0.000);SFMBT2(+0.000)
RNF8,False,0.054353159243308066,0.0,0.0008978189,-8.2476055e-07,ACTG1(-0.000);PFN1(-0.000);MYO1F(-0.000);S100A4(-0.000);ACTB(-0.000);AOAH(-0.000);RAP1GAP2(-0.000);PLCB1(-0.000),LEF1(+0.000);MAML2(+0.000);BACH2(+0.000);FOXP1(+0.000);SERINC5(+0.000);CAMK4(+0.000);PDE3B(+0.000);PRKCA(+0.000)
DPP8,False,0.15624488905849646,-6.427673e-06,0.00089546136,2.3457238e-05,LEF1(-0.000);BACH2(-0.000);MAML2(-0.000);FOXP1(-0.000);SERINC5(-0.000);FHIT(-0.000);PRKCA(-0.000);PDE3B(-0.000),S100A4(+0.000);IL32(+0.000);CCL5(+0.000);ACTB(+0.000);ACTG1(+0.000);A2M(+0.000);PHACTR2(+0.000);PLCB1(+0.000)
MARCH5,False,0.06520198440822114,0.0,0.0008952581,-2.9161982e-05,AOAH(-0.000);GNLY(-0.000);JAZF1(-0.000);CD247(-0.000);RAP1GAP2(-0.000);MCTP2(-0.000);SAMD3(-0.000);SYNE1(-0.000),IL7R(+0.000);IL32(+0.000);LTB(+0.000);CAMK4(+0.000);RPL11(+0.000);TRAC(+0.000);PHACTR2(+0.000);RPL30(+0.000)
TSPOAP1,False,0.011503025677370113,-1.4280791e-05,0.0008951071,8.950118e-06,GNLY(-0.000);NKG7(-0.000);ZEB2(-0.000);PRF1(-0.000);AOAH(-0.000);MCTP2(-0.000);TGFBR3(-0.000);RAP1GAP2(-0.000),LEF1(+0.000);CAMK4(+0.000);IL7R(+0.000);MAML2(+0.000);LTB(+0.000);BCL11B(+0.000);BCL2(+0.000);SERINC5(+0.000)
ARID2,False,0.46181104508531867,-2.388277e-06,0.00089489075,-9.2415736e-05,AOAH(-0.000);SYNE1(-0.000);MCTP2(-0.000);UTRN(-0.000);CD247(-0.000);JAZF1(-0.000);FYN(-0.000);RAP1GAP2(-0.000),PFN1(+0.000);GAPDH(+0.000);RPLP0(+0.000);VIM(+0.000);TRAC(+0.000);IL32(+0.000);TMSB10(+0.000);PTMA(+0.000)
HNRNPUL1,False,0.1923894673717495,-6.29339e-06,0.00089399965,-8.226603e-05,LEF1(-0.000);CAMK4(-0.000);IL7R(-0.000);LTB(-0.000);RPL11(-0.000);BCL11B(-0.000);SERINC5(-0.000);EEF1A1(-0.000),AOAH(+0.000);RAP1GAP2(+0.000);JAZF1(+0.000);SAMD3(+0.000);SYNE1(+0.000);MYO1F(+0.000);PLCB1(+0.000);VAV3(+0.000)
KLHL24,False,0.27296516382271163,2.5835557e-06,0.00089217775,4.517772e-05,AOAH(-0.000);PLCB1(-0.000);CCL5(-0.000);A2M(-0.000);GNLY(-0.000);MYO1F(-0.000);PARP8(-0.000);ARHGAP26(-0.000),LEF1(+0.000);SERINC5(+0.000);BACH2(+0.000);FOXP1(+0.000);FHIT(+0.000);MAML2(+0.000);PDE3B(+0.000);CAMK4(+0.000)
ARF1,False,0.20138472441803415,1.4666702e-05,0.0008916787,0.00011520224,LEF1(-0.000);MAML2(-0.000);FOXP1(-0.000);CAMK4(-0.000);BACH2(-0.000);SERINC5(-0.000);PDE3B(-0.000);PRKCA(-0.000),AOAH(+0.000);RAP1GAP2(+0.000);ACTB(+0.000);MYO1F(+0.000);ACTG1(+0.000);SYNE1(+0.000);PLCB1(+0.000);SAMD3(+0.000)
DAGLB,False,0.07501499209507714,0.0,0.0008908589,-3.1543033e-05,AOAH(-0.000);JAZF1(-0.000);RAP1GAP2(-0.000);SYNE1(-0.000);CD247(-0.000);SAMD3(-0.000);UTRN(-0.000);CCL5(-0.000),CAMK4(+0.000);IL32(+0.000);LTB(+0.000);LEF1(+0.000);RPL11(+0.000);TRAC(+0.000);IL7R(+0.000);RPS18(+0.000)
SH3PXD2A,False,0.027585454941939702,0.0,0.00088948087,2.6183092e-05,LEF1(-0.000);BACH2(-0.000);MAML2(-0.000);FOXP1(-0.000);SERINC5(-0.000);FHIT(-0.000);PRKCA(-0.000);PDE3B(-0.000),CCL5(+0.000);PLCB1(+0.000);A2M(+0.000);S100A4(+0.000);MYO1F(+0.000);AOAH(+0.000);ACTB(+0.000);ACTG1(+0.000)
PIK3IP1-AS1,False,0.2166494030420324,-9.044858e-06,0.00088682084,4.8708513e-05,CAMK4(-0.000);LTB(-0.000);IL7R(-0.000);LEF1(-0.000);TRAC(-0.000);IL32(-0.000);GZMK(-0.000);RPL11(-0.000),AOAH(+0.000);MCTP2(+0.000);JAZF1(+0.000);RAP1GAP2(+0.000);CD247(+0.000);GNLY(+0.000);SYNE1(+0.000);SAMD3(+0.000)
MCTP1,False,0.04061494848170964,0.0,0.00088568084,-7.964923e-06,LEF1(-0.000);MAML2(-0.000);BACH2(-0.000);FOXP1(-0.000);SERINC5(-0.000);CAMK4(-0.000);PDE3B(-0.000);FHIT(-0.000),GNLY(+0.000);AOAH(+0.000);CCL5(+0.000);PLCB1(+0.000);PRF1(+0.000);MYO1F(+0.000);RAP1GAP2(+0.000);A2M(+0.000)
AP4E1,False,0.07790437769176253,0.0,0.00088473,-5.9521863e-05,IL32(-0.000);S100A4(-0.000);ACTB(-0.000);RPL11(-0.000);RPL28(-0.000);TMSB4X(-0.000);RPL41(-0.000);ACTG1(-0.000),AOAH(+0.000);TXK(+0.000);JAZF1(+0.000);ZBTB20(+0.000);KCNQ5(+0.000);SFMBT2(+0.000);FNDC3B(+0.000);UTRN(+0.000)
ACSL4,False,0.10592596630867361,-5.4666134e-07,0.0008846492,-1.3751993e-07,LEF1(-0.000);BACH2(-0.000);MAML2(-0.000);FOXP1(-0.000);SERINC5(-0.000);FHIT(-0.000);PRKCA(-0.000);ZBTB20(-0.000),S100A4(+0.000);IL32(+0.000);PFN1(+0.000);ACTB(+0.000);PHACTR2(+0.000);ACTG1(+0.000);CCL5(+0.000);PLCB1(+0.000)
ACTN4,False,0.0941503570844464,4.311154e-05,0.000884249,2.184305e-05,LEF1(-0.000);MAML2(-0.000);BACH2(-0.000);FOXP1(-0.000);SERINC5(-0.000);PRKCA(-0.000);FHIT(-0.000);PDE3B(-0.000),S100A4(+0.000);ACTB(+0.000);PFN1(+0.000);ACTG1(+0.000);CCL5(+0.000);PLCB1(+0.000);MYO1F(+0.000);IL32(+0.000)
DTWD1,False,0.08172054734776207,0.0,0.000880173,3.8784674e-05,PLCB1(-0.000);A2M(-0.000);CCL5(-0.000);AOAH(-0.000);MYO1F(-0.000);PHACTR2(-0.000);PFN1(-0.000);S100A4(-0.000),LEF1(+0.000);BACH2(+0.000);MAML2(+0.000);FOXP1(+0.000);SERINC5(+0.000);FHIT(+0.000);PRKCA(+0.000);PDE3B(+0.000)
METAP1D,False,0.10031074524341711,0.0,0.00087699475,-5.9016173e-05,IL32(-0.000);PHACTR2(-0.000);S100A4(-0.000);A2M(-0.000);KLRG1(-0.000);CCL5(-0.000);PLCB1(-0.000);HLA-B(-0.000),LEF1(+0.000);BACH2(+0.000);FOXP1(+0.000);MAML2(+0.000);FHIT(+0.000);PRKCA(+0.000);SERINC5(+0.000);KCNQ5(+0.000)
CST7,False,0.03630812844136728,-1.7176494e-06,0.00087616546,3.3030212e-06,S100A4(-0.000);IL32(-0.000);PHACTR2(-0.000);PLCB1(-0.000);CCL5(-0.000);A2M(-0.000);PFN1(-0.000);GZMK(-0.000),LEF1(+0.000);BACH2(+0.000);MAML2(+0.000);FOXP1(+0.000);SERINC5(+0.000);FHIT(+0.000);PRKCA(+0.000);PDE3B(+0.000)
DDX3X,False,0.3098184593577932,-3.2944117e-06,0.0008721032,-0.00014947793,LEF1(-0.000);IL7R(-0.000);CAMK4(-0.000);RPS2(-0.000);RPL13(-0.000);EEF1A1(-0.000);RPL11(-0.000);LTB(-0.000),AOAH(+0.000);RAP1GAP2(+0.000);MCTP2(+0.000);JAZF1(+0.000);SAMD3(+0.000);TGFBR3(+0.000);MYO1F(+0.000);SYNE1(+0.000)
PHC3,False,0.3658616365916154,-1.7300892e-05,0.0008716389,-0.00014749257,CD247(-0.000);JAZF1(-0.000);AOAH(-0.000);RAP1GAP2(-0.000);SYNE1(-0.000);ITGB2(-0.000);PRKCH(-0.000);MAPRE2(-0.000),TRAC(+0.000);IL32(+0.000);LTB(+0.000);PHACTR2(+0.000);CAMK4(+0.000);IL7R(+0.000);BCL2(+0.000);CD3D(+0.000)
DUSP2,False,0.046557269803194676,-4.9291237e-05,0.0008701689,3.7763912e-06,PHACTR2(-0.000);IL32(-0.000);PLCB1(-0.000);A2M(-0.000);CCL5(-0.000);GZMK(-0.000);S100A4(-0.000);KLRG1(-0.000),LEF1(+0.000);BACH2(+0.000);FOXP1(+0.000);MAML2(+0.000);FHIT(+0.000);KCNQ5(+0.000);PRKCA(+0.000);SERINC5(+0.000)
C12orf4,False,0.07223463991713461,0.0,0.0008650715,-2.8610179e-05,ACTG1(-0.000);ACTB(-0.000);GNLY(-0.000);CCL5(-0.000);PFN1(-0.000);MCTP2(-0.000);RAP1GAP2(-0.000);TGFBR3(-0.000),LEF1(+0.000);MAML2(+0.000);CAMK4(+0.000);FOXP1(+0.000);BACH2(+0.000);BCL2(+0.000);SERINC5(+0.000);INPP4B(+0.000)
ERP27,False,0.08580930055061875,4.9773093e-06,0.00086275284,-1.2684414e-05,AOAH(-0.000);RAP1GAP2(-0.000);JAZF1(-0.000);SAMD3(-0.000);SYNE1(-0.000);CD247(-0.000);VAV3(-0.000);MYO1F(-0.000),CAMK4(+0.000);LEF1(+0.000);IL7R(+0.000);LTB(+0.000);BCL2(+0.000);BCL11B(+0.000);MAML2(+0.000);SERINC5(+0.000)
BCL2L13,False,0.16169655999563867,-2.5594368e-06,0.000861516,-4.747579e-05,LEF1(-0.000);MAML2(-0.000);BACH2(-0.000);CAMK4(-0.000);FOXP1(-0.000);SERINC5(-0.000);PDE3B(-0.000);FHIT(-0.000),AOAH(+0.000);RAP1GAP2(+0.000);MYO1F(+0.000);PLCB1(+0.000);GNLY(+0.000);CCL5(+0.000);MCTP2(+0.000);TGFBR3(+0.000)
NDUFAF6,False,0.22924276290683093,-4.300854e-06,0.0008556723,-3.1919008e-05,LEF1(-0.000);MAML2(-0.000);BACH2(-0.000);FOXP1(-0.000);SERINC5(-0.000);FHIT(-0.000);CAMK4(-0.000);PDE3B(-0.000),AOAH(+0.000);PLCB1(+0.000);MYO1F(+0.000);A2M(+0.000);RAP1GAP2(+0.000);PFN1(+0.000);SAMD3(+0.000);SYNE1(+0.000)
ARMC10,False,0.08886223627541844,0.0,0.0008520615,-5.696804e-07,PFN1(-0.000);ACTG1(-0.000);S100A4(-0.000);ACTB(-0.000);PLCB1(-0.000);MYO1F(-0.000);AOAH(-0.000);A2M(-0.000),LEF1(+0.000);MAML2(+0.000);BACH2(+0.000);FOXP1(+0.000);SERINC5(+0.000);PRKCA(+0.000);FHIT(+0.000);PDE3B(+0.000)
PRPF38B,False,0.31597884751676386,-1.1821642e-06,0.00085155695,-5.7694597e-05,PLCB1(-0.000);A2M(-0.000);AOAH(-0.000);CCL5(-0.000);MCTP2(-0.000);MYO1F(-0.000);SYNE2(-0.000);KLRG1(-0.000),LEF1(+0.000);BACH2(+0.000);FOXP1(+0.000);MAML2(+0.000);FHIT(+0.000);SERINC5(+0.000);PRKCA(+0.000);PDE3B(+0.000)
MRPS9,False,0.11126860382707299,5.039595e-07,0.00085124944,9.854071e-06,AOAH(-0.000);PLCB1(-0.000);CCL5(-0.000);MYO1F(-0.000);RAP1GAP2(-0.000);A2M(-0.000);SYNE1(-0.000);SAMD3(-0.000),LEF1(+0.000);MAML2(+0.000);BACH2(+0.000);FOXP1(+0.000);CAMK4(+0.000);SERINC5(+0.000);PDE3B(+0.000);FHIT(+0.000)
DIDO1,False,0.28648530774682435,7.958085e-06,0.00085065834,0.00021781679,TRAC(-0.000);CAMK4(-0.000);TRBC1(-0.000);CD3D(-0.000);TRBC2(-0.000);LEF1(-0.000);LTB(-0.000);FOXP1(-0.000),CD247(+0.000);AOAH(+0.000);B2M(+0.000);SYNE1(+0.000);PRKCH(+0.000);ITGB2(+0.000);JAZF1(+0.000);CELF2(+0.000)
PTGES3,False,0.42206836395355185,8.1506405e-06,0.0008503277,4.4345443e-06,GNLY(-0.000);MCTP2(-0.000);TGFBR3(-0.000);CCL5(-0.000);CTSW(-0.000);TYROBP(-0.000);PPP2R2B(-0.000);ZBTB16(-0.000),IL32(+0.000);PHACTR2(+0.000);LTB(+0.000);IL7R(+0.000);S100A4(+0.000);RPL11(+0.000);RPS18(+0.000);TRAC(+0.000)
NR1H2,True,0.07986697922913373,-5.8385567e-06,0.000849295,-0.00080303627,IL7R(-0.000);CCL5(-0.000);TXK(-0.000);CYBA(-0.000);ITGB2(-0.000);SYNE2(-0.000);TSHZ2(-0.000);LEF1(-0.000),TRAC(+0.000);HCST(+0.000);JUN(+0.000);TRBC1(+0.000);TRBC2(+0.000);PFN1(+0.000);FOS(+0.000);CD3D(+0.000)
TMED3,False,0.05277217467153682,0.0,0.00084882625,2.2291038e-05,LEF1(-0.000);MAML2(-0.000);BACH2(-0.000);FOXP1(-0.000);SERINC5(-0.000);PRKCA(-0.000);FHIT(-0.000);PDE3B(-0.000),S100A4(+0.000);ACTG1(+0.000);ACTB(+0.000);PFN1(+0.000);IL32(+0.000);PLCB1(+0.000);TMSB4X(+0.000);CCL5(+0.000)
MICAL3,False,0.09889331079976013,-5.502945e-06,0.00084831,-6.8319176e-05,IL32(-0.000);S100A4(-0.000);PHACTR2(-0.000);LTB(-0.000);IL7R(-0.000);RPL11(-0.000);GZMK(-0.000);B2M(-0.000),BACH2(+0.000);LEF1(+0.000);FOXP1(+0.000);MAML2(+0.000);KCNQ5(+0.000);TXK(+0.000);FHIT(+0.000);ZBTB20(+0.000)
RAB27A,False,0.09142452161587528,2.0843334e-05,0.00084799016,1.644887e-05,LEF1(-0.000);MAML2(-0.000);BACH2(-0.000);FOXP1(-0.000);SERINC5(-0.000);CAMK4(-0.000);PDE3B(-0.000);PRKCA(-0.000),ACTG1(+0.000);ACTB(+0.000);CCL5(+0.000);PFN1(+0.000);S100A4(+0.000);MYO1F(+0.000);RAP1GAP2(+0.000);TMSB4X(+0.000)
WDR89,False,0.12140871177015758,-4.6719992e-06,0.0008464376,2.7638518e-05,MAML2(-0.000);LEF1(-0.000);BACH2(-0.000);FOXP1(-0.000);ZBTB20(-0.000);SERINC5(-0.000);PRKCA(-0.000);BCL2(-0.000),ACTB(+0.000);ACTG1(+0.000);PFN1(+0.000);S100A4(+0.000);GAPDH(+0.000);IL32(+0.000);CORO1A(+0.000);TMSB4X(+0.000)
CEP135,False,0.17603445456032277,-1.9113257e-05,0.0008458774,6.560457e-06,LEF1(-0.000);BACH2(-0.000);FOXP1(-0.000);FHIT(-0.000);MAML2(-0.000);SERINC5(-0.000);PRKCA(-0.000);SELL(-0.000),PLCB1(+0.000);A2M(+0.000);PHACTR2(+0.000);CCL5(+0.000);IL32(+0.000);IL7R(+0.000);KLRG1(+0.000);PARP8(+0.000)
FBXO33,False,0.25666466772065644,9.146191e-06,0.0008448781,-8.9389854e-05,IL7R(-0.000);IL32(-0.000);PHACTR2(-0.000);LTB(-0.000);RPL11(-0.000);RPL13(-0.000);RPS18(-0.000);A2M(-0.000),JAZF1(+0.000);KCNQ5(+0.000);TFDP2(+0.000);SMC4(+0.000);IFI16(+0.000);CD247(+0.000);PLCG2(+0.000);MCTP2(+0.000)
RYK,False,0.22831597884751678,8.736163e-06,0.0008425347,4.7535148e-05,IL32(-0.000);PHACTR2(-0.000);S100A4(-0.000);A2M(-0.000);PLCB1(-0.000);PFN1(-0.000);KLRG1(-0.000);GZMK(-0.000),LEF1(+0.000);BACH2(+0.000);MAML2(+0.000);FOXP1(+0.000);FHIT(+0.000);TXK(+0.000);PRKCA(+0.000);ZBTB20(+0.000)
ANK1,False,0.014610478111541187,0.0,0.0008408654,-6.488219e-06,LEF1(-0.000);MAML2(-0.000);BACH2(-0.000);FOXP1(-0.000);SERINC5(-0.000);CAMK4(-0.000);PDE3B(-0.000);FHIT(-0.000),AOAH(+0.000);PLCB1(+0.000);MYO1F(+0.000);RAP1GAP2(+0.000);A2M(+0.000);SYNE1(+0.000);SAMD3(+0.000);NCALD(+0.000)
GRAMD1A,False,0.20896254702066183,-7.227621e-06,0.00083900674,-0.00012774245,ZBTB20(-0.000);TXK(-0.000);MAML2(-0.000);GNLY(-0.000);PITPNC1(-0.000);BACH2(-0.000);MBNL1(-0.000);DOCK10(-0.000),PFN1(+0.000);TMSB10(+0.000);ACTG1(+0.000);IL32(+0.000);S100A4(+0.000);GAPDH(+0.000);MYL6(+0.000);VIM(+0.000)
MINDY2,False,0.08182958076650493,6.543188e-07,0.0008387334,5.8721856e-05,LEF1(-0.000);MAML2(-0.000);FOXP1(-0.000);BACH2(-0.000);SERINC5(-0.000);BCL2(-0.000);CAMK4(-0.000);INPP4B(-0.000),ACTB(+0.000);ACTG1(+0.000);PFN1(+0.000);S100A4(+0.000);TMSB4X(+0.000);GAPDH(+0.000);CORO1A(+0.000);PTMA(+0.000)
SF3B2,False,0.24368969089025788,-2.4569252e-05,0.00083463703,-4.031545e-05,ACTB(-0.000);ACTG1(-0.000);GAPDH(-0.000);TMSB10(-0.000);PTMA(-0.000);CORO1A(-0.000);PFN1(-0.000);ARHGDIB(-0.000),AOAH(+0.000);PLCB1(+0.000);UTRN(+0.000);PITPNC1(+0.000);A2M(+0.000);ARHGAP26(+0.000);JAZF1(+0.000);PARP8(+0.000)
CARD8,False,0.20176634138363408,-8.733735e-06,0.0008320744,-0.000114194474,CD247(-0.000);AOAH(-0.000);JAZF1(-0.000);KCNQ5(-0.000);TXK(-0.000);SFMBT2(-0.000);MAPRE2(-0.000);PRKCH(-0.000),IL32(+0.000);TRAC(+0.000);PHACTR2(+0.000);LTB(+0.000);IL7R(+0.000);CD3D(+0.000);CAMK4(+0.000);TRBC2(+0.000)
KIAA0825,False,0.05211797415907977,0.0,0.00083126035,4.4690005e-05,PLCB1(-0.000);A2M(-0.000);PFN1(-0.000);S100A4(-0.000);MYO1F(-0.000);CCL5(-0.000);AOAH(-0.000);PHACTR2(-0.000),LEF1(+0.000);BACH2(+0.000);MAML2(+0.000);FOXP1(+0.000);SERINC5(+0.000);FHIT(+0.000);PRKCA(+0.000);PDE3B(+0.000)
ZRANB3,False,0.16458594559232403,4.3498703e-06,0.00083051634,6.6794324e-05,GNLY(-0.000);CCL5(-0.000);PFN1(-0.000);CTSW(-0.000);MYO1F(-0.000);TGFBR3(-0.000);ACTG1(-0.000);PLCB1(-0.000),LEF1(+0.000);MAML2(+0.000);BACH2(+0.000);FOXP1(+0.000);SERINC5(+0.000);CAMK4(+0.000);PDE3B(+0.000);PRKCA(+0.000)
JAKMIP2,False,0.03205582511039634,1.3239552e-05,0.00082962716,8.8736415e-06,LEF1(-0.000);MAML2(-0.000);BACH2(-0.000);FOXP1(-0.000);SERINC5(-0.000);FHIT(-0.000);PRKCA(-0.000);PDE3B(-0.000),PLCB1(+0.000);CCL5(+0.000);A2M(+0.000);S100A4(+0.000);MYO1F(+0.000);AOAH(+0.000);PFN1(+0.000);ACTG1(+0.000)
SEPTIN1,False,0.18317614348797906,-3.6517479e-06,0.0008292468,-4.699731e-05,AOAH(-0.000);CCL5(-0.000);PLCB1(-0.000);RAP1GAP2(-0.000);MYO1F(-0.000);SYNE1(-0.000);SAMD3(-0.000);JAZF1(-0.000),LEF1(+0.000);FOXP1(+0.000);MAML2(+0.000);BACH2(+0.000);CAMK4(+0.000);SERINC5(+0.000);PDE3B(+0.000);FHIT(+0.000)
GON4L,False,0.2706209453197405,-2.6044067e-06,0.0008277393,-6.466473e-05,LEF1(-0.000);BACH2(-0.000);MAML2(-0.000);FOXP1(-0.000);SERINC5(-0.000);FHIT(-0.000);PRKCA(-0.000);PDE3B(-0.000),PLCB1(+0.000);A2M(+0.000);CCL5(+0.000);AOAH(+0.000);MYO1F(+0.000);PHACTR2(+0.000);HCST(+0.000);S100A4(+0.000)
ZNF207,False,0.3204492176852205,-1.8677143e-05,0.00082593673,-0.00013690708,LEF1(-0.000);BACH2(-0.000);SERINC5(-0.000);FHIT(-0.000);MAML2(-0.000);EEF1A1(-0.000);PDE3B(-0.000);PRKCA(-0.000),AOAH(+0.000);PLCB1(+0.000);A2M(+0.000);PARP8(+0.000);MYO1F(+0.000);HCST(+0.000);PZP(+0.000);ARHGAP26(+0.000)
ZNF367,False,0.01880826473314071,0.0,0.0008248615,-3.9357196e-06,BACH2(-0.000);KCNQ5(-0.000);CD247(-0.000);TXK(-0.000);LEF1(-0.000);SFMBT2(-0.000);ATP10A(-0.000);FOXP1(-0.000),IL32(+0.000);GZMK(+0.000);PHACTR2(+0.000);IL7R(+0.000);LTB(+0.000);S100A4(+0.000);A2M(+0.000);RPL11(+0.000)
EFHD2,False,0.05958676334296461,-2.961392e-06,0.00082084106,2.2069673e-06,S100A4(-0.000);ACTG1(-0.000);PFN1(-0.000);ACTB(-0.000);PLCB1(-0.000);MYO1F(-0.000);A2M(-0.000);IL32(-0.000),LEF1(+0.000);MAML2(+0.000);BACH2(+0.000);FOXP1(+0.000);SERINC5(+0.000);FHIT(+0.000);PRKCA(+0.000);PDE3B(+0.000)
ESF1,False,0.10112849588398842,-5.752434e-06,0.0008201589,2.2414066e-05,LEF1(-0.000);MAML2(-0.000);BACH2(-0.000);FOXP1(-0.000);SERINC5(-0.000);FHIT(-0.000);PRKCA(-0.000);PDE3B(-0.000),S100A4(+0.000);PLCB1(+0.000);PFN1(+0.000);ACTB(+0.000);CCL5(+0.000);PHACTR2(+0.000);IL32(+0.000);ACTG1(+0.000)
CWC27,False,0.18175870904432204,7.943049e-06,0.0008182886,0.00013064774,IL32(-0.000);PHACTR2(-0.000);PFN1(-0.000);S100A4(-0.000);TRAC(-0.000);S100A6(-0.000);GZMK(-0.000);A2M(-0.000),TXK(+0.000);BACH2(+0.000);CD247(+0.000);ZBTB20(+0.000);KCNQ5(+0.000);LEF1(+0.000);MAML2(+0.000);SFMBT2(+0.000)
AC006369.1,False,0.10003816169655999,-1.9639763e-05,0.0008181737,1.24136905e-05,IL7R(-0.000);A2M(-0.000);LTB(-0.000);PHACTR2(-0.000);PLCB1(-0.000);BCL2(-0.000);KLRG1(-0.000);IL32(-0.000),SMC4(+0.000);GAPDH(+0.000);DNMT1(+0.000);PTMA(+0.000);TMPO(+0.000);KCNQ5(+0.000);DEK(+0.000);IFI16(+0.000)
PCM1,False,0.47783895764051687,-2.1534206e-05,0.00081700564,-0.00016198275,LEF1(-0.000);BACH2(-0.000);MAML2(-0.000);SERINC5(-0.000);FOXP1(-0.000);FHIT(-0.000);PRKCA(-0.000);ARHGAP15(-0.000),PLCB1(+0.000);PHACTR2(+0.000);AOAH(+0.000);PFN1(+0.000);A2M(+0.000);GNLY(+0.000);GZMK(+0.000);CCL5(+0.000)
LPCAT1,False,0.040451398353595375,-1.0295914e-05,0.00081644783,-4.0457266e-07,AOAH(-0.000);RAP1GAP2(-0.000);MYO1F(-0.000);JAZF1(-0.000);ACTG1(-0.000);SAMD3(-0.000);SYNE1(-0.000);ACTB(-0.000),LEF1(+0.000);CAMK4(+0.000);MAML2(+0.000);IL7R(+0.000);FOXP1(+0.000);BACH2(+0.000);SERINC5(+0.000);BCL2(+0.000)
SLC36A4,False,0.1029275472932454,0.0,0.0008159255,3.8454567e-05,PLCB1(-0.000);A2M(-0.000);GNLY(-0.000);CCL5(-0.000);PHACTR2(-0.000);IL7R(-0.000);PARP8(-0.000);GZMK(-0.000),SMC4(+0.000);LEF1(+0.000);ACTG1(+0.000);HNRNPA2B1(+0.000);ACTB(+0.000);GAPDH(+0.000);LGALS1(+0.000);ITGB1(+0.000)
RFC3,False,0.0680913700049065,-1.088096e-05,0.0008121168,-2.7562812e-05,LEF1(-0.000);BACH2(-0.000);MAML2(-0.000);FOXP1(-0.000);SERINC5(-0.000);FHIT(-0.000);PRKCA(-0.000);PDE3B(-0.000),PLCB1(+0.000);PHACTR2(+0.000);A2M(+0.000);IL32(+0.000);S100A4(+0.000);PFN1(+0.000);MYO1F(+0.000);KLRG1(+0.000)
AC243829.4,False,0.022515400970397427,0.0,0.0008114359,-5.782104e-06,IL32(-0.000);S100A4(-0.000);PHACTR2(-0.000);PLCB1(-0.000);A2M(-0.000);PFN1(-0.000);KLRG1(-0.000);ACTB(-0.000),LEF1(+0.000);BACH2(+0.000);MAML2(+0.000);FOXP1(+0.000);FHIT(+0.000);SERINC5(+0.000);PRKCA(+0.000);PDE3B(+0.000)
MRPL48,False,0.07485144196696288,0.0,0.00080975424,-1.5317344e-05,IL7R(-0.000);CAMK4(-0.000);LTB(-0.000);BCL2(-0.000);BCL11B(-0.000);LEF1(-0.000);MAML2(-0.000);INPP4B(-0.000),AOAH(+0.000);RAP1GAP2(+0.000);JAZF1(+0.000);SAMD3(+0.000);CD247(+0.000);VAV3(+0.000);TYROBP(+0.000);SYNE1(+0.000)
AC078845.1,False,0.08008504606661943,0.0,0.00080962,2.7847367e-05,LEF1(-0.000);CAMK4(-0.000);MAML2(-0.000);FOXP1(-0.000);IL7R(-0.000);BCL2(-0.000);SERINC5(-0.000);BACH2(-0.000),GNLY(+0.000);AOAH(+0.000);MCTP2(+0.000);CCL5(+0.000);RAP1GAP2(+0.000);TGFBR3(+0.000);JAZF1(+0.000);MYO1F(+0.000)
CORO2A,False,0.05031892274982282,0.0,0.0008096185,7.692365e-06,LEF1(-0.000);MAML2(-0.000);BACH2(-0.000);FOXP1(-0.000);SERINC5(-0.000);CAMK4(-0.000);PDE3B(-0.000);PRKCA(-0.000),ACTG1(+0.000);PFN1(+0.000);ACTB(+0.000);MYO1F(+0.000);AOAH(+0.000);CCL5(+0.000);S100A4(+0.000);PLCB1(+0.000)
SUCO,False,0.24816006105871452,-9.511227e-06,0.000809303,-1.957854e-05,LEF1(-0.000);MAML2(-0.000);FOXP1(-0.000);BACH2(-0.000);SERINC5(-0.000);CAMK4(-0.000);PDE3B(-0.000);PRKCA(-0.000),AOAH(+0.000);PLCB1(+0.000);MYO1F(+0.000);PFN1(+0.000);RAP1GAP2(+0.000);MYBL1(+0.000);DNAJC1(+0.000);SAMD3(+0.000)
TNFRSF10B,False,0.06253066564902143,0.0,0.00080892135,4.9953625e-05,LEF1(-0.000);BACH2(-0.000);MAML2(-0.000);FOXP1(-0.000);SERINC5(-0.000);FHIT(-0.000);PRKCA(-0.000);PDE3B(-0.000),PLCB1(+0.000);A2M(+0.000);S100A4(+0.000);CCL5(+0.000);MYO1F(+0.000);AOAH(+0.000);ACTB(+0.000);SYNE2(+0.000)
DGKH,False,0.2270075778226026,1.3150761e-05,0.0008066665,-3.474592e-06,GNLY(-0.000);AOAH(-0.000);MCTP2(-0.000);TGFBR3(-0.000);CTSW(-0.000);JAZF1(-0.000);KCNQ5(-0.000);CD247(-0.000),IL32(+0.000);LTB(+0.000);IL7R(+0.000);CAMK4(+0.000);RPL11(+0.000);RPL30(+0.000);RPL34(+0.000);RPL28(+0.000)
FBXO32,False,0.1359101564629559,-4.914643e-06,0.0008057222,-4.2319727e-05,LEF1(-0.000);BACH2(-0.000);MAML2(-0.000);FOXP1(-0.000);FHIT(-0.000);SERINC5(-0.000);PRKCA(-0.000);PDE3B(-0.000),PLCB1(+0.000);A2M(+0.000);CCL5(+0.000);GNLY(+0.000);GZMK(+0.000);PHACTR2(+0.000);IL32(+0.000);S100A4(+0.000)
RAB27B,False,0.03363680968216758,-6.5590834e-06,0.00080432405,-2.8862175e-06,NKG7(-0.000);GNLY(-0.000);AOAH(-0.000);MYO1F(-0.000);PLCB1(-0.000);RAP1GAP2(-0.000);ACTG1(-0.000);PFN1(-0.000),LEF1(+0.000);MAML2(+0.000);BACH2(+0.000);FOXP1(+0.000);SERINC5(+0.000);CAMK4(+0.000);PDE3B(+0.000);PRKCA(+0.000)
GCH1,False,0.051954424030965486,-4.162609e-06,0.0008026649,1.865472e-05,PLCB1(-0.000);CCL5(-0.000);A2M(-0.000);S100A4(-0.000);MYO1F(-0.000);PFN1(-0.000);AOAH(-0.000);PHACTR2(-0.000),LEF1(+0.000);BACH2(+0.000);MAML2(+0.000);FOXP1(+0.000);SERINC5(+0.000);FHIT(+0.000);PRKCA(+0.000);PDE3B(+0.000)
TSC22D2,False,0.10499918224935943,-4.399174e-06,0.00080219004,-2.2706316e-05,AOAH(-0.000);CCL5(-0.000);PLCB1(-0.000);GNLY(-0.000);RAP1GAP2(-0.000);MYO1F(-0.000);SYNE1(-0.000);SAMD3(-0.000),LEF1(+0.000);MAML2(+0.000);FOXP1(+0.000);CAMK4(+0.000);BACH2(+0.000);SERINC5(+0.000);PDE3B(+0.000);FHIT(+0.000)
LCMT1,False,0.08580930055061876,0.0,0.00080163527,-9.82471e-07,PLCB1(-0.000);A2M(-0.000);PHACTR2(-0.000);CCL5(-0.000);IL32(-0.000);S100A4(-0.000);KLRG1(-0.000);PARP8(-0.000),LEF1(+0.000);BACH2(+0.000);MAML2(+0.000);FOXP1(+0.000);FHIT(+0.000);SERINC5(+0.000);PRKCA(+0.000);PDE3B(+0.000)
EPC2,False,0.32382925366624876,1.0244001e-06,0.000798671,-9.0896665e-06,IL32(-0.000);ACTB(-0.000);S100A4(-0.000);ACTG1(-0.000);PFN1(-0.000);TMSB4X(-0.000);TMSB10(-0.000);CORO1A(-0.000),ZBTB20(+0.000);MAML2(+0.000);TXK(+0.000);BACH2(+0.000);FOXP1(+0.000);LEF1(+0.000);AOAH(+0.000);CCL5(+0.000)
PRR5L,False,0.03996074796925258,-1.2629875e-05,0.0007977223,8.043103e-06,GNLY(-0.000);CCL5(-0.000);AOAH(-0.000);PFN1(-0.000);MYO1F(-0.000);ACTG1(-0.000);PLCB1(-0.000);RAP1GAP2(-0.000),LEF1(+0.000);MAML2(+0.000);BACH2(+0.000);FOXP1(+0.000);SERINC5(+0.000);CAMK4(+0.000);PDE3B(+0.000);PRKCA(+0.000)
TAOK1,False,0.1666575805484381,-1.2243738e-05,0.00079679664,2.8217858e-06,KCNQ5(-0.000);BACH2(-0.000);SMC4(-0.000);LEF1(-0.000);DNMT1(-0.000);WWOX(-0.000);SSBP2(-0.000);TMPO(-0.000),IL32(+0.000);PHACTR2(+0.000);IL7R(+0.000);A2M(+0.000);LTB(+0.000);PLCB1(+0.000);KLRG1(+0.000);GZMK(+0.000)
TEC,False,0.03423649348525323,0.0,0.0007965305,9.091328e-06,AOAH(-0.000);RAP1GAP2(-0.000);JAZF1(-0.000);SAMD3(-0.000);CD247(-0.000);DNAJC1(-0.000);VAV3(-0.000);SYNE1(-0.000),IL7R(+0.000);CAMK4(+0.000);LTB(+0.000);BCL2(+0.000);LEF1(+0.000);BCL11B(+0.000);MAML2(+0.000);INPP4B(+0.000)
HNRNPA3,False,0.2681131766886551,4.46201e-06,0.0007954798,-6.0986444e-05,GNLY(-0.000);CCL5(-0.000);CTSW(-0.000);PLCB1(-0.000);AOAH(-0.000);TGFBR3(-0.000);MCTP2(-0.000);PPP2R2B(-0.000),LEF1(+0.000);FOXP1(+0.000);BACH2(+0.000);SERINC5(+0.000);MAML2(+0.000);FHIT(+0.000);CAMK4(+0.000);PDE3B(+0.000)
TAF4B,False,0.14719511530284032,-5.711501e-06,0.0007915017,-9.139739e-05,IL7R(-0.000);IL32(-0.000);LTB(-0.000);PHACTR2(-0.000);RPL11(-0.000);RPL13(-0.000);RPS18(-0.000);RPS2(-0.000),AOAH(+0.000);JAZF1(+0.000);MCTP2(+0.000);TYROBP(+0.000);RAP1GAP2(+0.000);VAV3(+0.000);TFDP2(+0.000);PLCG2(+0.000)
HEG1,False,0.08657253448181867,9.581791e-06,0.0007908344,3.225818e-05,MAML2(-0.000);BCL2(-0.000);LEF1(-0.000);IL7R(-0.000);CAMK4(-0.000);FOXP1(-0.000);INPP4B(-0.000);BCL11B(-0.000),ACTB(+0.000);ACTG1(+0.000);PFN1(+0.000);GAPDH(+0.000);PTMA(+0.000);RAP1GAP2(+0.000);CORO1A(+0.000);TMSB4X(+0.000)
MAPKBP1,False,0.059586763342964616,0.0,0.00079054007,-3.0421797e-06,LEF1(-0.000);MAML2(-0.000);CAMK4(-0.000);BACH2(-0.000);FOXP1(-0.000);SERINC5(-0.000);PDE3B(-0.000);FHIT(-0.000),GNLY(+0.000);CCL5(+0.000);AOAH(+0.000);TGFBR3(+0.000);PLCB1(+0.000);MCTP2(+0.000);CTSW(+0.000);MYO1F(+0.000)
FAM171A1,False,0.027367388104454018,0.0,0.00078962126,-1.8428973e-05,LEF1(-0.000);MAML2(-0.000);BACH2(-0.000);FOXP1(-0.000);SERINC5(-0.000);FHIT(-0.000);PRKCA(-0.000);PDE3B(-0.000),PLCB1(+0.000);PFN1(+0.000);S100A4(+0.000);MYO1F(+0.000);ACTG1(+0.000);A2M(+0.000);AOAH(+0.000);ACTB(+0.000)
R3HDM2,False,0.5138745025350271,-2.0919688e-05,0.00078857585,-7.364914e-06,MCTP2(-0.000);GNLY(-0.000);TGFBR3(-0.000);CCL5(-0.000);MAML2(-0.000);CTSW(-0.000);FOXP1(-0.000);LEF1(-0.000),PFN1(+0.000);GAPDH(+0.000);PTMA(+0.000);ACTB(+0.000);RPLP0(+0.000);PHACTR2(+0.000);PPIA(+0.000);H2AFV(+0.000)
DEAF1,False,0.08510058332879028,-8.450501e-06,0.00078663696,-2.5651316e-05,IL32(-0.000);S100A4(-0.000);RPL11(-0.000);LTB(-0.000);PHACTR2(-0.000);ACTB(-0.000);RPL28(-0.000);RPS2(-0.000),AOAH(+0.000);KCNQ5(+0.000);JAZF1(+0.000);TXK(+0.000);ZBTB20(+0.000);CD247(+0.000);SFMBT2(+0.000);BACH2(+0.000)
ANGEL1,False,0.04693888676879463,0.0,0.0007863801,7.683522e-06,PFN1(-0.000);ACTG1(-0.000);ACTB(-0.000);S100A4(-0.000);GAPDH(-0.000);CORO1A(-0.000);TMSB4X(-0.000);FLNA(-0.000),LEF1(+0.000);MAML2(+0.000);BACH2(+0.000);FOXP1(+0.000);SERINC5(+0.000);PRKCA(+0.000);PDE3B(+0.000);INPP4B(+0.000)
WDSUB1,False,0.027803521779425397,0.0,0.0007803492,1.37026145e-05,LEF1(-0.000);CAMK4(-0.000);IL7R(-0.000);MAML2(-0.000);LTB(-0.000);BCL2(-0.000);BCL11B(-0.000);SERINC5(-0.000),AOAH(+0.000);MCTP2(+0.000);RAP1GAP2(+0.000);CTSW(+0.000);JAZF1(+0.000);CCL5(+0.000);SAMD3(+0.000);SYNE1(+0.000)
AGAP3,False,0.0441585345908521,0.0,0.00077776227,3.5350608e-05,AOAH(-0.000);RAP1GAP2(-0.000);JAZF1(-0.000);SAMD3(-0.000);PLCB1(-0.000);MYO1F(-0.000);SYNE1(-0.000);ARHGAP26(-0.000),LEF1(+0.000);CAMK4(+0.000);IL7R(+0.000);MAML2(+0.000);SERINC5(+0.000);BCL11B(+0.000);PDE3B(+0.000);LTB(+0.000)
HPGD,False,0.023278634901597338,0.0,0.0007753036,-4.3343428e-07,LEF1(-0.000);CAMK4(-0.000);MAML2(-0.000);SERINC5(-0.000);FOXP1(-0.000);IL7R(-0.000);PDE3B(-0.000);BACH2(-0.000),AOAH(+0.000);MCTP2(+0.000);RAP1GAP2(+0.000);TGFBR3(+0.000);CCL5(+0.000);JAZF1(+0.000);CTSW(+0.000);SAMD3(+0.000)
PPDPF,False,0.1775609224227226,-1.4880478e-06,0.00077456067,-3.5354657e-05,LEF1(-0.000);CAMK4(-0.000);MAML2(-0.000);IL7R(-0.000);SERINC5(-0.000);FOXP1(-0.000);BCL11B(-0.000);BACH2(-0.000),AOAH(+0.000);RAP1GAP2(+0.000);MYO1F(+0.000);JAZF1(+0.000);SAMD3(+0.000);DNAJC1(+0.000);PFN1(+0.000);SYNE1(+0.000)
AL590764.1,False,0.04726598702502317,0.0,0.00077243894,3.0666095e-05,LEF1(-0.000);BACH2(-0.000);MAML2(-0.000);FOXP1(-0.000);FHIT(-0.000);PRKCA(-0.000);SERINC5(-0.000);TXK(-0.000),IL32(+0.000);S100A4(+0.000);PHACTR2(+0.000);A2M(+0.000);PLCB1(+0.000);ACTB(+0.000);KLRG1(+0.000);HLA-B(+0.000)
SCARB2,False,0.08188409747587636,1.8345225e-06,0.00077224465,-4.2117164e-05,GNLY(-0.000);AOAH(-0.000);MCTP2(-0.000);PRF1(-0.000);RAP1GAP2(-0.000);JAZF1(-0.000);CD247(-0.000);TGFBR3(-0.000),CAMK4(+0.000);IL7R(+0.000);LTB(+0.000);BCL2(+0.000);LEF1(+0.000);BCL11B(+0.000);MAML2(+0.000);TRAC(+0.000)
AF228727.1,False,0.0741972414545058,0.0,0.00077016983,6.061259e-05,MAML2(-0.000);BCL2(-0.000);CAMK4(-0.000);LEF1(-0.000);IL7R(-0.000);FOXP1(-0.000);INPP4B(-0.000);ANK3(-0.000),ACTB(+0.000);ACTG1(+0.000);PFN1(+0.000);GAPDH(+0.000);TMSB4X(+0.000);RAP1GAP2(+0.000);CORO1A(+0.000);PTMA(+0.000)
COLQ,False,0.05386250885896528,-2.763498e-07,0.00076750666,-1.3319376e-05,IL32(-0.000);PHACTR2(-0.000);IL7R(-0.000);LTB(-0.000);A2M(-0.000);PLCB1(-0.000);S100A4(-0.000);KLRG1(-0.000),KCNQ5(+0.000);BACH2(+0.000);LEF1(+0.000);SMC4(+0.000);CD247(+0.000);SSBP2(+0.000);ATP10A(+0.000);WWOX(+0.000)
NDUFA1,False,0.20634574497083358,-2.9842618e-05,0.0007674445,-9.181713e-05,ACTB(-0.000);ACTG1(-0.000);TMSB4X(-0.000);S100A4(-0.000);IL32(-0.000);HLA-A(-0.000);B2M(-0.000);CORO1A(-0.000),AOAH(+0.000);TXK(+0.000);MAML2(+0.000);ZBTB20(+0.000);BACH2(+0.000);GNLY(+0.000);FOXP1(+0.000);KCNQ5(+0.000)
VIM-AS1,False,0.0856457504225045,0.0,0.0007642727,1.16602905e-05,IL32(-0.000);ACTB(-0.000);ACTG1(-0.000);PFN1(-0.000);S100A4(-0.000);TMSB10(-0.000);CORO1A(-0.000);TMSB4X(-0.000),GNLY(+0.000);ZBTB20(+0.000);TXK(+0.000);AOAH(+0.000);MAML2(+0.000);BACH2(+0.000);PITPNC1(+0.000);KCNQ5(+0.000)
ZFR,False,0.2772719838630541,-2.5671736e-06,0.000763584,4.82663e-05,PLCB1(-0.000);A2M(-0.000);CCL5(-0.000);PHACTR2(-0.000);MYO1F(-0.000);AOAH(-0.000);S100A4(-0.000);PFN1(-0.000),LEF1(+0.000);BACH2(+0.000);MAML2(+0.000);FOXP1(+0.000);SERINC5(+0.000);FHIT(+0.000);PRKCA(+0.000);PDE3B(+0.000)
LBH,False,0.1973504879245489,-1.669679e-06,0.00076316367,8.620834e-06,MAML2(-0.000);LEF1(-0.000);BACH2(-0.000);FOXP1(-0.000);SERINC5(-0.000);BCL2(-0.000);ZBTB20(-0.000);INPP4B(-0.000),ACTG1(+0.000);ACTB(+0.000);PFN1(+0.000);S100A4(+0.000);GAPDH(+0.000);TMSB4X(+0.000);CORO1A(+0.000);CCL5(+0.000)
PEAK1,False,0.034181976775881806,-1.7422855e-05,0.0007626219,-1.5318145e-05,GNLY(-0.000);MCTP2(-0.000);AOAH(-0.000);TGFBR3(-0.000);RAP1GAP2(-0.000);JAZF1(-0.000);CD247(-0.000);NKG7(-0.000),IL7R(+0.000);CAMK4(+0.000);LTB(+0.000);BCL2(+0.000);LEF1(+0.000);BCL11B(+0.000);IL32(+0.000);TRAC(+0.000)
SGPP1,False,0.11295862181758709,-6.1657543e-06,0.00075816683,-3.90963e-06,LEF1(-0.000);BACH2(-0.000);FOXP1(-0.000);MAML2(-0.000);FHIT(-0.000);PRKCA(-0.000);SERINC5(-0.000);KCNQ5(-0.000),PHACTR2(+0.000);IL32(+0.000);PLCB1(+0.000);A2M(+0.000);S100A4(+0.000);GZMK(+0.000);KLRG1(+0.000);CCL5(+0.000)
TTC7A,False,0.13340238783187047,-2.1910995e-07,0.0007577496,-1.6305452e-05,IL7R(-0.000);LTB(-0.000);IL32(-0.000);PHACTR2(-0.000);CAMK4(-0.000);GZMK(-0.000);RPL11(-0.000);BCL2(-0.000),MCTP2(+0.000);AOAH(+0.000);JAZF1(+0.000);CD247(+0.000);RAP1GAP2(+0.000);KCNQ5(+0.000);TFDP2(+0.000);GNLY(+0.000)
MIR4435-2HG,False,0.021861200457940357,-2.5727677e-05,0.00075630035,2.3068882e-05,GNLY(-0.000);NKG7(-0.000);ZEB2(-0.000);AOAH(-0.000);PRF1(-0.000);CCL5(-0.000);MYO1F(-0.000);PLCB1(-0.000),LEF1(+0.000);MAML2(+0.000);BACH2(+0.000);CAMK4(+0.000);FOXP1(+0.000);SERINC5(+0.000);PDE3B(+0.000);FHIT(+0.000)
MRPS27,False,0.0939868069563321,-2.6940215e-06,0.00074958726,-6.846755e-05,CCL5(-0.000);AOAH(-0.000);PLCB1(-0.000);MYO1F(-0.000);RAP1GAP2(-0.000);CTSW(-0.000);SYNE1(-0.000);PPP2R2B(-0.000),LEF1(+0.000);MAML2(+0.000);FOXP1(+0.000);CAMK4(+0.000);SERINC5(+0.000);BACH2(+0.000);PDE3B(+0.000);FHIT(+0.000)
GTF2F2,False,0.2350215341002017,-3.6662673e-06,0.0007494832,1.3476755e-05,LEF1(-0.000);MAML2(-0.000);FOXP1(-0.000);BACH2(-0.000);SERINC5(-0.000);FHIT(-0.000);PRKCA(-0.000);PDE3B(-0.000),PLCB1(+0.000);AOAH(+0.000);A2M(+0.000);MYO1F(+0.000);PFN1(+0.000);ACTB(+0.000);RAP1GAP2(+0.000);SYNE2(+0.000)
C20orf194,False,0.07485144196696288,-1.4254383e-06,0.00074763957,-2.42798e-05,AOAH(-0.000);JAZF1(-0.000);RAP1GAP2(-0.000);SYNE1(-0.000);SAMD3(-0.000);CD247(-0.000);UTRN(-0.000);VAV3(-0.000),CAMK4(+0.000);LEF1(+0.000);LTB(+0.000);IL32(+0.000);TRAC(+0.000);RPL11(+0.000);IL7R(+0.000);BCL11B(+0.000)
USP31,False,0.042032382925366624,0.0,0.000747597,2.5688281e-05,AOAH(-0.000);RAP1GAP2(-0.000);GNLY(-0.000);JAZF1(-0.000);SAMD3(-0.000);CTSW(-0.000);SYNE1(-0.000);MYO1F(-0.000),LEF1(+0.000);CAMK4(+0.000);IL7R(+0.000);MAML2(+0.000);LTB(+0.000);BCL11B(+0.000);SERINC5(+0.000);BCL2(+0.000)
AL683813.1,False,0.023987352123425836,0.0,0.0007466634,-1.7151324e-05,LEF1(-0.000);BACH2(-0.000);MAML2(-0.000);FOXP1(-0.000);SERINC5(-0.000);FHIT(-0.000);PRKCA(-0.000);PDE3B(-0.000),PLCB1(+0.000);S100A4(+0.000);IL32(+0.000);A2M(+0.000);PHACTR2(+0.000);PFN1(+0.000);ACTG1(+0.000);MYO1F(+0.000)
PCNX4,False,0.12211742899198605,4.9231558e-06,0.00074631115,-9.680191e-06,ACTB(-0.000);ACTG1(-0.000);S100A4(-0.000);PFN1(-0.000);IL32(-0.000);TMSB4X(-0.000);CORO1A(-0.000);GAPDH(-0.000),MAML2(+0.000);LEF1(+0.000);BACH2(+0.000);FOXP1(+0.000);ZBTB20(+0.000);SERINC5(+0.000);TXK(+0.000);PRKCA(+0.000)
PECAM1,False,0.0890803031129041,2.3523574e-08,0.00074531155,-1.8903103e-05,AOAH(-0.000);RAP1GAP2(-0.000);JAZF1(-0.000);SAMD3(-0.000);SYNE1(-0.000);CD247(-0.000);MYO1F(-0.000);VAV3(-0.000),LEF1(+0.000);CAMK4(+0.000);LTB(+0.000);IL7R(+0.000);SERINC5(+0.000);BCL11B(+0.000);MAML2(+0.000);PDE3B(+0.000)
ITGB7,False,0.20787221283323337,-4.903651e-06,0.00074341375,-2.7300917e-05,LEF1(-0.000);FHIT(-0.000);SERINC5(-0.000);SELL(-0.000);BACH2(-0.000);PDE3B(-0.000);FOXP1(-0.000);EEF1A1(-0.000),AOAH(+0.000);PLCB1(+0.000);A2M(+0.000);PARP8(+0.000);CCL5(+0.000);ARHGAP26(+0.000);PZP(+0.000);MYO1F(+0.000)
ADAMTS6,False,0.0429591669846808,-5.1253123e-06,0.0007430486,1.5888076e-05,LEF1(-0.000);BACH2(-0.000);MAML2(-0.000);FOXP1(-0.000);SERINC5(-0.000);FHIT(-0.000);PRKCA(-0.000);PDE3B(-0.000),CCL5(+0.000);PLCB1(+0.000);AOAH(+0.000);A2M(+0.000);MYO1F(+0.000);CTSW(+0.000);TGFBR3(+0.000);PPP2R2B(+0.000)
ASB7,False,0.04682985335005179,0.0,0.0007423651,-3.4155983e-06,LEF1(-0.000);MAML2(-0.000);BACH2(-0.000);FOXP1(-0.000);SERINC5(-0.000);FHIT(-0.000);CAMK4(-0.000);PDE3B(-0.000),AOAH(+0.000);PLCB1(+0.000);CCL5(+0.000);GNLY(+0.000);MYO1F(+0.000);A2M(+0.000);RAP1GAP2(+0.000);CTSW(+0.000)
CENPF,False,0.027094804557596906,0.0,0.0007410527,-3.6394447e-06,CAMK4(-0.000);LEF1(-0.000);IL7R(-0.000);LTB(-0.000);BCL11B(-0.000);MAML2(-0.000);BCL2(-0.000);SERINC5(-0.000),AOAH(+0.000);RAP1GAP2(+0.000);JAZF1(+0.000);SAMD3(+0.000);CCL5(+0.000);SYNE1(+0.000);MYO1F(+0.000);CD247(+0.000)
EIF2AK4,False,0.0664013520143924,0.0,0.000738739,2.8612765e-06,IL32(-0.000);LTB(-0.000);IL7R(-0.000);CAMK4(-0.000);RPL11(-0.000);RPL30(-0.000);RPS18(-0.000);TRAC(-0.000),AOAH(+0.000);JAZF1(+0.000);RAP1GAP2(+0.000);CD247(+0.000);SAMD3(+0.000);MCTP2(+0.000);SYNE1(+0.000);VAV3(+0.000)
CD200R1,False,0.055061876465136564,0.0,0.00073860335,-7.4241057e-06,CCL5(-0.000);PLCB1(-0.000);S100A4(-0.000);ACTG1(-0.000);ACTB(-0.000);PFN1(-0.000);A2M(-0.000);MYO1F(-0.000),LEF1(+0.000);MAML2(+0.000);BACH2(+0.000);FOXP1(+0.000);SERINC5(+0.000);FHIT(+0.000);PRKCA(+0.000);PDE3B(+0.000)
NUP93,False,0.0632393828708499,-4.5570235e-07,0.00073456595,-2.7101325e-05,GNLY(-0.000);CCL5(-0.000);AOAH(-0.000);ACTG1(-0.000);RAP1GAP2(-0.000);ACTB(-0.000);MYO1F(-0.000);MCTP2(-0.000),LEF1(+0.000);MAML2(+0.000);CAMK4(+0.000);FOXP1(+0.000);BACH2(+0.000);SERINC5(+0.000);BCL2(+0.000);PDE3B(+0.000)
WDR20,False,0.1663304802922096,-4.654973e-06,0.0007338661,1.4984969e-05,LEF1(-0.000);BACH2(-0.000);FOXP1(-0.000);MAML2(-0.000);FHIT(-0.000);SERINC5(-0.000);PRKCA(-0.000);PDE3B(-0.000),CCL5(+0.000);PLCB1(+0.000);A2M(+0.000);PHACTR2(+0.000);CTSW(+0.000);GZMK(+0.000);IL32(+0.000);PPP2R2B(+0.000)
EPHB6,False,0.08439186610696178,5.0526965e-06,0.0007315324,8.610082e-06,PHACTR2(-0.000);IL32(-0.000);IL7R(-0.000);LTB(-0.000);A2M(-0.000);PLCB1(-0.000);S100A4(-0.000);KLRG1(-0.000),KCNQ5(+0.000);BACH2(+0.000);MCTP2(+0.000);CD247(+0.000);LEF1(+0.000);SMC4(+0.000);ATP10A(+0.000);MAPRE2(+0.000)
C2CD2,False,0.05080957313416562,0.0,0.00072797824,-3.2615033e-05,GNLY(-0.000);AOAH(-0.000);PRF1(-0.000);RAP1GAP2(-0.000);NKG7(-0.000);MCTP2(-0.000);CCL5(-0.000);JAZF1(-0.000),LEF1(+0.000);CAMK4(+0.000);MAML2(+0.000);IL7R(+0.000);FOXP1(+0.000);SERINC5(+0.000);BCL2(+0.000);BCL11B(+0.000)
KLHL42,False,0.046884370059423204,0.0,0.0007272932,-1.0589227e-05,AOAH(-0.000);CCL5(-0.000);MYO1F(-0.000);RAP1GAP2(-0.000);PLCB1(-0.000);SAMD3(-0.000);SYNE1(-0.000);ACTG1(-0.000),LEF1(+0.000);MAML2(+0.000);BACH2(+0.000);FOXP1(+0.000);CAMK4(+0.000);SERINC5(+0.000);PDE3B(+0.000);PRKCA(+0.000)
OSBPL11,False,0.06362099983644988,0.0,0.0007252016,-4.448124e-06,LEF1(-0.000);MAML2(-0.000);CAMK4(-0.000);FOXP1(-0.000);BACH2(-0.000);SERINC5(-0.000);PDE3B(-0.000);INPP4B(-0.000),GNLY(+0.000);AOAH(+0.000);CCL5(+0.000);RAP1GAP2(+0.000);MYO1F(+0.000);PFN1(+0.000);TGFBR3(+0.000);PLCB1(+0.000)
TIPIN,False,0.03936106416616693,0.0,0.0007232,6.3389994e-06,LEF1(-0.000);CAMK4(-0.000);MAML2(-0.000);SERINC5(-0.000);FOXP1(-0.000);BACH2(-0.000);PDE3B(-0.000);BCL11B(-0.000),AOAH(+0.000);CCL5(+0.000);RAP1GAP2(+0.000);JAZF1(+0.000);MYO1F(+0.000);SYNE1(+0.000);SAMD3(+0.000);PLCB1(+0.000)
SORCS3,False,0.030692907376110776,0.0,0.0007230375,-5.6799818e-06,LEF1(-0.000);CAMK4(-0.000);MAML2(-0.000);IL7R(-0.000);SERINC5(-0.000);LTB(-0.000);BCL11B(-0.000);PDE3B(-0.000),AOAH(+0.000);RAP1GAP2(+0.000);CCL5(+0.000);JAZF1(+0.000);SAMD3(+0.000);SYNE1(+0.000);MYO1F(+0.000);PPP2R2B(+0.000)
WDTC1,False,0.11862835959221502,0.0,0.00072291755,-2.4278672e-05,LEF1(-0.000);BACH2(-0.000);MAML2(-0.000);FOXP1(-0.000);FHIT(-0.000);SERINC5(-0.000);PRKCA(-0.000);PDE3B(-0.000),PLCB1(+0.000);A2M(+0.000);CCL5(+0.000);PHACTR2(+0.000);AOAH(+0.000);PARP8(+0.000);MYO1F(+0.000);KLRG1(+0.000)
SH3GL1,False,0.09060677097530394,-2.7079693e-06,0.000719499,5.995115e-06,IL32(-0.000);PHACTR2(-0.000);GZMK(-0.000);S100A4(-0.000);LTB(-0.000);IL7R(-0.000);RPL11(-0.000);RPL28(-0.000),BACH2(+0.000);CD247(+0.000);KCNQ5(+0.000);LEF1(+0.000);TXK(+0.000);JAZF1(+0.000);FOXP1(+0.000);ATP10A(+0.000)
VPS50,False,0.19702338766832037,-6.575202e-06,0.00071876636,9.362049e-05,AOAH(-0.000);MCTP2(-0.000);GNLY(-0.000);BACH2(-0.000);FOXP1(-0.000);JAZF1(-0.000);MAML2(-0.000);KCNQ5(-0.000),IL32(+0.000);S100A4(+0.000);RPL11(+0.000);PHACTR2(+0.000);ACTB(+0.000);B2M(+0.000);RPS2(+0.000);LTB(+0.000)
FANCB,False,0.048901488306165836,0.0,0.0007175021,1.3660124e-05,AOAH(-0.000);CCL5(-0.000);PLCB1(-0.000);MYO1F(-0.000);RAP1GAP2(-0.000);PPP2R2B(-0.000);A2M(-0.000);SAMD3(-0.000),LEF1(+0.000);MAML2(+0.000);BACH2(+0.000);FOXP1(+0.000);SERINC5(+0.000);CAMK4(+0.000);PDE3B(+0.000);FHIT(+0.000)
TMED8,False,0.01771793054571226,0.0,0.000717078,-2.221723e-06,CCL5(-0.000);AOAH(-0.000);PLCB1(-0.000);GNLY(-0.000);CTSW(-0.000);MYO1F(-0.000);RAP1GAP2(-0.000);TGFBR3(-0.000),LEF1(+0.000);MAML2(+0.000);BACH2(+0.000);FOXP1(+0.000);SERINC5(+0.000);CAMK4(+0.000);PDE3B(+0.000);FHIT(+0.000)
THUMPD2,False,0.046557269803194676,-1.893757e-06,0.0007167209,7.323719e-06,LEF1(-0.000);MAML2(-0.000);BACH2(-0.000);FOXP1(-0.000);SERINC5(-0.000);FHIT(-0.000);PRKCA(-0.000);PDE3B(-0.000),S100A4(+0.000);CCL5(+0.000);IL32(+0.000);PLCB1(+0.000);PFN1(+0.000);ACTB(+0.000);PHACTR2(+0.000);ACTG1(+0.000)
CAPN2,False,0.15439132093986807,1.0612512e-05,0.0007162739,-2.6801587e-05,LEF1(-0.000);MAML2(-0.000);BACH2(-0.000);FOXP1(-0.000);ZBTB20(-0.000);TXK(-0.000);SERINC5(-0.000);PRKCA(-0.000),IL32(+0.000);S100A4(+0.000);PFN1(+0.000);PHACTR2(+0.000);ACTB(+0.000);ACTG1(+0.000);S100A6(+0.000);GAPDH(+0.000)
HAVCR1,False,0.059532246633593196,0.0,0.00071612693,-4.1834246e-05,CCL5(-0.000);AOAH(-0.000);RAP1GAP2(-0.000);GNLY(-0.000);JAZF1(-0.000);SYNE1(-0.000);MYO1F(-0.000);PLCB1(-0.000),LEF1(+0.000);CAMK4(+0.000);MAML2(+0.000);SERINC5(+0.000);FOXP1(+0.000);PDE3B(+0.000);BACH2(+0.000);BCL11B(+0.000)
ETNK1,False,0.1700376165294663,-4.771828e-06,0.00071603974,-3.439409e-05,AOAH(-0.000);CCL5(-0.000);GNLY(-0.000);MCTP2(-0.000);CTSW(-0.000);RAP1GAP2(-0.000);TGFBR3(-0.000);SYNE1(-0.000),LEF1(+0.000);CAMK4(+0.000);SERINC5(+0.000);PDE3B(+0.000);TRAC(+0.000);FHIT(+0.000);SELL(+0.000);FOXP1(+0.000)
WDFY2,False,0.2093986806956332,-3.0163906e-06,0.0007113776,-7.7077e-05,PLCB1(-0.000);CCL5(-0.000);A2M(-0.000);AOAH(-0.000);GNLY(-0.000);PARP8(-0.000);SYNE2(-0.000);PHACTR2(-0.000),LEF1(+0.000);FOXP1(+0.000);BACH2(+0.000);FHIT(+0.000);MAML2(+0.000);SERINC5(+0.000);PRKCA(+0.000);PDE3B(+0.000)
SPON2,False,0.036744262116338654,3.7368664e-11,0.0007089922,1.1428855e-05,NKG7(-0.000);GNLY(-0.000);PLCB1(-0.000);AOAH(-0.000);MYO1F(-0.000);PFN1(-0.000);ACTG1(-0.000);RAP1GAP2(-0.000),LEF1(+0.000);MAML2(+0.000);BACH2(+0.000);FOXP1(+0.000);SERINC5(+0.000);CAMK4(+0.000);PDE3B(+0.000);FHIT(+0.000)
FCGBP,False,0.0405059150629668,-2.157527e-05,0.0007089647,-9.534892e-06,LEF1(-0.000);MAML2(-0.000);BACH2(-0.000);FOXP1(-0.000);SERINC5(-0.000);PDE3B(-0.000);PRKCA(-0.000);CAMK4(-0.000),PFN1(+0.000);PLCB1(+0.000);ACTG1(+0.000);MYO1F(+0.000);S100A4(+0.000);AOAH(+0.000);ACTB(+0.000);RAP1GAP2(+0.000)
SNU13,False,0.2515400970397428,5.389581e-06,0.0007077851,0.0001716136,LEF1(-0.000);FOXP1(-0.000);MAML2(-0.000);CAMK4(-0.000);TRAC(-0.000);BACH2(-0.000);SERINC5(-0.000);PDE3B(-0.000),ACTB(+0.000);B2M(+0.000);CYBA(+0.000);AOAH(+0.000);SYNE2(+0.000);PLCB1(+0.000);PTMA(+0.000);HLA-B(+0.000)
CA6,False,0.11982772719838632,-1.3697003e-05,0.0007073942,2.791321e-05,LEF1(-0.000);MAML2(-0.000);BACH2(-0.000);CAMK4(-0.000);FOXP1(-0.000);SERINC5(-0.000);PDE3B(-0.000);FHIT(-0.000),AOAH(+0.000);PLCB1(+0.000);RAP1GAP2(+0.000);MYO1F(+0.000);SYNE1(+0.000);A2M(+0.000);SAMD3(+0.000);JAZF1(+0.000)
ST6GALNAC3,False,0.06253066564902142,-1.0851394e-05,0.00070730137,3.3283945e-07,LEF1(-0.000);BACH2(-0.000);MAML2(-0.000);FOXP1(-0.000);SERINC5(-0.000);FHIT(-0.000);PRKCA(-0.000);PDE3B(-0.000),S100A4(+0.000);PLCB1(+0.000);IL32(+0.000);A2M(+0.000);PHACTR2(+0.000);PFN1(+0.000);ACTB(+0.000);ACTG1(+0.000)
TSC22D1,False,0.0692907376110778,-2.4782167e-07,0.00070644566,4.3046497e-05,PLCB1(-0.000);CCL5(-0.000);A2M(-0.000);AOAH(-0.000);MYO1F(-0.000);PFN1(-0.000);CTSW(-0.000);PHACTR2(-0.000),LEF1(+0.000);BACH2(+0.000);MAML2(+0.000);FOXP1(+0.000);SERINC5(+0.000);FHIT(+0.000);PRKCA(+0.000);PDE3B(+0.000)
BARD1,False,0.017881480673826528,0.0,0.00070511474,-3.2885416e-06,GNLY(-0.000);ZEB2(-0.000);AOAH(-0.000);MCTP2(-0.000);CD247(-0.000);JAZF1(-0.000);KCNQ5(-0.000);SFMBT2(-0.000),IL32(+0.000);PHACTR2(+0.000);LTB(+0.000);GZMK(+0.000);IL7R(+0.000);RPL11(+0.000);S100A4(+0.000);RPL28(+0.000)
GOLPH3L,False,0.05506187646513656,0.0,0.0007048811,-2.8498034e-05,CAMK4(-0.000);LTB(-0.000);IL7R(-0.000);RPL11(-0.000);IL32(-0.000);LEF1(-0.000);RPS2(-0.000);EEF1A1(-0.000),AOAH(+0.000);JAZF1(+0.000);RAP1GAP2(+0.000);SAMD3(+0.000);SYNE1(+0.000);MCTP2(+0.000);VAV3(+0.000);UTRN(+0.000)
ZNF827,False,0.16414981191735267,1.1114887e-06,0.0007043053,-8.219137e-06,LEF1(-0.000);MAML2(-0.000);BACH2(-0.000);FOXP1(-0.000);SERINC5(-0.000);CAMK4(-0.000);PDE3B(-0.000);PRKCA(-0.000),GNLY(+0.000);CCL5(+0.000);PLCB1(+0.000);AOAH(+0.000);MYO1F(+0.000);PFN1(+0.000);S100A4(+0.000);RAP1GAP2(+0.000)
SLC25A17,False,0.09033418742844682,0.0,0.0006991772,-1.1575805e-06,CCL5(-0.000);AOAH(-0.000);MYO1F(-0.000);PLCB1(-0.000);RAP1GAP2(-0.000);ACTG1(-0.000);PFN1(-0.000);ACTB(-0.000),LEF1(+0.000);MAML2(+0.000);BACH2(+0.000);FOXP1(+0.000);SERINC5(+0.000);CAMK4(+0.000);PDE3B(+0.000);PRKCA(+0.000)
USP44,False,0.02235185084228316,0.0,0.0006947551,-2.2561494e-06,LEF1(-0.000);MAML2(-0.000);BACH2(-0.000);FOXP1(-0.000);SERINC5(-0.000);FHIT(-0.000);PDE3B(-0.000);PRKCA(-0.000),CCL5(+0.000);PLCB1(+0.000);AOAH(+0.000);MYO1F(+0.000);A2M(+0.000);S100A4(+0.000);PFN1(+0.000);CTSW(+0.000)
SIL1,False,0.2150139017608897,2.040439e-06,0.0006936098,-1.08612085e-05,PLCB1(-0.000);AOAH(-0.000);MYO1F(-0.000);CCL5(-0.000);S100A4(-0.000);RAP1GAP2(-0.000);A2M(-0.000);PFN1(-0.000),LEF1(+0.000);MAML2(+0.000);BACH2(+0.000);FOXP1(+0.000);SERINC5(+0.000);CAMK4(+0.000);PDE3B(+0.000);FHIT(+0.000)
DPY19L3,False,0.028839339257482416,0.0,0.00069263385,-5.0398908e-06,AOAH(-0.000);JAZF1(-0.000);RAP1GAP2(-0.000);CD247(-0.000);SAMD3(-0.000);MCTP2(-0.000);SYNE1(-0.000);VAV3(-0.000),CAMK4(+0.000);IL7R(+0.000);LTB(+0.000);IL32(+0.000);LEF1(+0.000);RPL11(+0.000);BCL11B(+0.000);BCL2(+0.000)
ZBTB16,False,0.020116665758054847,-5.9097096e-05,0.0006882979,-7.64829e-06,PLCB1(-0.000);CCL5(-0.000);GNLY(-0.000);A2M(-0.000);PHACTR2(-0.000);AOAH(-0.000);MYO1F(-0.000);S100A4(-0.000),LEF1(+0.000);BACH2(+0.000);FOXP1(+0.000);MAML2(+0.000);SERINC5(+0.000);FHIT(+0.000);PRKCA(+0.000);PDE3B(+0.000)
UBE2L3,False,0.2188300714168893,-1.8431301e-05,0.0006868087,2.6414693e-05,ACTG1(-0.000);PFN1(-0.000);ACTB(-0.000);TMSB10(-0.000);S100A4(-0.000);GAPDH(-0.000);IL32(-0.000);CORO1A(-0.000),ZBTB20(+0.000);GNLY(+0.000);AOAH(+0.000);TXK(+0.000);PITPNC1(+0.000);MAML2(+0.000);CCL5(+0.000);BCL2(+0.000)
PIK3R4,False,0.14752221555906886,-9.58752e-07,0.0006856143,2.4274774e-05,LEF1(-0.000);MAML2(-0.000);CAMK4(-0.000);FOXP1(-0.000);BACH2(-0.000);SERINC5(-0.000);PDE3B(-0.000);INPP4B(-0.000),CCL5(+0.000);CTSW(+0.000);AOAH(+0.000);TGFBR3(+0.000);MCTP2(+0.000);RAP1GAP2(+0.000);MYO1F(+0.000);PPP2R2B(+0.000)
PATL2,False,0.11830125933598648,-4.461836e-06,0.0006847762,1.8825529e-05,ACTG1(-0.000);PFN1(-0.000);ACTB(-0.000);S100A4(-0.000);GAPDH(-0.000);FLNA(-0.000);CORO1A(-0.000);TMSB4X(-0.000),LEF1(+0.000);MAML2(+0.000);BACH2(+0.000);FOXP1(+0.000);SERINC5(+0.000);BCL2(+0.000);INPP4B(+0.000);ZBTB20(+0.000)
TNFRSF1B,False,0.16409529520798127,-1.4511695e-05,0.00067862106,6.1106766e-05,CCL5(-0.000);A2M(-0.000);S100A4(-0.000);IL32(-0.000);CTSW(-0.000);PLCB1(-0.000);GZMK(-0.000);PHACTR2(-0.000),LEF1(+0.000);BACH2(+0.000);MAML2(+0.000);FHIT(+0.000);FOXP1(+0.000);TXK(+0.000);SERINC5(+0.000);KCNQ5(+0.000)
GCLM,False,0.06721910265496375,-2.9084945e-06,0.0006782263,4.63801e-06,S100A4(-0.000);PFN1(-0.000);ACTB(-0.000);IL32(-0.000);ACTG1(-0.000);A2M(-0.000);PHACTR2(-0.000);PLCB1(-0.000),LEF1(+0.000);MAML2(+0.000);BACH2(+0.000);FOXP1(+0.000);SERINC5(+0.000);FHIT(+0.000);PRKCA(+0.000);PDE3B(+0.000)
CR1,False,0.025568336695197078,0.0,0.0006760101,4.228591e-06,ACTG1(-0.000);PFN1(-0.000);ACTB(-0.000);S100A4(-0.000);MYO1F(-0.000);PLCB1(-0.000);CCL5(-0.000);RAP1GAP2(-0.000),LEF1(+0.000);MAML2(+0.000);BACH2(+0.000);FOXP1(+0.000);SERINC5(+0.000);PRKCA(+0.000);PDE3B(+0.000);CAMK4(+0.000)
MTMR2,False,0.032710025622853404,0.0,0.0006749528,-1.0705147e-06,LEF1(-0.000);MAML2(-0.000);BACH2(-0.000);FOXP1(-0.000);CAMK4(-0.000);SERINC5(-0.000);PDE3B(-0.000);FHIT(-0.000),AOAH(+0.000);GNLY(+0.000);CCL5(+0.000);PLCB1(+0.000);RAP1GAP2(+0.000);MYO1F(+0.000);SAMD3(+0.000);SYNE1(+0.000)
WRN,False,0.12658779916044266,-1.3394546e-05,0.00067366345,-8.177504e-05,AOAH(-0.000);CD247(-0.000);JAZF1(-0.000);TXK(-0.000);SYNE1(-0.000);ZBTB20(-0.000);UTRN(-0.000);SFMBT2(-0.000),IL32(+0.000);PFN1(+0.000);TRAC(+0.000);TMSB10(+0.000);S100A4(+0.000);RPLP0(+0.000);CD3D(+0.000);S100A6(+0.000)
MTFMT,False,0.057515128386850564,0.0,0.0006731233,3.2363238e-05,LEF1(-0.000);CAMK4(-0.000);MAML2(-0.000);SERINC5(-0.000);LTB(-0.000);FOXP1(-0.000);PDE3B(-0.000);BCL11B(-0.000),AOAH(+0.000);RAP1GAP2(+0.000);JAZF1(+0.000);SYNE1(+0.000);SAMD3(+0.000);CD247(+0.000);MYO1F(+0.000);PLCB1(+0.000)
LINC01871,False,0.03161969143542495,-2.1599217e-05,0.00067178666,6.037252e-06,IL32(-0.000);PHACTR2(-0.000);GZMK(-0.000);IL7R(-0.000);LTB(-0.000);A2M(-0.000);PLCB1(-0.000);S100A4(-0.000),BACH2(+0.000);KCNQ5(+0.000);CD247(+0.000);LEF1(+0.000);ATP10A(+0.000);TXK(+0.000);MAPRE2(+0.000);TFDP2(+0.000)
ACER3,False,0.07523305893256282,0.0,0.0006710942,2.0522702e-05,IL32(-0.000);S100A4(-0.000);PHACTR2(-0.000);LTB(-0.000);PFN1(-0.000);S100A6(-0.000);RPL11(-0.000);RPL28(-0.000),GNLY(+0.000);TXK(+0.000);MCTP2(+0.000);KCNQ5(+0.000);BACH2(+0.000);CD247(+0.000);ZBTB20(+0.000);AOAH(+0.000)
TENM1,False,0.127405549801014,1.4536816e-06,0.0006703497,-1.6699205e-05,LEF1(-0.000);BACH2(-0.000);MAML2(-0.000);FOXP1(-0.000);SERINC5(-0.000);FHIT(-0.000);PRKCA(-0.000);PDE3B(-0.000),IL32(+0.000);S100A4(+0.000);PLCB1(+0.000);PHACTR2(+0.000);PFN1(+0.000);A2M(+0.000);ACTB(+0.000);ACTG1(+0.000)
TSG101,False,0.13465627214741316,-4.1019607e-06,0.0006693656,-5.6154437e-05,LEF1(-0.000);FHIT(-0.000);SERINC5(-0.000);BACH2(-0.000);SELL(-0.000);PDE3B(-0.000);PRKCA(-0.000);FOXP1(-0.000),AOAH(+0.000);PLCB1(+0.000);A2M(+0.000);CCL5(+0.000);PARP8(+0.000);MYO1F(+0.000);PZP(+0.000);ARHGAP26(+0.000)
NEB,False,0.07496047538570572,0.0,0.00066506036,-3.4924975e-05,GNLY(-0.000);AOAH(-0.000);TGFBR3(-0.000);MCTP2(-0.000);CTSW(-0.000);JAZF1(-0.000);CD247(-0.000);CCL5(-0.000),IL32(+0.000);IL7R(+0.000);LTB(+0.000);CAMK4(+0.000);RPL11(+0.000);PHACTR2(+0.000);TRAC(+0.000);RPL28(+0.000)
MYO15B,False,0.056588344327536386,-1.269714e-05,0.00066385494,2.9830462e-06,LEF1(-0.000);BACH2(-0.000);MAML2(-0.000);FOXP1(-0.000);FHIT(-0.000);SERINC5(-0.000);PRKCA(-0.000);PDE3B(-0.000),IL32(+0.000);PLCB1(+0.000);PHACTR2(+0.000);CCL5(+0.000);A2M(+0.000);S100A4(+0.000);GZMK(+0.000);KLRG1(+0.000)
H2AFV,False,0.14904868342146868,-9.208313e-06,0.00066191715,3.5214412e-05,CCL5(-0.000);GNLY(-0.000);IL32(-0.000);GZMK(-0.000);S100A4(-0.000);PHACTR2(-0.000);CTSW(-0.000);TGFBR3(-0.000),BACH2(+0.000);LEF1(+0.000);MAML2(+0.000);FOXP1(+0.000);TXK(+0.000);KCNQ5(+0.000);FHIT(+0.000);ZBTB20(+0.000)
PNRC1,False,0.2841410892438533,5.853829e-06,0.00066010107,3.2147611e-06,GNLY(-0.000);ACTG1(-0.000);ACTB(-0.000);GAPDH(-0.000);CTSW(-0.000);MCTP2(-0.000);TGFBR3(-0.000);PFN1(-0.000),IL7R(+0.000);BCL2(+0.000);CAMK4(+0.000);MAML2(+0.000);LTB(+0.000);ANK3(+0.000);BCL11B(+0.000);INPP4B(+0.000)
CCDC125,False,0.05664286103690782,0.0,0.0006595349,-1.1756117e-06,IL32(-0.000);PHACTR2(-0.000);S100A4(-0.000);LTB(-0.000);IL7R(-0.000);GZMK(-0.000);RPL11(-0.000);RPL28(-0.000),BACH2(+0.000);KCNQ5(+0.000);CD247(+0.000);TXK(+0.000);SFMBT2(+0.000);LEF1(+0.000);JAZF1(+0.000);ZBTB20(+0.000)
LRMP,False,0.09169710516273238,6.7893334e-06,0.0006550382,1.3297098e-05,IL32(-0.000);S100A4(-0.000);PHACTR2(-0.000);PFN1(-0.000);ACTB(-0.000);A2M(-0.000);ACTG1(-0.000);PLCB1(-0.000),LEF1(+0.000);BACH2(+0.000);MAML2(+0.000);FOXP1(+0.000);TXK(+0.000);ZBTB20(+0.000);FHIT(+0.000);SERINC5(+0.000)
MON2,False,0.30360355448945103,6.695961e-06,0.0006535962,-1.8147246e-05,IL32(-0.000);PHACTR2(-0.000);LTB(-0.000);GZMK(-0.000);IL7R(-0.000);S100A4(-0.000);PLCB1(-0.000);A2M(-0.000),MCTP2(+0.000);BACH2(+0.000);CD247(+0.000);KCNQ5(+0.000);LEF1(+0.000);ATP10A(+0.000);FOXP1(+0.000);MAPRE2(+0.000)
ESRRA,True,0.046557269803194676,0.0,0.0006521863,9.472312e-05,S100A4(-0.000);HCST(-0.000);FOS(-0.000);MYO1F(-0.000);ITGB1(-0.000);TMSB10(-0.000);GAPDH(-0.000);VIM(-0.000),IL7R(+0.000);CCR7(+0.000);MAML2(+0.000);LEF1(+0.000);TXK(+0.000);DOCK10(+0.000);CD247(+0.000);BACH2(+0.000)
LINC01284,False,0.03260099220411056,0.0,0.00065175956,1.2106957e-05,BACH2(-0.000);LEF1(-0.000);MAML2(-0.000);FOXP1(-0.000);TXK(-0.000);ZBTB20(-0.000);FHIT(-0.000);KCNQ5(-0.000),IL32(+0.000);S100A4(+0.000);PHACTR2(+0.000);GZMK(+0.000);ACTB(+0.000);PFN1(+0.000);A2M(+0.000);RPL28(+0.000)
STAG1,False,0.5675734612658782,-1.8747676e-05,0.0006487059,-0.00014737481,CCL5(-0.000);B2M(-0.000);GNLY(-0.000);MCTP2(-0.000);ARHGAP15(-0.000);HLA-A(-0.000);TGFBR3(-0.000);LEF1(-0.000),PLCB1(+0.000);PFN1(+0.000);AOAH(+0.000);PHACTR2(+0.000);SPIDR(+0.000);PARP8(+0.000);DNAJC1(+0.000);TRBC1(+0.000)
ARHGEF12,False,0.05822384560867906,0.0,0.00064143364,1.602124e-05,IL32(-0.000);S100A4(-0.000);PHACTR2(-0.000);A2M(-0.000);PLCB1(-0.000);PFN1(-0.000);KLRG1(-0.000);CCL5(-0.000),LEF1(+0.000);BACH2(+0.000);MAML2(+0.000);FOXP1(+0.000);FHIT(+0.000);TXK(+0.000);KCNQ5(+0.000);ZBTB20(+0.000)
SYTL2,False,0.042523033309709427,-4.5662047e-05,0.00064127793,-1.20071045e-05,PLCB1(-0.000);A2M(-0.000);CCL5(-0.000);PHACTR2(-0.000);IL32(-0.000);S100A4(-0.000);KLRG1(-0.000);GZMK(-0.000),LEF1(+0.000);BACH2(+0.000);FOXP1(+0.000);MAML2(+0.000);FHIT(+0.000);SERINC5(+0.000);PRKCA(+0.000);PDE3B(+0.000)
KIAA1324L,False,0.06389358338330699,0.0,0.00063948956,1.12651205e-05,S100A4(-0.000);IL32(-0.000);PFN1(-0.000);PHACTR2(-0.000);CCL5(-0.000);PLCB1(-0.000);GZMK(-0.000);ACTB(-0.000),LEF1(+0.000);BACH2(+0.000);MAML2(+0.000);FOXP1(+0.000);SERINC5(+0.000);PRKCA(+0.000);FHIT(+0.000);ZBTB20(+0.000)
CBFA2T2,False,0.23905577059368693,2.43238e-06,0.00063845405,5.4797412e-05,GNLY(-0.000);PHACTR2(-0.000);PLCB1(-0.000);IL32(-0.000);GZMK(-0.000);A2M(-0.000);CCL5(-0.000);S100A4(-0.000),LEF1(+0.000);BACH2(+0.000);MAML2(+0.000);FOXP1(+0.000);FHIT(+0.000);SERINC5(+0.000);PRKCA(+0.000);CCR7(+0.000)
UBL5,False,0.17505315379163716,1.165159e-05,0.00063842745,-2.5321957e-05,LEF1(-0.000);MAML2(-0.000);BACH2(-0.000);FOXP1(-0.000);SERINC5(-0.000);PRKCA(-0.000);FHIT(-0.000);PDE3B(-0.000),PFN1(+0.000);S100A4(+0.000);CCL5(+0.000);PLCB1(+0.000);GNLY(+0.000);ACTB(+0.000);ACTG1(+0.000);IL32(+0.000)
YAF2,False,0.13531047265987023,3.2182e-06,0.0006361243,-2.497102e-05,IL7R(-0.000);LTB(-0.000);IL32(-0.000);PHACTR2(-0.000);A2M(-0.000);BCL2(-0.000);CAMK4(-0.000);KLRG1(-0.000),KCNQ5(+0.000);SMC4(+0.000);DNMT1(+0.000);IFI16(+0.000);WWOX(+0.000);SCLT1(+0.000);TMPO(+0.000);SRSF10(+0.000)
AFG1L,False,0.02545930327645423,0.0,0.0006304699,-1.5398116e-06,CAMK4(-0.000);LEF1(-0.000);IL7R(-0.000);LTB(-0.000);BCL11B(-0.000);SERINC5(-0.000);MAML2(-0.000);PDE3B(-0.000),AOAH(+0.000);GNLY(+0.000);RAP1GAP2(+0.000);MCTP2(+0.000);JAZF1(+0.000);SAMD3(+0.000);SYNE1(+0.000);TGFBR3(+0.000)
TRIO,False,0.02071634956114049,1.8684332e-11,0.0006266676,-1.0978847e-05,AOAH(-0.000);CCL5(-0.000);RAP1GAP2(-0.000);PLCB1(-0.000);MYO1F(-0.000);JAZF1(-0.000);MCTP2(-0.000);SYNE1(-0.000),LEF1(+0.000);CAMK4(+0.000);MAML2(+0.000);FOXP1(+0.000);SERINC5(+0.000);BACH2(+0.000);PDE3B(+0.000);FHIT(+0.000)
SYNJ2,False,0.20094859074306276,6.2080727e-07,0.00062263035,-2.6313399e-05,GNLY(-0.000);CCL5(-0.000);CTSW(-0.000);TGFBR3(-0.000);ZBTB16(-0.000);PLCB1(-0.000);PPP2R2B(-0.000);PRF1(-0.000),LEF1(+0.000);BACH2(+0.000);MAML2(+0.000);FOXP1(+0.000);SERINC5(+0.000);FHIT(+0.000);PRKCA(+0.000);PDE3B(+0.000)
INTS2,False,0.0714714059859347,0.0,0.0006224175,-1.842781e-05,LEF1(-0.000);CAMK4(-0.000);SERINC5(-0.000);BACH2(-0.000);PDE3B(-0.000);MAML2(-0.000);FHIT(-0.000);FOXP1(-0.000),AOAH(+0.000);PLCB1(+0.000);RAP1GAP2(+0.000);JAZF1(+0.000);SYNE1(+0.000);MYO1F(+0.000);SAMD3(+0.000);A2M(+0.000)
ZNF821,False,0.016900179905140925,0.0,0.00062212266,-3.895329e-06,GNLY(-0.000);AOAH(-0.000);RAP1GAP2(-0.000);CCL5(-0.000);JAZF1(-0.000);TGFBR3(-0.000);PRF1(-0.000);MCTP2(-0.000),LEF1(+0.000);CAMK4(+0.000);MAML2(+0.000);SERINC5(+0.000);FOXP1(+0.000);IL7R(+0.000);PDE3B(+0.000);BACH2(+0.000)
C5orf63,False,0.02916643951371095,0.0,0.00062208157,-1.0003002e-05,IL32(-0.000);IL7R(-0.000);LTB(-0.000);PHACTR2(-0.000);RPL11(-0.000);S100A4(-0.000);RPL30(-0.000);RPS18(-0.000),GNLY(+0.000);MCTP2(+0.000);CD247(+0.000);KCNQ5(+0.000);AOAH(+0.000);JAZF1(+0.000);TFDP2(+0.000);SFMBT2(+0.000)
TOR1B,False,0.029602573188682327,0.0,0.0006205399,5.15339e-05,MCTP2(-0.000);BACH2(-0.000);KCNQ5(-0.000);FOXP1(-0.000);JAZF1(-0.000);LEF1(-0.000);TXK(-0.000);AOAH(-0.000),IL32(+0.000);PHACTR2(+0.000);S100A4(+0.000);IL7R(+0.000);LTB(+0.000);RPL11(+0.000);GZMK(+0.000);RPL28(+0.000)
RFX3-AS1,False,0.17739737229460834,-5.996462e-06,0.0006196169,2.6855521e-05,IL32(-0.000);S100A4(-0.000);PHACTR2(-0.000);LTB(-0.000);S100A6(-0.000);TMSB10(-0.000);CD52(-0.000);RPL28(-0.000),TXK(+0.000);KCNQ5(+0.000);WWOX(+0.000);BACH2(+0.000);ZBTB20(+0.000);AOAH(+0.000);SFMBT2(+0.000);CD247(+0.000)
EIF3D,False,0.19653273728397758,5.079896e-07,0.000619073,2.7670452e-05,MCTP2(-0.000);TGFBR3(-0.000);GNLY(-0.000);CTSW(-0.000);TYROBP(-0.000);NKG7(-0.000);RAP1GAP2(-0.000);CCL5(-0.000),IL7R(+0.000);LTB(+0.000);BCL2(+0.000);CAMK4(+0.000);PHACTR2(+0.000);IL32(+0.000);BCL11B(+0.000);RPL13(+0.000)
ARL3,False,0.014992095077141145,0.0,0.0006138606,-3.227902e-06,CCL5(-0.000);PLCB1(-0.000);S100A4(-0.000);A2M(-0.000);PHACTR2(-0.000);IL32(-0.000);MYO1F(-0.000);GZMK(-0.000),LEF1(+0.000);BACH2(+0.000);MAML2(+0.000);FOXP1(+0.000);SERINC5(+0.000);FHIT(+0.000);PRKCA(+0.000);PDE3B(+0.000)
SGF29,False,0.058932562830507546,0.0,0.00061349187,4.6963282e-06,S100A4(-0.000);PFN1(-0.000);ACTG1(-0.000);ACTB(-0.000);PLCB1(-0.000);A2M(-0.000);MYO1F(-0.000);IL32(-0.000),LEF1(+0.000);MAML2(+0.000);BACH2(+0.000);FOXP1(+0.000);SERINC5(+0.000);FHIT(+0.000);PRKCA(+0.000);PDE3B(+0.000)
AMN1,False,0.06890912064547784,7.301699e-07,0.0006123758,-3.2374348e-05,AOAH(-0.000);JAZF1(-0.000);RAP1GAP2(-0.000);CCL5(-0.000);CD247(-0.000);TGFBR3(-0.000);SYNE1(-0.000);SAMD3(-0.000),CAMK4(+0.000);LEF1(+0.000);LTB(+0.000);IL7R(+0.000);IL32(+0.000);TRAC(+0.000);BCL11B(+0.000);RPL11(+0.000)
GAN,False,0.032710025622853404,0.0,0.0006122369,-1.5829988e-05,LEF1(-0.000);BACH2(-0.000);MAML2(-0.000);FOXP1(-0.000);SERINC5(-0.000);FHIT(-0.000);PRKCA(-0.000);PDE3B(-0.000),PLCB1(+0.000);CCL5(+0.000);A2M(+0.000);S100A4(+0.000);PHACTR2(+0.000);IL32(+0.000);GZMK(+0.000);PFN1(+0.000)
ADAR,False,0.26593250831379817,4.594856e-06,0.0006122224,8.26186e-05,GNLY(-0.000);TGFBR3(-0.000);CTSW(-0.000);CCL5(-0.000);MCTP2(-0.000);ZBTB16(-0.000);GZMK(-0.000);PLCB1(-0.000),ACTB(+0.000);ACTG1(+0.000);GAPDH(+0.000);PTMA(+0.000);TMSB4X(+0.000);CORO1A(+0.000);PFN1(+0.000);ARHGDIB(+0.000)
CPD,False,0.0904977375565611,-9.50842e-06,0.00061048946,-6.4390792e-06,AOAH(-0.000);JAZF1(-0.000);RAP1GAP2(-0.000);CD247(-0.000);SAMD3(-0.000);DNAJC1(-0.000);VAV3(-0.000);STK39(-0.000),IL7R(+0.000);CAMK4(+0.000);LTB(+0.000);BCL2(+0.000);BCL11B(+0.000);LEF1(+0.000);IL32(+0.000);THEMIS(+0.000)
IGHA1,False,0.03788911301313853,0.0,0.0006079991,4.4435048e-05,LEF1(-0.000);BACH2(-0.000);FOXP1(-0.000);MAML2(-0.000);FHIT(-0.000);SERINC5(-0.000);PRKCA(-0.000);PDE3B(-0.000),CCL5(+0.000);PLCB1(+0.000);A2M(+0.000);GNLY(+0.000);AOAH(+0.000);MYO1F(+0.000);PARP8(+0.000);SYNE2(+0.000)
GZMA,False,0.026767704301368364,-1.615146e-06,0.00060728245,6.863405e-07,CCL5(-0.000);PLCB1(-0.000);AOAH(-0.000);MYO1F(-0.000);CTSW(-0.000);A2M(-0.000);RAP1GAP2(-0.000);PPP2R2B(-0.000),LEF1(+0.000);MAML2(+0.000);BACH2(+0.000);FOXP1(+0.000);SERINC5(+0.000);CAMK4(+0.000);FHIT(+0.000);PDE3B(+0.000)
FASTKD1,False,0.0702720383797634,-1.510523e-06,0.00060329813,2.060935e-05,LEF1(-0.000);CAMK4(-0.000);MAML2(-0.000);IL7R(-0.000);BCL2(-0.000);FOXP1(-0.000);BCL11B(-0.000);INPP4B(-0.000),ACTG1(+0.000);RAP1GAP2(+0.000);AOAH(+0.000);ACTB(+0.000);JAZF1(+0.000);SAMD3(+0.000);MYO1F(+0.000);SYNE1(+0.000)
SNTB2,False,0.06209453197405004,6.2221457e-06,0.00060266064,-9.9652825e-06,LEF1(-0.000);BACH2(-0.000);MAML2(-0.000);FOXP1(-0.000);SERINC5(-0.000);FHIT(-0.000);PDE3B(-0.000);PRKCA(-0.000),PLCB1(+0.000);AOAH(+0.000);CCL5(+0.000);A2M(+0.000);MYO1F(+0.000);RAP1GAP2(+0.000);PZP(+0.000);PARP8(+0.000)
PLXDC1,False,0.06040451398353596,0.0,0.000600282,-3.955619e-05,ACTB(-0.000);ACTG1(-0.000);S100A4(-0.000);PLCB1(-0.000);MYO1F(-0.000);AOAH(-0.000);CCL5(-0.000);A2M(-0.000),LEF1(+0.000);MAML2(+0.000);BACH2(+0.000);FOXP1(+0.000);SERINC5(+0.000);FHIT(+0.000);PDE3B(+0.000);PRKCA(+0.000)
LRP8,False,0.035653927928910215,0.0,0.000600204,1.7922073e-05,LEF1(-0.000);MAML2(-0.000);CAMK4(-0.000);BACH2(-0.000);FOXP1(-0.000);SERINC5(-0.000);PDE3B(-0.000);FHIT(-0.000),AOAH(+0.000);CCL5(+0.000);PLCB1(+0.000);RAP1GAP2(+0.000);MYO1F(+0.000);SYNE1(+0.000);A2M(+0.000);TGFBR3(+0.000)
COG4,False,0.06623780188627815,0.0,0.0005991392,2.6599117e-05,LEF1(-0.000);MAML2(-0.000);BACH2(-0.000);FOXP1(-0.000);SERINC5(-0.000);CAMK4(-0.000);PDE3B(-0.000);PRKCA(-0.000),ACTG1(+0.000);ACTB(+0.000);S100A4(+0.000);PFN1(+0.000);MYO1F(+0.000);RAP1GAP2(+0.000);AOAH(+0.000);TMSB4X(+0.000)
SLC16A1,False,0.03679877882571008,0.0,0.0005983253,4.614949e-07,LEF1(-0.000);MAML2(-0.000);CAMK4(-0.000);BACH2(-0.000);FOXP1(-0.000);SERINC5(-0.000);PDE3B(-0.000);FHIT(-0.000),AOAH(+0.000);CCL5(+0.000);PLCB1(+0.000);RAP1GAP2(+0.000);MYO1F(+0.000);SYNE1(+0.000);SAMD3(+0.000);JAZF1(+0.000)
SPTLC2,False,0.08515510003816171,-1.5777665e-05,0.00059715414,6.8725394e-06,MCTP2(-0.000);RAP1GAP2(-0.000);ACTG1(-0.000);SMC4(-0.000);JAZF1(-0.000);CD247(-0.000);TOX(-0.000);IFI16(-0.000),IL7R(+0.000);LTB(+0.000);BCL2(+0.000);PHACTR2(+0.000);CAMK4(+0.000);GZMK(+0.000);IL32(+0.000);THEMIS(+0.000)
POC1B-AS1,False,0.042577550019080854,0.0,0.00059351313,6.914454e-06,PLCB1(-0.000);A2M(-0.000);PHACTR2(-0.000);CCL5(-0.000);IL32(-0.000);S100A4(-0.000);KLRG1(-0.000);PARP8(-0.000),LEF1(+0.000);BACH2(+0.000);FOXP1(+0.000);MAML2(+0.000);FHIT(+0.000);SERINC5(+0.000);PRKCA(+0.000);PDE3B(+0.000)
ZNF254,False,0.10865180177724473,2.0922066e-07,0.0005920564,-2.4009021e-05,CCL5(-0.000);AOAH(-0.000);PLCB1(-0.000);MYO1F(-0.000);RAP1GAP2(-0.000);GNLY(-0.000);ACTB(-0.000);PPP2R2B(-0.000),LEF1(+0.000);MAML2(+0.000);FOXP1(+0.000);BACH2(+0.000);CAMK4(+0.000);SERINC5(+0.000);PDE3B(+0.000);PRKCA(+0.000)
CD8B,False,0.018644714605026442,5.9030035e-06,0.0005915179,-4.932459e-06,CCL5(-0.000);AOAH(-0.000);PLCB1(-0.000);MYO1F(-0.000);RAP1GAP2(-0.000);ACTG1(-0.000);PFN1(-0.000);A2M(-0.000),LEF1(+0.000);MAML2(+0.000);BACH2(+0.000);FOXP1(+0.000);SERINC5(+0.000);CAMK4(+0.000);PDE3B(+0.000);FHIT(+0.000)
AKAP13,False,0.6520198440822114,1.7490576e-05,0.00059093337,0.00013197225,PHACTR2(-0.000);IL32(-0.000);PFN1(-0.000);PLCB1(-0.000);RPLP0(-0.000);IL7R(-0.000);TRAC(-0.000);GZMK(-0.000),MCTP2(+0.000);GNLY(+0.000);CD247(+0.000);TGFBR3(+0.000);PRKCH(+0.000);TYROBP(+0.000);LEF1(+0.000);BACH2(+0.000)
PIN4,False,0.08253829798833343,-5.790718e-06,0.0005878659,-2.4303872e-05,ACTB(-0.000);ACTG1(-0.000);GAPDH(-0.000);PTMA(-0.000);SMC4(-0.000);PFN1(-0.000);CORO1A(-0.000);HMGB1(-0.000),IL7R(+0.000);BCL2(+0.000);GZMK(+0.000);PLCB1(+0.000);A2M(+0.000);LTB(+0.000);PHACTR2(+0.000);PARP8(+0.000)
ZFYVE28,False,0.07915826200730523,-1.4689635e-05,0.00058608403,1.7574737e-05,GNLY(-0.000);AOAH(-0.000);CCL5(-0.000);RAP1GAP2(-0.000);MYO1F(-0.000);PLCB1(-0.000);JAZF1(-0.000);SAMD3(-0.000),LEF1(+0.000);CAMK4(+0.000);MAML2(+0.000);SERINC5(+0.000);BACH2(+0.000);FOXP1(+0.000);PDE3B(+0.000);FHIT(+0.000)
SLC41A1,False,0.020661832851769067,0.0,0.0005857537,5.0197815e-07,AOAH(-0.000);PLCB1(-0.000);CCL5(-0.000);MYO1F(-0.000);RAP1GAP2(-0.000);TGFBR3(-0.000);PFN1(-0.000);ACTG1(-0.000),LEF1(+0.000);MAML2(+0.000);BACH2(+0.000);FOXP1(+0.000);SERINC5(+0.000);CAMK4(+0.000);PDE3B(+0.000);FHIT(+0.000)
FAM117A,False,0.15455487106798235,-6.7824124e-07,0.00058553653,-5.896959e-06,LEF1(-0.000);MAML2(-0.000);FOXP1(-0.000);BACH2(-0.000);CAMK4(-0.000);SERINC5(-0.000);BCL2(-0.000);PDE3B(-0.000),PFN1(+0.000);ACTG1(+0.000);ACTB(+0.000);MYO1F(+0.000);RAP1GAP2(+0.000);AOAH(+0.000);GAPDH(+0.000);S100A4(+0.000)
DPY19L1,False,0.01978956550182631,0.0,0.00058449217,8.658482e-07,GNLY(-0.000);CCL5(-0.000);PLCB1(-0.000);AOAH(-0.000);MYO1F(-0.000);A2M(-0.000);CTSW(-0.000);S100A4(-0.000),LEF1(+0.000);MAML2(+0.000);BACH2(+0.000);FOXP1(+0.000);SERINC5(+0.000);FHIT(+0.000);PDE3B(+0.000);PRKCA(+0.000)
LGALS1,False,0.03630812844136728,-3.2658045e-05,0.00058396265,7.996878e-06,LEF1(-0.000);FHIT(-0.000);SERINC5(-0.000);BACH2(-0.000);FOXP1(-0.000);SELL(-0.000);PDE3B(-0.000);PRKCA(-0.000),GNLY(+0.000);PLCB1(+0.000);AOAH(+0.000);CCL5(+0.000);A2M(+0.000);PARP8(+0.000);NKG7(+0.000);CTSW(+0.000)
IDH1,False,0.03919751403805267,0.0,0.0005828768,2.4177145e-05,BACH2(-0.000);MAML2(-0.000);LEF1(-0.000);FOXP1(-0.000);TXK(-0.000);KCNQ5(-0.000);ZBTB20(-0.000);SFMBT2(-0.000),IL32(+0.000);S100A4(+0.000);PHACTR2(+0.000);RPL11(+0.000);ACTB(+0.000);RPL28(+0.000);LTB(+0.000);PFN1(+0.000)
ZDHHC13,False,0.06204001526467862,0.0,0.00058246223,8.268883e-06,SMC4(-0.000);JAZF1(-0.000);CD247(-0.000);MCTP2(-0.000);IFI16(-0.000);RAP1GAP2(-0.000);TOX(-0.000);ACTG1(-0.000),IL7R(+0.000);LTB(+0.000);BCL2(+0.000);PHACTR2(+0.000);GZMK(+0.000);CAMK4(+0.000);IL32(+0.000);THEMIS(+0.000)
CPLANE1,False,0.045085318650166274,-3.192215e-06,0.0005814956,-2.7259619e-05,AOAH(-0.000);CCL5(-0.000);PLCB1(-0.000);GNLY(-0.000);RAP1GAP2(-0.000);MYO1F(-0.000);SYNE1(-0.000);SAMD3(-0.000),LEF1(+0.000);CAMK4(+0.000);MAML2(+0.000);FOXP1(+0.000);BACH2(+0.000);SERINC5(+0.000);PDE3B(+0.000);FHIT(+0.000)
USP42,False,0.093714223409475,-2.4642604e-06,0.0005808364,4.1570456e-05,PFN1(-0.000);ACTG1(-0.000);GAPDH(-0.000);ACTB(-0.000);MYL6(-0.000);TMSB10(-0.000);S100A4(-0.000);FLNA(-0.000),MAML2(+0.000);IL7R(+0.000);LEF1(+0.000);BCL2(+0.000);CAMK4(+0.000);BACH2(+0.000);FOXP1(+0.000);INPP4B(+0.000)
ABRAXAS2,False,0.04377691762525214,0.0,0.0005800283,0.00011444287,LEF1(-0.000);CAMK4(-0.000);TRAC(-0.000);FOXP1(-0.000);MAML2(-0.000);SERINC5(-0.000);PDE3B(-0.000);BACH2(-0.000),AOAH(+0.000);CCL5(+0.000);CD247(+0.000);RAP1GAP2(+0.000);SYNE1(+0.000);JAZF1(+0.000);SAMD3(+0.000);NCALD(+0.000)
GCNA,False,0.041977866215995197,0.0,0.0005782781,-9.039639e-06,ACTG1(-0.000);ACTB(-0.000);SMC4(-0.000);GAPDH(-0.000);PFN1(-0.000);IFI16(-0.000);LGALS1(-0.000);TOX(-0.000),IL7R(+0.000);BCL2(+0.000);LTB(+0.000);GZMK(+0.000);CAMK4(+0.000);PHACTR2(+0.000);ANK3(+0.000);BCL11B(+0.000)
FER,False,0.1840484108379218,-3.643115e-06,0.0005770987,-9.38012e-06,LEF1(-0.000);MAML2(-0.000);BACH2(-0.000);FOXP1(-0.000);SERINC5(-0.000);CAMK4(-0.000);PDE3B(-0.000);PRKCA(-0.000),CCL5(+0.000);PFN1(+0.000);AOAH(+0.000);MYO1F(+0.000);PLCB1(+0.000);ACTG1(+0.000);ACTB(+0.000);RAP1GAP2(+0.000)
PAFAH1B2,False,0.09207872212833235,0.0,0.00057686574,-2.4008878e-05,KCNQ5(-0.000);CD247(-0.000);BACH2(-0.000);TXK(-0.000);SFMBT2(-0.000);ATP10A(-0.000);JAZF1(-0.000);TFDP2(-0.000),IL32(+0.000);PHACTR2(+0.000);IL7R(+0.000);LTB(+0.000);S100A4(+0.000);A2M(+0.000);RPL28(+0.000);RPL11(+0.000)
CACHD1,False,0.06029548056479311,0.0,0.0005736631,-4.1569942e-06,LEF1(-0.000);BACH2(-0.000);MAML2(-0.000);FOXP1(-0.000);SERINC5(-0.000);FHIT(-0.000);PDE3B(-0.000);PRKCA(-0.000),PLCB1(+0.000);AOAH(+0.000);A2M(+0.000);CCL5(+0.000);MYO1F(+0.000);RAP1GAP2(+0.000);SYNE1(+0.000);PZP(+0.000)
SLC4A8,False,0.02006214904868342,0.0,0.0005719802,1.3230116e-06,LEF1(-0.000);BACH2(-0.000);MAML2(-0.000);FOXP1(-0.000);FHIT(-0.000);ZBTB20(-0.000);TXK(-0.000);SERINC5(-0.000),IL32(+0.000);S100A4(+0.000);PHACTR2(+0.000);PFN1(+0.000);ACTB(+0.000);A2M(+0.000);PLCB1(+0.000);ACTG1(+0.000)
IPMK,False,0.05288120809027967,0.0,0.00057123386,1.879552e-05,CAMK4(-0.000);LEF1(-0.000);IL7R(-0.000);LTB(-0.000);BCL11B(-0.000);TRAC(-0.000);BCL2(-0.000);SERINC5(-0.000),AOAH(+0.000);GNLY(+0.000);RAP1GAP2(+0.000);JAZF1(+0.000);CCL5(+0.000);MCTP2(+0.000);CTSW(+0.000);SAMD3(+0.000)
MED19,False,0.06525650111759254,0.0,0.0005672245,6.541404e-05,LEF1(-0.000);CAMK4(-0.000);FOXP1(-0.000);SERINC5(-0.000);MAML2(-0.000);BACH2(-0.000);PDE3B(-0.000);FHIT(-0.000),AOAH(+0.000);PLCB1(+0.000);RAP1GAP2(+0.000);SYNE1(+0.000);MYO1F(+0.000);CCL5(+0.000);JAZF1(+0.000);NCALD(+0.000)
INTS12,False,0.05228152428719403,0.0,0.0005660383,1.8241675e-05,LEF1(-0.000);BACH2(-0.000);MAML2(-0.000);FOXP1(-0.000);SERINC5(-0.000);FHIT(-0.000);PRKCA(-0.000);PDE3B(-0.000),IL32(+0.000);PHACTR2(+0.000);S100A4(+0.000);A2M(+0.000);CCL5(+0.000);PLCB1(+0.000);PFN1(+0.000);ACTB(+0.000)
ARRB1,False,0.07359755765142016,-8.084131e-06,0.00056302577,1.0256298e-05,LEF1(-0.000);BACH2(-0.000);FOXP1(-0.000);FHIT(-0.000);MAML2(-0.000);SERINC5(-0.000);PRKCA(-0.000);SELL(-0.000),PLCB1(+0.000);CCL5(+0.000);A2M(+0.000);PHACTR2(+0.000);GZMK(+0.000);PARP8(+0.000);KLRG1(+0.000);IL32(+0.000)
CSGALNACT2,False,0.15924330807392467,8.011736e-07,0.0005598081,9.422579e-05,PFN1(-0.000);IL32(-0.000);TRAC(-0.000);TMSB10(-0.000);GAPDH(-0.000);VIM(-0.000);RPLP0(-0.000);CD3D(-0.000),AOAH(+0.000);CD247(+0.000);GNLY(+0.000);ZBTB20(+0.000);MCTP2(+0.000);PITPNC1(+0.000);TXK(+0.000);CCL5(+0.000)
SAMD8,False,0.09971106144033146,-9.770314e-07,0.0005583321,-1.1839391e-05,ACTB(-0.000);ACTG1(-0.000);PFN1(-0.000);S100A4(-0.000);IL32(-0.000);TMSB4X(-0.000);CORO1A(-0.000);GAPDH(-0.000),MAML2(+0.000);LEF1(+0.000);BACH2(+0.000);FOXP1(+0.000);ZBTB20(+0.000);SERINC5(+0.000);PRKCA(+0.000);INPP4B(+0.000)
CDYL,False,0.22891566265060243,5.187169e-06,0.00055638776,0.00010427821,PLCB1(-0.000);PHACTR2(-0.000);A2M(-0.000);GZMK(-0.000);GNLY(-0.000);CCL5(-0.000);HCST(-0.000);IL32(-0.000),LEF1(+0.000);CD247(+0.000);SMC4(+0.000);BACH2(+0.000);PTMA(+0.000);KCNQ5(+0.000);ACTB(+0.000);MAPRE2(+0.000)
NCAM1,False,0.022242817423540315,0.0,0.0005559501,-6.542701e-07,CCL5(-0.000);PLCB1(-0.000);AOAH(-0.000);A2M(-0.000);MYO1F(-0.000);RAP1GAP2(-0.000);PPP2R2B(-0.000);SYNE1(-0.000),LEF1(+0.000);BACH2(+0.000);MAML2(+0.000);FOXP1(+0.000);SERINC5(+0.000);FHIT(+0.000);PDE3B(+0.000);PRKCA(+0.000)
CKMT2-AS1,False,0.15073870141198278,-4.3115315e-06,0.0005556576,-1.9324576e-05,LEF1(-0.000);BACH2(-0.000);MAML2(-0.000);FOXP1(-0.000);SERINC5(-0.000);FHIT(-0.000);PRKCA(-0.000);PDE3B(-0.000),S100A4(+0.000);A2M(+0.000);PFN1(+0.000);PLCB1(+0.000);ACTG1(+0.000);IL32(+0.000);MYO1F(+0.000);PHACTR2(+0.000)
LINC01278,False,0.13182140326009922,4.3447985e-06,0.0005550857,6.139989e-05,LEF1(-0.000);BACH2(-0.000);FOXP1(-0.000);MAML2(-0.000);FHIT(-0.000);SERINC5(-0.000);PRKCA(-0.000);PDE3B(-0.000),PLCB1(+0.000);A2M(+0.000);S100A4(+0.000);PHACTR2(+0.000);SYNE2(+0.000);IL32(+0.000);KLRG1(+0.000);CCL5(+0.000)
MTBP,False,0.03930654745679551,0.0,0.0005539243,9.194667e-06,LEF1(-0.000);MAML2(-0.000);BACH2(-0.000);FOXP1(-0.000);SERINC5(-0.000);CAMK4(-0.000);FHIT(-0.000);PDE3B(-0.000),CCL5(+0.000);AOAH(+0.000);PLCB1(+0.000);MYO1F(+0.000);A2M(+0.000);GNLY(+0.000);RAP1GAP2(+0.000);PPP2R2B(+0.000)
SLC10A7,False,0.09916589434661724,-7.269813e-06,0.0005530482,-3.208748e-06,ACTG1(-0.000);ACTB(-0.000);PFN1(-0.000);GAPDH(-0.000);RAP1GAP2(-0.000);MCTP2(-0.000);IFI16(-0.000);SMC4(-0.000),IL7R(+0.000);BCL2(+0.000);MAML2(+0.000);CAMK4(+0.000);LEF1(+0.000);BCL11B(+0.000);LTB(+0.000);INPP4B(+0.000)
FAR1,False,0.13705500735975576,-1.7814813e-06,0.0005529766,2.2203652e-05,ACTG1(-0.000);PFN1(-0.000);ACTB(-0.000);GAPDH(-0.000);S100A4(-0.000);TMSB10(-0.000);CORO1A(-0.000);MYL6(-0.000),MAML2(+0.000);LEF1(+0.000);BCL2(+0.000);BACH2(+0.000);IL7R(+0.000);FOXP1(+0.000);ZBTB20(+0.000);INPP4B(+0.000)
SUSD1,False,0.06645586872376383,1.9776128e-06,0.0005527618,1.7483946e-05,LEF1(-0.000);MAML2(-0.000);CAMK4(-0.000);FOXP1(-0.000);BACH2(-0.000);SERINC5(-0.000);PDE3B(-0.000);FHIT(-0.000),AOAH(+0.000);PLCB1(+0.000);CCL5(+0.000);RAP1GAP2(+0.000);MYO1F(+0.000);SYNE1(+0.000);A2M(+0.000);SAMD3(+0.000)
CFAP70,False,0.015646295589598208,0.0,0.00055219873,5.8387627e-06,AOAH(-0.000);RAP1GAP2(-0.000);JAZF1(-0.000);SAMD3(-0.000);MYO1F(-0.000);ACTG1(-0.000);SYNE1(-0.000);DNAJC1(-0.000),LEF1(+0.000);CAMK4(+0.000);IL7R(+0.000);MAML2(+0.000);BCL2(+0.000);LTB(+0.000);BCL11B(+0.000);SERINC5(+0.000)
EEF2K,False,0.06732813607370658,0.0,0.000551668,-3.1690528e-05,LEF1(-0.000);MAML2(-0.000);BACH2(-0.000);FOXP1(-0.000);SERINC5(-0.000);FHIT(-0.000);PRKCA(-0.000);PDE3B(-0.000),PFN1(+0.000);S100A4(+0.000);PLCB1(+0.000);CCL5(+0.000);IL32(+0.000);A2M(+0.000);ACTG1(+0.000);MYO1F(+0.000)
GPR107,False,0.11595704083301533,-1.8845436e-06,0.0005516246,2.8260005e-05,LEF1(-0.000);BACH2(-0.000);MAML2(-0.000);FOXP1(-0.000);SERINC5(-0.000);FHIT(-0.000);PRKCA(-0.000);PDE3B(-0.000),CCL5(+0.000);PLCB1(+0.000);S100A4(+0.000);A2M(+0.000);GNLY(+0.000);PHACTR2(+0.000);IL32(+0.000);MYO1F(+0.000)
LYPLA1,False,0.15390067055552525,1.815291e-06,0.0005500144,1.17296595e-05,PFN1(-0.000);ACTG1(-0.000);ACTB(-0.000);S100A4(-0.000);GAPDH(-0.000);CORO1A(-0.000);TMSB4X(-0.000);IL32(-0.000),LEF1(+0.000);MAML2(+0.000);BACH2(+0.000);FOXP1(+0.000);SERINC5(+0.000);PRKCA(+0.000);ZBTB20(+0.000);INPP4B(+0.000)
AC073840.1,False,0.05865997928365044,0.0,0.00054744293,5.872667e-05,LEF1(-0.000);BACH2(-0.000);FOXP1(-0.000);FHIT(-0.000);SERINC5(-0.000);SELL(-0.000);PDE3B(-0.000);MAML2(-0.000),AOAH(+0.000);PLCB1(+0.000);A2M(+0.000);SYNE2(+0.000);SYNE1(+0.000);PARP8(+0.000);PZP(+0.000);MYO1F(+0.000)
JHY,False,0.01646404623016955,0.0,0.00054668135,1.20646955e-05,GNLY(-0.000);AOAH(-0.000);ZEB2(-0.000);JAZF1(-0.000);MCTP2(-0.000);CD247(-0.000);NKG7(-0.000);RAP1GAP2(-0.000),IL7R(+0.000);IL32(+0.000);LTB(+0.000);GZMK(+0.000);PHACTR2(+0.000);CAMK4(+0.000);RPL11(+0.000);RPS18(+0.000)
SLC16A6,False,0.019789565501826308,0.0,0.00054567767,8.3231125e-06,PLCB1(-0.000);CCL5(-0.000);A2M(-0.000);AOAH(-0.000);MYO1F(-0.000);S100A4(-0.000);PHACTR2(-0.000);CTSW(-0.000),LEF1(+0.000);BACH2(+0.000);MAML2(+0.000);FOXP1(+0.000);SERINC5(+0.000);FHIT(+0.000);PRKCA(+0.000);PDE3B(+0.000)
MIB1,False,0.1319849533882135,-1.8346374e-06,0.0005454543,3.9234787e-05,AOAH(-0.000);JAZF1(-0.000);RAP1GAP2(-0.000);FNDC3B(-0.000);SAMD3(-0.000);VAV3(-0.000);CD247(-0.000);UTRN(-0.000),IL32(+0.000);RPL11(+0.000);LTB(+0.000);IL7R(+0.000);EEF1A1(+0.000);RPS2(+0.000);RPL13A(+0.000);RPL41(+0.000)
STXBP4,False,0.04475821839393774,0.0,0.0005439999,-1.8947505e-06,LEF1(-0.000);MAML2(-0.000);CAMK4(-0.000);FOXP1(-0.000);BACH2(-0.000);SERINC5(-0.000);PDE3B(-0.000);FHIT(-0.000),AOAH(+0.000);RAP1GAP2(+0.000);PLCB1(+0.000);MYO1F(+0.000);JAZF1(+0.000);CCL5(+0.000);SAMD3(+0.000);SYNE1(+0.000)
AGO4,False,0.061876465136564356,-1.755799e-06,0.0005418446,1.0546131e-05,LEF1(-0.000);CAMK4(-0.000);MAML2(-0.000);IL7R(-0.000);BCL2(-0.000);FOXP1(-0.000);LTB(-0.000);BCL11B(-0.000),AOAH(+0.000);RAP1GAP2(+0.000);JAZF1(+0.000);ACTG1(+0.000);PFN1(+0.000);ACTB(+0.000);SAMD3(+0.000);DNAJC1(+0.000)
SFXN4,False,0.05162732377473695,0.0,0.0005385854,-2.2320768e-05,AOAH(-0.000);JAZF1(-0.000);CD247(-0.000);CCL5(-0.000);RAP1GAP2(-0.000);SYNE1(-0.000);MCTP2(-0.000);SAMD3(-0.000),IL32(+0.000);CAMK4(+0.000);RPL11(+0.000);LTB(+0.000);TRAC(+0.000);IL7R(+0.000);RPL28(+0.000);PHACTR2(+0.000)
IDE,False,0.10707081720547346,2.4738324e-06,0.0005361528,5.647525e-05,LEF1(-0.000);BACH2(-0.000);FOXP1(-0.000);MAML2(-0.000);FHIT(-0.000);SERINC5(-0.000);PRKCA(-0.000);PDE3B(-0.000),A2M(+0.000);PLCB1(+0.000);CCL5(+0.000);PHACTR2(+0.000);IL32(+0.000);KLRG1(+0.000);S100A4(+0.000);SYNE2(+0.000)
ELL2,False,0.022951534645368803,0.0,0.00053543877,-1.2207724e-05,CCL5(-0.000);PLCB1(-0.000);A2M(-0.000);S100A4(-0.000);MYO1F(-0.000);AOAH(-0.000);ACTB(-0.000);ACTG1(-0.000),LEF1(+0.000);MAML2(+0.000);BACH2(+0.000);FOXP1(+0.000);SERINC5(+0.000);FHIT(+0.000);PRKCA(+0.000);PDE3B(+0.000)
LYN,False,0.03467262716022461,-1.360178e-06,0.0005352523,1.6801701e-05,ACTG1(-0.000);PFN1(-0.000);AOAH(-0.000);RAP1GAP2(-0.000);MYO1F(-0.000);ACTB(-0.000);CCL5(-0.000);TGFBR3(-0.000),LEF1(+0.000);MAML2(+0.000);BACH2(+0.000);CAMK4(+0.000);FOXP1(+0.000);SERINC5(+0.000);PDE3B(+0.000);BCL2(+0.000)
TBXAS1,False,0.10369078122444528,1.6657636e-06,0.0005348483,3.8918348e-05,LEF1(-0.000);BACH2(-0.000);MAML2(-0.000);FOXP1(-0.000);SERINC5(-0.000);FHIT(-0.000);PRKCA(-0.000);PDE3B(-0.000),S100A4(+0.000);ACTG1(+0.000);A2M(+0.000);ACTB(+0.000);MYO1F(+0.000);CCL5(+0.000);PLCB1(+0.000);TMSB4X(+0.000)
RFWD3,False,0.10919696887095895,0.0,0.000533084,8.32344e-06,AOAH(-0.000);GNLY(-0.000);PLCB1(-0.000);JAZF1(-0.000);RAP1GAP2(-0.000);DNAJC1(-0.000);MYBL1(-0.000);SAMD3(-0.000),LEF1(+0.000);CAMK4(+0.000);LTB(+0.000);BCL11B(+0.000);SERINC5(+0.000);IL7R(+0.000);MAML2(+0.000);PDE3B(+0.000)
CASP4,False,0.21256064983917572,-2.6939233e-07,0.00053098385,2.9095185e-05,PHACTR2(-0.000);IL7R(-0.000);IL32(-0.000);GZMK(-0.000);LTB(-0.000);CCL5(-0.000);BCL2(-0.000);PLCB1(-0.000),CD247(+0.000);JAZF1(+0.000);KCNQ5(+0.000);TFDP2(+0.000);MAPRE2(+0.000);SMC4(+0.000);VAV3(+0.000);RAP1GAP2(+0.000)
SMC6,False,0.0758872594450199,6.8137315e-06,0.00052844995,1.0373282e-06,IL32(-0.000);IL7R(-0.000);PHACTR2(-0.000);LTB(-0.000);A2M(-0.000);PLCB1(-0.000);S100A4(-0.000);KLRG1(-0.000),KCNQ5(+0.000);BACH2(+0.000);CD247(+0.000);WWOX(+0.000);SMC4(+0.000);SCLT1(+0.000);TXK(+0.000);DNMT1(+0.000)
NIPSNAP2,False,0.12800523360409966,3.4540588e-07,0.00052780635,4.209201e-05,PLCB1(-0.000);A2M(-0.000);AOAH(-0.000);MYO1F(-0.000);RAP1GAP2(-0.000);PFN1(-0.000);HCST(-0.000);S100A4(-0.000),LEF1(+0.000);GNLY(+0.000);BACH2(+0.000);MAML2(+0.000);FOXP1(+0.000);SERINC5(+0.000);FHIT(+0.000);PDE3B(+0.000)
AL050309.1,False,0.04165076595976666,-3.1727947e-07,0.0005268438,6.045261e-05,LEF1(-0.000);BACH2(-0.000);FOXP1(-0.000);MAML2(-0.000);SERINC5(-0.000);FHIT(-0.000);PRKCA(-0.000);PDE3B(-0.000),CCL5(+0.000);PLCB1(+0.000);A2M(+0.000);AOAH(+0.000);MYO1F(+0.000);SYNE2(+0.000);S100A4(+0.000);CTSW(+0.000)
ZFYVE16,False,0.0729433571389631,0.0,0.0005256648,1.5125932e-05,LEF1(-0.000);BACH2(-0.000);FOXP1(-0.000);MAML2(-0.000);FHIT(-0.000);SERINC5(-0.000);PRKCA(-0.000);PDE3B(-0.000),PLCB1(+0.000);CCL5(+0.000);A2M(+0.000);PHACTR2(+0.000);GZMK(+0.000);IL32(+0.000);S100A4(+0.000);KLRG1(+0.000)
RGS9,False,0.012048192771084338,3.0587248e-07,0.000525659,5.0427357e-06,LEF1(-0.000);MAML2(-0.000);FOXP1(-0.000);BACH2(-0.000);SERINC5(-0.000);CAMK4(-0.000);PDE3B(-0.000);PRKCA(-0.000),ACTB(+0.000);ACTG1(+0.000);PFN1(+0.000);S100A4(+0.000);GAPDH(+0.000);MYO1F(+0.000);CORO1A(+0.000);RAP1GAP2(+0.000)
KCNC1,False,0.035108760835195985,0.0,0.0005250135,-3.7221398e-05,IL7R(-0.000);LTB(-0.000);IL32(-0.000);CAMK4(-0.000);RPL11(-0.000);RPL13(-0.000);RPS18(-0.000);RPS2(-0.000),AOAH(+0.000);JAZF1(+0.000);RAP1GAP2(+0.000);SAMD3(+0.000);VAV3(+0.000);CD247(+0.000);TYROBP(+0.000);FNDC3B(+0.000)
CACNA2D2,False,0.014065311017826964,0.0,0.0005210695,1.1709009e-05,LEF1(-0.000);MAML2(-0.000);BACH2(-0.000);FOXP1(-0.000);SERINC5(-0.000);FHIT(-0.000);PDE3B(-0.000);PRKCA(-0.000),NKG7(+0.000);GNLY(+0.000);CCL5(+0.000);PLCB1(+0.000);PRF1(+0.000);AOAH(+0.000);ZEB2(+0.000);GZMA(+0.000)
MORN3,False,0.06487488415199258,0.0,0.00052005064,1.2627327e-06,PFN1(-0.000);S100A4(-0.000);ACTB(-0.000);ACTG1(-0.000);IL32(-0.000);GAPDH(-0.000);CORO1A(-0.000);TMSB4X(-0.000),MAML2(+0.000);BACH2(+0.000);GNLY(+0.000);ZBTB20(+0.000);LEF1(+0.000);FOXP1(+0.000);TXK(+0.000);DOCK10(+0.000)
ST8SIA6,False,0.01722728016136946,8.935985e-12,0.00051969214,1.414241e-05,LEF1(-0.000);MAML2(-0.000);FOXP1(-0.000);BACH2(-0.000);CAMK4(-0.000);SERINC5(-0.000);PDE3B(-0.000);FHIT(-0.000),CCL5(+0.000);AOAH(+0.000);PLCB1(+0.000);MYO1F(+0.000);RAP1GAP2(+0.000);PPP2R2B(+0.000);SYNE1(+0.000);SAMD3(+0.000)
MTMR9,False,0.08777190208798998,3.938026e-06,0.00051882124,-2.0924048e-05,IL32(-0.000);S100A4(-0.000);PHACTR2(-0.000);A2M(-0.000);PLCB1(-0.000);ACTB(-0.000);PFN1(-0.000);ACTG1(-0.000),LEF1(+0.000);BACH2(+0.000);MAML2(+0.000);FOXP1(+0.000);FHIT(+0.000);PRKCA(+0.000);SERINC5(+0.000);TXK(+0.000)
ELOVL6,False,0.015482745461483944,4.2766132e-07,0.00051750697,2.3370947e-05,LEF1(-0.000);MAML2(-0.000);FOXP1(-0.000);CAMK4(-0.000);BACH2(-0.000);SERINC5(-0.000);PDE3B(-0.000);PRKCA(-0.000),CCL5(+0.000);AOAH(+0.000);CTSW(+0.000);RAP1GAP2(+0.000);PLCB1(+0.000);MYO1F(+0.000);PPP2R2B(+0.000);SYNE1(+0.000)
DPY19L4,False,0.08460993294444748,0.0,0.00051681825,1.0360867e-05,S100A4(-0.000);PLCB1(-0.000);A2M(-0.000);ACTG1(-0.000);PFN1(-0.000);MYO1F(-0.000);ACTB(-0.000);RAP1GAP2(-0.000),LEF1(+0.000);MAML2(+0.000);BACH2(+0.000);FOXP1(+0.000);SERINC5(+0.000);FHIT(+0.000);PRKCA(+0.000);PDE3B(+0.000)
CEP126,False,0.030638390666739356,0.0,0.0005136713,4.677907e-07,CCL5(-0.000);PLCB1(-0.000);AOAH(-0.000);GNLY(-0.000);MYO1F(-0.000);A2M(-0.000);RAP1GAP2(-0.000);PPP2R2B(-0.000),LEF1(+0.000);MAML2(+0.000);BACH2(+0.000);FOXP1(+0.000);SERINC5(+0.000);CAMK4(+0.000);FHIT(+0.000);PDE3B(+0.000)
NCEH1,False,0.024750586054625746,0.0,0.0005131996,-6.907565e-07,AOAH(-0.000);RAP1GAP2(-0.000);PLCB1(-0.000);JAZF1(-0.000);MYO1F(-0.000);SAMD3(-0.000);SYNE1(-0.000);ARHGAP26(-0.000),LEF1(+0.000);CAMK4(+0.000);MAML2(+0.000);SERINC5(+0.000);FOXP1(+0.000);BACH2(+0.000);PDE3B(+0.000);BCL11B(+0.000)
EML5,False,0.07599629286376275,0.0,0.0005120794,8.0133495e-06,IL7R(-0.000);LTB(-0.000);IL32(-0.000);PHACTR2(-0.000);CAMK4(-0.000);BCL2(-0.000);RPL11(-0.000);THEMIS(-0.000),JAZF1(+0.000);CD247(+0.000);AOAH(+0.000);KCNQ5(+0.000);RAP1GAP2(+0.000);TFDP2(+0.000);IFI16(+0.000);STK39(+0.000)
RBM41,False,0.06100419778662161,-1.8859023e-06,0.0005117453,-3.880211e-05,IL32(-0.000);IL7R(-0.000);LTB(-0.000);RPL11(-0.000);PHACTR2(-0.000);S100A4(-0.000);RPL28(-0.000);RPS18(-0.000),AOAH(+0.000);JAZF1(+0.000);KCNQ5(+0.000);CD247(+0.000);TFDP2(+0.000);SFMBT2(+0.000);FNDC3B(+0.000);PLCG2(+0.000)
UST,False,0.05413509240582238,-2.0190822e-05,0.00051153725,1.8900664e-06,AOAH(-0.000);CCL5(-0.000);PLCB1(-0.000);A2M(-0.000);MYO1F(-0.000);CTSW(-0.000);RAP1GAP2(-0.000);PPP2R2B(-0.000),LEF1(+0.000);BACH2(+0.000);MAML2(+0.000);FOXP1(+0.000);SERINC5(+0.000);FHIT(+0.000);CAMK4(+0.000);PDE3B(+0.000)
PLIN3,False,0.054189609115193806,0.0,0.00051116326,5.236396e-05,PFN1(-0.000);ACTG1(-0.000);GAPDH(-0.000);ACTB(-0.000);MYL6(-0.000);TMSB10(-0.000);SMC4(-0.000);IFI16(-0.000),IL7R(+0.000);BCL2(+0.000);MAML2(+0.000);LTB(+0.000);CAMK4(+0.000);ARHGAP15(+0.000);BCL11B(+0.000);LEF1(+0.000)
DOP1B,False,0.07556015918879136,3.241805e-07,0.0005108257,-1.4868791e-05,KCNQ5(-0.000);TXK(-0.000);BACH2(-0.000);CD247(-0.000);SFMBT2(-0.000);ZBTB20(-0.000);WWOX(-0.000);LEF1(-0.000),IL32(+0.000);PHACTR2(+0.000);S100A4(+0.000);LTB(+0.000);IL7R(+0.000);RPL28(+0.000);A2M(+0.000);RPL11(+0.000)
AC008731.1,False,0.049828272365480014,0.0,0.0005087758,1.4546838e-05,LEF1(-0.000);BACH2(-0.000);MAML2(-0.000);FOXP1(-0.000);FHIT(-0.000);SERINC5(-0.000);PRKCA(-0.000);ZBTB20(-0.000),IL32(+0.000);S100A4(+0.000);PHACTR2(+0.000);PLCB1(+0.000);GZMK(+0.000);PFN1(+0.000);A2M(+0.000);ACTB(+0.000)
TTC9,False,0.08450089952570464,-4.0513314e-06,0.0005069663,-2.4545672e-05,LEF1(-0.000);BACH2(-0.000);MAML2(-0.000);SERINC5(-0.000);FOXP1(-0.000);CAMK4(-0.000);FHIT(-0.000);PDE3B(-0.000),CCL5(+0.000);TGFBR3(+0.000);AOAH(+0.000);CTSW(+0.000);PLCB1(+0.000);MCTP2(+0.000);GNLY(+0.000);MYO1F(+0.000)
RALGPS2,False,0.1010194624652456,1.0990929e-06,0.0005069365,1.19313e-05,AOAH(-0.000);JAZF1(-0.000);KCNQ5(-0.000);CD247(-0.000);GNLY(-0.000);SFMBT2(-0.000);FNDC3B(-0.000);TXK(-0.000),IL32(+0.000);LTB(+0.000);IL7R(+0.000);RPL11(+0.000);CAMK4(+0.000);RPL30(+0.000);S100A4(+0.000);PHACTR2(+0.000)
ERCC3,False,0.04901052172490869,0.0,0.00050380256,-4.027593e-06,CCL5(-0.000);AOAH(-0.000);GNLY(-0.000);PLCB1(-0.000);MYO1F(-0.000);CTSW(-0.000);RAP1GAP2(-0.000);PFN1(-0.000),LEF1(+0.000);MAML2(+0.000);FOXP1(+0.000);BACH2(+0.000);CAMK4(+0.000);SERINC5(+0.000);PDE3B(+0.000);PRKCA(+0.000)
NACC2,False,0.09872976067164586,0.0,0.00049956026,9.2710645e-05,PFN1(-0.000);TMSB10(-0.000);IL32(-0.000);GAPDH(-0.000);TRAC(-0.000);VIM(-0.000);RPLP0(-0.000);CD3D(-0.000),AOAH(+0.000);CD247(+0.000);PITPNC1(+0.000);ZBTB20(+0.000);TXK(+0.000);SYNE1(+0.000);FYN(+0.000);JAZF1(+0.000)
RECK,False,0.07566919260753421,0.0,0.00049840455,1.3234787e-05,MAML2(-0.000);LEF1(-0.000);BACH2(-0.000);FOXP1(-0.000);BCL2(-0.000);CAMK4(-0.000);INPP4B(-0.000);SERINC5(-0.000),ACTG1(+0.000);ACTB(+0.000);PFN1(+0.000);S100A4(+0.000);TMSB4X(+0.000);CORO1A(+0.000);GAPDH(+0.000);FLNA(+0.000)
PSMB7,False,0.15264678623998254,-1.5870748e-06,0.0004910275,2.3700068e-05,LEF1(-0.000);CAMK4(-0.000);MAML2(-0.000);FOXP1(-0.000);SERINC5(-0.000);PDE3B(-0.000);BCL11B(-0.000);BACH2(-0.000),AOAH(+0.000);RAP1GAP2(+0.000);PLCB1(+0.000);JAZF1(+0.000);CCL5(+0.000);SAMD3(+0.000);SYNE1(+0.000);MYO1F(+0.000)
KIF3A,False,0.04377691762525214,0.0,0.00048884406,-5.0848566e-06,LEF1(-0.000);BACH2(-0.000);FOXP1(-0.000);MAML2(-0.000);FHIT(-0.000);SERINC5(-0.000);PRKCA(-0.000);KCNQ5(-0.000),PHACTR2(+0.000);PLCB1(+0.000);CCL5(+0.000);IL32(+0.000);A2M(+0.000);GZMK(+0.000);S100A4(+0.000);GNLY(+0.000)
LUC7L,False,0.2019844082211198,-2.0568298e-06,0.0004871587,-4.178068e-05,IL7R(-0.000);LTB(-0.000);CAMK4(-0.000);LEF1(-0.000);BCL11B(-0.000);RPL11(-0.000);BCL2(-0.000);IL32(-0.000),CTSW(+0.000);AOAH(+0.000);MCTP2(+0.000);TYROBP(+0.000);TGFBR3(+0.000);PPP2R2B(+0.000);JAZF1(+0.000);RAP1GAP2(+0.000)
RB1,False,0.32775445674099113,-1.9050265e-05,0.00048460753,-7.648709e-05,ACTB(-0.000);ACTG1(-0.000);TMSB4X(-0.000);LGALS1(-0.000);HLA-A(-0.000);ARHGDIB(-0.000);B2M(-0.000);HNRNPA2B1(-0.000),PLCB1(+0.000);GZMK(+0.000);AOAH(+0.000);CCL5(+0.000);ZBTB16(+0.000);PARP8(+0.000);BCL2(+0.000);PHACTR2(+0.000)
B4GALT5,False,0.06607425175816388,-1.4606765e-05,0.00048415264,-4.6375797e-05,AOAH(-0.000);CCL5(-0.000);RAP1GAP2(-0.000);JAZF1(-0.000);MCTP2(-0.000);CD247(-0.000);SYNE1(-0.000);SAMD3(-0.000),CAMK4(+0.000);LEF1(+0.000);TRAC(+0.000);LTB(+0.000);IL7R(+0.000);BCL2(+0.000);BCL11B(+0.000);PDE3B(+0.000)
MIR181A2HG,False,0.013574660633484163,0.0,0.00047849072,5.591465e-06,GNLY(-0.000);ZEB2(-0.000);NKG7(-0.000);MCTP2(-0.000);AOAH(-0.000);PRF1(-0.000);JAZF1(-0.000);RAP1GAP2(-0.000),IL7R(+0.000);CAMK4(+0.000);LTB(+0.000);IL32(+0.000);BCL2(+0.000);BCL11B(+0.000);RPL11(+0.000);PHACTR2(+0.000)
MPP5,False,0.06520198440822113,0.0,0.00047706388,-6.872211e-06,ACTB(-0.000);IL32(-0.000);PFN1(-0.000);S100A4(-0.000);GAPDH(-0.000);ACTG1(-0.000);CORO1A(-0.000);TMSB10(-0.000),MAML2(+0.000);ZBTB20(+0.000);AOAH(+0.000);BACH2(+0.000);FOXP1(+0.000);TXK(+0.000);PITPNC1(+0.000);ATM(+0.000)
AC087500.1,False,0.02911192280433953,0.0,0.00047498127,-1.7293636e-05,LEF1(-0.000);MAML2(-0.000);BACH2(-0.000);FOXP1(-0.000);SERINC5(-0.000);PRKCA(-0.000);PDE3B(-0.000);FHIT(-0.000),PFN1(+0.000);ACTG1(+0.000);S100A4(+0.000);ACTB(+0.000);GAPDH(+0.000);IL32(+0.000);CORO1A(+0.000);FLNA(+0.000)
PLXDC2,False,0.02507768631085428,0.0,0.00047439165,-2.1545861e-06,IL32(-0.000);PHACTR2(-0.000);PLCB1(-0.000);S100A4(-0.000);GZMK(-0.000);CCL5(-0.000);A2M(-0.000);PFN1(-0.000),LEF1(+0.000);BACH2(+0.000);MAML2(+0.000);FOXP1(+0.000);FHIT(+0.000);SERINC5(+0.000);PRKCA(+0.000);PDE3B(+0.000)
LINC00402,False,0.11650220792672954,0.0,0.00047150961,-5.1535826e-05,AOAH(-0.000);CD247(-0.000);JAZF1(-0.000);SYNE1(-0.000);RAP1GAP2(-0.000);SAMD3(-0.000);UTRN(-0.000);VAV3(-0.000),IL32(+0.000);GNLY(+0.000);LTB(+0.000);TRAC(+0.000);CAMK4(+0.000);RPL11(+0.000);RPLP0(+0.000);CD3D(+0.000)
RASSF1,False,0.13994439295644118,1.083961e-05,0.00047068443,6.0666716e-05,LEF1(-0.000);MAML2(-0.000);CAMK4(-0.000);BCL2(-0.000);FOXP1(-0.000);BACH2(-0.000);INPP4B(-0.000);SERINC5(-0.000),ACTB(+0.000);ACTG1(+0.000);TMSB4X(+0.000);ITGB2(+0.000);RAP1GAP2(+0.000);CORO1A(+0.000);PTMA(+0.000);CD247(+0.000)
C12orf75,False,0.0517363571934798,-9.637655e-07,0.0004694036,3.0304502e-05,AOAH(-0.000);JAZF1(-0.000);RAP1GAP2(-0.000);TYROBP(-0.000);SAMD3(-0.000);VAV3(-0.000);CD247(-0.000);IFI16(-0.000),IL7R(+0.000);LTB(+0.000);CAMK4(+0.000);BCL2(+0.000);IL32(+0.000);RPL13(+0.000);BCL11B(+0.000);PHACTR2(+0.000)
MBTPS2,False,0.057242544839993456,0.0,0.0004665024,1.6314421e-05,LEF1(-0.000);MAML2(-0.000);FOXP1(-0.000);BACH2(-0.000);SERINC5(-0.000);CAMK4(-0.000);PDE3B(-0.000);PRKCA(-0.000),CCL5(+0.000);PLCB1(+0.000);AOAH(+0.000);ACTB(+0.000);MYO1F(+0.000);PFN1(+0.000);ACTG1(+0.000);RAP1GAP2(+0.000)
DIAPH3,False,0.005724254483999346,0.0,0.00046639785,1.5511636e-06,KCNQ5(-0.000);BACH2(-0.000);LEF1(-0.000);SMC4(-0.000);WWOX(-0.000);SSBP2(-0.000);TXK(-0.000);CD247(-0.000),IL32(+0.000);PHACTR2(+0.000);IL7R(+0.000);A2M(+0.000);LTB(+0.000);PLCB1(+0.000);GZMK(+0.000);KLRG1(+0.000)
IFNG,False,0.0322193752385106,0.0,0.00046620265,-7.3235256e-06,BACH2(-0.000);LEF1(-0.000);KCNQ5(-0.000);CD247(-0.000);ZEB2(-0.000);MCTP2(-0.000);ATP10A(-0.000);FOXP1(-0.000),PHACTR2(+0.000);IL32(+0.000);IL7R(+0.000);LTB(+0.000);A2M(+0.000);PLCB1(+0.000);S100A4(+0.000);KLRG1(+0.000)
AGPAT4,False,0.03292809246033909,-7.7905115e-06,0.0004642746,-1.9016214e-06,AOAH(-0.000);RAP1GAP2(-0.000);JAZF1(-0.000);SAMD3(-0.000);SYNE1(-0.000);MYO1F(-0.000);ACTG1(-0.000);VAV3(-0.000),LEF1(+0.000);CAMK4(+0.000);IL7R(+0.000);MAML2(+0.000);BCL2(+0.000);BCL11B(+0.000);LTB(+0.000);SERINC5(+0.000)
BLMH,False,0.09191517200021805,0.0,0.00046313138,-5.9934414e-06,IL7R(-0.000);LTB(-0.000);CAMK4(-0.000);BCL2(-0.000);BCL11B(-0.000);PHACTR2(-0.000);THEMIS(-0.000);IL32(-0.000),RAP1GAP2(+0.000);JAZF1(+0.000);CD247(+0.000);ACTG1(+0.000);IFI16(+0.000);AOAH(+0.000);SMC4(+0.000);TOX(+0.000)
SETD3,False,0.051300223518508416,-3.8581147e-06,0.0004599194,8.362753e-06,PLCB1(-0.000);CCL5(-0.000);A2M(-0.000);AOAH(-0.000);MYO1F(-0.000);GNLY(-0.000);S100A4(-0.000);PZP(-0.000),LEF1(+0.000);BACH2(+0.000);MAML2(+0.000);FOXP1(+0.000);SERINC5(+0.000);FHIT(+0.000);PRKCA(+0.000);PDE3B(+0.000)
KIF20B,False,0.06836395355176363,0.0,0.00045684533,-1.1292876e-05,LEF1(-0.000);BACH2(-0.000);FOXP1(-0.000);MAML2(-0.000);FHIT(-0.000);PRKCA(-0.000);SERINC5(-0.000);KCNQ5(-0.000),PHACTR2(+0.000);PLCB1(+0.000);A2M(+0.000);IL32(+0.000);S100A4(+0.000);KLRG1(+0.000);IL7R(+0.000);PARP8(+0.000)
RAN,False,0.18023224118192224,3.456166e-06,0.00045671687,-0.00012401104,CCL5(-0.000);GNLY(-0.000);CTSW(-0.000);PPP2R2B(-0.000);TGFBR3(-0.000);MBNL1(-0.000);CD247(-0.000);B2M(-0.000),PFN1(+0.000);TRAC(+0.000);TMSB10(+0.000);IL32(+0.000);TRBC2(+0.000);CD3D(+0.000);S100A6(+0.000);VIM(+0.000)
EDC3,False,0.04530338548765197,0.0,0.00045526787,-8.661197e-06,S100A4(-0.000);ACTB(-0.000);ACTG1(-0.000);PLCB1(-0.000);PFN1(-0.000);IL32(-0.000);CCL5(-0.000);A2M(-0.000),LEF1(+0.000);MAML2(+0.000);BACH2(+0.000);FOXP1(+0.000);SERINC5(+0.000);FHIT(+0.000);PRKCA(+0.000);PDE3B(+0.000)
NOL10,False,0.206018644714605,-2.2272188e-06,0.00045369414,-0.00015672628,B2M(-0.000);ACTB(-0.000);PTMA(-0.000);CD247(-0.000);MBNL1(-0.000);PTPRC(-0.000);EEF1A1(-0.000);RPLP1(-0.000),TRAC(+0.000);GNLY(+0.000);HCST(+0.000);TRBC2(+0.000);CTSW(+0.000);A2M(+0.000);GZMK(+0.000);TGFBR3(+0.000)
DARS,False,0.28599465736248164,-4.6973005e-06,0.00045130358,-1.9117258e-05,IL32(-0.000);RPL11(-0.000);S100A4(-0.000);LTB(-0.000);RPS2(-0.000);RPS18(-0.000);PHACTR2(-0.000);EEF1A1(-0.000),GNLY(+0.000);MCTP2(+0.000);AOAH(+0.000);TGFBR3(+0.000);JAZF1(+0.000);CD247(+0.000);CTSW(+0.000);UTRN(+0.000)
TUBD1,False,0.0827563648258191,-1.3145838e-06,0.00045128117,-4.3911074e-05,IL32(-0.000);PHACTR2(-0.000);S100A4(-0.000);B2M(-0.000);HLA-B(-0.000);A2M(-0.000);ACTB(-0.000);RPL11(-0.000),LEF1(+0.000);BACH2(+0.000);FOXP1(+0.000);MAML2(+0.000);FHIT(+0.000);PRKCA(+0.000);SERINC5(+0.000);KCNQ5(+0.000)
KIAA0586,False,0.22406367551654582,4.2589286e-06,0.0004511078,-4.9459024e-05,CCL5(-0.000);AOAH(-0.000);GNLY(-0.000);PLCB1(-0.000);SPIDR(-0.000);ZFAND3(-0.000);LPP(-0.000);PPP3CA(-0.000),LEF1(+0.000);FOXP1(+0.000);TRAC(+0.000);CAMK4(+0.000);SERINC5(+0.000);TRBC2(+0.000);PDE3B(+0.000);MAML2(+0.000)
LIX1L,False,0.07425175816387722,0.0,0.0004506809,5.451019e-06,CCL5(-0.000);GNLY(-0.000);PLCB1(-0.000);CTSW(-0.000);A2M(-0.000);S100A4(-0.000);PHACTR2(-0.000);PFN1(-0.000),LEF1(+0.000);BACH2(+0.000);MAML2(+0.000);FOXP1(+0.000);SERINC5(+0.000);FHIT(+0.000);PRKCA(+0.000);PDE3B(+0.000)
SDK2,False,0.08041214632284796,-3.879385e-06,0.00045021393,-1.9185774e-05,LEF1(-0.000);BACH2(-0.000);MAML2(-0.000);FOXP1(-0.000);ZBTB20(-0.000);SERINC5(-0.000);FHIT(-0.000);PRKCA(-0.000),IL32(+0.000);S100A4(+0.000);PHACTR2(+0.000);PFN1(+0.000);PLCB1(+0.000);GZMK(+0.000);ACTB(+0.000);A2M(+0.000)
TYW1B,False,0.10172817968707408,-2.4801793e-06,0.00044867268,-2.2724735e-05,LEF1(-0.000);MAML2(-0.000);BACH2(-0.000);FOXP1(-0.000);SERINC5(-0.000);BCL2(-0.000);CAMK4(-0.000);INPP4B(-0.000),PFN1(+0.000);ACTG1(+0.000);ACTB(+0.000);GAPDH(+0.000);S100A4(+0.000);MYL6(+0.000);CORO1A(+0.000);FLNA(+0.000)
SHOC1,False,0.07915826200730525,8.5573816e-07,0.00044751007,-1.2618855e-05,CCL5(-0.000);GNLY(-0.000);ACTB(-0.000);PLCB1(-0.000);PFN1(-0.000);ACTG1(-0.000);MYO1F(-0.000);AOAH(-0.000),LEF1(+0.000);MAML2(+0.000);FOXP1(+0.000);BACH2(+0.000);SERINC5(+0.000);CAMK4(+0.000);PDE3B(+0.000);PRKCA(+0.000)
GIN1,False,0.02769448836068255,0.0,0.000446658,2.167909e-05,CAMK4(-0.000);LTB(-0.000);LEF1(-0.000);IL7R(-0.000);IL32(-0.000);TRAC(-0.000);BCL11B(-0.000);RPL11(-0.000),AOAH(+0.000);JAZF1(+0.000);RAP1GAP2(+0.000);CCL5(+0.000);CD247(+0.000);SAMD3(+0.000);SYNE1(+0.000);CTSW(+0.000)
GTDC1,False,0.05130022351850842,-1.1050524e-05,0.0004457408,6.262504e-06,PLCB1(-0.000);CCL5(-0.000);A2M(-0.000);S100A4(-0.000);PHACTR2(-0.000);GZMK(-0.000);IL32(-0.000);KLRG1(-0.000),LEF1(+0.000);BACH2(+0.000);MAML2(+0.000);FOXP1(+0.000);FHIT(+0.000);SERINC5(+0.000);PRKCA(+0.000);PDE3B(+0.000)
SLC16A1-AS1,False,0.10827018481164477,-2.5633856e-06,0.00044385224,-1.0286718e-05,LEF1(-0.000);BACH2(-0.000);MAML2(-0.000);FOXP1(-0.000);FHIT(-0.000);SERINC5(-0.000);PRKCA(-0.000);PDE3B(-0.000),PLCB1(+0.000);A2M(+0.000);PHACTR2(+0.000);IL32(+0.000);S100A4(+0.000);CCL5(+0.000);GZMK(+0.000);KLRG1(+0.000)
MPZL3,False,0.11612059096112959,-7.70909e-07,0.0004434231,6.0903774e-05,LEF1(-0.000);FOXP1(-0.000);MAML2(-0.000);BACH2(-0.000);CAMK4(-0.000);SERINC5(-0.000);PDE3B(-0.000);FHIT(-0.000),AOAH(+0.000);RAP1GAP2(+0.000);SYNE2(+0.000);MYO1F(+0.000);SYNE1(+0.000);A2M(+0.000);NCALD(+0.000);SAMD3(+0.000)
PLXNA4,False,0.03167420814479638,0.0,0.0004428666,2.0666009e-07,LEF1(-0.000);BACH2(-0.000);FOXP1(-0.000);FHIT(-0.000);MAML2(-0.000);SMC4(-0.000);SERINC5(-0.000);PRKCA(-0.000),PLCB1(+0.000);PHACTR2(+0.000);GZMK(+0.000);A2M(+0.000);CCL5(+0.000);IL32(+0.000);IL7R(+0.000);PARP8(+0.000)
CA13,False,0.00888622362754184,0.0,0.000441974,1.44247315e-05,AOAH(-0.000);RAP1GAP2(-0.000);CCL5(-0.000);MYO1F(-0.000);JAZF1(-0.000);SAMD3(-0.000);PPP2R2B(-0.000);PLCB1(-0.000),LEF1(+0.000);CAMK4(+0.000);MAML2(+0.000);SERINC5(+0.000);FOXP1(+0.000);BACH2(+0.000);IL7R(+0.000);PDE3B(+0.000)
SLC35F5,False,0.08657253448181867,2.0996242e-06,0.00043856635,2.5362873e-05,LEF1(-0.000);CAMK4(-0.000);FOXP1(-0.000);SERINC5(-0.000);MAML2(-0.000);PDE3B(-0.000);BACH2(-0.000);FHIT(-0.000),AOAH(+0.000);CCL5(+0.000);PLCB1(+0.000);RAP1GAP2(+0.000);JAZF1(+0.000);SYNE1(+0.000);SAMD3(+0.000);MYO1F(+0.000)
C9orf135,False,0.011775609224227226,0.0,0.0004359023,2.3222292e-05,LEF1(-0.000);MAML2(-0.000);FOXP1(-0.000);CAMK4(-0.000);BACH2(-0.000);SERINC5(-0.000);PDE3B(-0.000);INPP4B(-0.000),AOAH(+0.000);ACTB(+0.000);ACTG1(+0.000);RAP1GAP2(+0.000);MYO1F(+0.000);SAMD3(+0.000);SYNE1(+0.000);PFN1(+0.000)
SQSTM1,False,0.23120536444420214,2.9870074e-07,0.00043427286,8.777541e-05,PFN1(-0.000);MCTP2(-0.000);ACTG1(-0.000);TMSB10(-0.000);TGFBR3(-0.000);GNLY(-0.000);GAPDH(-0.000);MYL6(-0.000),IL7R(+0.000);PITPNC1(+0.000);ZBTB20(+0.000);BCL2(+0.000);ARHGAP15(+0.000);MBNL1(+0.000);TXK(+0.000);CCND3(+0.000)
LPGAT1,False,0.061167747914735865,6.6336465e-06,0.00043373945,3.5424157e-05,LEF1(-0.000);MAML2(-0.000);CAMK4(-0.000);FOXP1(-0.000);BACH2(-0.000);SERINC5(-0.000);PDE3B(-0.000);FHIT(-0.000),AOAH(+0.000);GNLY(+0.000);CCL5(+0.000);PLCB1(+0.000);RAP1GAP2(+0.000);MYO1F(+0.000);SYNE1(+0.000);JAZF1(+0.000)
HEXD,False,0.08210216431336205,1.9948693e-07,0.00043111952,-1.2362024e-05,IL32(-0.000);PHACTR2(-0.000);S100A4(-0.000);IL7R(-0.000);RPL11(-0.000);RPL28(-0.000);LTB(-0.000);RPS18(-0.000),BACH2(+0.000);LEF1(+0.000);FOXP1(+0.000);MAML2(+0.000);MCTP2(+0.000);GNLY(+0.000);CD247(+0.000);ZBTB20(+0.000)
RNF121,False,0.05108215668102274,0.0,0.00042926153,1.3460018e-05,PLCB1(-0.000);PHACTR2(-0.000);PFN1(-0.000);A2M(-0.000);S100A4(-0.000);IL32(-0.000);CCL5(-0.000);MYO1F(-0.000),LEF1(+0.000);BACH2(+0.000);MAML2(+0.000);FOXP1(+0.000);SERINC5(+0.000);FHIT(+0.000);PRKCA(+0.000);PDE3B(+0.000)
CACNB2,False,0.017390830289483725,0.0,0.0004276329,-4.0753453e-06,PFN1(-0.000);ACTB(-0.000);ACTG1(-0.000);S100A4(-0.000);PLCB1(-0.000);MYO1F(-0.000);TMSB4X(-0.000);GAPDH(-0.000),LEF1(+0.000);MAML2(+0.000);BACH2(+0.000);FOXP1(+0.000);SERINC5(+0.000);PRKCA(+0.000);PDE3B(+0.000);FHIT(+0.000)
AF165147.1,False,0.028348688873139617,0.0,0.00042735986,-3.1109383e-05,MCTP2(-0.000);CD247(-0.000);GNLY(-0.000);AOAH(-0.000);JAZF1(-0.000);TGFBR3(-0.000);PRKCH(-0.000);KCNQ5(-0.000),IL32(+0.000);PHACTR2(+0.000);GZMK(+0.000);LTB(+0.000);PFN1(+0.000);IL7R(+0.000);S100A4(+0.000);TRAC(+0.000)
HDAC9,False,0.0153737120427411,2.3659754e-06,0.0004258151,2.4412779e-05,LEF1(-0.000);MAML2(-0.000);BACH2(-0.000);FOXP1(-0.000);SERINC5(-0.000);FHIT(-0.000);PRKCA(-0.000);PDE3B(-0.000),CCL5(+0.000);S100A4(+0.000);ACTB(+0.000);PLCB1(+0.000);ACTG1(+0.000);PFN1(+0.000);A2M(+0.000);IL32(+0.000)
TTC28,False,0.05849642915553617,0.0,0.00042499654,-1.1540711e-06,LEF1(-0.000);MAML2(-0.000);BACH2(-0.000);FOXP1(-0.000);SERINC5(-0.000);PRKCA(-0.000);PDE3B(-0.000);FHIT(-0.000),PFN1(+0.000);S100A4(+0.000);ACTG1(+0.000);ACTB(+0.000);PLCB1(+0.000);MYO1F(+0.000);AOAH(+0.000);A2M(+0.000)
NFXL1,False,0.05086408984353705,1.1892212e-07,0.00042285357,4.3120467e-06,AOAH(-0.000);CCL5(-0.000);PLCB1(-0.000);RAP1GAP2(-0.000);MYO1F(-0.000);SYNE1(-0.000);SAMD3(-0.000);JAZF1(-0.000),LEF1(+0.000);MAML2(+0.000);BACH2(+0.000);CAMK4(+0.000);FOXP1(+0.000);SERINC5(+0.000);PDE3B(+0.000);FHIT(+0.000)
ADAM12,False,0.005451670937142234,0.0,0.000419825,-7.048931e-06,IL32(-0.000);GZMK(-0.000);PHACTR2(-0.000);IL7R(-0.000);LTB(-0.000);S100A4(-0.000);A2M(-0.000);PLCB1(-0.000),BACH2(+0.000);KCNQ5(+0.000);LEF1(+0.000);TXK(+0.000);CD247(+0.000);FOXP1(+0.000);ATP10A(+0.000);MAML2(+0.000)
CNKSR2,False,0.11284958839884424,4.858087e-07,0.00041805976,4.5881876e-05,PHACTR2(-0.000);IL32(-0.000);LTB(-0.000);IL7R(-0.000);A2M(-0.000);TRAC(-0.000);PLCB1(-0.000);AL136456.1(-0.000),CD247(+0.000);MCTP2(+0.000);KCNQ5(+0.000);MAPRE2(+0.000);TFDP2(+0.000);SFMBT2(+0.000);SMC4(+0.000);JAZF1(+0.000)
APOBEC3G,False,0.02682222101073979,-1.1886947e-05,0.00041348816,2.073976e-05,PFN1(-0.000);ACTG1(-0.000);NKG7(-0.000);S100A4(-0.000);ACTB(-0.000);MYO1F(-0.000);TGFBR3(-0.000);RAP1GAP2(-0.000),LEF1(+0.000);MAML2(+0.000);BACH2(+0.000);FOXP1(+0.000);SERINC5(+0.000);CAMK4(+0.000);PDE3B(+0.000);PRKCA(+0.000)
PEX14,False,0.09960202802158863,-1.8681261e-06,0.00040777688,-1.888314e-05,CCL5(-0.000);AOAH(-0.000);PLCB1(-0.000);GNLY(-0.000);A2M(-0.000);MYO1F(-0.000);CTSW(-0.000);ARHGAP26(-0.000),LEF1(+0.000);BACH2(+0.000);FOXP1(+0.000);SERINC5(+0.000);FHIT(+0.000);CAMK4(+0.000);PDE3B(+0.000);MAML2(+0.000)
HDHD5,False,0.053535408602736735,-1.4354165e-06,0.00040492587,8.029114e-06,CCL5(-0.000);PLCB1(-0.000);A2M(-0.000);AOAH(-0.000);GZMK(-0.000);PHACTR2(-0.000);PARP8(-0.000);CTSW(-0.000),LEF1(+0.000);BACH2(+0.000);FOXP1(+0.000);FHIT(+0.000);SERINC5(+0.000);MAML2(+0.000);PRKCA(+0.000);PDE3B(+0.000)
ALCAM,False,0.08689963473804721,0.0,0.0004035865,-1.937303e-05,LEF1(-0.000);BACH2(-0.000);MAML2(-0.000);FOXP1(-0.000);SERINC5(-0.000);FHIT(-0.000);PRKCA(-0.000);PDE3B(-0.000),PLCB1(+0.000);AOAH(+0.000);A2M(+0.000);MYO1F(+0.000);RAP1GAP2(+0.000);PARP8(+0.000);PZP(+0.000);ARHGAP26(+0.000)
ETFRF1,False,0.054516709371422334,0.0,0.00039961725,2.6034766e-05,AOAH(-0.000);JAZF1(-0.000);RAP1GAP2(-0.000);SAMD3(-0.000);VAV3(-0.000);SYNE1(-0.000);UTRN(-0.000);CD247(-0.000),IL7R(+0.000);LTB(+0.000);CAMK4(+0.000);IL32(+0.000);RPL11(+0.000);RPS2(+0.000);RPL13(+0.000);RPS18(+0.000)
PTGDS,False,0.014555961402169764,0.0,0.0003993396,-4.1388557e-07,CCL5(-0.000);PLCB1(-0.000);A2M(-0.000);S100A4(-0.000);MYO1F(-0.000);PFN1(-0.000);PHACTR2(-0.000);AOAH(-0.000),LEF1(+0.000);BACH2(+0.000);MAML2(+0.000);FOXP1(+0.000);SERINC5(+0.000);FHIT(+0.000);PRKCA(+0.000);PDE3B(+0.000)
RGS1,False,0.031238074469825003,0.0,0.00039822044,-4.409873e-06,S100A4(-0.000);CCL5(-0.000);IL32(-0.000);PFN1(-0.000);ACTB(-0.000);ACTG1(-0.000);PLCB1(-0.000);PHACTR2(-0.000),LEF1(+0.000);MAML2(+0.000);BACH2(+0.000);FOXP1(+0.000);SERINC5(+0.000);PRKCA(+0.000);FHIT(+0.000);PDE3B(+0.000)
LINC02256,False,0.07697759363244834,8.329242e-06,0.00039674446,8.051534e-07,IL32(-0.000);PHACTR2(-0.000);S100A4(-0.000);A2M(-0.000);PLCB1(-0.000);KLRG1(-0.000);IL7R(-0.000);RPL28(-0.000),LEF1(+0.000);BACH2(+0.000);MAML2(+0.000);FOXP1(+0.000);TXK(+0.000);FHIT(+0.000);KCNQ5(+0.000);ZBTB20(+0.000)
ARFIP1,False,0.03156517472605353,0.0,0.00039661335,-2.251696e-06,GNLY(-0.000);AOAH(-0.000);NKG7(-0.000);CCL5(-0.000);MCTP2(-0.000);TGFBR3(-0.000);RAP1GAP2(-0.000);MYO1F(-0.000),LEF1(+0.000);CAMK4(+0.000);MAML2(+0.000);BACH2(+0.000);FOXP1(+0.000);SERINC5(+0.000);PDE3B(+0.000);FHIT(+0.000)
RTN3,False,0.06525650111759254,-1.1295963e-06,0.00039623442,-3.5067276e-06,CCL5(-0.000);PLCB1(-0.000);GNLY(-0.000);S100A4(-0.000);A2M(-0.000);MYO1F(-0.000);ACTG1(-0.000);PFN1(-0.000),LEF1(+0.000);MAML2(+0.000);BACH2(+0.000);FOXP1(+0.000);SERINC5(+0.000);FHIT(+0.000);PRKCA(+0.000);PDE3B(+0.000)
TPST2,False,0.06323938287084993,-1.0679456e-05,0.0003954801,7.99247e-06,AOAH(-0.000);MCTP2(-0.000);RAP1GAP2(-0.000);CTSW(-0.000);TGFBR3(-0.000);MYO1F(-0.000);JAZF1(-0.000);SAMD3(-0.000),LEF1(+0.000);CAMK4(+0.000);MAML2(+0.000);FOXP1(+0.000);SERINC5(+0.000);BACH2(+0.000);IL7R(+0.000);PDE3B(+0.000)
KLRB1,False,0.012211742899198604,-1.7180077e-05,0.00039482658,-9.777025e-06,PLCB1(-0.000);PHACTR2(-0.000);CCL5(-0.000);A2M(-0.000);IL32(-0.000);S100A4(-0.000);KLRG1(-0.000);IL7R(-0.000),LEF1(+0.000);BACH2(+0.000);FOXP1(+0.000);MAML2(+0.000);FHIT(+0.000);SERINC5(+0.000);PRKCA(+0.000);KCNQ5(+0.000)
PLEKHA5,False,0.028294172163768193,0.0,0.0003942955,1.680555e-05,LEF1(-0.000);MAML2(-0.000);CAMK4(-0.000);FOXP1(-0.000);BACH2(-0.000);SERINC5(-0.000);PDE3B(-0.000);INPP4B(-0.000),AOAH(+0.000);CCL5(+0.000);RAP1GAP2(+0.000);TGFBR3(+0.000);MCTP2(+0.000);MYO1F(+0.000);JAZF1(+0.000);SAMD3(+0.000)
YES1,False,0.023551218448454453,-1.2728858e-05,0.0003939662,-1.2970312e-05,AOAH(-0.000);RAP1GAP2(-0.000);CCL5(-0.000);MYO1F(-0.000);GNLY(-0.000);JAZF1(-0.000);SAMD3(-0.000);SYNE1(-0.000),LEF1(+0.000);MAML2(+0.000);CAMK4(+0.000);FOXP1(+0.000);BACH2(+0.000);SERINC5(+0.000);PDE3B(+0.000);INPP4B(+0.000)
TTC9C,False,0.09703974268113177,0.0,0.00039368228,1.189672e-06,MAML2(-0.000);BCL2(-0.000);ZBTB20(-0.000);IL7R(-0.000);PITPNC1(-0.000);ANK3(-0.000);FOXP1(-0.000);BACH2(-0.000),ACTB(+0.000);ACTG1(+0.000);PFN1(+0.000);GAPDH(+0.000);CORO1A(+0.000);S100A4(+0.000);TMSB10(+0.000);TMSB4X(+0.000)
PLEK,False,0.014501444692798343,-2.1109092e-05,0.00039287904,1.8569921e-05,GNLY(-0.000);NKG7(-0.000);ZEB2(-0.000);AOAH(-0.000);PRF1(-0.000);MCTP2(-0.000);TGFBR3(-0.000);CTSW(-0.000),LEF1(+0.000);CAMK4(+0.000);MAML2(+0.000);SERINC5(+0.000);IL7R(+0.000);BACH2(+0.000);PDE3B(+0.000);FOXP1(+0.000)
DISP1,False,0.08504606661941885,0.0,0.00039242517,-4.662562e-05,MAML2(-0.000);LEF1(-0.000);BACH2(-0.000);ZBTB20(-0.000);TXK(-0.000);FOXP1(-0.000);SERINC5(-0.000);DOCK10(-0.000),PFN1(+0.000);S100A4(+0.000);ACTG1(+0.000);CCL5(+0.000);IL32(+0.000);TMSB10(+0.000);ACTB(+0.000);FLNA(+0.000)
LHPP,False,0.06542005124570681,-1.1040929e-06,0.00038948553,-9.25744e-06,IL32(-0.000);S100A4(-0.000);PHACTR2(-0.000);PLCB1(-0.000);A2M(-0.000);PFN1(-0.000);ACTB(-0.000);KLRG1(-0.000),LEF1(+0.000);BACH2(+0.000);MAML2(+0.000);FOXP1(+0.000);FHIT(+0.000);SERINC5(+0.000);PRKCA(+0.000);ZBTB20(+0.000)
SYK,False,0.020879899689254754,0.0,0.00038803142,5.495863e-06,BACH2(-0.000);KCNQ5(-0.000);TXK(-0.000);CD247(-0.000);ZBTB20(-0.000);MAML2(-0.000);LEF1(-0.000);AOAH(-0.000),IL32(+0.000);PHACTR2(+0.000);S100A4(+0.000);LTB(+0.000);IL7R(+0.000);RPL11(+0.000);RPL28(+0.000);RPS18(+0.000)
TATDN3,False,0.047375020443766014,0.0,0.00038675795,4.4628196e-06,LEF1(-0.000);SMC4(-0.000);GAPDH(-0.000);ACTG1(-0.000);HNRNPA2B1(-0.000);SELL(-0.000);FHIT(-0.000);ACTB(-0.000),GNLY(+0.000);PLCB1(+0.000);CCL5(+0.000);A2M(+0.000);PHACTR2(+0.000);PARP8(+0.000);ZBTB16(+0.000);IL7R(+0.000)
ATP6V1A,False,0.08090279670719076,1.339983e-06,0.00038558542,-2.7575055e-05,RPL11(-0.000);EEF1A1(-0.000);ACTB(-0.000);IL32(-0.000);CAMK4(-0.000);RPL41(-0.000);LEF1(-0.000);RPL13A(-0.000),AOAH(+0.000);CCL5(+0.000);CTSW(+0.000);MCTP2(+0.000);TGFBR3(+0.000);PLCB1(+0.000);JAZF1(+0.000);PPP2R2B(+0.000)
TMEM106A,False,0.03309164258845336,0.0,0.0003854267,-5.8437863e-06,AOAH(-0.000);RAP1GAP2(-0.000);JAZF1(-0.000);CCL5(-0.000);SAMD3(-0.000);SYNE1(-0.000);CTSW(-0.000);MYO1F(-0.000),LEF1(+0.000);CAMK4(+0.000);IL7R(+0.000);MAML2(+0.000);SERINC5(+0.000);BCL11B(+0.000);LTB(+0.000);PDE3B(+0.000)
MECR,False,0.017772447255083684,0.0,0.00038455857,-1.1006325e-05,CD247(-0.000);KCNQ5(-0.000);AOAH(-0.000);TXK(-0.000);JAZF1(-0.000);SFMBT2(-0.000);BACH2(-0.000);ZBTB20(-0.000),IL32(+0.000);PHACTR2(+0.000);S100A4(+0.000);LTB(+0.000);IL7R(+0.000);RPL11(+0.000);RPL28(+0.000);S100A6(+0.000)
POT1-AS1,False,0.0246415526358829,0.0,0.0003839971,-1.1578762e-06,CCL5(-0.000);AOAH(-0.000);PLCB1(-0.000);MYO1F(-0.000);RAP1GAP2(-0.000);A2M(-0.000);SYNE1(-0.000);PPP2R2B(-0.000),LEF1(+0.000);MAML2(+0.000);BACH2(+0.000);FOXP1(+0.000);SERINC5(+0.000);CAMK4(+0.000);PDE3B(+0.000);FHIT(+0.000)
KIAA1324,False,0.01777244725508368,0.0,0.00038056713,1.5837766e-06,CAMK4(-0.000);IL7R(-0.000);LTB(-0.000);IL32(-0.000);LEF1(-0.000);RPL11(-0.000);BCL11B(-0.000);TRAC(-0.000),AOAH(+0.000);GNLY(+0.000);MCTP2(+0.000);JAZF1(+0.000);RAP1GAP2(+0.000);SAMD3(+0.000);TGFBR3(+0.000);SYNE1(+0.000)
DERA,False,0.09753039306547456,0.0,0.00037919046,-1.0688575e-06,LEF1(-0.000);CAMK4(-0.000);SERINC5(-0.000);RPL11(-0.000);PDE3B(-0.000);FHIT(-0.000);SELL(-0.000);RPS2(-0.000),AOAH(+0.000);RAP1GAP2(+0.000);SYNE1(+0.000);JAZF1(+0.000);SAMD3(+0.000);UTRN(+0.000);CCL5(+0.000);ARHGAP26(+0.000)
B3GALNT2,False,0.03309164258845336,0.0,0.00037808367,-7.5995026e-06,CCL5(-0.000);ACTG1(-0.000);S100A4(-0.000);ACTB(-0.000);PFN1(-0.000);PLCB1(-0.000);MYO1F(-0.000);GNLY(-0.000),LEF1(+0.000);MAML2(+0.000);BACH2(+0.000);FOXP1(+0.000);SERINC5(+0.000);PDE3B(+0.000);PRKCA(+0.000);CAMK4(+0.000)
UHRF1BP1,False,0.08711770157553292,0.0,0.0003771802,1.1803814e-05,LEF1(-0.000);MAML2(-0.000);CAMK4(-0.000);BCL2(-0.000);IL7R(-0.000);FOXP1(-0.000);INPP4B(-0.000);BACH2(-0.000),ACTB(+0.000);ACTG1(+0.000);PFN1(+0.000);GAPDH(+0.000);RAP1GAP2(+0.000);PTMA(+0.000);CORO1A(+0.000);ITGB2(+0.000)
LINC00944,False,0.024259935670282944,0.0,0.00037594084,2.8881461e-06,IL32(-0.000);GZMK(-0.000);PHACTR2(-0.000);S100A4(-0.000);A2M(-0.000);PLCB1(-0.000);LTB(-0.000);IL7R(-0.000),BACH2(+0.000);LEF1(+0.000);MAML2(+0.000);FOXP1(+0.000);KCNQ5(+0.000);TXK(+0.000);FHIT(+0.000);ZBTB20(+0.000)
GNAL,False,0.03843428010685275,0.0,0.00037123015,9.314079e-05,PFN1(-0.000);AOAH(-0.000);HCST(-0.000);RAP1GAP2(-0.000);JUN(-0.000);MYO1F(-0.000);JAZF1(-0.000);HLA-C(-0.000),IL7R(+0.000);LEF1(+0.000);ARHGAP15(+0.000);B2M(+0.000);RPL13(+0.000);MAML2(+0.000);CAMK4(+0.000);RPS27A(+0.000)
ATG5,False,0.14108924385324104,-2.869456e-06,0.00036742186,-1.627935e-05,S100A4(-0.000);ACTB(-0.000);IL32(-0.000);PFN1(-0.000);ACTG1(-0.000);TMSB4X(-0.000);CORO1A(-0.000);GAPDH(-0.000),MAML2(+0.000);LEF1(+0.000);BACH2(+0.000);FOXP1(+0.000);ZBTB20(+0.000);SERINC5(+0.000);PRKCA(+0.000);TXK(+0.000)
RRM2,False,0.006269421577713569,0.0,0.000366357,-7.4665613e-06,BACH2(-0.000);LEF1(-0.000);KCNQ5(-0.000);TXK(-0.000);FOXP1(-0.000);MAML2(-0.000);CD247(-0.000);FHIT(-0.000),IL32(+0.000);PHACTR2(+0.000);A2M(+0.000);S100A4(+0.000);IL7R(+0.000);PLCB1(+0.000);LTB(+0.000);KLRG1(+0.000)
NRCAM,False,0.03102000763233931,-7.6966635e-06,0.00036558573,1.6530386e-06,LEF1(-0.000);MAML2(-0.000);BACH2(-0.000);FOXP1(-0.000);SERINC5(-0.000);PRKCA(-0.000);FHIT(-0.000);PDE3B(-0.000),ACTG1(+0.000);S100A4(+0.000);ACTB(+0.000);PFN1(+0.000);MYO1F(+0.000);IL32(+0.000);TMSB4X(+0.000);PLCB1(+0.000)
LINC00426,False,0.04851987134056589,0.0,0.0003639889,8.0506925e-06,PFN1(-0.000);ACTB(-0.000);ACTG1(-0.000);S100A4(-0.000);IL32(-0.000);GAPDH(-0.000);CORO1A(-0.000);TMSB4X(-0.000),LEF1(+0.000);MAML2(+0.000);BACH2(+0.000);FOXP1(+0.000);SERINC5(+0.000);PRKCA(+0.000);FHIT(+0.000);ZBTB20(+0.000)
ABCB1,False,0.007250722346399171,-7.700508e-06,0.0003638806,-2.2430947e-06,CCL5(-0.000);PLCB1(-0.000);AOAH(-0.000);MYO1F(-0.000);CTSW(-0.000);A2M(-0.000);RAP1GAP2(-0.000);MCTP2(-0.000),LEF1(+0.000);MAML2(+0.000);BACH2(+0.000);FOXP1(+0.000);SERINC5(+0.000);CAMK4(+0.000);FHIT(+0.000);PDE3B(+0.000)
DNAJC27,False,0.05151829035599412,0.0,0.00036369622,3.05943e-05,AOAH(-0.000);RAP1GAP2(-0.000);JAZF1(-0.000);SAMD3(-0.000);SYNE1(-0.000);MYO1F(-0.000);VAV3(-0.000);PYHIN1(-0.000),IL7R(+0.000);LEF1(+0.000);CAMK4(+0.000);MAML2(+0.000);BCL2(+0.000);BCL11B(+0.000);LTB(+0.000);RPL13(+0.000)
SLC37A3,False,0.1262061821948427,0.0,0.00035914214,3.9662224e-05,PFN1(-0.000);IL32(-0.000);TMSB10(-0.000);S100A4(-0.000);GAPDH(-0.000);TRAC(-0.000);VIM(-0.000);ACTG1(-0.000),AOAH(+0.000);ZBTB20(+0.000);CD247(+0.000);TXK(+0.000);PITPNC1(+0.000);JAZF1(+0.000);SFMBT2(+0.000);UTRN(+0.000)
ATP6V1E2,False,0.018808264733140706,0.0,0.00035265033,-1.1044694e-05,GNLY(-0.000);AOAH(-0.000);RAP1GAP2(-0.000);JAZF1(-0.000);CD247(-0.000);SAMD3(-0.000);MCTP2(-0.000);SYNE1(-0.000),CAMK4(+0.000);IL7R(+0.000);LTB(+0.000);BCL2(+0.000);LEF1(+0.000);BCL11B(+0.000);IL32(+0.000);TRAC(+0.000)
TTC12,False,0.09376874011884642,0.0,0.00035112086,-3.3546305e-06,LEF1(-0.000);BACH2(-0.000);MAML2(-0.000);FOXP1(-0.000);ZBTB20(-0.000);TXK(-0.000);FHIT(-0.000);PRKCA(-0.000),IL32(+0.000);S100A4(+0.000);PHACTR2(+0.000);PFN1(+0.000);ACTB(+0.000);ACTG1(+0.000);S100A6(+0.000);TMSB4X(+0.000)
PUS10,False,0.018535681186283598,0.0,0.00035107564,1.6928298e-06,CAMK4(-0.000);IL7R(-0.000);LEF1(-0.000);LTB(-0.000);BCL11B(-0.000);IL32(-0.000);RPL11(-0.000);BCL2(-0.000),AOAH(+0.000);JAZF1(+0.000);RAP1GAP2(+0.000);SAMD3(+0.000);SYNE1(+0.000);CD247(+0.000);VAV3(+0.000);PPP2R2B(+0.000)
TSPAN5,False,0.1451779970560977,-1.8077498e-06,0.00035089714,-1.4387264e-05,IL32(-0.000);GAPDH(-0.000);RPL11(-0.000);RPS2(-0.000);ACTB(-0.000);PFN1(-0.000);EEF1A1(-0.000);RPS4X(-0.000),AOAH(+0.000);GNLY(+0.000);MCTP2(+0.000);TGFBR3(+0.000);CTSW(+0.000);JAZF1(+0.000);SYNE1(+0.000);CCL5(+0.000)
CD300A,False,0.023660251867197297,1.9628965e-06,0.00034941747,7.3327915e-06,LEF1(-0.000);BACH2(-0.000);FOXP1(-0.000);MAML2(-0.000);FHIT(-0.000);SERINC5(-0.000);PRKCA(-0.000);PDE3B(-0.000),PLCB1(+0.000);CCL5(+0.000);A2M(+0.000);AOAH(+0.000);PARP8(+0.000);MYO1F(+0.000);PZP(+0.000);PHACTR2(+0.000)
ZDHHC14,False,0.024478002507768635,-3.5091634e-06,0.0003485537,1.995048e-05,GNLY(-0.000);AOAH(-0.000);NKG7(-0.000);PRF1(-0.000);MCTP2(-0.000);ZEB2(-0.000);JAZF1(-0.000);RAP1GAP2(-0.000),CAMK4(+0.000);RPL11(+0.000);LTB(+0.000);IL7R(+0.000);IL32(+0.000);LEF1(+0.000);EEF1A1(+0.000);RPS2(+0.000)
LDB2,False,0.03559941121953879,0.0,0.00034818714,5.2700343e-06,ACTG1(-0.000);RAP1GAP2(-0.000);JAZF1(-0.000);ACTB(-0.000);AOAH(-0.000);TOX(-0.000);SAMD3(-0.000);IFI16(-0.000),IL7R(+0.000);CAMK4(+0.000);BCL2(+0.000);LTB(+0.000);MAML2(+0.000);LEF1(+0.000);BCL11B(+0.000);INPP4B(+0.000)
LMBRD2,False,0.06503843428010686,0.0,0.0003476939,-2.7707572e-05,BACH2(-0.000);LEF1(-0.000);KCNQ5(-0.000);CD247(-0.000);TXK(-0.000);MAML2(-0.000);FOXP1(-0.000);FHIT(-0.000),IL32(+0.000);PHACTR2(+0.000);A2M(+0.000);PLCB1(+0.000);GZMK(+0.000);S100A4(+0.000);LTB(+0.000);IL7R(+0.000)
LINC02580,False,0.017118246742626617,0.0,0.0003474335,1.0215412e-05,LEF1(-0.000);BACH2(-0.000);MAML2(-0.000);FOXP1(-0.000);FHIT(-0.000);SERINC5(-0.000);PRKCA(-0.000);ZBTB20(-0.000),IL32(+0.000);S100A4(+0.000);PHACTR2(+0.000);GZMK(+0.000);PLCB1(+0.000);CCL5(+0.000);A2M(+0.000);PFN1(+0.000)
RNF130,False,0.055825110396336475,-3.0197325e-06,0.00034395998,8.112997e-06,AOAH(-0.000);GNLY(-0.000);MCTP2(-0.000);TGFBR3(-0.000);JAZF1(-0.000);CTSW(-0.000);UTRN(-0.000);ZBTB20(-0.000),IL32(+0.000);ACTB(+0.000);PFN1(+0.000);GAPDH(+0.000);RPL11(+0.000);S100A4(+0.000);ACTG1(+0.000);TMSB10(+0.000)
ARSB,False,0.06449326718639262,0.0,0.00034358955,2.4670973e-05,TMSB10(-0.000);PFN1(-0.000);IL32(-0.000);ACTG1(-0.000);ACTB(-0.000);S100A4(-0.000);ARHGDIB(-0.000);GAPDH(-0.000),AOAH(+0.000);CCL5(+0.000);GNLY(+0.000);TXK(+0.000);PITPNC1(+0.000);ZBTB20(+0.000);PLCB1(+0.000);ZFAND3(+0.000)
NAA15,False,0.2907921277871668,-9.975264e-07,0.0003419017,3.952105e-06,MCTP2(-0.000);BACH2(-0.000);LEF1(-0.000);MAML2(-0.000);GNLY(-0.000);TGFBR3(-0.000);FOXP1(-0.000);TXK(-0.000),IL32(+0.000);S100A4(+0.000);PHACTR2(+0.000);PFN1(+0.000);ACTB(+0.000);LTB(+0.000);S100A6(+0.000);RPL28(+0.000)
KLRF1,False,0.02420541896091152,-2.9854313e-11,0.0003407096,1.5430835e-05,LEF1(-0.000);MAML2(-0.000);BACH2(-0.000);FOXP1(-0.000);SERINC5(-0.000);FHIT(-0.000);PRKCA(-0.000);PDE3B(-0.000),CCL5(+0.000);PLCB1(+0.000);GNLY(+0.000);A2M(+0.000);MYO1F(+0.000);S100A4(+0.000);AOAH(+0.000);CTSW(+0.000)
CYB5D2,False,0.05527994330262225,0.0,0.0003391705,3.065704e-05,PFN1(-0.000);CCL5(-0.000);S100A4(-0.000);ACTG1(-0.000);IL32(-0.000);MYO1F(-0.000);PLCB1(-0.000);ACTB(-0.000),LEF1(+0.000);MAML2(+0.000);BACH2(+0.000);FOXP1(+0.000);SERINC5(+0.000);FHIT(+0.000);PRKCA(+0.000);ZBTB20(+0.000)
AC011476.3,False,0.10767050100855913,0.0,0.00033706275,8.325576e-08,S100A4(-0.000);ACTG1(-0.000);ACTB(-0.000);PFN1(-0.000);IL32(-0.000);TMSB4X(-0.000);CORO1A(-0.000);FLNA(-0.000),LEF1(+0.000);MAML2(+0.000);BACH2(+0.000);FOXP1(+0.000);SERINC5(+0.000);ZBTB20(+0.000);PRKCA(+0.000);FHIT(+0.000)
MAP3K13,False,0.042904650275309375,0.0,0.0003364871,-1.924328e-05,CCL5(-0.000);S100A4(-0.000);PLCB1(-0.000);A2M(-0.000);ACTB(-0.000);ACTG1(-0.000);MYO1F(-0.000);IL32(-0.000),LEF1(+0.000);BACH2(+0.000);MAML2(+0.000);FOXP1(+0.000);SERINC5(+0.000);FHIT(+0.000);PRKCA(+0.000);PDE3B(+0.000)
CTBP2,False,0.015428228752112522,5.4022092e-11,0.0003364304,-3.1750237e-06,CD247(-0.000);AOAH(-0.000);JAZF1(-0.000);KCNQ5(-0.000);TFDP2(-0.000);SFMBT2(-0.000);MAPRE2(-0.000);RAP1GAP2(-0.000),IL32(+0.000);IL7R(+0.000);LTB(+0.000);PHACTR2(+0.000);RPL11(+0.000);S100A4(+0.000);RPS18(+0.000);RPL30(+0.000)
AC007014.1,False,0.012429809736684293,0.0,0.0003337878,5.783805e-06,CCL5(-0.000);PLCB1(-0.000);PFN1(-0.000);MYO1F(-0.000);ACTG1(-0.000);S100A4(-0.000);AOAH(-0.000);ACTB(-0.000),LEF1(+0.000);MAML2(+0.000);BACH2(+0.000);FOXP1(+0.000);SERINC5(+0.000);PDE3B(+0.000);PRKCA(+0.000);FHIT(+0.000)
AL136038.5,False,0.020280215886169108,0.0,0.00033360726,-3.4040255e-07,IL32(-0.000);PHACTR2(-0.000);GZMK(-0.000);S100A4(-0.000);LTB(-0.000);IL7R(-0.000);A2M(-0.000);PLCB1(-0.000),BACH2(+0.000);LEF1(+0.000);KCNQ5(+0.000);CD247(+0.000);FOXP1(+0.000);MAML2(+0.000);TXK(+0.000);ATP10A(+0.000)
LINC02384,False,0.029002889385596684,-1.8176606e-11,0.00032867803,8.932352e-06,IL32(-0.000);S100A4(-0.000);PHACTR2(-0.000);GZMK(-0.000);PFN1(-0.000);A2M(-0.000);ACTB(-0.000);ACTG1(-0.000),BACH2(+0.000);LEF1(+0.000);MAML2(+0.000);FOXP1(+0.000);TXK(+0.000);ZBTB20(+0.000);FHIT(+0.000);KCNQ5(+0.000)
AC008014.1,False,0.08308346508204764,4.452011e-06,0.00032849988,5.217764e-06,IL7R(-0.000);CAMK4(-0.000);LTB(-0.000);BCL2(-0.000);LEF1(-0.000);BCL11B(-0.000);MAML2(-0.000);INPP4B(-0.000),GNLY(+0.000);AOAH(+0.000);RAP1GAP2(+0.000);MCTP2(+0.000);JAZF1(+0.000);CTSW(+0.000);CD247(+0.000);TGFBR3(+0.000)
PLEKHM3,False,0.0932235730251322,1.7237515e-07,0.00032778207,5.284685e-05,CTSW(-0.000);AOAH(-0.000);PFN1(-0.000);PPP2R2B(-0.000);DNAJC1(-0.000);RAP1GAP2(-0.000);JAZF1(-0.000);TYROBP(-0.000),IL7R(+0.000);LEF1(+0.000);CAMK4(+0.000);ARHGAP15(+0.000);BCL11B(+0.000);MAML2(+0.000);LTB(+0.000);BCL2(+0.000)
CX3CR1,False,0.0317287248541678,-2.1149953e-08,0.00032722106,9.327456e-06,KCNQ5(-0.000);BACH2(-0.000);AOAH(-0.000);TXK(-0.000);CD247(-0.000);JAZF1(-0.000);SFMBT2(-0.000);ZBTB20(-0.000),IL32(+0.000);PHACTR2(+0.000);S100A4(+0.000);IL7R(+0.000);LTB(+0.000);RPL11(+0.000);RPL28(+0.000);RPS18(+0.000)
SPATS2,False,0.040396881644223954,0.0,0.00032569293,3.0457818e-06,AOAH(-0.000);PLCB1(-0.000);CCL5(-0.000);A2M(-0.000);PARP8(-0.000);GNLY(-0.000);ARHGAP26(-0.000);PZP(-0.000),LEF1(+0.000);SELL(+0.000);FHIT(+0.000);SERINC5(+0.000);BACH2(+0.000);FOXP1(+0.000);PDE3B(+0.000);PRKCA(+0.000)
HKDC1,False,0.06220356539279289,0.0,0.00032051397,-1.4362798e-05,ACTB(-0.000);GAPDH(-0.000);PTMA(-0.000);ACTG1(-0.000);PFN1(-0.000);TMSB10(-0.000);CORO1A(-0.000);ARHGDIB(-0.000),GNLY(+0.000);NKG7(+0.000);CCL5(+0.000);TGFBR3(+0.000);CTSW(+0.000);MCTP2(+0.000);AOAH(+0.000);PRF1(+0.000)
TTL,False,0.018317614348797903,0.0,0.00032032694,-1.5066769e-05,GNLY(-0.000);NKG7(-0.000);AOAH(-0.000);CCL5(-0.000);PRF1(-0.000);ZEB2(-0.000);PLCB1(-0.000);CTSW(-0.000),LEF1(+0.000);MAML2(+0.000);FOXP1(+0.000);CAMK4(+0.000);BACH2(+0.000);SERINC5(+0.000);PDE3B(+0.000);FHIT(+0.000)
CAAP1,False,0.13024041868832797,-1.3785869e-07,0.00032017808,8.2428613e-07,GNLY(-0.000);MCTP2(-0.000);TGFBR3(-0.000);CTSW(-0.000);PRF1(-0.000);CCL5(-0.000);AOAH(-0.000);RAP1GAP2(-0.000),LEF1(+0.000);CAMK4(+0.000);MAML2(+0.000);BACH2(+0.000);FOXP1(+0.000);SERINC5(+0.000);IL7R(+0.000);BCL2(+0.000)
PRCP,False,0.04470370168456632,0.0,0.00031926393,5.9974864e-05,TRAC(-0.000);CAMK4(-0.000);LTB(-0.000);LEF1(-0.000);TRBC2(-0.000);BCL2(-0.000);CD3D(-0.000);FOXP1(-0.000),AOAH(+0.000);CD247(+0.000);JAZF1(+0.000);RAP1GAP2(+0.000);SYNE1(+0.000);ITGB2(+0.000);SAMD3(+0.000);STK39(+0.000)
VNN2,False,0.08657253448181867,0.0,0.00031442713,-2.0675441e-05,SMC4(-0.000);DNMT1(-0.000);GAPDH(-0.000);PTMA(-0.000);TMPO(-0.000);KCNQ5(-0.000);IFI16(-0.000);SRSF10(-0.000),IL7R(+0.000);A2M(+0.000);LTB(+0.000);PHACTR2(+0.000);IL32(+0.000);BCL2(+0.000);PLCB1(+0.000);KLRG1(+0.000)
LAT2,False,0.01728179687074088,-4.452126e-08,0.00031382527,1.2537476e-05,SMC4(-0.000);KCNQ5(-0.000);BACH2(-0.000);CD247(-0.000);TFDP2(-0.000);IFI16(-0.000);LEF1(-0.000);ATP10A(-0.000),IL7R(+0.000);GZMK(+0.000);PHACTR2(+0.000);IL32(+0.000);LTB(+0.000);A2M(+0.000);PLCB1(+0.000);CCL5(+0.000)
AC106791.1,False,0.09180613858147521,0.0,0.00031316522,-3.2759256e-06,AOAH(-0.000);JAZF1(-0.000);RAP1GAP2(-0.000);CD247(-0.000);SAMD3(-0.000);SYNE1(-0.000);VAV3(-0.000);FNDC3B(-0.000),LTB(+0.000);CAMK4(+0.000);IL7R(+0.000);IL32(+0.000);TRAC(+0.000);LEF1(+0.000);RPL11(+0.000);BCL11B(+0.000)
PRDM10,False,0.08046666303221937,0.0,0.0003104719,3.3326563e-05,LEF1(-0.000);BACH2(-0.000);FOXP1(-0.000);FHIT(-0.000);SERINC5(-0.000);SELL(-0.000);PRKCA(-0.000);PDE3B(-0.000),PLCB1(+0.000);CCL5(+0.000);A2M(+0.000);AOAH(+0.000);PARP8(+0.000);SYNE2(+0.000);PZP(+0.000);KLRG1(+0.000)
ENOX2,False,0.1596249250395246,1.4758177e-06,0.00030496408,2.4934225e-06,IL32(-0.000);GAPDH(-0.000);PFN1(-0.000);RPL11(-0.000);ACTB(-0.000);TMSB10(-0.000);VIM(-0.000);RPLP0(-0.000),GNLY(+0.000);MCTP2(+0.000);TGFBR3(+0.000);AOAH(+0.000);CTSW(+0.000);CCL5(+0.000);ZBTB16(+0.000);TYROBP(+0.000)
SSH1,False,0.0622035653927929,-4.6159134e-06,0.00030250178,4.650909e-06,LEF1(-0.000);BACH2(-0.000);FOXP1(-0.000);FHIT(-0.000);MAML2(-0.000);SERINC5(-0.000);PRKCA(-0.000);SELL(-0.000),PLCB1(+0.000);PHACTR2(+0.000);CCL5(+0.000);GZMK(+0.000);A2M(+0.000);PARP8(+0.000);IL32(+0.000);IL7R(+0.000)
R3HCC1L,False,0.1837758272910647,-2.4359836e-06,0.00029967763,9.283776e-05,GNLY(-0.000);MCTP2(-0.000);TGFBR3(-0.000);CTSW(-0.000);TMSB10(-0.000);PRF1(-0.000);TYROBP(-0.000);TRBC2(-0.000),B2M(+0.000);TXK(+0.000);MBNL1(+0.000);PITPNC1(+0.000);ZBTB20(+0.000);WWOX(+0.000);RPL13(+0.000);RIPOR2(+0.000)
PGM2L1,False,0.0734340075233059,0.0,0.00029592233,-8.018798e-06,CCL5(-0.000);CTSW(-0.000);AOAH(-0.000);PLCB1(-0.000);RAP1GAP2(-0.000);MYO1F(-0.000);PPP2R2B(-0.000);TGFBR3(-0.000),LEF1(+0.000);MAML2(+0.000);BACH2(+0.000);CAMK4(+0.000);FOXP1(+0.000);SERINC5(+0.000);PDE3B(+0.000);PRKCA(+0.000)
KLHL8,False,0.05511639317450799,0.0,0.00029345328,-1.6711958e-05,ACTG1(-0.000);S100A4(-0.000);ACTB(-0.000);PLCB1(-0.000);AOAH(-0.000);MYO1F(-0.000);RAP1GAP2(-0.000);PFN1(-0.000),LEF1(+0.000);MAML2(+0.000);BACH2(+0.000);FOXP1(+0.000);SERINC5(+0.000);CAMK4(+0.000);PDE3B(+0.000);FHIT(+0.000)
DYNC2H1,False,0.020280215886169115,0.0,0.0002921041,3.2508862e-05,GNLY(-0.000);BACH2(-0.000);KCNQ5(-0.000);FOXP1(-0.000);LEF1(-0.000);MCTP2(-0.000);JAZF1(-0.000);TFDP2(-0.000),IL32(+0.000);IL7R(+0.000);PHACTR2(+0.000);LTB(+0.000);S100A4(+0.000);RPL11(+0.000);B2M(+0.000);A2M(+0.000)
SWI5,False,0.019026331570626397,0.0,0.00029033705,7.930134e-06,LEF1(-0.000);MAML2(-0.000);BACH2(-0.000);FOXP1(-0.000);CAMK4(-0.000);SERINC5(-0.000);PDE3B(-0.000);FHIT(-0.000),AOAH(+0.000);PLCB1(+0.000);CCL5(+0.000);RAP1GAP2(+0.000);MYO1F(+0.000);SYNE1(+0.000);SAMD3(+0.000);JAZF1(+0.000)
GOLGB1,False,0.15450035435861093,-2.4944127e-06,0.00028414896,3.8820195e-05,LEF1(-0.000);TRAC(-0.000);FOXP1(-0.000);CAMK4(-0.000);TMSB10(-0.000);SERINC5(-0.000);CD3D(-0.000);TRBC2(-0.000),AOAH(+0.000);PLCB1(+0.000);CCL5(+0.000);SYNE2(+0.000);CD247(+0.000);GNLY(+0.000);SYNE1(+0.000);PARP8(+0.000)
ADGRG5,False,0.011230442130513003,-2.2319653e-10,0.00028396546,2.6625205e-06,GNLY(-0.000);CCL5(-0.000);PLCB1(-0.000);A2M(-0.000);AOAH(-0.000);MYO1F(-0.000);S100A4(-0.000);TGFBR3(-0.000),LEF1(+0.000);BACH2(+0.000);MAML2(+0.000);FOXP1(+0.000);SERINC5(+0.000);FHIT(+0.000);PRKCA(+0.000);PDE3B(+0.000)
HIP1,False,0.02567737011393992,-2.517413e-06,0.0002830998,-3.1080347e-06,ACTG1(-0.000);ACTB(-0.000);S100A4(-0.000);PFN1(-0.000);TMSB4X(-0.000);CORO1A(-0.000);CCL5(-0.000);GAPDH(-0.000),LEF1(+0.000);MAML2(+0.000);BACH2(+0.000);FOXP1(+0.000);SERINC5(+0.000);BCL2(+0.000);INPP4B(+0.000);PRKCA(+0.000)
QSER1,False,0.09327808973450362,0.0,0.00027832753,-3.1567994e-05,LEF1(-0.000);BACH2(-0.000);MAML2(-0.000);SERINC5(-0.000);FOXP1(-0.000);FHIT(-0.000);PDE3B(-0.000);PRKCA(-0.000),PLCB1(+0.000);AOAH(+0.000);A2M(+0.000);MYO1F(+0.000);PARP8(+0.000);RAP1GAP2(+0.000);PZP(+0.000);MCTP2(+0.000)
IGFBP7,False,0.008559123371313307,0.0,0.0002747861,-1.9311346e-06,KCNQ5(-0.000);CD247(-0.000);AOAH(-0.000);JAZF1(-0.000);TXK(-0.000);SFMBT2(-0.000);TFDP2(-0.000);BACH2(-0.000),IL32(+0.000);GZMK(+0.000);PHACTR2(+0.000);IL7R(+0.000);LTB(+0.000);S100A4(+0.000);RPL11(+0.000);RPL28(+0.000)
TEX2,False,0.028566755710625308,0.0,0.0002734947,2.139076e-05,LEF1(-0.000);MAML2(-0.000);CAMK4(-0.000);FOXP1(-0.000);BACH2(-0.000);BCL2(-0.000);SERINC5(-0.000);PDE3B(-0.000),ACTB(+0.000);ACTG1(+0.000);RAP1GAP2(+0.000);AOAH(+0.000);MYO1F(+0.000);PFN1(+0.000);SAMD3(+0.000);JAZF1(+0.000)
PLIN2,False,0.012048192771084338,0.0,0.00027182465,-4.6679443e-06,AOAH(-0.000);RAP1GAP2(-0.000);MYO1F(-0.000);PLCB1(-0.000);ACTG1(-0.000);ACTB(-0.000);PFN1(-0.000);SAMD3(-0.000),LEF1(+0.000);MAML2(+0.000);BACH2(+0.000);FOXP1(+0.000);CAMK4(+0.000);SERINC5(+0.000);PDE3B(+0.000);PRKCA(+0.000)
TRAPPC13,False,0.04617565283759472,0.0,0.00027074525,-1.4002978e-05,AOAH(-0.000);RAP1GAP2(-0.000);JAZF1(-0.000);SAMD3(-0.000);CD247(-0.000);SYNE1(-0.000);DNAJC1(-0.000);MYO1F(-0.000),CAMK4(+0.000);LEF1(+0.000);IL7R(+0.000);LTB(+0.000);BCL2(+0.000);MAML2(+0.000);BCL11B(+0.000);SERINC5(+0.000)
PCGF6,False,0.010794308455541624,0.0,0.00027040674,-2.17768e-06,LEF1(-0.000);MAML2(-0.000);CAMK4(-0.000);BACH2(-0.000);FOXP1(-0.000);SERINC5(-0.000);PDE3B(-0.000);INPP4B(-0.000),GNLY(+0.000);AOAH(+0.000);CCL5(+0.000);PRF1(+0.000);TGFBR3(+0.000);RAP1GAP2(+0.000);MCTP2(+0.000);CTSW(+0.000)
SLAMF7,False,0.004633920296570899,7.260488e-11,0.00026720783,1.6229113e-06,GNLY(-0.000);PRF1(-0.000);AOAH(-0.000);CCL5(-0.000);GZMA(-0.000);TGFBR3(-0.000);MCTP2(-0.000);CTSW(-0.000),LEF1(+0.000);MAML2(+0.000);CAMK4(+0.000);BACH2(+0.000);FOXP1(+0.000);SERINC5(+0.000);PDE3B(+0.000);FHIT(+0.000)
SPOPL,False,0.04966472223736575,0.0,0.0002648072,-6.9166945e-06,IL7R(-0.000);BCL2(-0.000);CCL5(-0.000);LTB(-0.000);MAML2(-0.000);A2M(-0.000);ANK3(-0.000);PITPNC1(-0.000),GAPDH(+0.000);PFN1(+0.000);ACTB(+0.000);ACTG1(+0.000);PTMA(+0.000);SMC4(+0.000);DNMT1(+0.000);PPIA(+0.000)
ZNF440,False,0.02006214904868342,0.0,0.00026334048,2.8159368e-06,PFN1(-0.000);ACTG1(-0.000);S100A4(-0.000);PLCB1(-0.000);ACTB(-0.000);MYO1F(-0.000);AOAH(-0.000);A2M(-0.000),LEF1(+0.000);MAML2(+0.000);BACH2(+0.000);FOXP1(+0.000);SERINC5(+0.000);FHIT(+0.000);PRKCA(+0.000);PDE3B(+0.000)
KIF4A,False,0.004524886877828055,0.0,0.00026206532,-1.3505442e-06,LEF1(-0.000);BACH2(-0.000);FOXP1(-0.000);MAML2(-0.000);FHIT(-0.000);SERINC5(-0.000);PRKCA(-0.000);PDE3B(-0.000),PLCB1(+0.000);GZMK(+0.000);A2M(+0.000);PHACTR2(+0.000);CCL5(+0.000);IL32(+0.000);S100A4(+0.000);KLRG1(+0.000)
ARHGAP18,False,0.017717930545712263,-6.57803e-07,0.00026127676,9.840097e-06,IL32(-0.000);PHACTR2(-0.000);S100A4(-0.000);PFN1(-0.000);LTB(-0.000);RPL11(-0.000);RPL28(-0.000);S100A6(-0.000),AOAH(+0.000);CD247(+0.000);TXK(+0.000);KCNQ5(+0.000);ZBTB20(+0.000);JAZF1(+0.000);GNLY(+0.000);BACH2(+0.000)
TNIP3,False,0.028948372676225263,0.0,0.00025973612,-1.7905626e-05,ACTB(-0.000);PFN1(-0.000);ACTG1(-0.000);GAPDH(-0.000);PTMA(-0.000);AOAH(-0.000);MYO1F(-0.000);RAP1GAP2(-0.000),LEF1(+0.000);MAML2(+0.000);FOXP1(+0.000);CAMK4(+0.000);BACH2(+0.000);SERINC5(+0.000);BCL2(+0.000);PDE3B(+0.000)
EVI5,False,0.02649512075451126,0.0,0.00025969514,1.4670743e-06,LEF1(-0.000);BACH2(-0.000);FHIT(-0.000);FOXP1(-0.000);SMC4(-0.000);SELL(-0.000);SERINC5(-0.000);PRKCA(-0.000),PLCB1(+0.000);A2M(+0.000);PHACTR2(+0.000);GZMK(+0.000);KLRG1(+0.000);PARP8(+0.000);IL7R(+0.000);PZP(+0.000)
SMIM14,False,0.04361336749713787,0.0,0.00025920957,-5.9827103e-06,CCL5(-0.000);PLCB1(-0.000);S100A4(-0.000);PHACTR2(-0.000);PFN1(-0.000);IL32(-0.000);A2M(-0.000);ACTB(-0.000),LEF1(+0.000);MAML2(+0.000);BACH2(+0.000);FOXP1(+0.000);SERINC5(+0.000);FHIT(+0.000);PRKCA(+0.000);PDE3B(+0.000)
NCAPG,False,0.003216485852913918,0.0,0.00025631906,6.0582597e-06,PFN1(-0.000);ACTB(-0.000);ACTG1(-0.000);GAPDH(-0.000);S100A4(-0.000);IL32(-0.000);CORO1A(-0.000);TMSB10(-0.000),MAML2(+0.000);LEF1(+0.000);BACH2(+0.000);FOXP1(+0.000);ZBTB20(+0.000);SERINC5(+0.000);BCL2(+0.000);PRKCA(+0.000)
SMG5,False,0.03816169655999564,0.0,0.00025624197,1.8833187e-05,LEF1(-0.000);MAML2(-0.000);FOXP1(-0.000);BACH2(-0.000);CAMK4(-0.000);BCL2(-0.000);SERINC5(-0.000);INPP4B(-0.000),ACTB(+0.000);ACTG1(+0.000);PFN1(+0.000);GAPDH(+0.000);S100A4(+0.000);PTMA(+0.000);TMSB4X(+0.000);CORO1A(+0.000)
GOLM1,False,0.008886223627541842,0.0,0.000254753,1.7585694e-06,IL32(-0.000);PHACTR2(-0.000);PLCB1(-0.000);A2M(-0.000);S100A4(-0.000);CCL5(-0.000);KLRG1(-0.000);GZMK(-0.000),LEF1(+0.000);BACH2(+0.000);FOXP1(+0.000);MAML2(+0.000);FHIT(+0.000);PRKCA(+0.000);SERINC5(+0.000);TXK(+0.000)
RFC2,False,0.04017881480673827,0.0,0.00025204112,3.799264e-05,LEF1(-0.000);BACH2(-0.000);FOXP1(-0.000);SMC4(-0.000);FHIT(-0.000);SELL(-0.000);GAPDH(-0.000);PRKCA(-0.000),PLCB1(+0.000);CCL5(+0.000);A2M(+0.000);IL7R(+0.000);PHACTR2(+0.000);PARP8(+0.000);KLRG1(+0.000);SYNE2(+0.000)
AKR1C3,False,0.015700812298969635,0.0,0.00025201897,-8.3011076e-07,PLCB1(-0.000);A2M(-0.000);CCL5(-0.000);S100A4(-0.000);MYO1F(-0.000);AOAH(-0.000);PFN1(-0.000);ACTG1(-0.000),LEF1(+0.000);BACH2(+0.000);MAML2(+0.000);FOXP1(+0.000);SERINC5(+0.000);FHIT(+0.000);PRKCA(+0.000);PDE3B(+0.000)
ACVR1B,False,0.026386087335768416,0.0,0.00024968435,1.6789369e-05,PFN1(-0.000);IL32(-0.000);S100A4(-0.000);GAPDH(-0.000);ACTB(-0.000);ACTG1(-0.000);TMSB10(-0.000);PHACTR2(-0.000),MAML2(+0.000);BACH2(+0.000);ZBTB20(+0.000);LEF1(+0.000);FOXP1(+0.000);TXK(+0.000);PITPNC1(+0.000);PACS1(+0.000)
CCDC146,False,0.11775609224227226,-1.2807257e-07,0.0002422754,3.489163e-05,LEF1(-0.000);FOXP1(-0.000);BACH2(-0.000);GNLY(-0.000);MAML2(-0.000);FHIT(-0.000);PRKCA(-0.000);TRBC1(-0.000),PHACTR2(+0.000);IL32(+0.000);PLCB1(+0.000);IL7R(+0.000);A2M(+0.000);B2M(+0.000);SYNE2(+0.000);HLA-B(+0.000)
WDR41,False,0.01918988169874066,0.0,0.00024170477,9.808169e-07,PLCB1(-0.000);CCL5(-0.000);A2M(-0.000);AOAH(-0.000);MYO1F(-0.000);S100A4(-0.000);RAP1GAP2(-0.000);PFN1(-0.000),LEF1(+0.000);MAML2(+0.000);BACH2(+0.000);FOXP1(+0.000);SERINC5(+0.000);FHIT(+0.000);PRKCA(+0.000);PDE3B(+0.000)
EOGT,False,0.03996074796925257,0.0,0.00024090268,2.8451408e-05,PFN1(-0.000);GAPDH(-0.000);IFI16(-0.000);DNAJC1(-0.000);AOAH(-0.000);DNMT1(-0.000);ACTG1(-0.000);SMC4(-0.000),IL7R(+0.000);BCL2(+0.000);CAMK4(+0.000);LTB(+0.000);MAML2(+0.000);ARHGAP15(+0.000);BCL11B(+0.000);LEF1(+0.000)
GNPTAB,False,0.11590252412364391,1.1561412e-05,0.00023694684,3.5437577e-05,IL32(-0.000);PHACTR2(-0.000);TRAC(-0.000);PFN1(-0.000);S100A4(-0.000);LTB(-0.000);S100A6(-0.000);CD3D(-0.000),CD247(+0.000);AOAH(+0.000);TXK(+0.000);KCNQ5(+0.000);ZBTB20(+0.000);JAZF1(+0.000);SFMBT2(+0.000);PRKCH(+0.000)
RHOBTB3,False,0.013302077086627052,0.0,0.00023480601,-2.5643354e-07,PHACTR2(-0.000);IL32(-0.000);GZMK(-0.000);IL7R(-0.000);LTB(-0.000);PLCB1(-0.000);RPS18(-0.000);RPL11(-0.000),MCTP2(+0.000);CD247(+0.000);JAZF1(+0.000);TFDP2(+0.000);VAV3(+0.000);MAPRE2(+0.000);BACH2(+0.000);MTSS1(+0.000)
AC008914.1,False,0.009485907430627485,0.0,0.00023426035,4.6934e-06,IL32(-0.000);IL7R(-0.000);LTB(-0.000);GZMK(-0.000);PHACTR2(-0.000);CAMK4(-0.000);RPL11(-0.000);RPL30(-0.000),AOAH(+0.000);JAZF1(+0.000);CD247(+0.000);RAP1GAP2(+0.000);KCNQ5(+0.000);VAV3(+0.000);TFDP2(+0.000);SFMBT2(+0.000)
LINC02446,False,0.021806683748568936,2.3213292e-07,0.00023201022,2.5931058e-06,AOAH(-0.000);JAZF1(-0.000);CD247(-0.000);RAP1GAP2(-0.000);VAV3(-0.000);SAMD3(-0.000);KCNQ5(-0.000);TFDP2(-0.000),IL7R(+0.000);IL32(+0.000);LTB(+0.000);GZMK(+0.000);CAMK4(+0.000);PHACTR2(+0.000);RPL11(+0.000);RPS18(+0.000)
ZNF600,False,0.036417161860110125,1.3677305e-06,0.00023103974,1.41685905e-05,LEF1(-0.000);MAML2(-0.000);FOXP1(-0.000);BACH2(-0.000);SERINC5(-0.000);PRKCA(-0.000);PDE3B(-0.000);FHIT(-0.000),CCL5(+0.000);ACTB(+0.000);ACTG1(+0.000);PFN1(+0.000);S100A4(+0.000);PLCB1(+0.000);MYO1F(+0.000);TMSB4X(+0.000)
NINL,False,0.012538843155427137,0.0,0.00022943685,3.5573864e-06,NKG7(-0.000);GNLY(-0.000);ACTG1(-0.000);PFN1(-0.000);ACTB(-0.000);ZEB2(-0.000);PRF1(-0.000);S100A4(-0.000),LEF1(+0.000);MAML2(+0.000);BACH2(+0.000);FOXP1(+0.000);CAMK4(+0.000);BCL2(+0.000);SERINC5(+0.000);INPP4B(+0.000)
KLRD1,False,0.007959439568227662,2.1092987e-09,0.00022892053,-9.4793256e-07,AOAH(-0.000);GNLY(-0.000);PLCB1(-0.000);RAP1GAP2(-0.000);MYO1F(-0.000);CCL5(-0.000);TGFBR3(-0.000);PPP2R2B(-0.000),LEF1(+0.000);MAML2(+0.000);BACH2(+0.000);FOXP1(+0.000);CAMK4(+0.000);SERINC5(+0.000);PDE3B(+0.000);FHIT(+0.000)
MCOLN2,False,0.011339475549255847,0.0,0.0002267389,-6.538868e-06,LEF1(-0.000);BACH2(-0.000);MAML2(-0.000);FOXP1(-0.000);FHIT(-0.000);SERINC5(-0.000);PRKCA(-0.000);PDE3B(-0.000),PLCB1(+0.000);PHACTR2(+0.000);A2M(+0.000);GZMK(+0.000);IL32(+0.000);CCL5(+0.000);S100A4(+0.000);KLRG1(+0.000)
NEXN,False,0.009758490977484598,0.0,0.00022391607,2.6645173e-06,BACH2(-0.000);KCNQ5(-0.000);MCTP2(-0.000);CD247(-0.000);TXK(-0.000);LEF1(-0.000);SFMBT2(-0.000);JAZF1(-0.000),IL32(+0.000);GZMK(+0.000);PHACTR2(+0.000);IL7R(+0.000);S100A4(+0.000);LTB(+0.000);RPL11(+0.000);RPL28(+0.000)
GPATCH11,False,0.048301804503080206,0.0,0.00021875091,2.9425094e-06,AOAH(-0.000);PLCB1(-0.000);RAP1GAP2(-0.000);JAZF1(-0.000);SYNE1(-0.000);SAMD3(-0.000);MYO1F(-0.000);ARHGAP26(-0.000),LEF1(+0.000);CAMK4(+0.000);SERINC5(+0.000);MAML2(+0.000);PDE3B(+0.000);BACH2(+0.000);FOXP1(+0.000);FHIT(+0.000)
AC022075.1,False,0.011775609224227226,-3.2336072e-06,0.00021735262,-5.113268e-06,AOAH(-0.000);PLCB1(-0.000);MYO1F(-0.000);A2M(-0.000);RAP1GAP2(-0.000);SYNE1(-0.000);NCALD(-0.000);SAMD3(-0.000),LEF1(+0.000);MAML2(+0.000);BACH2(+0.000);FOXP1(+0.000);SERINC5(+0.000);CAMK4(+0.000);FHIT(+0.000);PDE3B(+0.000)
CENPJ,False,0.047484053862508854,0.0,0.00021109037,-2.6303333e-06,CD247(-0.000);BACH2(-0.000);KCNQ5(-0.000);LEF1(-0.000);SMC4(-0.000);MAPRE2(-0.000);TFDP2(-0.000);ATP10A(-0.000),PHACTR2(+0.000);IL32(+0.000);IL7R(+0.000);LTB(+0.000);PLCB1(+0.000);A2M(+0.000);CCL5(+0.000);GZMK(+0.000)
PTPN13,False,0.009213323883770375,0.0,0.00020929333,6.968229e-06,LEF1(-0.000);BACH2(-0.000);FHIT(-0.000);FOXP1(-0.000);SMC4(-0.000);SELL(-0.000);KCNQ5(-0.000);SSBP2(-0.000),GZMK(+0.000);PLCB1(+0.000);CCL5(+0.000);A2M(+0.000);PHACTR2(+0.000);IL7R(+0.000);IL32(+0.000);LTB(+0.000)
SESTD1,False,0.007632339311999128,0.0,0.00020710492,-7.1080234e-07,AOAH(-0.000);RAP1GAP2(-0.000);JAZF1(-0.000);SAMD3(-0.000);SYNE1(-0.000);MYO1F(-0.000);DNAJC1(-0.000);VAV3(-0.000),CAMK4(+0.000);LEF1(+0.000);IL7R(+0.000);MAML2(+0.000);BCL2(+0.000);LTB(+0.000);BCL11B(+0.000);SERINC5(+0.000)
CTSW,False,0.034181976775881806,-9.6409685e-06,0.00020613709,1.1581158e-05,CCL5(-0.000);PFN1(-0.000);AOAH(-0.000);PLCB1(-0.000);MYO1F(-0.000);PPP2R2B(-0.000);ACTG1(-0.000);RAP1GAP2(-0.000),LEF1(+0.000);MAML2(+0.000);BACH2(+0.000);FOXP1(+0.000);SERINC5(+0.000);CAMK4(+0.000);PDE3B(+0.000);PRKCA(+0.000)
FNIP2,False,0.032001308401024914,0.0,0.00020411848,1.0199485e-05,LEF1(-0.000);BACH2(-0.000);MAML2(-0.000);FOXP1(-0.000);SERINC5(-0.000);FHIT(-0.000);PRKCA(-0.000);PDE3B(-0.000),S100A4(+0.000);PLCB1(+0.000);A2M(+0.000);IL32(+0.000);ACTB(+0.000);ACTG1(+0.000);PHACTR2(+0.000);PFN1(+0.000)
LINC00612,False,0.02573188682331135,-1.1256228e-05,0.00020327914,4.48856e-06,GZMK(-0.000);PHACTR2(-0.000);CCL5(-0.000);PLCB1(-0.000);IL32(-0.000);A2M(-0.000);S100A4(-0.000);IL7R(-0.000),LEF1(+0.000);BACH2(+0.000);FOXP1(+0.000);FHIT(+0.000);MAML2(+0.000);SERINC5(+0.000);PRKCA(+0.000);KCNQ5(+0.000)
MTHFD1L,False,0.061113231205364445,0.0,0.00020186523,1.0516272e-05,LEF1(-0.000);FHIT(-0.000);FOXP1(-0.000);BACH2(-0.000);SERINC5(-0.000);SELL(-0.000);PRKCA(-0.000);PDE3B(-0.000),PLCB1(+0.000);AOAH(+0.000);A2M(+0.000);PARP8(+0.000);SYNE2(+0.000);PZP(+0.000);CCL5(+0.000);ARHGAP26(+0.000)
ITGAM,False,0.009594940849370332,-2.7466965e-06,0.00020180421,2.8091308e-06,PFN1(-0.000);CCL5(-0.000);S100A4(-0.000);ACTG1(-0.000);ACTB(-0.000);PLCB1(-0.000);NKG7(-0.000);GNLY(-0.000),LEF1(+0.000);MAML2(+0.000);BACH2(+0.000);FOXP1(+0.000);SERINC5(+0.000);PRKCA(+0.000);FHIT(+0.000);PDE3B(+0.000)
CYTH3,False,0.008068472986970507,0.0,0.00020175926,-1.4202416e-06,CCL5(-0.000);PLCB1(-0.000);AOAH(-0.000);A2M(-0.000);MYO1F(-0.000);RAP1GAP2(-0.000);PPP2R2B(-0.000);NCALD(-0.000),LEF1(+0.000);BACH2(+0.000);MAML2(+0.000);FOXP1(+0.000);SERINC5(+0.000);FHIT(+0.000);PDE3B(+0.000);PRKCA(+0.000)
EEPD1,False,0.02366025186719729,0.0,0.00019811174,6.627495e-07,IL32(-0.000);PHACTR2(-0.000);LTB(-0.000);S100A4(-0.000);IL7R(-0.000);RPL11(-0.000);GZMK(-0.000);RPL28(-0.000),AOAH(+0.000);CD247(+0.000);JAZF1(+0.000);KCNQ5(+0.000);TXK(+0.000);SFMBT2(+0.000);FNDC3B(+0.000);TFDP2(+0.000)
WWC2,False,0.0073597557651420165,0.0,0.00019701014,6.9907026e-07,PLCB1(-0.000);GNLY(-0.000);A2M(-0.000);S100A4(-0.000);MYO1F(-0.000);PFN1(-0.000);ACTG1(-0.000);AOAH(-0.000),LEF1(+0.000);BACH2(+0.000);MAML2(+0.000);FOXP1(+0.000);SERINC5(+0.000);FHIT(+0.000);PRKCA(+0.000);PDE3B(+0.000)
LNX2,False,0.014610478111541187,0.0,0.00019443221,-5.202846e-06,IL32(-0.000);LTB(-0.000);RPL11(-0.000);IL7R(-0.000);RPS18(-0.000);RPS2(-0.000);PHACTR2(-0.000);CAMK4(-0.000),AOAH(+0.000);JAZF1(+0.000);CD247(+0.000);RAP1GAP2(+0.000);SAMD3(+0.000);VAV3(+0.000);UTRN(+0.000);SYNE1(+0.000)
GFOD1,False,0.008395573243199039,1.1779253e-11,0.00019198071,1.5876847e-05,AOAH(-0.000);RAP1GAP2(-0.000);PLCB1(-0.000);MYO1F(-0.000);PFN1(-0.000);SAMD3(-0.000);A2M(-0.000);SYNE1(-0.000),LEF1(+0.000);MAML2(+0.000);BACH2(+0.000);SERINC5(+0.000);CAMK4(+0.000);FOXP1(+0.000);PDE3B(+0.000);FHIT(+0.000)
PALLD,False,0.00419778662159952,0.0,0.00019058822,8.1471813e-07,LEF1(-0.000);BACH2(-0.000);MAML2(-0.000);FOXP1(-0.000);FHIT(-0.000);SERINC5(-0.000);PRKCA(-0.000);ZBTB20(-0.000),IL32(+0.000);S100A4(+0.000);PHACTR2(+0.000);PFN1(+0.000);PLCB1(+0.000);ACTB(+0.000);A2M(+0.000);CCL5(+0.000)
PTPRK,False,0.04034236493485253,-2.9215014e-06,0.00018737785,-4.333745e-06,LEF1(-0.000);BACH2(-0.000);MAML2(-0.000);FOXP1(-0.000);FHIT(-0.000);SERINC5(-0.000);PRKCA(-0.000);TXK(-0.000),IL32(+0.000);S100A4(+0.000);PHACTR2(+0.000);A2M(+0.000);CCL5(+0.000);PLCB1(+0.000);PFN1(+0.000);KLRG1(+0.000)
AL590006.1,False,0.005669737774627924,0.0,0.0001868153,-5.390235e-07,LEF1(-0.000);MAML2(-0.000);BACH2(-0.000);FOXP1(-0.000);SERINC5(-0.000);CAMK4(-0.000);PDE3B(-0.000);FHIT(-0.000),CCL5(+0.000);AOAH(+0.000);PLCB1(+0.000);MYO1F(+0.000);RAP1GAP2(+0.000);A2M(+0.000);PPP2R2B(+0.000);SYNE1(+0.000)
ARL6,False,0.00556070435588508,0.0,0.00018518658,4.855309e-06,LEF1(-0.000);BACH2(-0.000);MAML2(-0.000);FOXP1(-0.000);SERINC5(-0.000);FHIT(-0.000);PRKCA(-0.000);PDE3B(-0.000),S100A4(+0.000);PLCB1(+0.000);IL32(+0.000);A2M(+0.000);PHACTR2(+0.000);PFN1(+0.000);ACTB(+0.000);ACTG1(+0.000)
POLH,False,0.010576241618055935,0.0,0.00018251181,-2.834093e-06,LEF1(-0.000);MAML2(-0.000);CAMK4(-0.000);FOXP1(-0.000);BACH2(-0.000);SERINC5(-0.000);PDE3B(-0.000);PRKCA(-0.000),AOAH(+0.000);CCL5(+0.000);GNLY(+0.000);RAP1GAP2(+0.000);MYO1F(+0.000);PLCB1(+0.000);PFN1(+0.000);SAMD3(+0.000)
LINC00299,False,0.011830125933598648,-3.4362518e-08,0.00017882512,2.6906657e-06,PLCB1(-0.000);A2M(-0.000);S100A4(-0.000);PHACTR2(-0.000);IL32(-0.000);MYO1F(-0.000);KLRG1(-0.000);PZP(-0.000),LEF1(+0.000);BACH2(+0.000);MAML2(+0.000);FOXP1(+0.000);FHIT(+0.000);SERINC5(+0.000);PRKCA(+0.000);PDE3B(+0.000)
PHLDB2,False,0.006705555252684948,2.0309057e-13,0.00017779892,-2.5994877e-06,GNLY(-0.000);AOAH(-0.000);MCTP2(-0.000);TGFBR3(-0.000);RAP1GAP2(-0.000);CTSW(-0.000);JAZF1(-0.000);CCL5(-0.000),LEF1(+0.000);CAMK4(+0.000);IL7R(+0.000);LTB(+0.000);MAML2(+0.000);SERINC5(+0.000);BCL11B(+0.000);PDE3B(+0.000)
CCDC171,False,0.007250722346399172,0.0,0.00017696359,-3.2819761e-07,PLCB1(-0.000);S100A4(-0.000);PFN1(-0.000);ACTG1(-0.000);ACTB(-0.000);A2M(-0.000);MYO1F(-0.000);IL32(-0.000),LEF1(+0.000);MAML2(+0.000);BACH2(+0.000);FOXP1(+0.000);SERINC5(+0.000);FHIT(+0.000);PRKCA(+0.000);PDE3B(+0.000)
TRGC2,False,0.017227280161369457,-8.086207e-06,0.00017686622,-4.1123694e-06,PLCB1(-0.000);CCL5(-0.000);A2M(-0.000);GNLY(-0.000);GZMK(-0.000);PHACTR2(-0.000);GZMA(-0.000);IL32(-0.000),LEF1(+0.000);BACH2(+0.000);FOXP1(+0.000);MAML2(+0.000);FHIT(+0.000);SERINC5(+0.000);PRKCA(+0.000);SELL(+0.000)
LRP6,False,0.029602573188682334,0.0,0.00017039212,-1.180572e-05,AOAH(-0.000);CCL5(-0.000);RAP1GAP2(-0.000);PLCB1(-0.000);MYO1F(-0.000);SYNE1(-0.000);JAZF1(-0.000);SAMD3(-0.000),LEF1(+0.000);CAMK4(+0.000);MAML2(+0.000);FOXP1(+0.000);SERINC5(+0.000);BACH2(+0.000);PDE3B(+0.000);PRKCA(+0.000)
HDX,False,0.013193043667884206,0.0,0.00017014041,-6.2699905e-07,PLCB1(-0.000);A2M(-0.000);AOAH(-0.000);CCL5(-0.000);PARP8(-0.000);PZP(-0.000);KLRG1(-0.000);GZMK(-0.000),LEF1(+0.000);FHIT(+0.000);GAPDH(+0.000);BACH2(+0.000);SELL(+0.000);SERINC5(+0.000);PTMA(+0.000);FOXP1(+0.000)
USP28,False,0.029875156735539442,-2.0962605e-06,0.00016549074,4.186967e-06,AOAH(-0.000);PLCB1(-0.000);GNLY(-0.000);CCL5(-0.000);A2M(-0.000);ARHGAP26(-0.000);PARP8(-0.000);UTRN(-0.000),ACTB(+0.000);GAPDH(+0.000);PTMA(+0.000);ACTG1(+0.000);TMSB10(+0.000);PFN1(+0.000);ARHGDIB(+0.000);CORO1A(+0.000)
AC244502.1,False,0.021097966526740446,0.0,0.00016500369,-6.318739e-06,PTMA(-0.000);GAPDH(-0.000);ACTB(-0.000);SMC4(-0.000);DNMT1(-0.000);ACTG1(-0.000);TMPO(-0.000);HMGB1(-0.000),A2M(+0.000);PLCB1(+0.000);PZP(+0.000);AOAH(+0.000);PARP8(+0.000);GZMK(+0.000);KLRG1(+0.000);CCL5(+0.000)
AGAP1,False,0.004579403587199477,-4.2295983e-06,0.00016245185,7.7153294e-07,PLCB1(-0.000);CCL5(-0.000);A2M(-0.000);GZMK(-0.000);PHACTR2(-0.000);AOAH(-0.000);MYO1F(-0.000);PARP8(-0.000),LEF1(+0.000);BACH2(+0.000);MAML2(+0.000);FOXP1(+0.000);SERINC5(+0.000);FHIT(+0.000);PRKCA(+0.000);PDE3B(+0.000)
CD8A,False,0.02213378400479747,-3.2795251e-06,0.00016223548,-2.7393783e-06,S100A4(-0.000);IL32(-0.000);PLCB1(-0.000);PHACTR2(-0.000);A2M(-0.000);PFN1(-0.000);CCL5(-0.000);ACTB(-0.000),LEF1(+0.000);BACH2(+0.000);MAML2(+0.000);FOXP1(+0.000);SERINC5(+0.000);FHIT(+0.000);PRKCA(+0.000);PDE3B(+0.000)
PHTF1,False,0.023224118192225918,-1.0534094e-06,0.00015806763,9.62235e-06,MCTP2(-0.000);AOAH(-0.000);RAP1GAP2(-0.000);TGFBR3(-0.000);MYO1F(-0.000);JAZF1(-0.000);SAMD3(-0.000);SYNE1(-0.000),LEF1(+0.000);CAMK4(+0.000);MAML2(+0.000);IL7R(+0.000);BACH2(+0.000);SERINC5(+0.000);BCL2(+0.000);PDE3B(+0.000)
KNL1,False,0.0035435861091424525,0.0,0.00015728359,-8.7124226e-07,GNLY(-0.000);MCTP2(-0.000);CD247(-0.000);AOAH(-0.000);JAZF1(-0.000);KCNQ5(-0.000);PRF1(-0.000);TFDP2(-0.000),IL32(+0.000);IL7R(+0.000);GZMK(+0.000);LTB(+0.000);PHACTR2(+0.000);RPL11(+0.000);CAMK4(+0.000);RPS18(+0.000)
SKAP2,False,0.017172763451998037,3.6978813e-07,0.00015621142,-8.266414e-06,LEF1(-0.000);MAML2(-0.000);BACH2(-0.000);FOXP1(-0.000);ZBTB20(-0.000);SERINC5(-0.000);TXK(-0.000);PRKCA(-0.000),PFN1(+0.000);IL32(+0.000);S100A4(+0.000);ACTG1(+0.000);PHACTR2(+0.000);ACTB(+0.000);S100A6(+0.000);TMSB10(+0.000)
BRMS1L,False,0.03821621326936706,0.0,0.00015258763,9.894492e-07,GNLY(-0.000);S100A4(-0.000);IL32(-0.000);CCL5(-0.000);PFN1(-0.000);CTSW(-0.000);TGFBR3(-0.000);ACTG1(-0.000),LEF1(+0.000);BACH2(+0.000);MAML2(+0.000);FOXP1(+0.000);SERINC5(+0.000);FHIT(+0.000);PRKCA(+0.000);TXK(+0.000)
PDGFD,False,0.011557542386741537,-1.6931167e-06,0.00014648611,-2.9576145e-06,S100A4(-0.000);IL32(-0.000);ACTB(-0.000);ACTG1(-0.000);PFN1(-0.000);NKG7(-0.000);PHACTR2(-0.000);TMSB4X(-0.000),LEF1(+0.000);BACH2(+0.000);MAML2(+0.000);FOXP1(+0.000);ZBTB20(+0.000);TXK(+0.000);FHIT(+0.000);PRKCA(+0.000)
ST7L,False,0.04241399989096658,0.0,0.00014420295,-1.0121222e-06,S100A4(-0.000);ACTB(-0.000);ACTG1(-0.000);IL32(-0.000);PFN1(-0.000);CCL5(-0.000);TMSB4X(-0.000);CORO1A(-0.000),MAML2(+0.000);BACH2(+0.000);LEF1(+0.000);FOXP1(+0.000);ZBTB20(+0.000);TXK(+0.000);SERINC5(+0.000);PRKCA(+0.000)
C3orf35,False,0.05964128005233604,0.0,0.00014275104,-2.2448721e-06,GAPDH(-0.000);LEF1(-0.000);ACTG1(-0.000);ACTB(-0.000);TMSB10(-0.000);VIM(-0.000);SMC4(-0.000);PFN1(-0.000),PLCB1(+0.000);AOAH(+0.000);A2M(+0.000);CCL5(+0.000);PARP8(+0.000);PZP(+0.000);SYNE2(+0.000);KLRG1(+0.000)
PLEKHG3,False,0.0032164858529139186,-2.4162869e-06,0.00013956653,1.2094774e-06,GNLY(-0.000);NKG7(-0.000);AOAH(-0.000);ZEB2(-0.000);PRF1(-0.000);MCTP2(-0.000);TGFBR3(-0.000);CCL5(-0.000),LEF1(+0.000);MAML2(+0.000);CAMK4(+0.000);BACH2(+0.000);FOXP1(+0.000);SERINC5(+0.000);PDE3B(+0.000);INPP4B(+0.000)
LY86-AS1,False,0.011557542386741539,0.0,0.00013909042,2.2113916e-06,LEF1(-0.000);MAML2(-0.000);BACH2(-0.000);FOXP1(-0.000);SERINC5(-0.000);PRKCA(-0.000);FHIT(-0.000);PDE3B(-0.000),S100A4(+0.000);ACTB(+0.000);ACTG1(+0.000);PFN1(+0.000);IL32(+0.000);TMSB4X(+0.000);CORO1A(+0.000);FLNA(+0.000)
GZMB,False,0.002998419015428229,0.0,0.00013706915,2.5076536e-06,AOAH(-0.000);RAP1GAP2(-0.000);JAZF1(-0.000);GNLY(-0.000);SAMD3(-0.000);TYROBP(-0.000);SYNE1(-0.000);CD247(-0.000),IL7R(+0.000);CAMK4(+0.000);LTB(+0.000);LEF1(+0.000);BCL2(+0.000);BCL11B(+0.000);MAML2(+0.000);INPP4B(+0.000)
SLC25A43,False,0.011230442130513002,0.0,0.00013528351,3.3929934e-06,LEF1(-0.000);MAML2(-0.000);BACH2(-0.000);FOXP1(-0.000);SERINC5(-0.000);PRKCA(-0.000);FHIT(-0.000);PDE3B(-0.000),CCL5(+0.000);S100A4(+0.000);ACTG1(+0.000);PLCB1(+0.000);ACTB(+0.000);PFN1(+0.000);MYO1F(+0.000);A2M(+0.000)
MVB12B,False,0.016573079648912394,-2.2175388e-06,0.00013517404,-4.7432713e-06,IL7R(-0.000);LTB(-0.000);BCL2(-0.000);CAMK4(-0.000);BCL11B(-0.000);THEMIS(-0.000);ARHGAP15(-0.000);ANK3(-0.000),GAPDH(+0.000);SMC4(+0.000);IFI16(+0.000);PFN1(+0.000);ACTG1(+0.000);DNMT1(+0.000);JAZF1(+0.000);RAP1GAP2(+0.000)
BCL7A,False,0.027912555198168237,0.0,0.00013388829,-7.2779864e-07,AOAH(-0.000);ZBTB20(-0.000);TXK(-0.000);JAZF1(-0.000);PITPNC1(-0.000);UTRN(-0.000);CD247(-0.000);ATM(-0.000),IL32(+0.000);ACTB(+0.000);TMSB10(+0.000);ACTG1(+0.000);S100A4(+0.000);PFN1(+0.000);GAPDH(+0.000);RPL11(+0.000)
ASPM,False,0.0029439023060568066,0.0,0.00013026332,1.0200816e-06,LEF1(-0.000);BACH2(-0.000);MAML2(-0.000);FOXP1(-0.000);FHIT(-0.000);SERINC5(-0.000);PRKCA(-0.000);PDE3B(-0.000),PLCB1(+0.000);A2M(+0.000);PHACTR2(+0.000);IL32(+0.000);GZMK(+0.000);S100A4(+0.000);KLRG1(+0.000);PARP8(+0.000)
FAM49A,False,0.004961020552799433,-1.6915403e-07,0.00012933945,3.4582001e-06,PLCB1(-0.000);A2M(-0.000);AOAH(-0.000);MYO1F(-0.000);PZP(-0.000);KLRG1(-0.000);PARP8(-0.000);PHACTR2(-0.000),LEF1(+0.000);BACH2(+0.000);MAML2(+0.000);FOXP1(+0.000);FHIT(+0.000);SERINC5(+0.000);PRKCA(+0.000);PDE3B(+0.000)
ZNF786,False,0.0339093932290247,0.0,0.00012635376,2.175036e-05,MAML2(-0.000);FOXP1(-0.000);LEF1(-0.000);BCL2(-0.000);CAMK4(-0.000);TXNIP(-0.000);INPP4B(-0.000);ANK3(-0.000),ACTB(+0.000);PTMA(+0.000);GAPDH(+0.000);ACTG1(+0.000);DNMT1(+0.000);B2M(+0.000);PFN1(+0.000);CORO1A(+0.000)
GOLIM4,False,0.00419778662159952,0.0,0.000120827084,2.6852683e-06,AOAH(-0.000);JAZF1(-0.000);KCNQ5(-0.000);CD247(-0.000);TFDP2(-0.000);SFMBT2(-0.000);PLCG2(-0.000);RAP1GAP2(-0.000),IL32(+0.000);IL7R(+0.000);LTB(+0.000);PHACTR2(+0.000);RPL11(+0.000);CAMK4(+0.000);RPL28(+0.000);RPL30(+0.000)
CD160,False,0.017118246742626613,-2.8420697e-08,0.00011536301,6.762518e-06,PFN1(-0.000);ACTG1(-0.000);ACTB(-0.000);GAPDH(-0.000);RAP1GAP2(-0.000);MYL6(-0.000);CORO1A(-0.000);FLNA(-0.000),MAML2(+0.000);IL7R(+0.000);LEF1(+0.000);BCL2(+0.000);CAMK4(+0.000);BACH2(+0.000);FOXP1(+0.000);BCL11B(+0.000)
AC107032.2,False,0.0026168020498282723,0.0,0.00010729199,-4.4013626e-07,LEF1(-0.000);MAML2(-0.000);BACH2(-0.000);CAMK4(-0.000);FOXP1(-0.000);SERINC5(-0.000);PDE3B(-0.000);FHIT(-0.000),CCL5(+0.000);AOAH(+0.000);RAP1GAP2(+0.000);PLCB1(+0.000);MYO1F(+0.000);CTSW(+0.000);SYNE1(+0.000);TGFBR3(+0.000)
SLC16A4,False,0.01657307964891239,0.0,0.00010406759,9.503875e-07,S100A4(-0.000);CCL5(-0.000);PLCB1(-0.000);A2M(-0.000);ACTG1(-0.000);MYO1F(-0.000);GNLY(-0.000);ACTB(-0.000),LEF1(+0.000);BACH2(+0.000);MAML2(+0.000);FOXP1(+0.000);SERINC5(+0.000);FHIT(+0.000);PRKCA(+0.000);PDE3B(+0.000)
IL12RB2,False,0.003216485852913918,-6.7479544e-07,0.00010382559,-2.1314924e-07,GZMK(-0.000);PHACTR2(-0.000);IL32(-0.000);PLCB1(-0.000);A2M(-0.000);S100A4(-0.000);CCL5(-0.000);IL7R(-0.000),LEF1(+0.000);BACH2(+0.000);FOXP1(+0.000);MAML2(+0.000);FHIT(+0.000);KCNQ5(+0.000);PRKCA(+0.000);SERINC5(+0.000)
BCL2L11,False,0.03478166057896745,0.0,9.8225544e-05,4.8836378e-06,CCL5(-0.000);CTSW(-0.000);GZMK(-0.000);PPP2R2B(-0.000);PHACTR2(-0.000);IL7R(-0.000);IL32(-0.000);LTB(-0.000),CD247(+0.000);JAZF1(+0.000);TFDP2(+0.000);RAP1GAP2(+0.000);SMC4(+0.000);VAV3(+0.000);TOX(+0.000);MAPRE2(+0.000)
SLC4A10,False,0.0016900179905140927,-1.6247246e-12,9.7288124e-05,-4.359222e-06,IL32(-0.000);IL7R(-0.000);PHACTR2(-0.000);A2M(-0.000);LTB(-0.000);PLCB1(-0.000);KLRG1(-0.000);CCL5(-0.000),BACH2(+0.000);LEF1(+0.000);KCNQ5(+0.000);SMC4(+0.000);FHIT(+0.000);SSBP2(+0.000);FOXP1(+0.000);ATP10A(+0.000)
ADCY3,False,0.0027803521779425394,0.0,9.7133074e-05,-5.9136724e-08,PLCB1(-0.000);AOAH(-0.000);MYO1F(-0.000);A2M(-0.000);RAP1GAP2(-0.000);S100A4(-0.000);ACTG1(-0.000);PFN1(-0.000),LEF1(+0.000);MAML2(+0.000);BACH2(+0.000);FOXP1(+0.000);SERINC5(+0.000);FHIT(+0.000);PDE3B(+0.000);CAMK4(+0.000)
RSPH3,False,0.006869105380799215,0.0,9.632015e-05,-5.3186363e-06,CAMK4(-0.000);LEF1(-0.000);IL7R(-0.000);LTB(-0.000);RPL11(-0.000);BCL11B(-0.000);RPS2(-0.000);EEF1A1(-0.000),AOAH(+0.000);RAP1GAP2(+0.000);JAZF1(+0.000);SAMD3(+0.000);SYNE1(+0.000);TYROBP(+0.000);VAV3(+0.000);PPP2R2B(+0.000)
LMNA,False,0.0033255192716567625,0.0,9.601994e-05,1.4007709e-06,GNLY(-0.000);PFN1(-0.000);S100A4(-0.000);ACTG1(-0.000);ACTB(-0.000);CCL5(-0.000);PLCB1(-0.000);MYO1F(-0.000),LEF1(+0.000);MAML2(+0.000);BACH2(+0.000);FOXP1(+0.000);SERINC5(+0.000);PRKCA(+0.000);FHIT(+0.000);PDE3B(+0.000)
PPM1F,False,0.016682113067655234,0.0,9.466953e-05,1.4995607e-06,MAML2(-0.000);BCL2(-0.000);IL7R(-0.000);LEF1(-0.000);FOXP1(-0.000);CAMK4(-0.000);ANK3(-0.000);INPP4B(-0.000),ACTB(+0.000);ACTG1(+0.000);GAPDH(+0.000);PFN1(+0.000);PTMA(+0.000);CORO1A(+0.000);PPIA(+0.000);MYL6(+0.000)
MAP3K8,False,0.004034236493485253,-2.5591694e-06,9.427428e-05,-1.2975668e-06,GNLY(-0.000);PRF1(-0.000);CCL5(-0.000);AOAH(-0.000);MCTP2(-0.000);TGFBR3(-0.000);CTSW(-0.000);GZMA(-0.000),LEF1(+0.000);MAML2(+0.000);CAMK4(+0.000);BACH2(+0.000);FOXP1(+0.000);SERINC5(+0.000);PDE3B(+0.000);FHIT(+0.000)
LACTB,False,0.030474840538625092,0.0,9.148838e-05,2.8515524e-06,LEF1(-0.000);BACH2(-0.000);FOXP1(-0.000);MAML2(-0.000);FHIT(-0.000);SERINC5(-0.000);PRKCA(-0.000);PDE3B(-0.000),IL32(+0.000);S100A4(+0.000);PHACTR2(+0.000);PLCB1(+0.000);A2M(+0.000);ACTB(+0.000);CCL5(+0.000);PFN1(+0.000)
PTGDR,False,0.0033800359810281853,-1.5676699e-06,9.0444475e-05,8.774097e-07,GNLY(-0.000);CCL5(-0.000);PLCB1(-0.000);NKG7(-0.000);S100A4(-0.000);A2M(-0.000);MYO1F(-0.000);PFN1(-0.000),LEF1(+0.000);BACH2(+0.000);MAML2(+0.000);FOXP1(+0.000);SERINC5(+0.000);FHIT(+0.000);PRKCA(+0.000);PDE3B(+0.000)
PPP1R9A,False,0.0029439023060568066,0.0,9.018544e-05,1.1569274e-06,GNLY(-0.000);CCL5(-0.000);GZMA(-0.000);PLCB1(-0.000);PRF1(-0.000);S100A4(-0.000);A2M(-0.000);PFN1(-0.000),LEF1(+0.000);MAML2(+0.000);BACH2(+0.000);FOXP1(+0.000);SERINC5(+0.000);FHIT(+0.000);PRKCA(+0.000);PDE3B(+0.000)
BLK,False,0.00839557324319904,0.0,8.9638175e-05,-7.507186e-07,CCL5(-0.000);A2M(-0.000);S100A4(-0.000);PLCB1(-0.000);PHACTR2(-0.000);IL32(-0.000);MYO1F(-0.000);KLRG1(-0.000),LEF1(+0.000);BACH2(+0.000);MAML2(+0.000);FOXP1(+0.000);SERINC5(+0.000);FHIT(+0.000);PRKCA(+0.000);PDE3B(+0.000)
TRPM2,False,0.004088753202856675,0.0,8.917617e-05,1.6365444e-06,CCL5(-0.000);GNLY(-0.000);PLCB1(-0.000);A2M(-0.000);S100A4(-0.000);MYO1F(-0.000);AOAH(-0.000);PHACTR2(-0.000),LEF1(+0.000);BACH2(+0.000);MAML2(+0.000);FOXP1(+0.000);SERINC5(+0.000);FHIT(+0.000);PRKCA(+0.000);PDE3B(+0.000)
OSBPL5,False,0.015537262170855368,-2.4493738e-09,8.916335e-05,7.993778e-06,PFN1(-0.000);TMSB10(-0.000);GAPDH(-0.000);ACTG1(-0.000);ACTB(-0.000);VIM(-0.000);IL32(-0.000);ARHGDIB(-0.000),AOAH(+0.000);PLCB1(+0.000);PITPNC1(+0.000);ZBTB20(+0.000);TXK(+0.000);LPP(+0.000);ARHGAP26(+0.000);STAT4(+0.000)
HAVCR2,False,0.010521724908684513,0.0,8.7704095e-05,-4.3245523e-06,ACTB(-0.000);ACTG1(-0.000);PFN1(-0.000);GAPDH(-0.000);S100A4(-0.000);PTMA(-0.000);CORO1A(-0.000);TMSB4X(-0.000),MAML2(+0.000);FOXP1(+0.000);ZBTB20(+0.000);BACH2(+0.000);LEF1(+0.000);BCL2(+0.000);ANK3(+0.000);INPP4B(+0.000)
DOCK5,False,0.0030529357247996514,0.0,8.661998e-05,-1.4494168e-07,PLCB1(-0.000);A2M(-0.000);S100A4(-0.000);PHACTR2(-0.000);MYO1F(-0.000);IL32(-0.000);AOAH(-0.000);PFN1(-0.000),LEF1(+0.000);BACH2(+0.000);MAML2(+0.000);FOXP1(+0.000);SERINC5(+0.000);FHIT(+0.000);PRKCA(+0.000);PDE3B(+0.000)
LINC02694,False,0.00490650384342801,0.0,8.54645e-05,-1.6302258e-06,CAMK4(-0.000);IL7R(-0.000);LEF1(-0.000);LTB(-0.000);BCL2(-0.000);MAML2(-0.000);BCL11B(-0.000);SERINC5(-0.000),MCTP2(+0.000);GNLY(+0.000);AOAH(+0.000);TGFBR3(+0.000);RAP1GAP2(+0.000);JAZF1(+0.000);PRF1(+0.000);SAMD3(+0.000)
AL138720.1,False,0.003543586109142452,0.0,7.769924e-05,2.212212e-06,LEF1(-0.000);BACH2(-0.000);MAML2(-0.000);FOXP1(-0.000);SERINC5(-0.000);FHIT(-0.000);PDE3B(-0.000);PRKCA(-0.000),CCL5(+0.000);PLCB1(+0.000);AOAH(+0.000);A2M(+0.000);MYO1F(+0.000);CTSW(+0.000);GNLY(+0.000);RAP1GAP2(+0.000)
GAB3,False,0.014337894564684078,-1.0206793e-06,7.701893e-05,1.9016069e-06,PFN1(-0.000);ACTG1(-0.000);ACTB(-0.000);S100A4(-0.000);GAPDH(-0.000);CORO1A(-0.000);TMSB4X(-0.000);FLNA(-0.000),LEF1(+0.000);MAML2(+0.000);BACH2(+0.000);FOXP1(+0.000);SERINC5(+0.000);PRKCA(+0.000);INPP4B(+0.000);BCL2(+0.000)
ZC2HC1A,False,0.021152483236111866,0.0,7.663063e-05,-1.2061963e-05,LEF1(-0.000);BACH2(-0.000);FHIT(-0.000);SERINC5(-0.000);SELL(-0.000);MAML2(-0.000);FOXP1(-0.000);PRKCA(-0.000),GNLY(+0.000);PLCB1(+0.000);ZBTB16(+0.000);A2M(+0.000);CCL5(+0.000);AOAH(+0.000);TGFBR3(+0.000);CTSW(+0.000)
SESN2,False,0.008013956277599085,0.0,7.381497e-05,3.7104955e-06,LEF1(-0.000);BACH2(-0.000);MAML2(-0.000);FOXP1(-0.000);FHIT(-0.000);SERINC5(-0.000);PRKCA(-0.000);PDE3B(-0.000),PLCB1(+0.000);S100A4(+0.000);IL32(+0.000);A2M(+0.000);PHACTR2(+0.000);ACTB(+0.000);KLRG1(+0.000);PFN1(+0.000)
PTCH1,False,0.01891729815188355,0.0,6.776677e-05,-9.799344e-06,GNLY(-0.000);AOAH(-0.000);CCL5(-0.000);PLCB1(-0.000);SYNE1(-0.000);RAP1GAP2(-0.000);GZMA(-0.000);MCTP2(-0.000),LEF1(+0.000);CAMK4(+0.000);TRAC(+0.000);TMSB10(+0.000);SERINC5(+0.000);FOXP1(+0.000);PDE3B(+0.000);FHIT(+0.000)
S100B,False,0.0051790873902851225,0.0,6.758876e-05,1.7921247e-06,PFN1(-0.000);ACTB(-0.000);ACTG1(-0.000);GAPDH(-0.000);PTMA(-0.000);S100A4(-0.000);CORO1A(-0.000);MYL6(-0.000),MAML2(+0.000);LEF1(+0.000);FOXP1(+0.000);BACH2(+0.000);BCL2(+0.000);IL7R(+0.000);SERINC5(+0.000);CAMK4(+0.000)
PLCD1,False,0.018971814861254977,0.0,6.380181e-05,2.3022444e-06,A2M(-0.000);PLCB1(-0.000);IL32(-0.000);S100A4(-0.000);PHACTR2(-0.000);KLRG1(-0.000);PZP(-0.000);HCST(-0.000),LEF1(+0.000);BACH2(+0.000);MAML2(+0.000);FOXP1(+0.000);FHIT(+0.000);PRKCA(+0.000);SERINC5(+0.000);TXK(+0.000)
UEVLD,False,0.0052336040996565445,0.0,6.236403e-05,8.9612007e-07,LEF1(-0.000);BACH2(-0.000);FOXP1(-0.000);MAML2(-0.000);FHIT(-0.000);SERINC5(-0.000);PRKCA(-0.000);PDE3B(-0.000),PLCB1(+0.000);A2M(+0.000);PHACTR2(+0.000);IL32(+0.000);S100A4(+0.000);KLRG1(+0.000);PARP8(+0.000);GZMK(+0.000)
CIT,False,0.0007087172218284905,0.0,6.160347e-05,-8.1891966e-07,SMC4(-0.000);LEF1(-0.000);GAPDH(-0.000);PTMA(-0.000);DNMT1(-0.000);BACH2(-0.000);SELL(-0.000);TMPO(-0.000),PLCB1(+0.000);A2M(+0.000);GZMK(+0.000);IL7R(+0.000);PHACTR2(+0.000);CCL5(+0.000);PARP8(+0.000);KLRG1(+0.000)
MYO3B,False,0.004961020552799433,0.0,5.7005323e-05,1.3328802e-06,MAML2(-0.000);LEF1(-0.000);BACH2(-0.000);FOXP1(-0.000);ZBTB20(-0.000);TXK(-0.000);SERINC5(-0.000);PRKCA(-0.000),IL32(+0.000);S100A4(+0.000);ACTB(+0.000);PFN1(+0.000);ACTG1(+0.000);PHACTR2(+0.000);GAPDH(+0.000);CORO1A(+0.000)
LINGO2,False,0.0034890693997710297,0.0,5.245827e-05,-6.2879764e-07,GNLY(-0.000);MCTP2(-0.000);AOAH(-0.000);PRF1(-0.000);TGFBR3(-0.000);JAZF1(-0.000);CD247(-0.000);RAP1GAP2(-0.000),IL7R(+0.000);LTB(+0.000);CAMK4(+0.000);IL32(+0.000);GZMK(+0.000);BCL2(+0.000);PHACTR2(+0.000);BCL11B(+0.000)
TRDC,False,0.0015809845717712479,-8.75101e-08,5.089215e-05,3.2543232e-07,LEF1(-0.000);BACH2(-0.000);MAML2(-0.000);FOXP1(-0.000);FHIT(-0.000);PRKCA(-0.000);SERINC5(-0.000);TXK(-0.000),IL32(+0.000);PHACTR2(+0.000);S100A4(+0.000);PLCB1(+0.000);A2M(+0.000);CCL5(+0.000);PFN1(+0.000);KLRG1(+0.000)
AC011246.1,False,0.007577822602627706,0.0,4.8722355e-05,-1.6791236e-06,KCNQ5(-0.000);TXK(-0.000);WWOX(-0.000);BACH2(-0.000);CD247(-0.000);SFMBT2(-0.000);TFDP2(-0.000);SCLT1(-0.000),IL32(+0.000);PHACTR2(+0.000);IL7R(+0.000);LTB(+0.000);A2M(+0.000);S100A4(+0.000);KLRG1(+0.000);RPL28(+0.000)
GUCA1B,False,0.006214904868342146,0.0,4.847593e-05,5.5899104e-06,A2M(-0.000);GZMK(-0.000);PLCB1(-0.000);PHACTR2(-0.000);IL32(-0.000);IL7R(-0.000);LTB(-0.000);KLRG1(-0.000),LEF1(+0.000);SMC4(+0.000);BACH2(+0.000);KCNQ5(+0.000);PTMA(+0.000);DNMT1(+0.000);CD247(+0.000);FHIT(+0.000)
CENPE,False,0.00256228534045685,0.0,4.834263e-05,-6.758042e-07,LTB(-0.000);IL32(-0.000);IL7R(-0.000);GZMK(-0.000);CAMK4(-0.000);PHACTR2(-0.000);RPL11(-0.000);RPL30(-0.000),AOAH(+0.000);KCNQ5(+0.000);JAZF1(+0.000);CD247(+0.000);TYROBP(+0.000);SFMBT2(+0.000);WWOX(+0.000);TFDP2(+0.000)
NCKAP1,False,0.002235185084228316,0.0,3.8581413e-05,-1.3346121e-06,CCL5(-0.000);ACTB(-0.000);ACTG1(-0.000);AOAH(-0.000);CTSW(-0.000);PLCB1(-0.000);MYO1F(-0.000);PFN1(-0.000),LEF1(+0.000);MAML2(+0.000);FOXP1(+0.000);BACH2(+0.000);SERINC5(+0.000);CAMK4(+0.000);PDE3B(+0.000);PRKCA(+0.000)
PRSS23,False,0.0004906503843428011,1.4470203e-11,3.824929e-05,1.1699333e-06,GNLY(-0.000);PFN1(-0.000);S100A4(-0.000);CCL5(-0.000);ACTG1(-0.000);ACTB(-0.000);PLCB1(-0.000);IL32(-0.000),LEF1(+0.000);MAML2(+0.000);BACH2(+0.000);FOXP1(+0.000);SERINC5(+0.000);FHIT(+0.000);PRKCA(+0.000);PDE3B(+0.000)
LINC00467,False,0.002889385596685384,0.0,3.7182333e-05,1.3234876e-06,IL7R(-0.000);IL32(-0.000);LTB(-0.000);PHACTR2(-0.000);CAMK4(-0.000);RPL11(-0.000);TRAC(-0.000);BCL2(-0.000),AOAH(+0.000);CD247(+0.000);JAZF1(+0.000);MCTP2(+0.000);GNLY(+0.000);RAP1GAP2(+0.000);VAV3(+0.000);SAMD3(+0.000)
ADGRG1,False,0.004470370168456632,8.529804e-12,3.6503705e-05,2.86656e-06,GAPDH(-0.000);PTMA(-0.000);PFN1(-0.000);ACTB(-0.000);TMSB10(-0.000);ACTG1(-0.000);VIM(-0.000);PPIA(-0.000),CCL5(+0.000);AOAH(+0.000);PLCB1(+0.000);A2M(+0.000);PZP(+0.000);PARP8(+0.000);PITPNC1(+0.000);ARHGAP26(+0.000)
DSEL,False,0.0010358174780570246,0.0,3.608732e-05,3.137655e-06,LEF1(-0.000);BACH2(-0.000);MAML2(-0.000);FOXP1(-0.000);SERINC5(-0.000);FHIT(-0.000);PRKCA(-0.000);PDE3B(-0.000),CCL5(+0.000);S100A4(+0.000);PLCB1(+0.000);A2M(+0.000);ACTB(+0.000);ACTG1(+0.000);IL32(+0.000);MYO1F(+0.000)
AC015849.1,False,0.0016900179905140927,0.0,3.4591467e-05,5.9203336e-07,GNLY(-0.000);CCL5(-0.000);PRF1(-0.000);GZMA(-0.000);PLCB1(-0.000);MYO1F(-0.000);AOAH(-0.000);TGFBR3(-0.000),LEF1(+0.000);MAML2(+0.000);BACH2(+0.000);FOXP1(+0.000);SERINC5(+0.000);FHIT(+0.000);PRKCA(+0.000);PDE3B(+0.000)
CCR9,False,0.0010903341874284468,0.0,3.3876488e-05,4.4985373e-07,LEF1(-0.000);MAML2(-0.000);BACH2(-0.000);FOXP1(-0.000);SERINC5(-0.000);CAMK4(-0.000);PDE3B(-0.000);PRKCA(-0.000),CCL5(+0.000);TGFBR3(+0.000);ACTG1(+0.000);MYO1F(+0.000);PLCB1(+0.000);S100A4(+0.000);AOAH(+0.000);ACTB(+0.000)
SPATA6,False,0.004470370168456632,0.0,3.2505897e-05,2.1445683e-06,LEF1(-0.000);FOXP1(-0.000);SERINC5(-0.000);CAMK4(-0.000);PDE3B(-0.000);FHIT(-0.000);BACH2(-0.000);MAML2(-0.000),AOAH(+0.000);PLCB1(+0.000);CCL5(+0.000);CTSW(+0.000);PARP8(+0.000);A2M(+0.000);MYBL1(+0.000);ARHGAP26(+0.000)
ROBO1,False,0.020825382979883338,-7.075249e-08,3.247082e-05,1.5518556e-07,CD247(-0.000);AOAH(-0.000);JAZF1(-0.000);KCNQ5(-0.000);MAPRE2(-0.000);SFMBT2(-0.000);TFDP2(-0.000);RAP1GAP2(-0.000),IL32(+0.000);LTB(+0.000);IL7R(+0.000);PHACTR2(+0.000);CCL5(+0.000);RPL11(+0.000);S100A4(+0.000);RPS18(+0.000)
PIK3AP1,False,0.007904922858856238,-1.0093601e-10,3.1357988e-05,-9.263302e-07,AOAH(-0.000);JAZF1(-0.000);CD247(-0.000);RAP1GAP2(-0.000);VAV3(-0.000);SAMD3(-0.000);SYNE1(-0.000);TFDP2(-0.000),IL32(+0.000);IL7R(+0.000);PHACTR2(+0.000);LTB(+0.000);CAMK4(+0.000);GZMK(+0.000);RPL11(+0.000);RPL28(+0.000)
C1orf21,False,0.002834868887313962,-5.641203e-07,3.0714556e-05,7.4624575e-07,LEF1(-0.000);BACH2(-0.000);SMC4(-0.000);FOXP1(-0.000);KCNQ5(-0.000);FHIT(-0.000);CD247(-0.000);MCTP2(-0.000),PHACTR2(+0.000);GZMK(+0.000);IL7R(+0.000);PLCB1(+0.000);IL32(+0.000);A2M(+0.000);LTB(+0.000);CCL5(+0.000)
LZTFL1,False,0.007523305893256284,0.0,2.9565483e-05,5.269708e-06,MCTP2(-0.000);JAZF1(-0.000);AOAH(-0.000);TYROBP(-0.000);JUN(-0.000);TGFBR3(-0.000);TFDP2(-0.000);VAV3(-0.000),IL7R(+0.000);IL32(+0.000);PHACTR2(+0.000);LTB(+0.000);B2M(+0.000);RPL11(+0.000);RPL13(+0.000);RPS2(+0.000)
AC068234.2,False,0.0008722673499427574,0.0,2.9026367e-05,-1.0257861e-07,MCTP2(-0.000);GNLY(-0.000);ZEB2(-0.000);CD247(-0.000);KCNQ5(-0.000);JAZF1(-0.000);AOAH(-0.000);FCER1G(-0.000),IL32(+0.000);GZMK(+0.000);PHACTR2(+0.000);IL7R(+0.000);LTB(+0.000);S100A4(+0.000);RPL11(+0.000);RPL28(+0.000)
MSC-AS1,False,0.005070053971542277,0.0,2.2446207e-05,5.5416103e-07,ACTG1(-0.000);ACTB(-0.000);MCTP2(-0.000);PFN1(-0.000);TGFBR3(-0.000);RAP1GAP2(-0.000);GAPDH(-0.000);MYO1F(-0.000),LEF1(+0.000);MAML2(+0.000);IL7R(+0.000);CAMK4(+0.000);BCL2(+0.000);FOXP1(+0.000);BACH2(+0.000);INPP4B(+0.000)
CRTAM,False,0.0005451670937142234,0.0,2.2334825e-05,-1.9327236e-07,CCL5(-0.000);PLCB1(-0.000);S100A4(-0.000);MYO1F(-0.000);A2M(-0.000);AOAH(-0.000);PFN1(-0.000);ACTG1(-0.000),LEF1(+0.000);MAML2(+0.000);BACH2(+0.000);FOXP1(+0.000);SERINC5(+0.000);FHIT(+0.000);PRKCA(+0.000);PDE3B(+0.000)
SLC4A4,False,0.0011448508967998692,-4.587276e-07,2.0942598e-05,5.567167e-07,NKG7(-0.000);GNLY(-0.000);ZEB2(-0.000);AOAH(-0.000);MCTP2(-0.000);PRF1(-0.000);TGFBR3(-0.000);RAP1GAP2(-0.000),LEF1(+0.000);CAMK4(+0.000);MAML2(+0.000);SERINC5(+0.000);BACH2(+0.000);FOXP1(+0.000);IL7R(+0.000);PDE3B(+0.000)
SETBP1,False,0.0009813007686856022,-5.2533182e-09,1.900864e-05,-8.835252e-07,ACTB(-0.000);S100A4(-0.000);ACTG1(-0.000);PFN1(-0.000);IL32(-0.000);TMSB4X(-0.000);CORO1A(-0.000);CCL5(-0.000),LEF1(+0.000);MAML2(+0.000);BACH2(+0.000);FOXP1(+0.000);SERINC5(+0.000);PRKCA(+0.000);ZBTB20(+0.000);FHIT(+0.000)
FGFBP2,False,0.0010358174780570246,-1.2033116e-11,1.8102379e-05,9.743131e-07,IL32(-0.000);CAMK4(-0.000);LTB(-0.000);RPL11(-0.000);TRAC(-0.000);TMSB10(-0.000);RPL28(-0.000);RPL30(-0.000),AOAH(+0.000);CCL5(+0.000);JAZF1(+0.000);CD247(+0.000);RAP1GAP2(+0.000);SYNE1(+0.000);SAMD3(+0.000);UTRN(+0.000)
DTHD1,False,0.0011448508967998694,-3.876599e-07,1.7108168e-05,9.600237e-07,ZEB2(-0.000);MCTP2(-0.000);GNLY(-0.000);CTBP2(-0.000);AOAH(-0.000);CD247(-0.000);BNC2(-0.000);JAZF1(-0.000),IL32(+0.000);LTB(+0.000);IL7R(+0.000);PHACTR2(+0.000);GZMK(+0.000);RPL11(+0.000);RPS18(+0.000);RPL28(+0.000)
TTC38,False,0.0007087172218284905,-7.573654e-08,1.4607331e-05,-3.9751973e-07,AOAH(-0.000);PLCB1(-0.000);GNLY(-0.000);MYO1F(-0.000);RAP1GAP2(-0.000);NKG7(-0.000);ACTG1(-0.000);A2M(-0.000),LEF1(+0.000);MAML2(+0.000);BACH2(+0.000);FOXP1(+0.000);SERINC5(+0.000);CAMK4(+0.000);PDE3B(+0.000);FHIT(+0.000)
CLSPN,False,0.00010903341874284468,0.0,8.4066205e-06,-2.2296096e-08,GNLY(-0.000);MCTP2(-0.000);AOAH(-0.000);TGFBR3(-0.000);JAZF1(-0.000);CD247(-0.000);RAP1GAP2(-0.000);TYROBP(-0.000),IL7R(+0.000);LTB(+0.000);IL32(+0.000);CAMK4(+0.000);GZMK(+0.000);PHACTR2(+0.000);RPL11(+0.000);BCL2(+0.000)
IL1R1,False,0.00021806683748568935,0.0,4.854884e-06,1.3330865e-07,ACTG1(-0.000);ACTB(-0.000);PFN1(-0.000);NKG7(-0.000);TGFBR3(-0.000);MCTP2(-0.000);RAP1GAP2(-0.000);ZEB2(-0.000),LEF1(+0.000);MAML2(+0.000);CAMK4(+0.000);BACH2(+0.000);FOXP1(+0.000);BCL2(+0.000);IL7R(+0.000);SERINC5(+0.000)
ZNF683,False,0.00010903341874284468,0.0,2.7608444e-06,-3.4258942e-08,CCL5(-0.000);PLCB1(-0.000);A2M(-0.000);S100A4(-0.000);GZMK(-0.000);PHACTR2(-0.000);IL32(-0.000);MYO1F(-0.000),LEF1(+0.000);BACH2(+0.000);MAML2(+0.000);FOXP1(+0.000);FHIT(+0.000);SERINC5(+0.000);PRKCA(+0.000);PDE3B(+0.000)
CCL3,False,0.00038161696559995637,0.0,2.3437226e-06,-3.7706606e-08,LEF1(-0.000);MAML2(-0.000);BACH2(-0.000);FOXP1(-0.000);SERINC5(-0.000);CAMK4(-0.000);PDE3B(-0.000);FHIT(-0.000),CCL5(+0.000);AOAH(+0.000);PLCB1(+0.000);MYO1F(+0.000);A2M(+0.000);RAP1GAP2(+0.000);PPP2R2B(+0.000);NCALD(+0.000)
SLCO4C1,False,0.00010903341874284468,0.0,2.1318883e-06,-2.5933852e-08,ACTB(-0.000);CCL5(-0.000);ACTG1(-0.000);PFN1(-0.000);S100A4(-0.000);TGFBR3(-0.000);TMSB4X(-0.000);MYO1F(-0.000),LEF1(+0.000);MAML2(+0.000);FOXP1(+0.000);BACH2(+0.000);SERINC5(+0.000);CAMK4(+0.000);PDE3B(+0.000);INPP4B(+0.000)
TOP2A,False,5.451670937142234e-05,0.0,2.0546026e-06,1.215294e-09,GAPDH(-0.000);ACTB(-0.000);TMSB10(-0.000);PTMA(-0.000);ACTG1(-0.000);VIM(-0.000);PFN1(-0.000);ARHGDIB(-0.000),AOAH(+0.000);PLCB1(+0.000);CCL5(+0.000);A2M(+0.000);MCTP2(+0.000);CTSW(+0.000);TGFBR3(+0.000);ARHGAP26(+0.000)
DAPK2,False,5.451670937142234e-05,0.0,1.7288984e-06,2.1209154e-08,GNLY(-0.000);ACTG1(-0.000);ZEB2(-0.000);PFN1(-0.000);ACTB(-0.000);PRF1(-0.000);S100A4(-0.000);GZMA(-0.000),LEF1(+0.000);MAML2(+0.000);BACH2(+0.000);FOXP1(+0.000);SERINC5(+0.000);CAMK4(+0.000);BCL2(+0.000);PDE3B(+0.000)
FCRL6,False,5.451670937142234e-05,-1.2855633e-10,9.69659e-07,-1.0589955e-08,GNLY(-0.000);CCL5(-0.000);S100A4(-0.000);GZMA(-0.000);ACTB(-0.000);ACTG1(-0.000);PFN1(-0.000);PLCB1(-0.000),LEF1(+0.000);MAML2(+0.000);BACH2(+0.000);FOXP1(+0.000);SERINC5(+0.000);FHIT(+0.000);PRKCA(+0.000);PDE3B(+0.000)
NCR1,False,5.451670937142234e-05,0.0,6.4999716e-07,1.0804418e-09,AOAH(-0.000);MCTP2(-0.000);TGFBR3(-0.000);CCL5(-0.000);RAP1GAP2(-0.000);CTSW(-0.000);MYO1F(-0.000);JAZF1(-0.000),LEF1(+0.000);CAMK4(+0.000);MAML2(+0.000);SERINC5(+0.000);BACH2(+0.000);PDE3B(+0.000);FOXP1(+0.000);BCL11B(+0.000)
SH2D1B,False,5.451670937142234e-05,0.0,6.11264e-07,6.706863e-09,LEF1(-0.000);BACH2(-0.000);MAML2(-0.000);FOXP1(-0.000);SERINC5(-0.000);FHIT(-0.000);PRKCA(-0.000);ZBTB20(-0.000),IL32(+0.000);GZMK(+0.000);PHACTR2(+0.000);PLCB1(+0.000);S100A4(+0.000);CCL5(+0.000);A2M(+0.000);KLRG1(+0.000)
LYPLAL1-DT,False,5.451670937142234e-05,0.0,1.7417014e-07,-2.8791744e-08,LEF1(-0.000);BACH2(-0.000);FHIT(-0.000);FOXP1(-0.000);PDE3B(-0.000);PRKCA(-0.000);MAML2(-0.000);SELL(-0.000),CCL5(+0.000);HLA-B(+0.000);MBNL1(+0.000);ACTB(+0.000);PLCB1(+0.000);HLA-A(+0.000);A2M(+0.000);MYO1F(+0.000)
TPX2,False,0.0,0.0,0.0,0.0,ISG15(+0.000);CDK11B(+0.000);GNB1(+0.000);KCNAB2(+0.000);CAMTA1(+0.000);PER3(+0.000);RERE(+0.000);ENO1(+0.000),TMLHE(+0.000);GAB3(+0.000);RPL10(+0.000);FLNA(+0.000);MECP2(+0.000);ARHGAP4(+0.000);SSR4(+0.000);MTMR1(+0.000)
IL18RAP,False,0.0,0.0,0.0,0.0,ISG15(+0.000);CDK11B(+0.000);GNB1(+0.000);KCNAB2(+0.000);CAMTA1(+0.000);PER3(+0.000);RERE(+0.000);ENO1(+0.000),TMLHE(+0.000);GAB3(+0.000);RPL10(+0.000);FLNA(+0.000);MECP2(+0.000);ARHGAP4(+0.000);SSR4(+0.000);MTMR1(+0.000)
LGR6,False,0.0,0.0,0.0,0.0,ISG15(+0.000);CDK11B(+0.000);GNB1(+0.000);KCNAB2(+0.000);CAMTA1(+0.000);PER3(+0.000);RERE(+0.000);ENO1(+0.000),TMLHE(+0.000);GAB3(+0.000);RPL10(+0.000);FLNA(+0.000);MECP2(+0.000);ARHGAP4(+0.000);SSR4(+0.000);MTMR1(+0.000)
MKI67,False,0.0,0.0,0.0,0.0,ISG15(+0.000);CDK11B(+0.000);GNB1(+0.000);KCNAB2(+0.000);CAMTA1(+0.000);PER3(+0.000);RERE(+0.000);ENO1(+0.000),TMLHE(+0.000);GAB3(+0.000);RPL10(+0.000);FLNA(+0.000);MECP2(+0.000);ARHGAP4(+0.000);SSR4(+0.000);MTMR1(+0.000)
RNF165,False,0.0,0.0,0.0,0.0,ISG15(+0.000);CDK11B(+0.000);GNB1(+0.000);KCNAB2(+0.000);CAMTA1(+0.000);PER3(+0.000);RERE(+0.000);ENO1(+0.000),TMLHE(+0.000);GAB3(+0.000);RPL10(+0.000);FLNA(+0.000);MECP2(+0.000);ARHGAP4(+0.000);SSR4(+0.000);MTMR1(+0.000)
KLRC1,False,0.0,0.0,0.0,0.0,ISG15(+0.000);CDK11B(+0.000);GNB1(+0.000);KCNAB2(+0.000);CAMTA1(+0.000);PER3(+0.000);RERE(+0.000);ENO1(+0.000),TMLHE(+0.000);GAB3(+0.000);RPL10(+0.000);FLNA(+0.000);MECP2(+0.000);ARHGAP4(+0.000);SSR4(+0.000);MTMR1(+0.000)
TOGARAM2,False,0.0,0.0,0.0,0.0,ISG15(+0.000);CDK11B(+0.000);GNB1(+0.000);KCNAB2(+0.000);CAMTA1(+0.000);PER3(+0.000);RERE(+0.000);ENO1(+0.000),TMLHE(+0.000);GAB3(+0.000);RPL10(+0.000);FLNA(+0.000);MECP2(+0.000);ARHGAP4(+0.000);SSR4(+0.000);MTMR1(+0.000)
